{
  service: 'attendance-system',
  method: 'GET',
  url: '/api/admin/shifts?page=1&limit=10&_t=1772189413265',
  ip: '127.0.0.1',
  userAgent: 'Mozilla/5.0 (Windows NT 10.0; Win64; x64) AppleWebKit/537.36 (KHTML, like Gecko) Chrome/145.0.0.0 Safari/537.36 Edg/145.0.0.0',
  timestamp: '2026-02-27 16:20:13',
  level: 'info',
  message: 'Request'
}
{
  service: 'attendance-system',
  method: 'GET',
  url: '/?_t=1772189413265',
  statusCode: 200,
  duration: '13ms',
  contentLength: '323',
  level: 'info',
  message: 'Response',
  timestamp: '2026-02-27 16:20:13'
}
{
  service: 'attendance-system',
  method: 'GET',
  url: '/api/admin/office-locations?_t=1772189413265',
  ip: '127.0.0.1',
  userAgent: 'Mozilla/5.0 (Windows NT 10.0; Win64; x64) AppleWebKit/537.36 (KHTML, like Gecko) Chrome/145.0.0.0 Safari/537.36 Edg/145.0.0.0',
  timestamp: '2026-02-27 16:20:13',
  level: 'info',
  message: 'Request'
}
{
  service: 'attendance-system',
  method: 'GET',
  url: '/?page=1&limit=10&_t=1772189413265',
  statusCode: 200,
  duration: '20ms',
  contentLength: '802',
  level: 'info',
  message: 'Response',
  timestamp: '2026-02-27 16:20:13'
}
{
  service: 'attendance-system',
  method: 'GET',
  url: '/?_t=1772189413265',
  statusCode: 304,
  duration: '8ms',
  contentLength: 0,
  level: 'info',
  message: 'Response',
  timestamp: '2026-02-27 16:20:13'
}
{
  service: 'attendance-system',
  method: 'GET',
  url: '/api/admin/shifts?page=1&limit=10&_t=1772189413265',
  ip: '127.0.0.1',
  userAgent: 'Mozilla/5.0 (Windows NT 10.0; Win64; x64) AppleWebKit/537.36 (KHTML, like Gecko) Chrome/145.0.0.0 Safari/537.36 Edg/145.0.0.0',
  timestamp: '2026-02-27 16:20:13',
  level: 'info',
  message: 'Request'
}
{
  service: 'attendance-system',
  method: 'GET',
  url: '/?page=1&limit=10&_t=1772189413265',
  statusCode: 304,
  duration: '26ms',
  contentLength: 0,
  level: 'info',
  message: 'Response',
  timestamp: '2026-02-27 16:20:13'
}
{
  service: 'attendance-system',
  method: 'GET',
  url: '/api/admin/manage?_t=1772189415430',
  ip: '127.0.0.1',
  userAgent: 'Mozilla/5.0 (Windows NT 10.0; Win64; x64) AppleWebKit/537.36 (KHTML, like Gecko) Chrome/145.0.0.0 Safari/537.36 Edg/145.0.0.0',
  timestamp: '2026-02-27 16:20:15',
  level: 'info',
  message: 'Request'
}
{
  service: 'attendance-system',
  method: 'GET',
  url: '/api/analytics/late-grace-settings',
  ip: '127.0.0.1',
  userAgent: 'Mozilla/5.0 (Windows NT 10.0; Win64; x64) AppleWebKit/537.36 (KHTML, like Gecko) Chrome/145.0.0.0 Safari/537.36 Edg/145.0.0.0',
  timestamp: '2026-02-27 16:20:15',
  level: 'info',
  message: 'Request'
}
{
  service: 'attendance-system',
  method: 'GET',
  url: '/analytics/late-grace-settings',
  statusCode: 404,
  duration: '2ms',
  contentLength: '86',
  level: 'info',
  message: 'Response',
  timestamp: '2026-02-27 16:20:15'
}
{
  service: 'attendance-system',
  method: 'GET',
  url: '/api/analytics/late-grace-settings',
  ip: '127.0.0.1',
  userAgent: 'Mozilla/5.0 (Windows NT 10.0; Win64; x64) AppleWebKit/537.36 (KHTML, like Gecko) Chrome/145.0.0.0 Safari/537.36 Edg/145.0.0.0',
  timestamp: '2026-02-27 16:20:15',
  level: 'info',
  message: 'Request'
}
{
  service: 'attendance-system',
  method: 'GET',
  url: '/analytics/late-grace-settings',
  statusCode: 404,
  duration: '1ms',
  contentLength: '86',
  level: 'info',
  message: 'Response',
  timestamp: '2026-02-27 16:20:15'
}
{
  service: 'attendance-system',
  method: 'GET',
  url: '/?_t=1772189415430',
  statusCode: 200,
  duration: '18ms',
  contentLength: '29684',
  level: 'info',
  message: 'Response',
  timestamp: '2026-02-27 16:20:15'
}
{
  service: 'attendance-system',
  method: 'GET',
  url: '/api/admin/manage?_t=1772189415430',
  ip: '127.0.0.1',
  userAgent: 'Mozilla/5.0 (Windows NT 10.0; Win64; x64) AppleWebKit/537.36 (KHTML, like Gecko) Chrome/145.0.0.0 Safari/537.36 Edg/145.0.0.0',
  timestamp: '2026-02-27 16:20:15',
  level: 'info',
  message: 'Request'
}
{
  service: 'attendance-system',
  method: 'GET',
  url: '/?_t=1772189415430',
  statusCode: 304,
  duration: '11ms',
  contentLength: 0,
  level: 'info',
  message: 'Response',
  timestamp: '2026-02-27 16:20:15'
}
{
  service: 'attendance-system',
  method: 'GET',
  url: '/api/admin/settings/teams-webhook',
  ip: '127.0.0.1',
  userAgent: 'Mozilla/5.0 (Windows NT 10.0; Win64; x64) AppleWebKit/537.36 (KHTML, like Gecko) Chrome/145.0.0.0 Safari/537.36 Edg/145.0.0.0',
  timestamp: '2026-02-27 16:20:18',
  level: 'info',
  message: 'Request'
}
{
  service: 'attendance-system',
  method: 'GET',
  url: '/teams-webhook',
  statusCode: 304,
  duration: '10ms',
  contentLength: 0,
  level: 'info',
  message: 'Response',
  timestamp: '2026-02-27 16:20:18'
}
{
  service: 'attendance-system',
  method: 'GET',
  url: '/api/admin/settings/teams-preview',
  ip: '127.0.0.1',
  userAgent: 'Mozilla/5.0 (Windows NT 10.0; Win64; x64) AppleWebKit/537.36 (KHTML, like Gecko) Chrome/145.0.0.0 Safari/537.36 Edg/145.0.0.0',
  timestamp: '2026-02-27 16:20:19',
  level: 'info',
  message: 'Request'
}
{
  service: 'attendance-system',
  method: 'GET',
  url: '/teams-preview',
  statusCode: 304,
  duration: '43ms',
  contentLength: 0,
  level: 'info',
  message: 'Response',
  timestamp: '2026-02-27 16:20:19'
}
{
  service: 'attendance-system',
  method: 'GET',
  url: '/api/announcements',
  ip: '127.0.0.1',
  userAgent: 'Mozilla/5.0 (Windows NT 10.0; Win64; x64) AppleWebKit/537.36 (KHTML, like Gecko) Chrome/145.0.0.0 Safari/537.36',
  timestamp: '2026-02-27 16:21:09',
  level: 'info',
  message: 'Request'
}
{
  service: 'attendance-system',
  method: 'GET',
  url: '/',
  statusCode: 304,
  duration: '6ms',
  contentLength: 0,
  level: 'info',
  message: 'Response',
  timestamp: '2026-02-27 16:21:09'
}
{
  service: 'attendance-system',
  method: 'GET',
  url: '/api/admin/settings/teams-webhook',
  ip: '127.0.0.1',
  userAgent: 'Mozilla/5.0 (Windows NT 10.0; Win64; x64) AppleWebKit/537.36 (KHTML, like Gecko) Chrome/145.0.0.0 Safari/537.36 Edg/145.0.0.0',
  timestamp: '2026-02-27 16:22:22',
  level: 'info',
  message: 'Request'
}
{
  service: 'attendance-system',
  method: 'GET',
  url: '/teams-webhook',
  statusCode: 304,
  duration: '9ms',
  contentLength: 0,
  level: 'info',
  message: 'Response',
  timestamp: '2026-02-27 16:22:22'
}
{
  service: 'attendance-system',
  method: 'GET',
  url: '/api/admin/settings/teams-webhook',
  ip: '127.0.0.1',
  userAgent: 'Mozilla/5.0 (Windows NT 10.0; Win64; x64) AppleWebKit/537.36 (KHTML, like Gecko) Chrome/145.0.0.0 Safari/537.36 Edg/145.0.0.0',
  timestamp: '2026-02-27 16:22:28',
  level: 'info',
  message: 'Request'
}
{
  service: 'attendance-system',
  method: 'GET',
  url: '/teams-webhook',
  statusCode: 304,
  duration: '16ms',
  contentLength: 0,
  level: 'info',
  message: 'Response',
  timestamp: '2026-02-27 16:22:28'
}
{
  service: 'attendance-system',
  method: 'GET',
  url: '/api/announcements',
  ip: '127.0.0.1',
  userAgent: 'Mozilla/5.0 (Windows NT 10.0; Win64; x64) AppleWebKit/537.36 (KHTML, like Gecko) Chrome/145.0.0.0 Safari/537.36 Edg/145.0.0.0',
  timestamp: '2026-02-27 16:22:47',
  level: 'info',
  message: 'Request'
}
{
  service: 'attendance-system',
  method: 'GET',
  url: '/',
  statusCode: 304,
  duration: '26ms',
  contentLength: 0,
  level: 'info',
  message: 'Response',
  timestamp: '2026-02-27 16:22:47'
}
{
  service: 'attendance-system',
  method: 'POST',
  url: '/api/admin/settings/teams-report-config',
  ip: '127.0.0.1',
  userAgent: 'Mozilla/5.0 (Windows NT 10.0; Win64; x64) AppleWebKit/537.36 (KHTML, like Gecko) Chrome/145.0.0.0 Safari/537.36 Edg/145.0.0.0',
  timestamp: '2026-02-27 16:22:58',
  level: 'info',
  message: 'Request'
}
{
  service: 'attendance-system',
  method: 'POST',
  url: '/teams-report-config',
  statusCode: 200,
  duration: '19ms',
  contentLength: '204',
  level: 'info',
  message: 'Response',
  timestamp: '2026-02-27 16:22:58'
}
{
  service: 'attendance-system',
  method: 'POST',
  url: '/api/admin/settings/teams-report-config',
  ip: '127.0.0.1',
  userAgent: 'Mozilla/5.0 (Windows NT 10.0; Win64; x64) AppleWebKit/537.36 (KHTML, like Gecko) Chrome/145.0.0.0 Safari/537.36 Edg/145.0.0.0',
  timestamp: '2026-02-27 16:23:03',
  level: 'info',
  message: 'Request'
}
{
  service: 'attendance-system',
  method: 'POST',
  url: '/teams-report-config',
  statusCode: 200,
  duration: '12ms',
  contentLength: '202',
  level: 'info',
  message: 'Response',
  timestamp: '2026-02-27 16:23:03'
}
{
  service: 'attendance-system',
  method: 'POST',
  url: '/api/admin/settings/teams-report-config',
  ip: '127.0.0.1',
  userAgent: 'Mozilla/5.0 (Windows NT 10.0; Win64; x64) AppleWebKit/537.36 (KHTML, like Gecko) Chrome/145.0.0.0 Safari/537.36 Edg/145.0.0.0',
  timestamp: '2026-02-27 16:23:10',
  level: 'info',
  message: 'Request'
}
{
  service: 'attendance-system',
  method: 'POST',
  url: '/teams-report-config',
  statusCode: 200,
  duration: '14ms',
  contentLength: '199',
  level: 'info',
  message: 'Response',
  timestamp: '2026-02-27 16:23:11'
}
{
  service: 'attendance-system',
  method: 'POST',
  url: '/api/admin/settings/teams-report-config',
  ip: '127.0.0.1',
  userAgent: 'Mozilla/5.0 (Windows NT 10.0; Win64; x64) AppleWebKit/537.36 (KHTML, like Gecko) Chrome/145.0.0.0 Safari/537.36 Edg/145.0.0.0',
  timestamp: '2026-02-27 16:23:19',
  level: 'info',
  message: 'Request'
}
{
  service: 'attendance-system',
  method: 'POST',
  url: '/teams-report-config',
  statusCode: 200,
  duration: '18ms',
  contentLength: '202',
  level: 'info',
  message: 'Response',
  timestamp: '2026-02-27 16:23:19'
}
{
  service: 'attendance-system',
  method: 'GET',
  url: '/api/admin/leave-years/active',
  ip: '127.0.0.1',
  userAgent: 'Mozilla/5.0 (Windows NT 10.0; Win64; x64) AppleWebKit/537.36 (KHTML, like Gecko) Chrome/145.0.0.0 Safari/537.36 Edg/145.0.0.0',
  timestamp: '2026-02-27 16:23:25',
  level: 'info',
  message: 'Request'
}
{
  service: 'attendance-system',
  method: 'GET',
  url: '/api/auth/me',
  ip: '127.0.0.1',
  userAgent: 'Mozilla/5.0 (Windows NT 10.0; Win64; x64) AppleWebKit/537.36 (KHTML, like Gecko) Chrome/145.0.0.0 Safari/537.36 Edg/145.0.0.0',
  timestamp: '2026-02-27 16:23:25',
  level: 'info',
  message: 'Request'
}
{
  service: 'attendance-system',
  method: 'GET',
  url: '/active',
  statusCode: 304,
  duration: '15ms',
  contentLength: 0,
  level: 'info',
  message: 'Response',
  timestamp: '2026-02-27 16:23:25'
}
{
  service: 'attendance-system',
  method: 'GET',
  url: '/api/admin/leave-years/active',
  ip: '127.0.0.1',
  userAgent: 'Mozilla/5.0 (Windows NT 10.0; Win64; x64) AppleWebKit/537.36 (KHTML, like Gecko) Chrome/145.0.0.0 Safari/537.36 Edg/145.0.0.0',
  timestamp: '2026-02-27 16:23:25',
  level: 'info',
  message: 'Request'
}
{
  service: 'attendance-system',
  method: 'GET',
  url: '/active',
  statusCode: 304,
  duration: '9ms',
  contentLength: 0,
  level: 'info',
  message: 'Response',
  timestamp: '2026-02-27 16:23:25'
}
{
  service: 'attendance-system',
  method: 'GET',
  url: '/me',
  statusCode: 304,
  duration: '28ms',
  contentLength: 0,
  level: 'info',
  message: 'Response',
  timestamp: '2026-02-27 16:23:25'
}
{
  service: 'attendance-system',
  method: 'GET',
  url: '/api/announcements/last-read',
  ip: '127.0.0.1',
  userAgent: 'Mozilla/5.0 (Windows NT 10.0; Win64; x64) AppleWebKit/537.36 (KHTML, like Gecko) Chrome/145.0.0.0 Safari/537.36 Edg/145.0.0.0',
  timestamp: '2026-02-27 16:23:25',
  level: 'info',
  message: 'Request'
}
{
  service: 'attendance-system',
  method: 'GET',
  url: '/api/attendance/current-status?_t=1772189605161',
  ip: '127.0.0.1',
  userAgent: 'Mozilla/5.0 (Windows NT 10.0; Win64; x64) AppleWebKit/537.36 (KHTML, like Gecko) Chrome/145.0.0.0 Safari/537.36 Edg/145.0.0.0',
  timestamp: '2026-02-27 16:23:25',
  level: 'info',
  message: 'Request'
}
{
  service: 'attendance-system',
  method: 'GET',
  url: '/api/new-notifications',
  ip: '127.0.0.1',
  userAgent: 'Mozilla/5.0 (Windows NT 10.0; Win64; x64) AppleWebKit/537.36 (KHTML, like Gecko) Chrome/145.0.0.0 Safari/537.36 Edg/145.0.0.0',
  timestamp: '2026-02-27 16:23:25',
  level: 'info',
  message: 'Request'
}
{
  service: 'attendance-system',
  method: 'GET',
  url: '/last-read',
  statusCode: 304,
  duration: '19ms',
  contentLength: 0,
  level: 'info',
  message: 'Response',
  timestamp: '2026-02-27 16:23:25'
}
{
  service: 'attendance-system',
  method: 'GET',
  url: '/api/admin/manage?_t=1772189605176',
  ip: '127.0.0.1',
  userAgent: 'Mozilla/5.0 (Windows NT 10.0; Win64; x64) AppleWebKit/537.36 (KHTML, like Gecko) Chrome/145.0.0.0 Safari/537.36 Edg/145.0.0.0',
  timestamp: '2026-02-27 16:23:25',
  level: 'info',
  message: 'Request'
}
{
  service: 'attendance-system',
  method: 'GET',
  url: '/api/analytics/late-grace-settings',
  ip: '127.0.0.1',
  userAgent: 'Mozilla/5.0 (Windows NT 10.0; Win64; x64) AppleWebKit/537.36 (KHTML, like Gecko) Chrome/145.0.0.0 Safari/537.36 Edg/145.0.0.0',
  timestamp: '2026-02-27 16:23:25',
  level: 'info',
  message: 'Request'
}
{
  service: 'attendance-system',
  method: 'GET',
  url: '/analytics/late-grace-settings',
  statusCode: 404,
  duration: '2ms',
  contentLength: '86',
  level: 'info',
  message: 'Response',
  timestamp: '2026-02-27 16:23:25'
}
{
  service: 'attendance-system',
  method: 'GET',
  url: '/current-status?_t=1772189605161',
  statusCode: 200,
  duration: '31ms',
  contentLength: '102',
  level: 'info',
  message: 'Response',
  timestamp: '2026-02-27 16:23:25'
}
{
  service: 'attendance-system',
  method: 'GET',
  url: '/api/announcements/last-read',
  ip: '127.0.0.1',
  userAgent: 'Mozilla/5.0 (Windows NT 10.0; Win64; x64) AppleWebKit/537.36 (KHTML, like Gecko) Chrome/145.0.0.0 Safari/537.36 Edg/145.0.0.0',
  timestamp: '2026-02-27 16:23:25',
  level: 'info',
  message: 'Request'
}
{
  service: 'attendance-system',
  method: 'GET',
  url: '/?_t=1772189605176',
  statusCode: 200,
  duration: '30ms',
  contentLength: '29684',
  level: 'info',
  message: 'Response',
  timestamp: '2026-02-27 16:23:25'
}
{
  service: 'attendance-system',
  method: 'GET',
  url: '/',
  statusCode: 304,
  duration: '45ms',
  contentLength: 0,
  level: 'info',
  message: 'Response',
  timestamp: '2026-02-27 16:23:25'
}
{
  service: 'attendance-system',
  method: 'GET',
  url: '/api/announcements',
  ip: '127.0.0.1',
  userAgent: 'Mozilla/5.0 (Windows NT 10.0; Win64; x64) AppleWebKit/537.36 (KHTML, like Gecko) Chrome/145.0.0.0 Safari/537.36 Edg/145.0.0.0',
  timestamp: '2026-02-27 16:23:25',
  level: 'info',
  message: 'Request'
}
{
  service: 'attendance-system',
  method: 'GET',
  url: '/',
  statusCode: 304,
  duration: '3ms',
  contentLength: 0,
  level: 'info',
  message: 'Response',
  timestamp: '2026-02-27 16:23:25'
}
{
  service: 'attendance-system',
  method: 'GET',
  url: '/api/analytics/late-grace-settings',
  ip: '127.0.0.1',
  userAgent: 'Mozilla/5.0 (Windows NT 10.0; Win64; x64) AppleWebKit/537.36 (KHTML, like Gecko) Chrome/145.0.0.0 Safari/537.36 Edg/145.0.0.0',
  timestamp: '2026-02-27 16:23:25',
  level: 'info',
  message: 'Request'
}
{
  service: 'attendance-system',
  method: 'GET',
  url: '/analytics/late-grace-settings',
  statusCode: 404,
  duration: '0ms',
  contentLength: '86',
  level: 'info',
  message: 'Response',
  timestamp: '2026-02-27 16:23:25'
}
{
  service: 'attendance-system',
  method: 'GET',
  url: '/last-read',
  statusCode: 304,
  duration: '28ms',
  contentLength: 0,
  level: 'info',
  message: 'Response',
  timestamp: '2026-02-27 16:23:25'
}
{
  service: 'attendance-system',
  method: 'GET',
  url: '/api/announcements/last-read',
  ip: '127.0.0.1',
  userAgent: 'Mozilla/5.0 (Windows NT 10.0; Win64; x64) AppleWebKit/537.36 (KHTML, like Gecko) Chrome/145.0.0.0 Safari/537.36 Edg/145.0.0.0',
  timestamp: '2026-02-27 16:23:25',
  level: 'info',
  message: 'Request'
}
{
  service: 'attendance-system',
  method: 'GET',
  url: '/api/admin/manage?_t=1772189605176',
  ip: '127.0.0.1',
  userAgent: 'Mozilla/5.0 (Windows NT 10.0; Win64; x64) AppleWebKit/537.36 (KHTML, like Gecko) Chrome/145.0.0.0 Safari/537.36 Edg/145.0.0.0',
  timestamp: '2026-02-27 16:23:25',
  level: 'info',
  message: 'Request'
}
{
  service: 'attendance-system',
  method: 'GET',
  url: '/last-read',
  statusCode: 304,
  duration: '10ms',
  contentLength: 0,
  level: 'info',
  message: 'Response',
  timestamp: '2026-02-27 16:23:25'
}
{
  service: 'attendance-system',
  method: 'GET',
  url: '/?_t=1772189605176',
  statusCode: 304,
  duration: '12ms',
  contentLength: 0,
  level: 'info',
  message: 'Response',
  timestamp: '2026-02-27 16:23:25'
}
{
  service: 'attendance-system',
  method: 'GET',
  url: '/api/admin/settings/teams-webhook',
  ip: '127.0.0.1',
  userAgent: 'Mozilla/5.0 (Windows NT 10.0; Win64; x64) AppleWebKit/537.36 (KHTML, like Gecko) Chrome/145.0.0.0 Safari/537.36 Edg/145.0.0.0',
  timestamp: '2026-02-27 16:23:28',
  level: 'info',
  message: 'Request'
}
{
  service: 'attendance-system',
  method: 'GET',
  url: '/teams-webhook',
  statusCode: 304,
  duration: '9ms',
  contentLength: 0,
  level: 'info',
  message: 'Response',
  timestamp: '2026-02-27 16:23:28'
}
{
  service: 'attendance-system',
  method: 'GET',
  url: '/api/admin/settings/teams-preview',
  ip: '127.0.0.1',
  userAgent: 'Mozilla/5.0 (Windows NT 10.0; Win64; x64) AppleWebKit/537.36 (KHTML, like Gecko) Chrome/145.0.0.0 Safari/537.36 Edg/145.0.0.0',
  timestamp: '2026-02-27 16:23:29',
  level: 'info',
  message: 'Request'
}
{
  service: 'attendance-system',
  method: 'GET',
  url: '/teams-preview',
  statusCode: 304,
  duration: '43ms',
  contentLength: 0,
  level: 'info',
  message: 'Response',
  timestamp: '2026-02-27 16:23:29'
}
{
  service: 'attendance-system',
  method: 'GET',
  url: '/api/admin/settings/teams-webhook',
  ip: '127.0.0.1',
  userAgent: 'Mozilla/5.0 (Windows NT 10.0; Win64; x64) AppleWebKit/537.36 (KHTML, like Gecko) Chrome/145.0.0.0 Safari/537.36 Edg/145.0.0.0',
  timestamp: '2026-02-27 16:24:31',
  level: 'info',
  message: 'Request'
}
{
  service: 'attendance-system',
  method: 'GET',
  url: '/teams-webhook',
  statusCode: 304,
  duration: '13ms',
  contentLength: 0,
  level: 'info',
  message: 'Response',
  timestamp: '2026-02-27 16:24:31'
}
{
  service: 'attendance-system',
  method: 'GET',
  url: '/api/admin/settings/teams-webhook',
  ip: '127.0.0.1',
  userAgent: 'Mozilla/5.0 (Windows NT 10.0; Win64; x64) AppleWebKit/537.36 (KHTML, like Gecko) Chrome/145.0.0.0 Safari/537.36 Edg/145.0.0.0',
  timestamp: '2026-02-27 16:24:51',
  level: 'info',
  message: 'Request'
}
{
  service: 'attendance-system',
  method: 'GET',
  url: '/teams-webhook',
  statusCode: 304,
  duration: '14ms',
  contentLength: 0,
  level: 'info',
  message: 'Response',
  timestamp: '2026-02-27 16:24:51'
}
{
  service: 'attendance-system',
  method: 'GET',
  url: '/api/announcements',
  ip: '127.0.0.1',
  userAgent: 'Mozilla/5.0 (Windows NT 10.0; Win64; x64) AppleWebKit/537.36 (KHTML, like Gecko) Chrome/145.0.0.0 Safari/537.36',
  timestamp: '2026-02-27 16:26:09',
  level: 'info',
  message: 'Request'
}
{
  service: 'attendance-system',
  method: 'GET',
  url: '/',
  statusCode: 304,
  duration: '11ms',
  contentLength: 0,
  level: 'info',
  message: 'Response',
  timestamp: '2026-02-27 16:26:09'
}
{
  service: 'attendance-system',
  method: 'GET',
  url: '/api/announcements',
  ip: '127.0.0.1',
  userAgent: 'Mozilla/5.0 (Windows NT 10.0; Win64; x64) AppleWebKit/537.36 (KHTML, like Gecko) Chrome/145.0.0.0 Safari/537.36',
  timestamp: '2026-02-27 16:31:09',
  level: 'info',
  message: 'Request'
}
{
  service: 'attendance-system',
  method: 'GET',
  url: '/',
  statusCode: 304,
  duration: '12ms',
  contentLength: 0,
  level: 'info',
  message: 'Response',
  timestamp: '2026-02-27 16:31:09'
}
{
  service: 'attendance-system',
  method: 'POST',
  url: '/api/admin/settings/teams-report-config',
  ip: '127.0.0.1',
  userAgent: 'Mozilla/5.0 (Windows NT 10.0; Win64; x64) AppleWebKit/537.36 (KHTML, like Gecko) Chrome/145.0.0.0 Safari/537.36 Edg/145.0.0.0',
  timestamp: '2026-02-27 16:35:21',
  level: 'info',
  message: 'Request'
}
{
  service: 'attendance-system',
  method: 'POST',
  url: '/teams-report-config',
  statusCode: 200,
  duration: '34ms',
  contentLength: '199',
  level: 'info',
  message: 'Response',
  timestamp: '2026-02-27 16:35:21'
}
{
  service: 'attendance-system',
  method: 'GET',
  url: '/api/admin/settings/teams-preview',
  ip: '127.0.0.1',
  userAgent: 'Mozilla/5.0 (Windows NT 10.0; Win64; x64) AppleWebKit/537.36 (KHTML, like Gecko) Chrome/145.0.0.0 Safari/537.36 Edg/145.0.0.0',
  timestamp: '2026-02-27 16:35:21',
  level: 'info',
  message: 'Request'
}
{
  service: 'attendance-system',
  method: 'GET',
  url: '/teams-preview',
  statusCode: 200,
  duration: '41ms',
  contentLength: '4168',
  level: 'info',
  message: 'Response',
  timestamp: '2026-02-27 16:35:21'
}
{
  service: 'attendance-system',
  method: 'GET',
  url: '/api/admin/leave-years/active',
  ip: '127.0.0.1',
  userAgent: 'Mozilla/5.0 (Windows NT 10.0; Win64; x64) AppleWebKit/537.36 (KHTML, like Gecko) Chrome/145.0.0.0 Safari/537.36 Edg/145.0.0.0',
  timestamp: '2026-02-27 16:35:25',
  level: 'info',
  message: 'Request'
}
{
  service: 'attendance-system',
  method: 'GET',
  url: '/api/auth/me',
  ip: '127.0.0.1',
  userAgent: 'Mozilla/5.0 (Windows NT 10.0; Win64; x64) AppleWebKit/537.36 (KHTML, like Gecko) Chrome/145.0.0.0 Safari/537.36 Edg/145.0.0.0',
  timestamp: '2026-02-27 16:35:25',
  level: 'info',
  message: 'Request'
}
{
  service: 'attendance-system',
  method: 'GET',
  url: '/api/admin/leave-years/active',
  ip: '127.0.0.1',
  userAgent: 'Mozilla/5.0 (Windows NT 10.0; Win64; x64) AppleWebKit/537.36 (KHTML, like Gecko) Chrome/145.0.0.0 Safari/537.36 Edg/145.0.0.0',
  timestamp: '2026-02-27 16:35:25',
  level: 'info',
  message: 'Request'
}
{
  service: 'attendance-system',
  method: 'GET',
  url: '/active',
  statusCode: 200,
  duration: '100ms',
  contentLength: '194',
  level: 'info',
  message: 'Response',
  timestamp: '2026-02-27 16:35:25'
}
{
  service: 'attendance-system',
  method: 'GET',
  url: '/active',
  statusCode: 200,
  duration: '24ms',
  contentLength: '194',
  level: 'info',
  message: 'Response',
  timestamp: '2026-02-27 16:35:25'
}
{
  service: 'attendance-system',
  method: 'GET',
  url: '/me',
  statusCode: 200,
  duration: '122ms',
  contentLength: '1282',
  level: 'info',
  message: 'Response',
  timestamp: '2026-02-27 16:35:25'
}
{
  service: 'attendance-system',
  method: 'GET',
  url: '/api/announcements/last-read',
  ip: '127.0.0.1',
  userAgent: 'Mozilla/5.0 (Windows NT 10.0; Win64; x64) AppleWebKit/537.36 (KHTML, like Gecko) Chrome/145.0.0.0 Safari/537.36 Edg/145.0.0.0',
  timestamp: '2026-02-27 16:35:25',
  level: 'info',
  message: 'Request'
}
{
  service: 'attendance-system',
  method: 'GET',
  url: '/api/attendance/current-status?_t=1772190325437',
  ip: '127.0.0.1',
  userAgent: 'Mozilla/5.0 (Windows NT 10.0; Win64; x64) AppleWebKit/537.36 (KHTML, like Gecko) Chrome/145.0.0.0 Safari/537.36 Edg/145.0.0.0',
  timestamp: '2026-02-27 16:35:25',
  level: 'info',
  message: 'Request'
}
{
  service: 'attendance-system',
  method: 'GET',
  url: '/api/new-notifications',
  ip: '127.0.0.1',
  userAgent: 'Mozilla/5.0 (Windows NT 10.0; Win64; x64) AppleWebKit/537.36 (KHTML, like Gecko) Chrome/145.0.0.0 Safari/537.36 Edg/145.0.0.0',
  timestamp: '2026-02-27 16:35:25',
  level: 'info',
  message: 'Request'
}
{
  service: 'attendance-system',
  method: 'GET',
  url: '/last-read',
  statusCode: 304,
  duration: '23ms',
  contentLength: 0,
  level: 'info',
  message: 'Response',
  timestamp: '2026-02-27 16:35:25'
}
{
  service: 'attendance-system',
  method: 'GET',
  url: '/api/admin/manage?_t=1772190325455',
  ip: '127.0.0.1',
  userAgent: 'Mozilla/5.0 (Windows NT 10.0; Win64; x64) AppleWebKit/537.36 (KHTML, like Gecko) Chrome/145.0.0.0 Safari/537.36 Edg/145.0.0.0',
  timestamp: '2026-02-27 16:35:25',
  level: 'info',
  message: 'Request'
}
{
  service: 'attendance-system',
  method: 'GET',
  url: '/api/analytics/late-grace-settings',
  ip: '127.0.0.1',
  userAgent: 'Mozilla/5.0 (Windows NT 10.0; Win64; x64) AppleWebKit/537.36 (KHTML, like Gecko) Chrome/145.0.0.0 Safari/537.36 Edg/145.0.0.0',
  timestamp: '2026-02-27 16:35:25',
  level: 'info',
  message: 'Request'
}
{
  service: 'attendance-system',
  method: 'GET',
  url: '/analytics/late-grace-settings',
  statusCode: 404,
  duration: '1ms',
  contentLength: '86',
  level: 'info',
  message: 'Response',
  timestamp: '2026-02-27 16:35:25'
}
{
  service: 'attendance-system',
  method: 'GET',
  url: '/current-status?_t=1772190325437',
  statusCode: 200,
  duration: '33ms',
  contentLength: '102',
  level: 'info',
  message: 'Response',
  timestamp: '2026-02-27 16:35:25'
}
{
  service: 'attendance-system',
  method: 'GET',
  url: '/api/announcements/last-read',
  ip: '127.0.0.1',
  userAgent: 'Mozilla/5.0 (Windows NT 10.0; Win64; x64) AppleWebKit/537.36 (KHTML, like Gecko) Chrome/145.0.0.0 Safari/537.36 Edg/145.0.0.0',
  timestamp: '2026-02-27 16:35:25',
  level: 'info',
  message: 'Request'
}
{
  service: 'attendance-system',
  method: 'GET',
  url: '/?_t=1772190325455',
  statusCode: 200,
  duration: '30ms',
  contentLength: '29684',
  level: 'info',
  message: 'Response',
  timestamp: '2026-02-27 16:35:25'
}
{
  service: 'attendance-system',
  method: 'GET',
  url: '/',
  statusCode: 304,
  duration: '42ms',
  contentLength: 0,
  level: 'info',
  message: 'Response',
  timestamp: '2026-02-27 16:35:25'
}
{
  service: 'attendance-system',
  method: 'GET',
  url: '/api/announcements',
  ip: '127.0.0.1',
  userAgent: 'Mozilla/5.0 (Windows NT 10.0; Win64; x64) AppleWebKit/537.36 (KHTML, like Gecko) Chrome/145.0.0.0 Safari/537.36 Edg/145.0.0.0',
  timestamp: '2026-02-27 16:35:25',
  level: 'info',
  message: 'Request'
}
{
  service: 'attendance-system',
  method: 'GET',
  url: '/api/analytics/late-grace-settings',
  ip: '127.0.0.1',
  userAgent: 'Mozilla/5.0 (Windows NT 10.0; Win64; x64) AppleWebKit/537.36 (KHTML, like Gecko) Chrome/145.0.0.0 Safari/537.36 Edg/145.0.0.0',
  timestamp: '2026-02-27 16:35:25',
  level: 'info',
  message: 'Request'
}
{
  service: 'attendance-system',
  method: 'GET',
  url: '/analytics/late-grace-settings',
  statusCode: 404,
  duration: '1ms',
  contentLength: '86',
  level: 'info',
  message: 'Response',
  timestamp: '2026-02-27 16:35:25'
}
{
  service: 'attendance-system',
  method: 'GET',
  url: '/last-read',
  statusCode: 304,
  duration: '27ms',
  contentLength: 0,
  level: 'info',
  message: 'Response',
  timestamp: '2026-02-27 16:35:25'
}
{
  service: 'attendance-system',
  method: 'GET',
  url: '/',
  statusCode: 304,
  duration: '13ms',
  contentLength: 0,
  level: 'info',
  message: 'Response',
  timestamp: '2026-02-27 16:35:25'
}
{
  service: 'attendance-system',
  method: 'GET',
  url: '/api/announcements/last-read',
  ip: '127.0.0.1',
  userAgent: 'Mozilla/5.0 (Windows NT 10.0; Win64; x64) AppleWebKit/537.36 (KHTML, like Gecko) Chrome/145.0.0.0 Safari/537.36 Edg/145.0.0.0',
  timestamp: '2026-02-27 16:35:25',
  level: 'info',
  message: 'Request'
}
{
  service: 'attendance-system',
  method: 'GET',
  url: '/api/admin/manage?_t=1772190325455',
  ip: '127.0.0.1',
  userAgent: 'Mozilla/5.0 (Windows NT 10.0; Win64; x64) AppleWebKit/537.36 (KHTML, like Gecko) Chrome/145.0.0.0 Safari/537.36 Edg/145.0.0.0',
  timestamp: '2026-02-27 16:35:25',
  level: 'info',
  message: 'Request'
}
{
  service: 'attendance-system',
  method: 'GET',
  url: '/last-read',
  statusCode: 304,
  duration: '26ms',
  contentLength: 0,
  level: 'info',
  message: 'Response',
  timestamp: '2026-02-27 16:35:25'
}
{
  service: 'attendance-system',
  method: 'GET',
  url: '/?_t=1772190325455',
  statusCode: 304,
  duration: '30ms',
  contentLength: 0,
  level: 'info',
  message: 'Response',
  timestamp: '2026-02-27 16:35:25'
}
{
  service: 'attendance-system',
  method: 'GET',
  url: '/api/admin/settings/teams-webhook',
  ip: '127.0.0.1',
  userAgent: 'Mozilla/5.0 (Windows NT 10.0; Win64; x64) AppleWebKit/537.36 (KHTML, like Gecko) Chrome/145.0.0.0 Safari/537.36 Edg/145.0.0.0',
  timestamp: '2026-02-27 16:35:27',
  level: 'info',
  message: 'Request'
}
{
  service: 'attendance-system',
  method: 'GET',
  url: '/teams-webhook',
  statusCode: 200,
  duration: '9ms',
  contentLength: '496',
  level: 'info',
  message: 'Response',
  timestamp: '2026-02-27 16:35:27'
}
{
  service: 'attendance-system',
  method: 'GET',
  url: '/api/admin/settings/teams-preview',
  ip: '127.0.0.1',
  userAgent: 'Mozilla/5.0 (Windows NT 10.0; Win64; x64) AppleWebKit/537.36 (KHTML, like Gecko) Chrome/145.0.0.0 Safari/537.36 Edg/145.0.0.0',
  timestamp: '2026-02-27 16:35:31',
  level: 'info',
  message: 'Request'
}
{
  service: 'attendance-system',
  method: 'GET',
  url: '/teams-preview',
  statusCode: 304,
  duration: '24ms',
  contentLength: 0,
  level: 'info',
  message: 'Response',
  timestamp: '2026-02-27 16:35:31'
}
{
  service: 'attendance-system',
  method: 'POST',
  url: '/api/admin/settings/teams-report-config',
  ip: '127.0.0.1',
  userAgent: 'Mozilla/5.0 (Windows NT 10.0; Win64; x64) AppleWebKit/537.36 (KHTML, like Gecko) Chrome/145.0.0.0 Safari/537.36 Edg/145.0.0.0',
  timestamp: '2026-02-27 16:35:37',
  level: 'info',
  message: 'Request'
}
{
  service: 'attendance-system',
  method: 'POST',
  url: '/teams-report-config',
  statusCode: 200,
  duration: '15ms',
  contentLength: '200',
  level: 'info',
  message: 'Response',
  timestamp: '2026-02-27 16:35:37'
}
{
  service: 'attendance-system',
  method: 'GET',
  url: '/api/admin/settings/teams-preview',
  ip: '127.0.0.1',
  userAgent: 'Mozilla/5.0 (Windows NT 10.0; Win64; x64) AppleWebKit/537.36 (KHTML, like Gecko) Chrome/145.0.0.0 Safari/537.36 Edg/145.0.0.0',
  timestamp: '2026-02-27 16:35:37',
  level: 'info',
  message: 'Request'
}
{
  service: 'attendance-system',
  method: 'GET',
  url: '/teams-preview',
  statusCode: 200,
  duration: '24ms',
  contentLength: '4169',
  level: 'info',
  message: 'Response',
  timestamp: '2026-02-27 16:35:37'
}
{
  service: 'attendance-system',
  method: 'GET',
  url: '/api/announcements',
  ip: '127.0.0.1',
  userAgent: 'Mozilla/5.0 (Windows NT 10.0; Win64; x64) AppleWebKit/537.36 (KHTML, like Gecko) Chrome/145.0.0.0 Safari/537.36 Edg/145.0.0.0',
  timestamp: '2026-02-27 17:33:21',
  level: 'info',
  message: 'Request'
}
{
  service: 'attendance-system',
  method: 'GET',
  url: '/',
  statusCode: 200,
  duration: '18ms',
  contentLength: '2',
  level: 'info',
  message: 'Response',
  timestamp: '2026-02-27 17:33:21'
}
{
  service: 'attendance-system',
  method: 'GET',
  url: '/api/admin/leave-years/active',
  ip: '127.0.0.1',
  userAgent: 'Mozilla/5.0 (Windows NT 10.0; Win64; x64) AppleWebKit/537.36 (KHTML, like Gecko) Chrome/145.0.0.0 Safari/537.36 Edg/145.0.0.0',
  timestamp: '2026-02-27 17:33:23',
  level: 'info',
  message: 'Request'
}
{
  service: 'attendance-system',
  method: 'GET',
  url: '/api/auth/me',
  ip: '127.0.0.1',
  userAgent: 'Mozilla/5.0 (Windows NT 10.0; Win64; x64) AppleWebKit/537.36 (KHTML, like Gecko) Chrome/145.0.0.0 Safari/537.36 Edg/145.0.0.0',
  timestamp: '2026-02-27 17:33:23',
  level: 'info',
  message: 'Request'
}
{
  service: 'attendance-system',
  method: 'GET',
  url: '/api/admin/leave-years/active',
  ip: '127.0.0.1',
  userAgent: 'Mozilla/5.0 (Windows NT 10.0; Win64; x64) AppleWebKit/537.36 (KHTML, like Gecko) Chrome/145.0.0.0 Safari/537.36 Edg/145.0.0.0',
  timestamp: '2026-02-27 17:33:23',
  level: 'info',
  message: 'Request'
}
{
  service: 'attendance-system',
  method: 'GET',
  url: '/active',
  statusCode: 200,
  duration: '39ms',
  contentLength: '194',
  level: 'info',
  message: 'Response',
  timestamp: '2026-02-27 17:33:23'
}
{
  service: 'attendance-system',
  method: 'GET',
  url: '/active',
  statusCode: 200,
  duration: '20ms',
  contentLength: '194',
  level: 'info',
  message: 'Response',
  timestamp: '2026-02-27 17:33:23'
}
{
  service: 'attendance-system',
  method: 'GET',
  url: '/me',
  statusCode: 200,
  duration: '37ms',
  contentLength: '1282',
  level: 'info',
  message: 'Response',
  timestamp: '2026-02-27 17:33:23'
}
{
  service: 'attendance-system',
  method: 'GET',
  url: '/api/announcements/last-read',
  ip: '127.0.0.1',
  userAgent: 'Mozilla/5.0 (Windows NT 10.0; Win64; x64) AppleWebKit/537.36 (KHTML, like Gecko) Chrome/145.0.0.0 Safari/537.36 Edg/145.0.0.0',
  timestamp: '2026-02-27 17:33:23',
  level: 'info',
  message: 'Request'
}
{
  service: 'attendance-system',
  method: 'GET',
  url: '/api/attendance/current-status?_t=1772193803741',
  ip: '127.0.0.1',
  userAgent: 'Mozilla/5.0 (Windows NT 10.0; Win64; x64) AppleWebKit/537.36 (KHTML, like Gecko) Chrome/145.0.0.0 Safari/537.36 Edg/145.0.0.0',
  timestamp: '2026-02-27 17:33:23',
  level: 'info',
  message: 'Request'
}
{
  service: 'attendance-system',
  method: 'GET',
  url: '/api/new-notifications',
  ip: '127.0.0.1',
  userAgent: 'Mozilla/5.0 (Windows NT 10.0; Win64; x64) AppleWebKit/537.36 (KHTML, like Gecko) Chrome/145.0.0.0 Safari/537.36 Edg/145.0.0.0',
  timestamp: '2026-02-27 17:33:23',
  level: 'info',
  message: 'Request'
}
{
  service: 'attendance-system',
  method: 'GET',
  url: '/last-read',
  statusCode: 304,
  duration: '30ms',
  contentLength: 0,
  level: 'info',
  message: 'Response',
  timestamp: '2026-02-27 17:33:23'
}
{
  service: 'attendance-system',
  method: 'GET',
  url: '/api/announcements/last-read',
  ip: '127.0.0.1',
  userAgent: 'Mozilla/5.0 (Windows NT 10.0; Win64; x64) AppleWebKit/537.36 (KHTML, like Gecko) Chrome/145.0.0.0 Safari/537.36 Edg/145.0.0.0',
  timestamp: '2026-02-27 17:33:23',
  level: 'info',
  message: 'Request'
}
{
  service: 'attendance-system',
  method: 'GET',
  url: '/current-status?_t=1772193803741',
  statusCode: 200,
  duration: '39ms',
  contentLength: '102',
  level: 'info',
  message: 'Response',
  timestamp: '2026-02-27 17:33:23'
}
{
  service: 'attendance-system',
  method: 'GET',
  url: '/last-read',
  statusCode: 304,
  duration: '14ms',
  contentLength: 0,
  level: 'info',
  message: 'Response',
  timestamp: '2026-02-27 17:33:23'
}
{
  service: 'attendance-system',
  method: 'GET',
  url: '/',
  statusCode: 200,
  duration: '41ms',
  contentLength: '26656',
  level: 'info',
  message: 'Response',
  timestamp: '2026-02-27 17:33:23'
}
{
  service: 'attendance-system',
  method: 'GET',
  url: '/api/announcements/last-read',
  ip: '127.0.0.1',
  userAgent: 'Mozilla/5.0 (Windows NT 10.0; Win64; x64) AppleWebKit/537.36 (KHTML, like Gecko) Chrome/145.0.0.0 Safari/537.36 Edg/145.0.0.0',
  timestamp: '2026-02-27 17:33:23',
  level: 'info',
  message: 'Request'
}
{
  service: 'attendance-system',
  method: 'GET',
  url: '/last-read',
  statusCode: 304,
  duration: '11ms',
  contentLength: 0,
  level: 'info',
  message: 'Response',
  timestamp: '2026-02-27 17:33:23'
}
{
  service: 'attendance-system',
  method: 'GET',
  url: '/api/admin/employees?all=true&slim=true&_t=1772193803865',
  ip: '127.0.0.1',
  userAgent: 'Mozilla/5.0 (Windows NT 10.0; Win64; x64) AppleWebKit/537.36 (KHTML, like Gecko) Chrome/145.0.0.0 Safari/537.36 Edg/145.0.0.0',
  timestamp: '2026-02-27 17:33:23',
  level: 'info',
  message: 'Request'
}
{
  service: 'attendance-system',
  method: 'GET',
  url: '/?all=true&slim=true&_t=1772193803865',
  statusCode: 200,
  duration: '24ms',
  contentLength: '11798',
  level: 'info',
  message: 'Response',
  timestamp: '2026-02-27 17:33:23'
}
{
  service: 'attendance-system',
  method: 'GET',
  url: '/api/admin/employees?all=true&slim=true&_t=1772193803865',
  ip: '127.0.0.1',
  userAgent: 'Mozilla/5.0 (Windows NT 10.0; Win64; x64) AppleWebKit/537.36 (KHTML, like Gecko) Chrome/145.0.0.0 Safari/537.36 Edg/145.0.0.0',
  timestamp: '2026-02-27 17:33:23',
  level: 'info',
  message: 'Request'
}
{
  service: 'attendance-system',
  method: 'GET',
  url: '/?all=true&slim=true&_t=1772193803865',
  statusCode: 304,
  duration: '16ms',
  contentLength: 0,
  level: 'info',
  message: 'Response',
  timestamp: '2026-02-27 17:33:23'
}
{
  service: 'attendance-system',
  method: 'GET',
  url: '/api/admin/manage?_t=1772193808935',
  ip: '127.0.0.1',
  userAgent: 'Mozilla/5.0 (Windows NT 10.0; Win64; x64) AppleWebKit/537.36 (KHTML, like Gecko) Chrome/145.0.0.0 Safari/537.36 Edg/145.0.0.0',
  timestamp: '2026-02-27 17:33:28',
  level: 'info',
  message: 'Request'
}
{
  service: 'attendance-system',
  method: 'GET',
  url: '/api/analytics/late-grace-settings',
  ip: '127.0.0.1',
  userAgent: 'Mozilla/5.0 (Windows NT 10.0; Win64; x64) AppleWebKit/537.36 (KHTML, like Gecko) Chrome/145.0.0.0 Safari/537.36 Edg/145.0.0.0',
  timestamp: '2026-02-27 17:33:28',
  level: 'info',
  message: 'Request'
}
{
  service: 'attendance-system',
  method: 'GET',
  url: '/analytics/late-grace-settings',
  statusCode: 404,
  duration: '1ms',
  contentLength: '86',
  level: 'info',
  message: 'Response',
  timestamp: '2026-02-27 17:33:28'
}
{
  service: 'attendance-system',
  method: 'GET',
  url: '/api/analytics/late-grace-settings',
  ip: '127.0.0.1',
  userAgent: 'Mozilla/5.0 (Windows NT 10.0; Win64; x64) AppleWebKit/537.36 (KHTML, like Gecko) Chrome/145.0.0.0 Safari/537.36 Edg/145.0.0.0',
  timestamp: '2026-02-27 17:33:28',
  level: 'info',
  message: 'Request'
}
{
  service: 'attendance-system',
  method: 'GET',
  url: '/analytics/late-grace-settings',
  statusCode: 404,
  duration: '1ms',
  contentLength: '86',
  level: 'info',
  message: 'Response',
  timestamp: '2026-02-27 17:33:28'
}
{
  service: 'attendance-system',
  method: 'GET',
  url: '/?_t=1772193808935',
  statusCode: 200,
  duration: '20ms',
  contentLength: '29684',
  level: 'info',
  message: 'Response',
  timestamp: '2026-02-27 17:33:28'
}
{
  service: 'attendance-system',
  method: 'GET',
  url: '/api/admin/manage?_t=1772193808935',
  ip: '127.0.0.1',
  userAgent: 'Mozilla/5.0 (Windows NT 10.0; Win64; x64) AppleWebKit/537.36 (KHTML, like Gecko) Chrome/145.0.0.0 Safari/537.36 Edg/145.0.0.0',
  timestamp: '2026-02-27 17:33:28',
  level: 'info',
  message: 'Request'
}
{
  service: 'attendance-system',
  method: 'GET',
  url: '/?_t=1772193808935',
  statusCode: 304,
  duration: '13ms',
  contentLength: 0,
  level: 'info',
  message: 'Response',
  timestamp: '2026-02-27 17:33:28'
}
{
  service: 'attendance-system',
  method: 'GET',
  url: '/api/admin/settings/teams-webhook',
  ip: '127.0.0.1',
  userAgent: 'Mozilla/5.0 (Windows NT 10.0; Win64; x64) AppleWebKit/537.36 (KHTML, like Gecko) Chrome/145.0.0.0 Safari/537.36 Edg/145.0.0.0',
  timestamp: '2026-02-27 17:33:30',
  level: 'info',
  message: 'Request'
}
{
  service: 'attendance-system',
  method: 'GET',
  url: '/admin/settings/teams-webhook',
  statusCode: 404,
  duration: '2ms',
  contentLength: '85',
  level: 'info',
  message: 'Response',
  timestamp: '2026-02-27 17:33:30'
}
{
  service: 'attendance-system',
  method: 'GET',
  url: '/api/admin/leave-years/active',
  ip: '127.0.0.1',
  userAgent: 'Mozilla/5.0 (Windows NT 10.0; Win64; x64) AppleWebKit/537.36 (KHTML, like Gecko) Chrome/145.0.0.0 Safari/537.36 Edg/145.0.0.0',
  timestamp: '2026-02-27 17:33:47',
  level: 'info',
  message: 'Request'
}
{
  service: 'attendance-system',
  method: 'GET',
  url: '/api/auth/me',
  ip: '127.0.0.1',
  userAgent: 'Mozilla/5.0 (Windows NT 10.0; Win64; x64) AppleWebKit/537.36 (KHTML, like Gecko) Chrome/145.0.0.0 Safari/537.36 Edg/145.0.0.0',
  timestamp: '2026-02-27 17:33:47',
  level: 'info',
  message: 'Request'
}
{
  service: 'attendance-system',
  method: 'GET',
  url: '/me',
  statusCode: 304,
  duration: '8ms',
  contentLength: 0,
  level: 'info',
  message: 'Response',
  timestamp: '2026-02-27 17:33:47'
}
{
  service: 'attendance-system',
  method: 'GET',
  url: '/active',
  statusCode: 304,
  duration: '20ms',
  contentLength: 0,
  level: 'info',
  message: 'Response',
  timestamp: '2026-02-27 17:33:47'
}
{
  service: 'attendance-system',
  method: 'GET',
  url: '/api/admin/leave-years/active',
  ip: '127.0.0.1',
  userAgent: 'Mozilla/5.0 (Windows NT 10.0; Win64; x64) AppleWebKit/537.36 (KHTML, like Gecko) Chrome/145.0.0.0 Safari/537.36 Edg/145.0.0.0',
  timestamp: '2026-02-27 17:33:47',
  level: 'info',
  message: 'Request'
}
{
  service: 'attendance-system',
  method: 'GET',
  url: '/active',
  statusCode: 304,
  duration: '21ms',
  contentLength: 0,
  level: 'info',
  message: 'Response',
  timestamp: '2026-02-27 17:33:47'
}
{
  service: 'attendance-system',
  method: 'GET',
  url: '/api/announcements/last-read',
  ip: '127.0.0.1',
  userAgent: 'Mozilla/5.0 (Windows NT 10.0; Win64; x64) AppleWebKit/537.36 (KHTML, like Gecko) Chrome/145.0.0.0 Safari/537.36 Edg/145.0.0.0',
  timestamp: '2026-02-27 17:33:47',
  level: 'info',
  message: 'Request'
}
{
  service: 'attendance-system',
  method: 'GET',
  url: '/api/new-notifications',
  ip: '127.0.0.1',
  userAgent: 'Mozilla/5.0 (Windows NT 10.0; Win64; x64) AppleWebKit/537.36 (KHTML, like Gecko) Chrome/145.0.0.0 Safari/537.36 Edg/145.0.0.0',
  timestamp: '2026-02-27 17:33:47',
  level: 'info',
  message: 'Request'
}
{
  service: 'attendance-system',
  method: 'GET',
  url: '/api/attendance/current-status?_t=1772193827870',
  ip: '127.0.0.1',
  userAgent: 'Mozilla/5.0 (Windows NT 10.0; Win64; x64) AppleWebKit/537.36 (KHTML, like Gecko) Chrome/145.0.0.0 Safari/537.36 Edg/145.0.0.0',
  timestamp: '2026-02-27 17:33:47',
  level: 'info',
  message: 'Request'
}
{
  service: 'attendance-system',
  method: 'GET',
  url: '/last-read',
  statusCode: 304,
  duration: '25ms',
  contentLength: 0,
  level: 'info',
  message: 'Response',
  timestamp: '2026-02-27 17:33:47'
}
{
  service: 'attendance-system',
  method: 'GET',
  url: '/api/admin/manage?_t=1772193827895',
  ip: '127.0.0.1',
  userAgent: 'Mozilla/5.0 (Windows NT 10.0; Win64; x64) AppleWebKit/537.36 (KHTML, like Gecko) Chrome/145.0.0.0 Safari/537.36 Edg/145.0.0.0',
  timestamp: '2026-02-27 17:33:47',
  level: 'info',
  message: 'Request'
}
{
  service: 'attendance-system',
  method: 'GET',
  url: '/api/analytics/late-grace-settings',
  ip: '127.0.0.1',
  userAgent: 'Mozilla/5.0 (Windows NT 10.0; Win64; x64) AppleWebKit/537.36 (KHTML, like Gecko) Chrome/145.0.0.0 Safari/537.36 Edg/145.0.0.0',
  timestamp: '2026-02-27 17:33:47',
  level: 'info',
  message: 'Request'
}
{
  service: 'attendance-system',
  method: 'GET',
  url: '/analytics/late-grace-settings',
  statusCode: 404,
  duration: '1ms',
  contentLength: '86',
  level: 'info',
  message: 'Response',
  timestamp: '2026-02-27 17:33:47'
}
{
  service: 'attendance-system',
  method: 'GET',
  url: '/api/announcements/last-read',
  ip: '127.0.0.1',
  userAgent: 'Mozilla/5.0 (Windows NT 10.0; Win64; x64) AppleWebKit/537.36 (KHTML, like Gecko) Chrome/145.0.0.0 Safari/537.36 Edg/145.0.0.0',
  timestamp: '2026-02-27 17:33:47',
  level: 'info',
  message: 'Request'
}
{
  service: 'attendance-system',
  method: 'GET',
  url: '/current-status?_t=1772193827870',
  statusCode: 200,
  duration: '34ms',
  contentLength: '102',
  level: 'info',
  message: 'Response',
  timestamp: '2026-02-27 17:33:47'
}
{
  service: 'attendance-system',
  method: 'GET',
  url: '/',
  statusCode: 304,
  duration: '47ms',
  contentLength: 0,
  level: 'info',
  message: 'Response',
  timestamp: '2026-02-27 17:33:47'
}
{
  service: 'attendance-system',
  method: 'GET',
  url: '/?_t=1772193827895',
  statusCode: 200,
  duration: '24ms',
  contentLength: '29684',
  level: 'info',
  message: 'Response',
  timestamp: '2026-02-27 17:33:47'
}
{
  service: 'attendance-system',
  method: 'GET',
  url: '/last-read',
  statusCode: 304,
  duration: '24ms',
  contentLength: 0,
  level: 'info',
  message: 'Response',
  timestamp: '2026-02-27 17:33:47'
}
{
  service: 'attendance-system',
  method: 'GET',
  url: '/api/analytics/late-grace-settings',
  ip: '127.0.0.1',
  userAgent: 'Mozilla/5.0 (Windows NT 10.0; Win64; x64) AppleWebKit/537.36 (KHTML, like Gecko) Chrome/145.0.0.0 Safari/537.36 Edg/145.0.0.0',
  timestamp: '2026-02-27 17:33:47',
  level: 'info',
  message: 'Request'
}
{
  service: 'attendance-system',
  method: 'GET',
  url: '/analytics/late-grace-settings',
  statusCode: 404,
  duration: '1ms',
  contentLength: '86',
  level: 'info',
  message: 'Response',
  timestamp: '2026-02-27 17:33:47'
}
{
  service: 'attendance-system',
  method: 'GET',
  url: '/api/announcements/last-read',
  ip: '127.0.0.1',
  userAgent: 'Mozilla/5.0 (Windows NT 10.0; Win64; x64) AppleWebKit/537.36 (KHTML, like Gecko) Chrome/145.0.0.0 Safari/537.36 Edg/145.0.0.0',
  timestamp: '2026-02-27 17:33:47',
  level: 'info',
  message: 'Request'
}
{
  service: 'attendance-system',
  method: 'GET',
  url: '/api/admin/manage?_t=1772193827895',
  ip: '127.0.0.1',
  userAgent: 'Mozilla/5.0 (Windows NT 10.0; Win64; x64) AppleWebKit/537.36 (KHTML, like Gecko) Chrome/145.0.0.0 Safari/537.36 Edg/145.0.0.0',
  timestamp: '2026-02-27 17:33:47',
  level: 'info',
  message: 'Request'
}
{
  service: 'attendance-system',
  method: 'GET',
  url: '/last-read',
  statusCode: 304,
  duration: '18ms',
  contentLength: 0,
  level: 'info',
  message: 'Response',
  timestamp: '2026-02-27 17:33:47'
}
{
  service: 'attendance-system',
  method: 'GET',
  url: '/?_t=1772193827895',
  statusCode: 304,
  duration: '17ms',
  contentLength: 0,
  level: 'info',
  message: 'Response',
  timestamp: '2026-02-27 17:33:47'
}
{
  service: 'attendance-system',
  method: 'GET',
  url: '/api/admin/settings/teams-webhook',
  ip: '127.0.0.1',
  userAgent: 'Mozilla/5.0 (Windows NT 10.0; Win64; x64) AppleWebKit/537.36 (KHTML, like Gecko) Chrome/145.0.0.0 Safari/537.36 Edg/145.0.0.0',
  timestamp: '2026-02-27 17:33:52',
  level: 'info',
  message: 'Request'
}
{
  service: 'attendance-system',
  method: 'GET',
  url: '/admin/settings/teams-webhook',
  statusCode: 404,
  duration: '2ms',
  contentLength: '85',
  level: 'info',
  message: 'Response',
  timestamp: '2026-02-27 17:33:52'
}
{
  service: 'attendance-system',
  method: 'POST',
  url: '/api/admin/settings/teams-webhook',
  ip: '127.0.0.1',
  userAgent: 'Mozilla/5.0 (Windows NT 10.0; Win64; x64) AppleWebKit/537.36 (KHTML, like Gecko) Chrome/145.0.0.0 Safari/537.36 Edg/145.0.0.0',
  timestamp: '2026-02-27 17:34:25',
  level: 'info',
  message: 'Request'
}
{
  service: 'attendance-system',
  method: 'POST',
  url: '/admin/settings/teams-webhook',
  statusCode: 404,
  duration: '2ms',
  contentLength: '86',
  level: 'info',
  message: 'Response',
  timestamp: '2026-02-27 17:34:25'
}
{
  service: 'attendance-system',
  method: 'GET',
  url: '/api/admin/leave-years/active',
  ip: '127.0.0.1',
  userAgent: 'Mozilla/5.0 (Windows NT 10.0; Win64; x64) AppleWebKit/537.36 (KHTML, like Gecko) Chrome/145.0.0.0 Safari/537.36 Edg/145.0.0.0',
  timestamp: '2026-02-27 17:35:57',
  level: 'info',
  message: 'Request'
}
{
  service: 'attendance-system',
  method: 'GET',
  url: '/api/auth/me',
  ip: '127.0.0.1',
  userAgent: 'Mozilla/5.0 (Windows NT 10.0; Win64; x64) AppleWebKit/537.36 (KHTML, like Gecko) Chrome/145.0.0.0 Safari/537.36 Edg/145.0.0.0',
  timestamp: '2026-02-27 17:35:57',
  level: 'info',
  message: 'Request'
}
{
  service: 'attendance-system',
  method: 'GET',
  url: '/api/admin/leave-years/active',
  ip: '127.0.0.1',
  userAgent: 'Mozilla/5.0 (Windows NT 10.0; Win64; x64) AppleWebKit/537.36 (KHTML, like Gecko) Chrome/145.0.0.0 Safari/537.36 Edg/145.0.0.0',
  timestamp: '2026-02-27 17:35:57',
  level: 'info',
  message: 'Request'
}
{
  service: 'attendance-system',
  method: 'GET',
  url: '/active',
  statusCode: 200,
  duration: '79ms',
  contentLength: '194',
  level: 'info',
  message: 'Response',
  timestamp: '2026-02-27 17:35:57'
}
{
  service: 'attendance-system',
  method: 'GET',
  url: '/active',
  statusCode: 200,
  duration: '48ms',
  contentLength: '194',
  level: 'info',
  message: 'Response',
  timestamp: '2026-02-27 17:35:57'
}
{
  service: 'attendance-system',
  method: 'GET',
  url: '/me',
  statusCode: 200,
  duration: '86ms',
  contentLength: '1282',
  level: 'info',
  message: 'Response',
  timestamp: '2026-02-27 17:35:57'
}
{
  service: 'attendance-system',
  method: 'GET',
  url: '/api/announcements/last-read',
  ip: '127.0.0.1',
  userAgent: 'Mozilla/5.0 (Windows NT 10.0; Win64; x64) AppleWebKit/537.36 (KHTML, like Gecko) Chrome/145.0.0.0 Safari/537.36 Edg/145.0.0.0',
  timestamp: '2026-02-27 17:35:57',
  level: 'info',
  message: 'Request'
}
{
  service: 'attendance-system',
  method: 'GET',
  url: '/api/attendance/current-status?_t=1772193957677',
  ip: '127.0.0.1',
  userAgent: 'Mozilla/5.0 (Windows NT 10.0; Win64; x64) AppleWebKit/537.36 (KHTML, like Gecko) Chrome/145.0.0.0 Safari/537.36 Edg/145.0.0.0',
  timestamp: '2026-02-27 17:35:57',
  level: 'info',
  message: 'Request'
}
{
  service: 'attendance-system',
  method: 'GET',
  url: '/api/new-notifications',
  ip: '127.0.0.1',
  userAgent: 'Mozilla/5.0 (Windows NT 10.0; Win64; x64) AppleWebKit/537.36 (KHTML, like Gecko) Chrome/145.0.0.0 Safari/537.36 Edg/145.0.0.0',
  timestamp: '2026-02-27 17:35:57',
  level: 'info',
  message: 'Request'
}
{
  service: 'attendance-system',
  method: 'GET',
  url: '/last-read',
  statusCode: 304,
  duration: '160ms',
  contentLength: 0,
  level: 'info',
  message: 'Response',
  timestamp: '2026-02-27 17:35:57'
}
{
  service: 'attendance-system',
  method: 'GET',
  url: '/api/admin/manage?_t=1772193957738',
  ip: '127.0.0.1',
  userAgent: 'Mozilla/5.0 (Windows NT 10.0; Win64; x64) AppleWebKit/537.36 (KHTML, like Gecko) Chrome/145.0.0.0 Safari/537.36 Edg/145.0.0.0',
  timestamp: '2026-02-27 17:35:57',
  level: 'info',
  message: 'Request'
}
{
  service: 'attendance-system',
  method: 'GET',
  url: '/api/analytics/late-grace-settings',
  ip: '127.0.0.1',
  userAgent: 'Mozilla/5.0 (Windows NT 10.0; Win64; x64) AppleWebKit/537.36 (KHTML, like Gecko) Chrome/145.0.0.0 Safari/537.36 Edg/145.0.0.0',
  timestamp: '2026-02-27 17:35:57',
  level: 'info',
  message: 'Request'
}
{
  service: 'attendance-system',
  method: 'GET',
  url: '/analytics/late-grace-settings',
  statusCode: 404,
  duration: '1ms',
  contentLength: '86',
  level: 'info',
  message: 'Response',
  timestamp: '2026-02-27 17:35:57'
}
{
  service: 'attendance-system',
  method: 'GET',
  url: '/current-status?_t=1772193957677',
  statusCode: 200,
  duration: '177ms',
  contentLength: '102',
  level: 'info',
  message: 'Response',
  timestamp: '2026-02-27 17:35:57'
}
{
  service: 'attendance-system',
  method: 'GET',
  url: '/?_t=1772193957738',
  statusCode: 200,
  duration: '34ms',
  contentLength: '29684',
  level: 'info',
  message: 'Response',
  timestamp: '2026-02-27 17:35:57'
}
{
  service: 'attendance-system',
  method: 'GET',
  url: '/api/announcements/last-read',
  ip: '127.0.0.1',
  userAgent: 'Mozilla/5.0 (Windows NT 10.0; Win64; x64) AppleWebKit/537.36 (KHTML, like Gecko) Chrome/145.0.0.0 Safari/537.36 Edg/145.0.0.0',
  timestamp: '2026-02-27 17:35:57',
  level: 'info',
  message: 'Request'
}
{
  service: 'attendance-system',
  method: 'GET',
  url: '/api/announcements',
  ip: '127.0.0.1',
  userAgent: 'Mozilla/5.0 (Windows NT 10.0; Win64; x64) AppleWebKit/537.36 (KHTML, like Gecko) Chrome/145.0.0.0 Safari/537.36 Edg/145.0.0.0',
  timestamp: '2026-02-27 17:35:57',
  level: 'info',
  message: 'Request'
}
{
  service: 'attendance-system',
  method: 'GET',
  url: '/',
  statusCode: 304,
  duration: '99ms',
  contentLength: 0,
  level: 'info',
  message: 'Response',
  timestamp: '2026-02-27 17:35:57'
}
{
  service: 'attendance-system',
  method: 'GET',
  url: '/last-read',
  statusCode: 304,
  duration: '26ms',
  contentLength: 0,
  level: 'info',
  message: 'Response',
  timestamp: '2026-02-27 17:35:57'
}
{
  service: 'attendance-system',
  method: 'GET',
  url: '/',
  statusCode: 304,
  duration: '50ms',
  contentLength: 0,
  level: 'info',
  message: 'Response',
  timestamp: '2026-02-27 17:35:57'
}
{
  service: 'attendance-system',
  method: 'GET',
  url: '/api/analytics/late-grace-settings',
  ip: '127.0.0.1',
  userAgent: 'Mozilla/5.0 (Windows NT 10.0; Win64; x64) AppleWebKit/537.36 (KHTML, like Gecko) Chrome/145.0.0.0 Safari/537.36 Edg/145.0.0.0',
  timestamp: '2026-02-27 17:35:57',
  level: 'info',
  message: 'Request'
}
{
  service: 'attendance-system',
  method: 'GET',
  url: '/analytics/late-grace-settings',
  statusCode: 404,
  duration: '2ms',
  contentLength: '86',
  level: 'info',
  message: 'Response',
  timestamp: '2026-02-27 17:35:57'
}
{
  service: 'attendance-system',
  method: 'GET',
  url: '/api/announcements/last-read',
  ip: '127.0.0.1',
  userAgent: 'Mozilla/5.0 (Windows NT 10.0; Win64; x64) AppleWebKit/537.36 (KHTML, like Gecko) Chrome/145.0.0.0 Safari/537.36 Edg/145.0.0.0',
  timestamp: '2026-02-27 17:35:57',
  level: 'info',
  message: 'Request'
}
{
  service: 'attendance-system',
  method: 'GET',
  url: '/api/admin/manage?_t=1772193957738',
  ip: '127.0.0.1',
  userAgent: 'Mozilla/5.0 (Windows NT 10.0; Win64; x64) AppleWebKit/537.36 (KHTML, like Gecko) Chrome/145.0.0.0 Safari/537.36 Edg/145.0.0.0',
  timestamp: '2026-02-27 17:35:57',
  level: 'info',
  message: 'Request'
}
{
  service: 'attendance-system',
  method: 'GET',
  url: '/last-read',
  statusCode: 304,
  duration: '29ms',
  contentLength: 0,
  level: 'info',
  message: 'Response',
  timestamp: '2026-02-27 17:35:57'
}
{
  service: 'attendance-system',
  method: 'GET',
  url: '/?_t=1772193957738',
  statusCode: 304,
  duration: '22ms',
  contentLength: 0,
  level: 'info',
  message: 'Response',
  timestamp: '2026-02-27 17:35:58'
}
{
  service: 'attendance-system',
  method: 'GET',
  url: '/api/admin/settings/teams-webhook',
  ip: '127.0.0.1',
  userAgent: 'Mozilla/5.0 (Windows NT 10.0; Win64; x64) AppleWebKit/537.36 (KHTML, like Gecko) Chrome/145.0.0.0 Safari/537.36 Edg/145.0.0.0',
  timestamp: '2026-02-27 17:36:00',
  level: 'info',
  message: 'Request'
}
{
  service: 'attendance-system',
  method: 'GET',
  url: '/teams-webhook',
  statusCode: 200,
  duration: '16ms',
  contentLength: '497',
  level: 'info',
  message: 'Response',
  timestamp: '2026-02-27 17:36:00'
}
{
  service: 'attendance-system',
  method: 'GET',
  url: '/api/admin/settings/teams-preview',
  ip: '127.0.0.1',
  userAgent: 'Mozilla/5.0 (Windows NT 10.0; Win64; x64) AppleWebKit/537.36 (KHTML, like Gecko) Chrome/145.0.0.0 Safari/537.36 Edg/145.0.0.0',
  timestamp: '2026-02-27 17:36:02',
  level: 'info',
  message: 'Request'
}
{
  service: 'attendance-system',
  method: 'GET',
  url: '/teams-preview',
  statusCode: 304,
  duration: '95ms',
  contentLength: 0,
  level: 'info',
  message: 'Response',
  timestamp: '2026-02-27 17:36:02'
}
{
  service: 'attendance-system',
  method: 'GET',
  url: '/api/admin/settings/teams-upcoming-leaves?weeks=2',
  ip: '127.0.0.1',
  userAgent: 'Mozilla/5.0 (Windows NT 10.0; Win64; x64) AppleWebKit/537.36 (KHTML, like Gecko) Chrome/145.0.0.0 Safari/537.36 Edg/145.0.0.0',
  timestamp: '2026-02-27 17:36:03',
  level: 'info',
  message: 'Request'
}
{
  service: 'attendance-system',
  method: 'GET',
  url: '/teams-upcoming-leaves?weeks=2',
  statusCode: 304,
  duration: '44ms',
  contentLength: 0,
  level: 'info',
  message: 'Response',
  timestamp: '2026-02-27 17:36:03'
}
{
  service: 'attendance-system',
  method: 'GET',
  url: '/api/admin/leave-years/active',
  ip: '127.0.0.1',
  userAgent: 'Mozilla/5.0 (Windows NT 10.0; Win64; x64) AppleWebKit/537.36 (KHTML, like Gecko) Chrome/145.0.0.0 Safari/537.36 Edg/145.0.0.0',
  timestamp: '2026-02-28 10:29:09',
  level: 'info',
  message: 'Request'
}
{
  service: 'attendance-system',
  method: 'GET',
  url: '/api/auth/me',
  ip: '127.0.0.1',
  userAgent: 'Mozilla/5.0 (Windows NT 10.0; Win64; x64) AppleWebKit/537.36 (KHTML, like Gecko) Chrome/145.0.0.0 Safari/537.36 Edg/145.0.0.0',
  timestamp: '2026-02-28 10:29:09',
  level: 'info',
  message: 'Request'
}
{
  service: 'attendance-system',
  method: 'GET',
  url: '/active',
  statusCode: 200,
  duration: '34ms',
  contentLength: '194',
  level: 'info',
  message: 'Response',
  timestamp: '2026-02-28 10:29:09'
}
{
  service: 'attendance-system',
  method: 'GET',
  url: '/api/admin/leave-years/active',
  ip: '127.0.0.1',
  userAgent: 'Mozilla/5.0 (Windows NT 10.0; Win64; x64) AppleWebKit/537.36 (KHTML, like Gecko) Chrome/145.0.0.0 Safari/537.36 Edg/145.0.0.0',
  timestamp: '2026-02-28 10:29:09',
  level: 'info',
  message: 'Request'
}
{
  service: 'attendance-system',
  method: 'GET',
  url: '/me',
  statusCode: 200,
  duration: '37ms',
  contentLength: '1282',
  level: 'info',
  message: 'Response',
  timestamp: '2026-02-28 10:29:09'
}
{
  service: 'attendance-system',
  method: 'GET',
  url: '/active',
  statusCode: 304,
  duration: '18ms',
  contentLength: 0,
  level: 'info',
  message: 'Response',
  timestamp: '2026-02-28 10:29:09'
}
{
  service: 'attendance-system',
  method: 'GET',
  url: '/api/attendance/current-status?_t=1772254749291',
  ip: '127.0.0.1',
  userAgent: 'Mozilla/5.0 (Windows NT 10.0; Win64; x64) AppleWebKit/537.36 (KHTML, like Gecko) Chrome/145.0.0.0 Safari/537.36 Edg/145.0.0.0',
  timestamp: '2026-02-28 10:29:09',
  level: 'info',
  message: 'Request'
}
{
  service: 'attendance-system',
  method: 'GET',
  url: '/api/new-notifications',
  ip: '127.0.0.1',
  userAgent: 'Mozilla/5.0 (Windows NT 10.0; Win64; x64) AppleWebKit/537.36 (KHTML, like Gecko) Chrome/145.0.0.0 Safari/537.36 Edg/145.0.0.0',
  timestamp: '2026-02-28 10:29:09',
  level: 'info',
  message: 'Request'
}
{
  service: 'attendance-system',
  method: 'GET',
  url: '/current-status?_t=1772254749291',
  statusCode: 200,
  duration: '34ms',
  contentLength: '102',
  level: 'info',
  message: 'Response',
  timestamp: '2026-02-28 10:29:09'
}
{
  service: 'attendance-system',
  method: 'GET',
  url: '/',
  statusCode: 200,
  duration: '63ms',
  contentLength: '27885',
  level: 'info',
  message: 'Response',
  timestamp: '2026-02-28 10:29:09'
}
{
  service: 'attendance-system',
  method: 'GET',
  url: '/api/announcements/last-read',
  ip: '127.0.0.1',
  userAgent: 'Mozilla/5.0 (Windows NT 10.0; Win64; x64) AppleWebKit/537.36 (KHTML, like Gecko) Chrome/145.0.0.0 Safari/537.36 Edg/145.0.0.0',
  timestamp: '2026-02-28 10:29:09',
  level: 'info',
  message: 'Request'
}
{
  service: 'attendance-system',
  method: 'GET',
  url: '/api/announcements',
  ip: '127.0.0.1',
  userAgent: 'Mozilla/5.0 (Windows NT 10.0; Win64; x64) AppleWebKit/537.36 (KHTML, like Gecko) Chrome/145.0.0.0 Safari/537.36 Edg/145.0.0.0',
  timestamp: '2026-02-28 10:29:09',
  level: 'info',
  message: 'Request'
}
{
  service: 'attendance-system',
  method: 'GET',
  url: '/last-read',
  statusCode: 200,
  duration: '22ms',
  contentLength: '43',
  level: 'info',
  message: 'Response',
  timestamp: '2026-02-28 10:29:09'
}
{
  service: 'attendance-system',
  method: 'GET',
  url: '/',
  statusCode: 200,
  duration: '22ms',
  contentLength: '2',
  level: 'info',
  message: 'Response',
  timestamp: '2026-02-28 10:29:09'
}
{
  service: 'attendance-system',
  method: 'GET',
  url: '/api/announcements/last-read',
  ip: '127.0.0.1',
  userAgent: 'Mozilla/5.0 (Windows NT 10.0; Win64; x64) AppleWebKit/537.36 (KHTML, like Gecko) Chrome/145.0.0.0 Safari/537.36 Edg/145.0.0.0',
  timestamp: '2026-02-28 10:29:09',
  level: 'info',
  message: 'Request'
}
{
  service: 'attendance-system',
  method: 'GET',
  url: '/last-read',
  statusCode: 304,
  duration: '18ms',
  contentLength: 0,
  level: 'info',
  message: 'Response',
  timestamp: '2026-02-28 10:29:09'
}
{
  service: 'attendance-system',
  method: 'GET',
  url: '/api/announcements/last-read',
  ip: '127.0.0.1',
  userAgent: 'Mozilla/5.0 (Windows NT 10.0; Win64; x64) AppleWebKit/537.36 (KHTML, like Gecko) Chrome/145.0.0.0 Safari/537.36 Edg/145.0.0.0',
  timestamp: '2026-02-28 10:29:09',
  level: 'info',
  message: 'Request'
}
{
  service: 'attendance-system',
  method: 'GET',
  url: '/api/admin/dashboard-summary?includePendingLeaves=true',
  ip: '127.0.0.1',
  userAgent: 'Mozilla/5.0 (Windows NT 10.0; Win64; x64) AppleWebKit/537.36 (KHTML, like Gecko) Chrome/145.0.0.0 Safari/537.36 Edg/145.0.0.0',
  timestamp: '2026-02-28 10:29:09',
  level: 'info',
  message: 'Request'
}
{
  service: 'attendance-system',
  method: 'GET',
  url: '/last-read',
  statusCode: 304,
  duration: '19ms',
  contentLength: 0,
  level: 'info',
  message: 'Response',
  timestamp: '2026-02-28 10:29:09'
}
{
  service: 'attendance-system',
  method: 'GET',
  url: '/dashboard-summary?includePendingLeaves=true',
  statusCode: 200,
  duration: '188ms',
  contentLength: '14267',
  level: 'info',
  message: 'Response',
  timestamp: '2026-02-28 10:29:09'
}
{
  service: 'attendance-system',
  method: 'GET',
  url: '/api/admin/dashboard-summary?includePendingLeaves=true',
  ip: '127.0.0.1',
  userAgent: 'Mozilla/5.0 (Windows NT 10.0; Win64; x64) AppleWebKit/537.36 (KHTML, like Gecko) Chrome/145.0.0.0 Safari/537.36 Edg/145.0.0.0',
  timestamp: '2026-02-28 10:29:09',
  level: 'info',
  message: 'Request'
}
{
  service: 'attendance-system',
  method: 'GET',
  url: '/api/admin/leave-years/active',
  ip: '127.0.0.1',
  userAgent: 'Mozilla/5.0 (Windows NT 10.0; Win64; x64) AppleWebKit/537.36 (KHTML, like Gecko) Chrome/145.0.0.0 Safari/537.36',
  timestamp: '2026-02-28 10:29:09',
  level: 'info',
  message: 'Request'
}
{
  service: 'attendance-system',
  method: 'GET',
  url: '/active',
  statusCode: 403,
  duration: '4ms',
  contentLength: '105',
  level: 'info',
  message: 'Response',
  timestamp: '2026-02-28 10:29:09'
}
{
  service: 'attendance-system',
  method: 'GET',
  url: '/api/auth/me',
  ip: '127.0.0.1',
  userAgent: 'Mozilla/5.0 (Windows NT 10.0; Win64; x64) AppleWebKit/537.36 (KHTML, like Gecko) Chrome/145.0.0.0 Safari/537.36',
  timestamp: '2026-02-28 10:29:09',
  level: 'info',
  message: 'Request'
}
{
  service: 'attendance-system',
  method: 'GET',
  url: '/api/admin/leave-years/active',
  ip: '127.0.0.1',
  userAgent: 'Mozilla/5.0 (Windows NT 10.0; Win64; x64) AppleWebKit/537.36 (KHTML, like Gecko) Chrome/145.0.0.0 Safari/537.36',
  timestamp: '2026-02-28 10:29:09',
  level: 'info',
  message: 'Request'
}
{
  service: 'attendance-system',
  method: 'GET',
  url: '/active',
  statusCode: 403,
  duration: '4ms',
  contentLength: '105',
  level: 'info',
  message: 'Response',
  timestamp: '2026-02-28 10:29:09'
}
{
  service: 'attendance-system',
  method: 'GET',
  url: '/dashboard-summary?includePendingLeaves=true',
  statusCode: 304,
  duration: '31ms',
  contentLength: 0,
  level: 'info',
  message: 'Response',
  timestamp: '2026-02-28 10:29:09'
}
{
  service: 'attendance-system',
  method: 'GET',
  url: '/me',
  statusCode: 200,
  duration: '32ms',
  contentLength: '1644',
  level: 'info',
  message: 'Response',
  timestamp: '2026-02-28 10:29:09'
}
{
  service: 'attendance-system',
  method: 'GET',
  url: '/api/attendance/current-status?_t=1772254749954',
  ip: '127.0.0.1',
  userAgent: 'Mozilla/5.0 (Windows NT 10.0; Win64; x64) AppleWebKit/537.36 (KHTML, like Gecko) Chrome/145.0.0.0 Safari/537.36',
  timestamp: '2026-02-28 10:29:09',
  level: 'info',
  message: 'Request'
}
{
  service: 'attendance-system',
  method: 'GET',
  url: '/api/new-notifications',
  ip: '127.0.0.1',
  userAgent: 'Mozilla/5.0 (Windows NT 10.0; Win64; x64) AppleWebKit/537.36 (KHTML, like Gecko) Chrome/145.0.0.0 Safari/537.36',
  timestamp: '2026-02-28 10:29:09',
  level: 'info',
  message: 'Request'
}
{
  service: 'attendance-system',
  method: 'GET',
  url: '/current-status?_t=1772254749954',
  statusCode: 200,
  duration: '22ms',
  contentLength: '102',
  level: 'info',
  message: 'Response',
  timestamp: '2026-02-28 10:29:09'
}
{
  service: 'attendance-system',
  method: 'GET',
  url: '/',
  statusCode: 200,
  duration: '25ms',
  contentLength: '9125',
  level: 'info',
  message: 'Response',
  timestamp: '2026-02-28 10:29:09'
}
{
  service: 'attendance-system',
  method: 'GET',
  url: '/api/auth/me',
  ip: '127.0.0.1',
  userAgent: 'Mozilla/5.0 (Windows NT 10.0; Win64; x64) AppleWebKit/537.36 (KHTML, like Gecko) Chrome/145.0.0.0 Safari/537.36',
  timestamp: '2026-02-28 10:29:10',
  level: 'info',
  message: 'Request'
}
{
  service: 'attendance-system',
  method: 'GET',
  url: '/me',
  statusCode: 304,
  duration: '3ms',
  contentLength: 0,
  level: 'info',
  message: 'Response',
  timestamp: '2026-02-28 10:29:10'
}
{
  service: 'attendance-system',
  method: 'GET',
  url: '/api/admin/leave-years/active',
  ip: '127.0.0.1',
  userAgent: 'Mozilla/5.0 (Windows NT 10.0; Win64; x64) AppleWebKit/537.36 (KHTML, like Gecko) Chrome/145.0.0.0 Safari/537.36',
  timestamp: '2026-02-28 10:29:10',
  level: 'info',
  message: 'Request'
}
{
  service: 'attendance-system',
  method: 'GET',
  url: '/active',
  statusCode: 403,
  duration: '4ms',
  contentLength: '105',
  level: 'info',
  message: 'Response',
  timestamp: '2026-02-28 10:29:10'
}
{
  service: 'attendance-system',
  method: 'GET',
  url: '/api/auth/me',
  ip: '127.0.0.1',
  userAgent: 'Mozilla/5.0 (Windows NT 10.0; Win64; x64) AppleWebKit/537.36 (KHTML, like Gecko) Chrome/145.0.0.0 Safari/537.36',
  timestamp: '2026-02-28 10:29:10',
  level: 'info',
  message: 'Request'
}
{
  service: 'attendance-system',
  method: 'GET',
  url: '/me',
  statusCode: 304,
  duration: '6ms',
  contentLength: 0,
  level: 'info',
  message: 'Response',
  timestamp: '2026-02-28 10:29:10'
}
{
  service: 'attendance-system',
  method: 'GET',
  url: '/api/admin/leave-years/active',
  ip: '127.0.0.1',
  userAgent: 'Mozilla/5.0 (Windows NT 10.0; Win64; x64) AppleWebKit/537.36 (KHTML, like Gecko) Chrome/145.0.0.0 Safari/537.36',
  timestamp: '2026-02-28 10:29:10',
  level: 'info',
  message: 'Request'
}
{
  service: 'attendance-system',
  method: 'GET',
  url: '/active',
  statusCode: 403,
  duration: '2ms',
  contentLength: '105',
  level: 'info',
  message: 'Response',
  timestamp: '2026-02-28 10:29:10'
}
{
  service: 'attendance-system',
  method: 'GET',
  url: '/api/attendance/current-status?_t=1772254750855',
  ip: '127.0.0.1',
  userAgent: 'Mozilla/5.0 (Windows NT 10.0; Win64; x64) AppleWebKit/537.36 (KHTML, like Gecko) Chrome/145.0.0.0 Safari/537.36',
  timestamp: '2026-02-28 10:29:10',
  level: 'info',
  message: 'Request'
}
{
  service: 'attendance-system',
  method: 'GET',
  url: '/api/announcements/last-read',
  ip: '127.0.0.1',
  userAgent: 'Mozilla/5.0 (Windows NT 10.0; Win64; x64) AppleWebKit/537.36 (KHTML, like Gecko) Chrome/145.0.0.0 Safari/537.36',
  timestamp: '2026-02-28 10:29:10',
  level: 'info',
  message: 'Request'
}
{
  service: 'attendance-system',
  method: 'GET',
  url: '/api/new-notifications',
  ip: '127.0.0.1',
  userAgent: 'Mozilla/5.0 (Windows NT 10.0; Win64; x64) AppleWebKit/537.36 (KHTML, like Gecko) Chrome/145.0.0.0 Safari/537.36',
  timestamp: '2026-02-28 10:29:10',
  level: 'info',
  message: 'Request'
}
{
  service: 'attendance-system',
  method: 'GET',
  url: '/last-read',
  statusCode: 304,
  duration: '14ms',
  contentLength: 0,
  level: 'info',
  message: 'Response',
  timestamp: '2026-02-28 10:29:10'
}
{
  service: 'attendance-system',
  method: 'GET',
  url: '/current-status?_t=1772254750855',
  statusCode: 200,
  duration: '27ms',
  contentLength: '102',
  level: 'info',
  message: 'Response',
  timestamp: '2026-02-28 10:29:10'
}
{
  service: 'attendance-system',
  method: 'GET',
  url: '/api/announcements/last-read',
  ip: '127.0.0.1',
  userAgent: 'Mozilla/5.0 (Windows NT 10.0; Win64; x64) AppleWebKit/537.36 (KHTML, like Gecko) Chrome/145.0.0.0 Safari/537.36',
  timestamp: '2026-02-28 10:29:10',
  level: 'info',
  message: 'Request'
}
{
  service: 'attendance-system',
  method: 'GET',
  url: '/',
  statusCode: 304,
  duration: '24ms',
  contentLength: 0,
  level: 'info',
  message: 'Response',
  timestamp: '2026-02-28 10:29:11'
}
{
  service: 'attendance-system',
  method: 'GET',
  url: '/last-read',
  statusCode: 304,
  duration: '11ms',
  contentLength: 0,
  level: 'info',
  message: 'Response',
  timestamp: '2026-02-28 10:29:11'
}
{
  service: 'attendance-system',
  method: 'GET',
  url: '/api/announcements/last-read',
  ip: '127.0.0.1',
  userAgent: 'Mozilla/5.0 (Windows NT 10.0; Win64; x64) AppleWebKit/537.36 (KHTML, like Gecko) Chrome/145.0.0.0 Safari/537.36',
  timestamp: '2026-02-28 10:29:11',
  level: 'info',
  message: 'Request'
}
{
  service: 'attendance-system',
  method: 'GET',
  url: '/last-read',
  statusCode: 304,
  duration: '15ms',
  contentLength: 0,
  level: 'info',
  message: 'Response',
  timestamp: '2026-02-28 10:29:11'
}
{
  service: 'attendance-system',
  method: 'GET',
  url: '/api/announcements',
  ip: '127.0.0.1',
  userAgent: 'Mozilla/5.0 (Windows NT 10.0; Win64; x64) AppleWebKit/537.36 (KHTML, like Gecko) Chrome/145.0.0.0 Safari/537.36',
  timestamp: '2026-02-28 10:29:11',
  level: 'info',
  message: 'Request'
}
{
  service: 'attendance-system',
  method: 'GET',
  url: '/',
  statusCode: 200,
  duration: '3ms',
  contentLength: '2',
  level: 'info',
  message: 'Response',
  timestamp: '2026-02-28 10:29:11'
}
{
  service: 'attendance-system',
  method: 'GET',
  url: '/api/attendance/dashboard/employee?date=2026-02-28',
  ip: '127.0.0.1',
  userAgent: 'Mozilla/5.0 (Windows NT 10.0; Win64; x64) AppleWebKit/537.36 (KHTML, like Gecko) Chrome/145.0.0.0 Safari/537.36',
  timestamp: '2026-02-28 10:29:11',
  level: 'info',
  message: 'Request'
}
{
  service: 'attendance-system',
  method: 'GET',
  url: '/dashboard/employee?date=2026-02-28',
  statusCode: 200,
  duration: '27ms',
  contentLength: '3181',
  level: 'info',
  message: 'Response',
  timestamp: '2026-02-28 10:29:11'
}
{
  service: 'attendance-system',
  method: 'GET',
  url: '/api/attendance/dashboard/employee?date=2026-02-28',
  ip: '127.0.0.1',
  userAgent: 'Mozilla/5.0 (Windows NT 10.0; Win64; x64) AppleWebKit/537.36 (KHTML, like Gecko) Chrome/145.0.0.0 Safari/537.36',
  timestamp: '2026-02-28 10:29:11',
  level: 'info',
  message: 'Request'
}
{
  service: 'attendance-system',
  method: 'GET',
  url: '/dashboard/employee?date=2026-02-28',
  statusCode: 304,
  duration: '4ms',
  contentLength: 0,
  level: 'info',
  message: 'Response',
  timestamp: '2026-02-28 10:29:11'
}
{
  service: 'attendance-system',
  method: 'GET',
  url: '/api/admin/employees?all=true&slim=true&_t=1772254779632',
  ip: '127.0.0.1',
  userAgent: 'Mozilla/5.0 (Windows NT 10.0; Win64; x64) AppleWebKit/537.36 (KHTML, like Gecko) Chrome/145.0.0.0 Safari/537.36 Edg/145.0.0.0',
  timestamp: '2026-02-28 10:29:39',
  level: 'info',
  message: 'Request'
}
{
  service: 'attendance-system',
  method: 'GET',
  url: '/?all=true&slim=true&_t=1772254779632',
  statusCode: 200,
  duration: '32ms',
  contentLength: '11798',
  level: 'info',
  message: 'Response',
  timestamp: '2026-02-28 10:29:39'
}
{
  service: 'attendance-system',
  method: 'GET',
  url: '/api/admin/employees?all=true&slim=true&_t=1772254779632',
  ip: '127.0.0.1',
  userAgent: 'Mozilla/5.0 (Windows NT 10.0; Win64; x64) AppleWebKit/537.36 (KHTML, like Gecko) Chrome/145.0.0.0 Safari/537.36 Edg/145.0.0.0',
  timestamp: '2026-02-28 10:29:39',
  level: 'info',
  message: 'Request'
}
{
  service: 'attendance-system',
  method: 'GET',
  url: '/?all=true&slim=true&_t=1772254779632',
  statusCode: 304,
  duration: '24ms',
  contentLength: 0,
  level: 'info',
  message: 'Response',
  timestamp: '2026-02-28 10:29:39'
}
{
  service: 'attendance-system',
  method: 'GET',
  url: '/api/admin/employees?page=1&limit=10&status=active&_t=1772254780666',
  ip: '127.0.0.1',
  userAgent: 'Mozilla/5.0 (Windows NT 10.0; Win64; x64) AppleWebKit/537.36 (KHTML, like Gecko) Chrome/145.0.0.0 Safari/537.36 Edg/145.0.0.0',
  timestamp: '2026-02-28 10:29:40',
  level: 'info',
  message: 'Request'
}
{
  service: 'attendance-system',
  method: 'GET',
  url: '/api/admin/shifts?_t=1772254780666',
  ip: '127.0.0.1',
  userAgent: 'Mozilla/5.0 (Windows NT 10.0; Win64; x64) AppleWebKit/537.36 (KHTML, like Gecko) Chrome/145.0.0.0 Safari/537.36 Edg/145.0.0.0',
  timestamp: '2026-02-28 10:29:40',
  level: 'info',
  message: 'Request'
}
{
  service: 'attendance-system',
  method: 'GET',
  url: '/?page=1&limit=10&status=active&_t=1772254780666',
  statusCode: 200,
  duration: '29ms',
  contentLength: '8806',
  level: 'info',
  message: 'Response',
  timestamp: '2026-02-28 10:29:40'
}
{
  service: 'attendance-system',
  method: 'GET',
  url: '/?_t=1772254780666',
  statusCode: 200,
  duration: '27ms',
  contentLength: '802',
  level: 'info',
  message: 'Response',
  timestamp: '2026-02-28 10:29:40'
}
{
  service: 'attendance-system',
  method: 'GET',
  url: '/api/admin/shifts?_t=1772254780666',
  ip: '127.0.0.1',
  userAgent: 'Mozilla/5.0 (Windows NT 10.0; Win64; x64) AppleWebKit/537.36 (KHTML, like Gecko) Chrome/145.0.0.0 Safari/537.36 Edg/145.0.0.0',
  timestamp: '2026-02-28 10:29:40',
  level: 'info',
  message: 'Request'
}
{
  service: 'attendance-system',
  method: 'GET',
  url: '/api/admin/employees?page=1&limit=10&status=active&_t=1772254780666',
  ip: '127.0.0.1',
  userAgent: 'Mozilla/5.0 (Windows NT 10.0; Win64; x64) AppleWebKit/537.36 (KHTML, like Gecko) Chrome/145.0.0.0 Safari/537.36 Edg/145.0.0.0',
  timestamp: '2026-02-28 10:29:40',
  level: 'info',
  message: 'Request'
}
{
  service: 'attendance-system',
  method: 'GET',
  url: '/?page=1&limit=10&status=active&_t=1772254780666',
  statusCode: 304,
  duration: '26ms',
  contentLength: 0,
  level: 'info',
  message: 'Response',
  timestamp: '2026-02-28 10:29:40'
}
{
  service: 'attendance-system',
  method: 'GET',
  url: '/?_t=1772254780666',
  statusCode: 304,
  duration: '37ms',
  contentLength: 0,
  level: 'info',
  message: 'Response',
  timestamp: '2026-02-28 10:29:40'
}
{
  service: 'attendance-system',
  method: 'GET',
  url: '/api/users/avatar/69959ee1b64b4c515fc0b2b2',
  ip: '127.0.0.1',
  userAgent: 'Mozilla/5.0 (Windows NT 10.0; Win64; x64) AppleWebKit/537.36 (KHTML, like Gecko) Chrome/145.0.0.0 Safari/537.36 Edg/145.0.0.0',
  timestamp: '2026-02-28 10:29:40',
  level: 'info',
  message: 'Request'
}
{
  service: 'attendance-system',
  method: 'GET',
  url: '/api/users/avatar/69970a42dee2f82ad0dc5dfd',
  ip: '127.0.0.1',
  userAgent: 'Mozilla/5.0 (Windows NT 10.0; Win64; x64) AppleWebKit/537.36 (KHTML, like Gecko) Chrome/145.0.0.0 Safari/537.36 Edg/145.0.0.0',
  timestamp: '2026-02-28 10:29:40',
  level: 'info',
  message: 'Request'
}
{
  service: 'attendance-system',
  method: 'GET',
  url: '/api/users/avatar/69958affb64b4c515fc08732',
  ip: '127.0.0.1',
  userAgent: 'Mozilla/5.0 (Windows NT 10.0; Win64; x64) AppleWebKit/537.36 (KHTML, like Gecko) Chrome/145.0.0.0 Safari/537.36 Edg/145.0.0.0',
  timestamp: '2026-02-28 10:29:40',
  level: 'info',
  message: 'Request'
}
{
  service: 'attendance-system',
  method: 'GET',
  url: '/avatar/69970a42dee2f82ad0dc5dfd',
  statusCode: 200,
  duration: '50ms',
  contentLength: '87966',
  level: 'info',
  message: 'Response',
  timestamp: '2026-02-28 10:29:40'
}
{
  service: 'attendance-system',
  method: 'GET',
  url: '/avatar/69958affb64b4c515fc08732',
  statusCode: 200,
  duration: '59ms',
  contentLength: '192533',
  level: 'info',
  message: 'Response',
  timestamp: '2026-02-28 10:29:40'
}
{
  service: 'attendance-system',
  method: 'GET',
  url: '/avatar/69959ee1b64b4c515fc0b2b2',
  statusCode: 200,
  duration: '79ms',
  contentLength: '134112',
  level: 'info',
  message: 'Response',
  timestamp: '2026-02-28 10:29:40'
}
{
  service: 'attendance-system',
  method: 'GET',
  url: '/api/admin/office-locations?_t=1772254782664',
  ip: '127.0.0.1',
  userAgent: 'Mozilla/5.0 (Windows NT 10.0; Win64; x64) AppleWebKit/537.36 (KHTML, like Gecko) Chrome/145.0.0.0 Safari/537.36 Edg/145.0.0.0',
  timestamp: '2026-02-28 10:29:42',
  level: 'info',
  message: 'Request'
}
{
  service: 'attendance-system',
  method: 'GET',
  url: '/api/admin/shifts?page=1&limit=10&_t=1772254782664',
  ip: '127.0.0.1',
  userAgent: 'Mozilla/5.0 (Windows NT 10.0; Win64; x64) AppleWebKit/537.36 (KHTML, like Gecko) Chrome/145.0.0.0 Safari/537.36 Edg/145.0.0.0',
  timestamp: '2026-02-28 10:29:42',
  level: 'info',
  message: 'Request'
}
{
  service: 'attendance-system',
  method: 'GET',
  url: '/?_t=1772254782664',
  statusCode: 200,
  duration: '12ms',
  contentLength: '323',
  level: 'info',
  message: 'Response',
  timestamp: '2026-02-28 10:29:42'
}
{
  service: 'attendance-system',
  method: 'GET',
  url: '/api/admin/office-locations?_t=1772254782664',
  ip: '127.0.0.1',
  userAgent: 'Mozilla/5.0 (Windows NT 10.0; Win64; x64) AppleWebKit/537.36 (KHTML, like Gecko) Chrome/145.0.0.0 Safari/537.36 Edg/145.0.0.0',
  timestamp: '2026-02-28 10:29:42',
  level: 'info',
  message: 'Request'
}
{
  service: 'attendance-system',
  method: 'GET',
  url: '/?page=1&limit=10&_t=1772254782664',
  statusCode: 200,
  duration: '18ms',
  contentLength: '802',
  level: 'info',
  message: 'Response',
  timestamp: '2026-02-28 10:29:42'
}
{
  service: 'attendance-system',
  method: 'GET',
  url: '/api/admin/shifts?page=1&limit=10&_t=1772254782664',
  ip: '127.0.0.1',
  userAgent: 'Mozilla/5.0 (Windows NT 10.0; Win64; x64) AppleWebKit/537.36 (KHTML, like Gecko) Chrome/145.0.0.0 Safari/537.36 Edg/145.0.0.0',
  timestamp: '2026-02-28 10:29:42',
  level: 'info',
  message: 'Request'
}
{
  service: 'attendance-system',
  method: 'GET',
  url: '/?_t=1772254782664',
  statusCode: 304,
  duration: '13ms',
  contentLength: 0,
  level: 'info',
  message: 'Response',
  timestamp: '2026-02-28 10:29:42'
}
{
  service: 'attendance-system',
  method: 'GET',
  url: '/?page=1&limit=10&_t=1772254782664',
  statusCode: 304,
  duration: '19ms',
  contentLength: 0,
  level: 'info',
  message: 'Response',
  timestamp: '2026-02-28 10:29:42'
}
{
  service: 'attendance-system',
  method: 'GET',
  url: '/api/policies-gridfs?_t=1772254785444',
  ip: '127.0.0.1',
  userAgent: 'Mozilla/5.0 (Windows NT 10.0; Win64; x64) AppleWebKit/537.36 (KHTML, like Gecko) Chrome/145.0.0.0 Safari/537.36 Edg/145.0.0.0',
  timestamp: '2026-02-28 10:29:45',
  level: 'info',
  message: 'Request'
}
{
  service: 'attendance-system',
  method: 'GET',
  url: '/api/policies/anonymous-feedback?_t=1772254785444',
  ip: '127.0.0.1',
  userAgent: 'Mozilla/5.0 (Windows NT 10.0; Win64; x64) AppleWebKit/537.36 (KHTML, like Gecko) Chrome/145.0.0.0 Safari/537.36 Edg/145.0.0.0',
  timestamp: '2026-02-28 10:29:45',
  level: 'info',
  message: 'Request'
}
{
  service: 'attendance-system',
  method: 'GET',
  url: '/?_t=1772254785444',
  statusCode: 200,
  duration: '14ms',
  contentLength: '401',
  level: 'info',
  message: 'Response',
  timestamp: '2026-02-28 10:29:45'
}
{
  service: 'attendance-system',
  method: 'GET',
  url: '/api/policies-gridfs?_t=1772254785444',
  ip: '127.0.0.1',
  userAgent: 'Mozilla/5.0 (Windows NT 10.0; Win64; x64) AppleWebKit/537.36 (KHTML, like Gecko) Chrome/145.0.0.0 Safari/537.36 Edg/145.0.0.0',
  timestamp: '2026-02-28 10:29:45',
  level: 'info',
  message: 'Request'
}
{
  service: 'attendance-system',
  method: 'GET',
  url: '/anonymous-feedback?_t=1772254785444',
  statusCode: 200,
  duration: '16ms',
  contentLength: '15',
  level: 'info',
  message: 'Response',
  timestamp: '2026-02-28 10:29:45'
}
{
  service: 'attendance-system',
  method: 'GET',
  url: '/api/policies/anonymous-feedback?_t=1772254785444',
  ip: '127.0.0.1',
  userAgent: 'Mozilla/5.0 (Windows NT 10.0; Win64; x64) AppleWebKit/537.36 (KHTML, like Gecko) Chrome/145.0.0.0 Safari/537.36 Edg/145.0.0.0',
  timestamp: '2026-02-28 10:29:45',
  level: 'info',
  message: 'Request'
}
{
  service: 'attendance-system',
  method: 'GET',
  url: '/?_t=1772254785444',
  statusCode: 304,
  duration: '12ms',
  contentLength: 0,
  level: 'info',
  message: 'Response',
  timestamp: '2026-02-28 10:29:45'
}
{
  service: 'attendance-system',
  method: 'GET',
  url: '/anonymous-feedback?_t=1772254785444',
  statusCode: 304,
  duration: '13ms',
  contentLength: 0,
  level: 'info',
  message: 'Response',
  timestamp: '2026-02-28 10:29:45'
}
{
  service: 'attendance-system',
  method: 'GET',
  url: '/api/admin/manage?_t=1772254786433',
  ip: '127.0.0.1',
  userAgent: 'Mozilla/5.0 (Windows NT 10.0; Win64; x64) AppleWebKit/537.36 (KHTML, like Gecko) Chrome/145.0.0.0 Safari/537.36 Edg/145.0.0.0',
  timestamp: '2026-02-28 10:29:46',
  level: 'info',
  message: 'Request'
}
{
  service: 'attendance-system',
  method: 'GET',
  url: '/api/analytics/late-grace-settings',
  ip: '127.0.0.1',
  userAgent: 'Mozilla/5.0 (Windows NT 10.0; Win64; x64) AppleWebKit/537.36 (KHTML, like Gecko) Chrome/145.0.0.0 Safari/537.36 Edg/145.0.0.0',
  timestamp: '2026-02-28 10:29:46',
  level: 'info',
  message: 'Request'
}
{
  service: 'attendance-system',
  method: 'GET',
  url: '/analytics/late-grace-settings',
  statusCode: 404,
  duration: '1ms',
  contentLength: '86',
  level: 'info',
  message: 'Response',
  timestamp: '2026-02-28 10:29:46'
}
{
  service: 'attendance-system',
  method: 'GET',
  url: '/api/analytics/late-grace-settings',
  ip: '127.0.0.1',
  userAgent: 'Mozilla/5.0 (Windows NT 10.0; Win64; x64) AppleWebKit/537.36 (KHTML, like Gecko) Chrome/145.0.0.0 Safari/537.36 Edg/145.0.0.0',
  timestamp: '2026-02-28 10:29:46',
  level: 'info',
  message: 'Request'
}
{
  service: 'attendance-system',
  method: 'GET',
  url: '/analytics/late-grace-settings',
  statusCode: 404,
  duration: '1ms',
  contentLength: '86',
  level: 'info',
  message: 'Response',
  timestamp: '2026-02-28 10:29:46'
}
{
  service: 'attendance-system',
  method: 'GET',
  url: '/?_t=1772254786433',
  statusCode: 200,
  duration: '21ms',
  contentLength: '29684',
  level: 'info',
  message: 'Response',
  timestamp: '2026-02-28 10:29:46'
}
{
  service: 'attendance-system',
  method: 'GET',
  url: '/api/admin/manage?_t=1772254786433',
  ip: '127.0.0.1',
  userAgent: 'Mozilla/5.0 (Windows NT 10.0; Win64; x64) AppleWebKit/537.36 (KHTML, like Gecko) Chrome/145.0.0.0 Safari/537.36 Edg/145.0.0.0',
  timestamp: '2026-02-28 10:29:46',
  level: 'info',
  message: 'Request'
}
{
  service: 'attendance-system',
  method: 'GET',
  url: '/?_t=1772254786433',
  statusCode: 304,
  duration: '23ms',
  contentLength: 0,
  level: 'info',
  message: 'Response',
  timestamp: '2026-02-28 10:29:46'
}
{
  service: 'attendance-system',
  method: 'GET',
  url: '/api/policies-gridfs?_t=1772254787231',
  ip: '127.0.0.1',
  userAgent: 'Mozilla/5.0 (Windows NT 10.0; Win64; x64) AppleWebKit/537.36 (KHTML, like Gecko) Chrome/145.0.0.0 Safari/537.36 Edg/145.0.0.0',
  timestamp: '2026-02-28 10:29:47',
  level: 'info',
  message: 'Request'
}
{
  service: 'attendance-system',
  method: 'GET',
  url: '/api/policies/anonymous-feedback?_t=1772254787231',
  ip: '127.0.0.1',
  userAgent: 'Mozilla/5.0 (Windows NT 10.0; Win64; x64) AppleWebKit/537.36 (KHTML, like Gecko) Chrome/145.0.0.0 Safari/537.36 Edg/145.0.0.0',
  timestamp: '2026-02-28 10:29:47',
  level: 'info',
  message: 'Request'
}
{
  service: 'attendance-system',
  method: 'GET',
  url: '/?_t=1772254787231',
  statusCode: 200,
  duration: '12ms',
  contentLength: '401',
  level: 'info',
  message: 'Response',
  timestamp: '2026-02-28 10:29:47'
}
{
  service: 'attendance-system',
  method: 'GET',
  url: '/anonymous-feedback?_t=1772254787231',
  statusCode: 200,
  duration: '10ms',
  contentLength: '15',
  level: 'info',
  message: 'Response',
  timestamp: '2026-02-28 10:29:47'
}
{
  service: 'attendance-system',
  method: 'GET',
  url: '/api/policies-gridfs?_t=1772254787231',
  ip: '127.0.0.1',
  userAgent: 'Mozilla/5.0 (Windows NT 10.0; Win64; x64) AppleWebKit/537.36 (KHTML, like Gecko) Chrome/145.0.0.0 Safari/537.36 Edg/145.0.0.0',
  timestamp: '2026-02-28 10:29:47',
  level: 'info',
  message: 'Request'
}
{
  service: 'attendance-system',
  method: 'GET',
  url: '/api/policies/anonymous-feedback?_t=1772254787231',
  ip: '127.0.0.1',
  userAgent: 'Mozilla/5.0 (Windows NT 10.0; Win64; x64) AppleWebKit/537.36 (KHTML, like Gecko) Chrome/145.0.0.0 Safari/537.36 Edg/145.0.0.0',
  timestamp: '2026-02-28 10:29:47',
  level: 'info',
  message: 'Request'
}
{
  service: 'attendance-system',
  method: 'GET',
  url: '/?_t=1772254787231',
  statusCode: 304,
  duration: '10ms',
  contentLength: 0,
  level: 'info',
  message: 'Response',
  timestamp: '2026-02-28 10:29:47'
}
{
  service: 'attendance-system',
  method: 'GET',
  url: '/anonymous-feedback?_t=1772254787231',
  statusCode: 304,
  duration: '26ms',
  contentLength: 0,
  level: 'info',
  message: 'Response',
  timestamp: '2026-02-28 10:29:47'
}
{
  service: 'attendance-system',
  method: 'GET',
  url: '/api/policies-gridfs/69a17e9ede6e118491c4be0e/file',
  ip: '127.0.0.1',
  userAgent: 'Mozilla/5.0 (Windows NT 10.0; Win64; x64) AppleWebKit/537.36 (KHTML, like Gecko) Chrome/145.0.0.0 Safari/537.36 Edg/145.0.0.0',
  timestamp: '2026-02-28 10:29:49',
  level: 'info',
  message: 'Request'
}
{
  service: 'attendance-system',
  method: 'GET',
  url: '/69a17e9ede6e118491c4be0e/file',
  statusCode: 200,
  duration: '71ms',
  contentLength: 0,
  level: 'info',
  message: 'Response',
  timestamp: '2026-02-28 10:29:49'
}
{
  service: 'attendance-system',
  method: 'GET',
  url: '/api/policies-gridfs/69a17e9ede6e118491c4be0e/file',
  ip: '127.0.0.1',
  userAgent: 'Mozilla/5.0 (Windows NT 10.0; Win64; x64) AppleWebKit/537.36 (KHTML, like Gecko) Chrome/145.0.0.0 Safari/537.36 Edg/145.0.0.0',
  timestamp: '2026-02-28 10:29:49',
  level: 'info',
  message: 'Request'
}
{
  service: 'attendance-system',
  method: 'GET',
  url: '/69a17e9ede6e118491c4be0e/file',
  statusCode: 200,
  duration: '68ms',
  contentLength: 0,
  level: 'info',
  message: 'Response',
  timestamp: '2026-02-28 10:29:49'
}
{
  service: 'attendance-system',
  method: 'GET',
  url: '/api/admin/manage?_t=1772255016770',
  ip: '127.0.0.1',
  userAgent: 'Mozilla/5.0 (Windows NT 10.0; Win64; x64) AppleWebKit/537.36 (KHTML, like Gecko) Chrome/145.0.0.0 Safari/537.36 Edg/145.0.0.0',
  timestamp: '2026-02-28 10:33:36',
  level: 'info',
  message: 'Request'
}
{
  service: 'attendance-system',
  method: 'GET',
  url: '/api/analytics/late-grace-settings',
  ip: '127.0.0.1',
  userAgent: 'Mozilla/5.0 (Windows NT 10.0; Win64; x64) AppleWebKit/537.36 (KHTML, like Gecko) Chrome/145.0.0.0 Safari/537.36 Edg/145.0.0.0',
  timestamp: '2026-02-28 10:33:36',
  level: 'info',
  message: 'Request'
}
{
  service: 'attendance-system',
  method: 'GET',
  url: '/analytics/late-grace-settings',
  statusCode: 404,
  duration: '1ms',
  contentLength: '86',
  level: 'info',
  message: 'Response',
  timestamp: '2026-02-28 10:33:36'
}
{
  service: 'attendance-system',
  method: 'GET',
  url: '/api/analytics/late-grace-settings',
  ip: '127.0.0.1',
  userAgent: 'Mozilla/5.0 (Windows NT 10.0; Win64; x64) AppleWebKit/537.36 (KHTML, like Gecko) Chrome/145.0.0.0 Safari/537.36 Edg/145.0.0.0',
  timestamp: '2026-02-28 10:33:36',
  level: 'info',
  message: 'Request'
}
{
  service: 'attendance-system',
  method: 'GET',
  url: '/analytics/late-grace-settings',
  statusCode: 404,
  duration: '0ms',
  contentLength: '86',
  level: 'info',
  message: 'Response',
  timestamp: '2026-02-28 10:33:36'
}
{
  service: 'attendance-system',
  method: 'GET',
  url: '/?_t=1772255016770',
  statusCode: 200,
  duration: '27ms',
  contentLength: '29684',
  level: 'info',
  message: 'Response',
  timestamp: '2026-02-28 10:33:36'
}
{
  service: 'attendance-system',
  method: 'GET',
  url: '/api/admin/manage?_t=1772255016770',
  ip: '127.0.0.1',
  userAgent: 'Mozilla/5.0 (Windows NT 10.0; Win64; x64) AppleWebKit/537.36 (KHTML, like Gecko) Chrome/145.0.0.0 Safari/537.36 Edg/145.0.0.0',
  timestamp: '2026-02-28 10:33:36',
  level: 'info',
  message: 'Request'
}
{
  service: 'attendance-system',
  method: 'GET',
  url: '/?_t=1772255016770',
  statusCode: 304,
  duration: '28ms',
  contentLength: 0,
  level: 'info',
  message: 'Response',
  timestamp: '2026-02-28 10:33:36'
}
{
  service: 'attendance-system',
  method: 'GET',
  url: '/api/probation/tracker',
  ip: '127.0.0.1',
  userAgent: 'Mozilla/5.0 (Windows NT 10.0; Win64; x64) AppleWebKit/537.36 (KHTML, like Gecko) Chrome/145.0.0.0 Safari/537.36 Edg/145.0.0.0',
  timestamp: '2026-02-28 10:33:40',
  level: 'info',
  message: 'Request'
}
{
  service: 'attendance-system',
  method: 'GET',
  url: '/tracker',
  statusCode: 200,
  duration: '1838ms',
  contentLength: '6389',
  level: 'info',
  message: 'Response',
  timestamp: '2026-02-28 10:33:42'
}
{
  service: 'attendance-system',
  method: 'GET',
  url: '/api/admin/leaves/all?page=1&limit=10',
  ip: '127.0.0.1',
  userAgent: 'Mozilla/5.0 (Windows NT 10.0; Win64; x64) AppleWebKit/537.36 (KHTML, like Gecko) Chrome/145.0.0.0 Safari/537.36 Edg/145.0.0.0',
  timestamp: '2026-02-28 10:33:42',
  level: 'info',
  message: 'Request'
}
{
  service: 'attendance-system',
  method: 'GET',
  url: '/api/admin/employees?all=true&_t=1772255022757',
  ip: '127.0.0.1',
  userAgent: 'Mozilla/5.0 (Windows NT 10.0; Win64; x64) AppleWebKit/537.36 (KHTML, like Gecko) Chrome/145.0.0.0 Safari/537.36 Edg/145.0.0.0',
  timestamp: '2026-02-28 10:33:42',
  level: 'info',
  message: 'Request'
}
{
  service: 'attendance-system',
  method: 'GET',
  url: '/api/probation/tracker',
  ip: '127.0.0.1',
  userAgent: 'Mozilla/5.0 (Windows NT 10.0; Win64; x64) AppleWebKit/537.36 (KHTML, like Gecko) Chrome/145.0.0.0 Safari/537.36 Edg/145.0.0.0',
  timestamp: '2026-02-28 10:33:42',
  level: 'info',
  message: 'Request'
}
{
  service: 'attendance-system',
  method: 'GET',
  url: '/tracker',
  statusCode: 304,
  duration: '3ms',
  contentLength: 0,
  level: 'info',
  message: 'Response',
  timestamp: '2026-02-28 10:33:42'
}
{
  service: 'attendance-system',
  method: 'GET',
  url: '/leaves/all?page=1&limit=10',
  statusCode: 200,
  duration: '22ms',
  contentLength: '6813',
  level: 'info',
  message: 'Response',
  timestamp: '2026-02-28 10:33:42'
}
{
  service: 'attendance-system',
  method: 'GET',
  url: '/?all=true&_t=1772255022757',
  statusCode: 200,
  duration: '37ms',
  contentLength: '27934',
  level: 'info',
  message: 'Response',
  timestamp: '2026-02-28 10:33:42'
}
{
  service: 'attendance-system',
  method: 'GET',
  url: '/api/analytics/monthly-context-settings',
  ip: '127.0.0.1',
  userAgent: 'Mozilla/5.0 (Windows NT 10.0; Win64; x64) AppleWebKit/537.36 (KHTML, like Gecko) Chrome/145.0.0.0 Safari/537.36 Edg/145.0.0.0',
  timestamp: '2026-02-28 10:33:42',
  level: 'info',
  message: 'Request'
}
{
  service: 'attendance-system',
  method: 'GET',
  url: '/analytics/monthly-context-settings',
  statusCode: 404,
  duration: '1ms',
  contentLength: '91',
  level: 'info',
  message: 'Response',
  timestamp: '2026-02-28 10:33:42'
}
{
  service: 'attendance-system',
  method: 'GET',
  url: '/api/analytics/monthly-context-settings',
  ip: '127.0.0.1',
  userAgent: 'Mozilla/5.0 (Windows NT 10.0; Win64; x64) AppleWebKit/537.36 (KHTML, like Gecko) Chrome/145.0.0.0 Safari/537.36 Edg/145.0.0.0',
  timestamp: '2026-02-28 10:33:42',
  level: 'info',
  message: 'Request'
}
{
  service: 'attendance-system',
  method: 'GET',
  url: '/analytics/monthly-context-settings',
  statusCode: 404,
  duration: '1ms',
  contentLength: '91',
  level: 'info',
  message: 'Response',
  timestamp: '2026-02-28 10:33:42'
}
{
  service: 'attendance-system',
  method: 'GET',
  url: '/api/analytics/monthly-context-settings',
  ip: '127.0.0.1',
  userAgent: 'Mozilla/5.0 (Windows NT 10.0; Win64; x64) AppleWebKit/537.36 (KHTML, like Gecko) Chrome/145.0.0.0 Safari/537.36 Edg/145.0.0.0',
  timestamp: '2026-02-28 10:33:42',
  level: 'info',
  message: 'Request'
}
{
  service: 'attendance-system',
  method: 'GET',
  url: '/analytics/monthly-context-settings',
  statusCode: 404,
  duration: '1ms',
  contentLength: '91',
  level: 'info',
  message: 'Response',
  timestamp: '2026-02-28 10:33:42'
}
{
  service: 'attendance-system',
  method: 'GET',
  url: '/api/admin/leaves/analytics/counts?month=2&year=2026&role=Employee',
  ip: '127.0.0.1',
  userAgent: 'Mozilla/5.0 (Windows NT 10.0; Win64; x64) AppleWebKit/537.36 (KHTML, like Gecko) Chrome/145.0.0.0 Safari/537.36 Edg/145.0.0.0',
  timestamp: '2026-02-28 10:33:42',
  level: 'info',
  message: 'Request'
}
{
  service: 'attendance-system',
  method: 'GET',
  url: '/api/admin/leaves/analytics/counts?month=2&year=2026&role=Intern',
  ip: '127.0.0.1',
  userAgent: 'Mozilla/5.0 (Windows NT 10.0; Win64; x64) AppleWebKit/537.36 (KHTML, like Gecko) Chrome/145.0.0.0 Safari/537.36 Edg/145.0.0.0',
  timestamp: '2026-02-28 10:33:42',
  level: 'info',
  message: 'Request'
}
{
  service: 'attendance-system',
  method: 'GET',
  url: '/api/analytics/monthly-context-settings',
  ip: '127.0.0.1',
  userAgent: 'Mozilla/5.0 (Windows NT 10.0; Win64; x64) AppleWebKit/537.36 (KHTML, like Gecko) Chrome/145.0.0.0 Safari/537.36 Edg/145.0.0.0',
  timestamp: '2026-02-28 10:33:42',
  level: 'info',
  message: 'Request'
}
{
  service: 'attendance-system',
  method: 'GET',
  url: '/analytics/monthly-context-settings',
  statusCode: 404,
  duration: '1ms',
  contentLength: '91',
  level: 'info',
  message: 'Response',
  timestamp: '2026-02-28 10:33:42'
}
{
  service: 'attendance-system',
  method: 'GET',
  url: '/leaves/analytics/counts?month=2&year=2026&role=Employee',
  statusCode: 200,
  duration: '36ms',
  contentLength: '2311',
  level: 'info',
  message: 'Response',
  timestamp: '2026-02-28 10:33:42'
}
{
  service: 'attendance-system',
  method: 'GET',
  url: '/leaves/analytics/counts?month=2&year=2026&role=Intern',
  statusCode: 200,
  duration: '35ms',
  contentLength: '2',
  level: 'info',
  message: 'Response',
  timestamp: '2026-02-28 10:33:42'
}
{
  service: 'attendance-system',
  method: 'GET',
  url: '/api/attendance/actual-work-days?month=2&year=2026&_t=1772255022994',
  ip: '127.0.0.1',
  userAgent: 'Mozilla/5.0 (Windows NT 10.0; Win64; x64) AppleWebKit/537.36 (KHTML, like Gecko) Chrome/145.0.0.0 Safari/537.36 Edg/145.0.0.0',
  timestamp: '2026-02-28 10:33:42',
  level: 'info',
  message: 'Request'
}
{
  service: 'attendance-system',
  method: 'GET',
  url: '/api/attendance/actual-work-days?month=2&year=2026&_t=1772255023032',
  ip: '127.0.0.1',
  userAgent: 'Mozilla/5.0 (Windows NT 10.0; Win64; x64) AppleWebKit/537.36 (KHTML, like Gecko) Chrome/145.0.0.0 Safari/537.36 Edg/145.0.0.0',
  timestamp: '2026-02-28 10:33:43',
  level: 'info',
  message: 'Request'
}
{
  service: 'attendance-system',
  method: 'GET',
  url: '/actual-work-days?month=2&year=2026&_t=1772255022994',
  statusCode: 200,
  duration: '70ms',
  contentLength: '6124',
  level: 'info',
  message: 'Response',
  timestamp: '2026-02-28 10:33:43'
}
{
  service: 'attendance-system',
  method: 'GET',
  url: '/actual-work-days?month=2&year=2026&_t=1772255023032',
  statusCode: 200,
  duration: '55ms',
  contentLength: '6124',
  level: 'info',
  message: 'Response',
  timestamp: '2026-02-28 10:33:43'
}
{
  service: 'attendance-system',
  method: 'GET',
  url: '/api/admin/leaves/all?page=2&limit=10',
  ip: '127.0.0.1',
  userAgent: 'Mozilla/5.0 (Windows NT 10.0; Win64; x64) AppleWebKit/537.36 (KHTML, like Gecko) Chrome/145.0.0.0 Safari/537.36 Edg/145.0.0.0',
  timestamp: '2026-02-28 10:33:45',
  level: 'info',
  message: 'Request'
}
{
  service: 'attendance-system',
  method: 'GET',
  url: '/api/admin/employees?all=true&_t=1772255025140',
  ip: '127.0.0.1',
  userAgent: 'Mozilla/5.0 (Windows NT 10.0; Win64; x64) AppleWebKit/537.36 (KHTML, like Gecko) Chrome/145.0.0.0 Safari/537.36 Edg/145.0.0.0',
  timestamp: '2026-02-28 10:33:45',
  level: 'info',
  message: 'Request'
}
{
  service: 'attendance-system',
  method: 'GET',
  url: '/leaves/all?page=2&limit=10',
  statusCode: 200,
  duration: '24ms',
  contentLength: '6398',
  level: 'info',
  message: 'Response',
  timestamp: '2026-02-28 10:33:45'
}
{
  service: 'attendance-system',
  method: 'GET',
  url: '/?all=true&_t=1772255025140',
  statusCode: 200,
  duration: '37ms',
  contentLength: '27934',
  level: 'info',
  message: 'Response',
  timestamp: '2026-02-28 10:33:45'
}
{
  service: 'attendance-system',
  method: 'GET',
  url: '/api/analytics/monthly-context-settings',
  ip: '127.0.0.1',
  userAgent: 'Mozilla/5.0 (Windows NT 10.0; Win64; x64) AppleWebKit/537.36 (KHTML, like Gecko) Chrome/145.0.0.0 Safari/537.36 Edg/145.0.0.0',
  timestamp: '2026-02-28 10:33:45',
  level: 'info',
  message: 'Request'
}
{
  service: 'attendance-system',
  method: 'GET',
  url: '/analytics/monthly-context-settings',
  statusCode: 404,
  duration: '1ms',
  contentLength: '91',
  level: 'info',
  message: 'Response',
  timestamp: '2026-02-28 10:33:45'
}
{
  service: 'attendance-system',
  method: 'GET',
  url: '/api/analytics/monthly-context-settings',
  ip: '127.0.0.1',
  userAgent: 'Mozilla/5.0 (Windows NT 10.0; Win64; x64) AppleWebKit/537.36 (KHTML, like Gecko) Chrome/145.0.0.0 Safari/537.36 Edg/145.0.0.0',
  timestamp: '2026-02-28 10:33:45',
  level: 'info',
  message: 'Request'
}
{
  service: 'attendance-system',
  method: 'GET',
  url: '/analytics/monthly-context-settings',
  statusCode: 404,
  duration: '1ms',
  contentLength: '91',
  level: 'info',
  message: 'Response',
  timestamp: '2026-02-28 10:33:45'
}
{
  service: 'attendance-system',
  method: 'GET',
  url: '/api/analytics/monthly-context-settings',
  ip: '127.0.0.1',
  userAgent: 'Mozilla/5.0 (Windows NT 10.0; Win64; x64) AppleWebKit/537.36 (KHTML, like Gecko) Chrome/145.0.0.0 Safari/537.36 Edg/145.0.0.0',
  timestamp: '2026-02-28 10:33:45',
  level: 'info',
  message: 'Request'
}
{
  service: 'attendance-system',
  method: 'GET',
  url: '/analytics/monthly-context-settings',
  statusCode: 404,
  duration: '0ms',
  contentLength: '91',
  level: 'info',
  message: 'Response',
  timestamp: '2026-02-28 10:33:45'
}
{
  service: 'attendance-system',
  method: 'GET',
  url: '/api/analytics/monthly-context-settings',
  ip: '127.0.0.1',
  userAgent: 'Mozilla/5.0 (Windows NT 10.0; Win64; x64) AppleWebKit/537.36 (KHTML, like Gecko) Chrome/145.0.0.0 Safari/537.36 Edg/145.0.0.0',
  timestamp: '2026-02-28 10:33:45',
  level: 'info',
  message: 'Request'
}
{
  service: 'attendance-system',
  method: 'GET',
  url: '/analytics/monthly-context-settings',
  statusCode: 404,
  duration: '0ms',
  contentLength: '91',
  level: 'info',
  message: 'Response',
  timestamp: '2026-02-28 10:33:45'
}
{
  service: 'attendance-system',
  method: 'GET',
  url: '/api/admin/leaves/all?page=3&limit=10',
  ip: '127.0.0.1',
  userAgent: 'Mozilla/5.0 (Windows NT 10.0; Win64; x64) AppleWebKit/537.36 (KHTML, like Gecko) Chrome/145.0.0.0 Safari/537.36 Edg/145.0.0.0',
  timestamp: '2026-02-28 10:33:46',
  level: 'info',
  message: 'Request'
}
{
  service: 'attendance-system',
  method: 'GET',
  url: '/api/admin/employees?all=true&_t=1772255026672',
  ip: '127.0.0.1',
  userAgent: 'Mozilla/5.0 (Windows NT 10.0; Win64; x64) AppleWebKit/537.36 (KHTML, like Gecko) Chrome/145.0.0.0 Safari/537.36 Edg/145.0.0.0',
  timestamp: '2026-02-28 10:33:46',
  level: 'info',
  message: 'Request'
}
{
  service: 'attendance-system',
  method: 'GET',
  url: '/leaves/all?page=3&limit=10',
  statusCode: 200,
  duration: '25ms',
  contentLength: '6512',
  level: 'info',
  message: 'Response',
  timestamp: '2026-02-28 10:33:46'
}
{
  service: 'attendance-system',
  method: 'GET',
  url: '/?all=true&_t=1772255026672',
  statusCode: 200,
  duration: '38ms',
  contentLength: '27934',
  level: 'info',
  message: 'Response',
  timestamp: '2026-02-28 10:33:46'
}
{
  service: 'attendance-system',
  method: 'GET',
  url: '/api/analytics/monthly-context-settings',
  ip: '127.0.0.1',
  userAgent: 'Mozilla/5.0 (Windows NT 10.0; Win64; x64) AppleWebKit/537.36 (KHTML, like Gecko) Chrome/145.0.0.0 Safari/537.36 Edg/145.0.0.0',
  timestamp: '2026-02-28 10:33:46',
  level: 'info',
  message: 'Request'
}
{
  service: 'attendance-system',
  method: 'GET',
  url: '/analytics/monthly-context-settings',
  statusCode: 404,
  duration: '1ms',
  contentLength: '91',
  level: 'info',
  message: 'Response',
  timestamp: '2026-02-28 10:33:46'
}
{
  service: 'attendance-system',
  method: 'GET',
  url: '/api/analytics/monthly-context-settings',
  ip: '127.0.0.1',
  userAgent: 'Mozilla/5.0 (Windows NT 10.0; Win64; x64) AppleWebKit/537.36 (KHTML, like Gecko) Chrome/145.0.0.0 Safari/537.36 Edg/145.0.0.0',
  timestamp: '2026-02-28 10:33:46',
  level: 'info',
  message: 'Request'
}
{
  service: 'attendance-system',
  method: 'GET',
  url: '/analytics/monthly-context-settings',
  statusCode: 404,
  duration: '1ms',
  contentLength: '91',
  level: 'info',
  message: 'Response',
  timestamp: '2026-02-28 10:33:46'
}
{
  service: 'attendance-system',
  method: 'GET',
  url: '/api/analytics/monthly-context-settings',
  ip: '127.0.0.1',
  userAgent: 'Mozilla/5.0 (Windows NT 10.0; Win64; x64) AppleWebKit/537.36 (KHTML, like Gecko) Chrome/145.0.0.0 Safari/537.36 Edg/145.0.0.0',
  timestamp: '2026-02-28 10:33:46',
  level: 'info',
  message: 'Request'
}
{
  service: 'attendance-system',
  method: 'GET',
  url: '/analytics/monthly-context-settings',
  statusCode: 404,
  duration: '0ms',
  contentLength: '91',
  level: 'info',
  message: 'Response',
  timestamp: '2026-02-28 10:33:46'
}
{
  service: 'attendance-system',
  method: 'GET',
  url: '/api/analytics/monthly-context-settings',
  ip: '127.0.0.1',
  userAgent: 'Mozilla/5.0 (Windows NT 10.0; Win64; x64) AppleWebKit/537.36 (KHTML, like Gecko) Chrome/145.0.0.0 Safari/537.36 Edg/145.0.0.0',
  timestamp: '2026-02-28 10:33:46',
  level: 'info',
  message: 'Request'
}
{
  service: 'attendance-system',
  method: 'GET',
  url: '/analytics/monthly-context-settings',
  statusCode: 404,
  duration: '1ms',
  contentLength: '91',
  level: 'info',
  message: 'Response',
  timestamp: '2026-02-28 10:33:46'
}
{
  service: 'attendance-system',
  method: 'GET',
  url: '/api/admin/leaves/all?page=4&limit=10',
  ip: '127.0.0.1',
  userAgent: 'Mozilla/5.0 (Windows NT 10.0; Win64; x64) AppleWebKit/537.36 (KHTML, like Gecko) Chrome/145.0.0.0 Safari/537.36 Edg/145.0.0.0',
  timestamp: '2026-02-28 10:33:47',
  level: 'info',
  message: 'Request'
}
{
  service: 'attendance-system',
  method: 'GET',
  url: '/api/admin/employees?all=true&_t=1772255027728',
  ip: '127.0.0.1',
  userAgent: 'Mozilla/5.0 (Windows NT 10.0; Win64; x64) AppleWebKit/537.36 (KHTML, like Gecko) Chrome/145.0.0.0 Safari/537.36 Edg/145.0.0.0',
  timestamp: '2026-02-28 10:33:47',
  level: 'info',
  message: 'Request'
}
{
  service: 'attendance-system',
  method: 'GET',
  url: '/leaves/all?page=4&limit=10',
  statusCode: 200,
  duration: '21ms',
  contentLength: '6524',
  level: 'info',
  message: 'Response',
  timestamp: '2026-02-28 10:33:47'
}
{
  service: 'attendance-system',
  method: 'GET',
  url: '/?all=true&_t=1772255027728',
  statusCode: 200,
  duration: '35ms',
  contentLength: '27934',
  level: 'info',
  message: 'Response',
  timestamp: '2026-02-28 10:33:47'
}
{
  service: 'attendance-system',
  method: 'GET',
  url: '/api/analytics/monthly-context-settings',
  ip: '127.0.0.1',
  userAgent: 'Mozilla/5.0 (Windows NT 10.0; Win64; x64) AppleWebKit/537.36 (KHTML, like Gecko) Chrome/145.0.0.0 Safari/537.36 Edg/145.0.0.0',
  timestamp: '2026-02-28 10:33:47',
  level: 'info',
  message: 'Request'
}
{
  service: 'attendance-system',
  method: 'GET',
  url: '/analytics/monthly-context-settings',
  statusCode: 404,
  duration: '0ms',
  contentLength: '91',
  level: 'info',
  message: 'Response',
  timestamp: '2026-02-28 10:33:47'
}
{
  service: 'attendance-system',
  method: 'GET',
  url: '/api/analytics/monthly-context-settings',
  ip: '127.0.0.1',
  userAgent: 'Mozilla/5.0 (Windows NT 10.0; Win64; x64) AppleWebKit/537.36 (KHTML, like Gecko) Chrome/145.0.0.0 Safari/537.36 Edg/145.0.0.0',
  timestamp: '2026-02-28 10:33:47',
  level: 'info',
  message: 'Request'
}
{
  service: 'attendance-system',
  method: 'GET',
  url: '/analytics/monthly-context-settings',
  statusCode: 404,
  duration: '1ms',
  contentLength: '91',
  level: 'info',
  message: 'Response',
  timestamp: '2026-02-28 10:33:47'
}
{
  service: 'attendance-system',
  method: 'GET',
  url: '/api/analytics/monthly-context-settings',
  ip: '127.0.0.1',
  userAgent: 'Mozilla/5.0 (Windows NT 10.0; Win64; x64) AppleWebKit/537.36 (KHTML, like Gecko) Chrome/145.0.0.0 Safari/537.36 Edg/145.0.0.0',
  timestamp: '2026-02-28 10:33:47',
  level: 'info',
  message: 'Request'
}
{
  service: 'attendance-system',
  method: 'GET',
  url: '/analytics/monthly-context-settings',
  statusCode: 404,
  duration: '1ms',
  contentLength: '91',
  level: 'info',
  message: 'Response',
  timestamp: '2026-02-28 10:33:47'
}
{
  service: 'attendance-system',
  method: 'GET',
  url: '/api/analytics/monthly-context-settings',
  ip: '127.0.0.1',
  userAgent: 'Mozilla/5.0 (Windows NT 10.0; Win64; x64) AppleWebKit/537.36 (KHTML, like Gecko) Chrome/145.0.0.0 Safari/537.36 Edg/145.0.0.0',
  timestamp: '2026-02-28 10:33:47',
  level: 'info',
  message: 'Request'
}
{
  service: 'attendance-system',
  method: 'GET',
  url: '/analytics/monthly-context-settings',
  statusCode: 404,
  duration: '1ms',
  contentLength: '91',
  level: 'info',
  message: 'Response',
  timestamp: '2026-02-28 10:33:47'
}
{
  service: 'attendance-system',
  method: 'GET',
  url: '/api/admin/leaves/all?page=5&limit=10',
  ip: '127.0.0.1',
  userAgent: 'Mozilla/5.0 (Windows NT 10.0; Win64; x64) AppleWebKit/537.36 (KHTML, like Gecko) Chrome/145.0.0.0 Safari/537.36 Edg/145.0.0.0',
  timestamp: '2026-02-28 10:33:49',
  level: 'info',
  message: 'Request'
}
{
  service: 'attendance-system',
  method: 'GET',
  url: '/api/admin/employees?all=true&_t=1772255029840',
  ip: '127.0.0.1',
  userAgent: 'Mozilla/5.0 (Windows NT 10.0; Win64; x64) AppleWebKit/537.36 (KHTML, like Gecko) Chrome/145.0.0.0 Safari/537.36 Edg/145.0.0.0',
  timestamp: '2026-02-28 10:33:49',
  level: 'info',
  message: 'Request'
}
{
  service: 'attendance-system',
  method: 'GET',
  url: '/leaves/all?page=5&limit=10',
  statusCode: 200,
  duration: '23ms',
  contentLength: '6470',
  level: 'info',
  message: 'Response',
  timestamp: '2026-02-28 10:33:49'
}
{
  service: 'attendance-system',
  method: 'GET',
  url: '/?all=true&_t=1772255029840',
  statusCode: 200,
  duration: '37ms',
  contentLength: '27934',
  level: 'info',
  message: 'Response',
  timestamp: '2026-02-28 10:33:49'
}
{
  service: 'attendance-system',
  method: 'GET',
  url: '/api/analytics/monthly-context-settings',
  ip: '127.0.0.1',
  userAgent: 'Mozilla/5.0 (Windows NT 10.0; Win64; x64) AppleWebKit/537.36 (KHTML, like Gecko) Chrome/145.0.0.0 Safari/537.36 Edg/145.0.0.0',
  timestamp: '2026-02-28 10:33:49',
  level: 'info',
  message: 'Request'
}
{
  service: 'attendance-system',
  method: 'GET',
  url: '/analytics/monthly-context-settings',
  statusCode: 404,
  duration: '1ms',
  contentLength: '91',
  level: 'info',
  message: 'Response',
  timestamp: '2026-02-28 10:33:49'
}
{
  service: 'attendance-system',
  method: 'GET',
  url: '/api/analytics/monthly-context-settings',
  ip: '127.0.0.1',
  userAgent: 'Mozilla/5.0 (Windows NT 10.0; Win64; x64) AppleWebKit/537.36 (KHTML, like Gecko) Chrome/145.0.0.0 Safari/537.36 Edg/145.0.0.0',
  timestamp: '2026-02-28 10:33:49',
  level: 'info',
  message: 'Request'
}
{
  service: 'attendance-system',
  method: 'GET',
  url: '/analytics/monthly-context-settings',
  statusCode: 404,
  duration: '1ms',
  contentLength: '91',
  level: 'info',
  message: 'Response',
  timestamp: '2026-02-28 10:33:49'
}
{
  service: 'attendance-system',
  method: 'GET',
  url: '/api/analytics/monthly-context-settings',
  ip: '127.0.0.1',
  userAgent: 'Mozilla/5.0 (Windows NT 10.0; Win64; x64) AppleWebKit/537.36 (KHTML, like Gecko) Chrome/145.0.0.0 Safari/537.36 Edg/145.0.0.0',
  timestamp: '2026-02-28 10:33:49',
  level: 'info',
  message: 'Request'
}
{
  service: 'attendance-system',
  method: 'GET',
  url: '/analytics/monthly-context-settings',
  statusCode: 404,
  duration: '1ms',
  contentLength: '91',
  level: 'info',
  message: 'Response',
  timestamp: '2026-02-28 10:33:49'
}
{
  service: 'attendance-system',
  method: 'GET',
  url: '/api/analytics/monthly-context-settings',
  ip: '127.0.0.1',
  userAgent: 'Mozilla/5.0 (Windows NT 10.0; Win64; x64) AppleWebKit/537.36 (KHTML, like Gecko) Chrome/145.0.0.0 Safari/537.36 Edg/145.0.0.0',
  timestamp: '2026-02-28 10:33:49',
  level: 'info',
  message: 'Request'
}
{
  service: 'attendance-system',
  method: 'GET',
  url: '/analytics/monthly-context-settings',
  statusCode: 404,
  duration: '0ms',
  contentLength: '91',
  level: 'info',
  message: 'Response',
  timestamp: '2026-02-28 10:33:49'
}
{
  service: 'attendance-system',
  method: 'GET',
  url: '/api/analytics/monthly-context-settings',
  ip: '127.0.0.1',
  userAgent: 'Mozilla/5.0 (Windows NT 10.0; Win64; x64) AppleWebKit/537.36 (KHTML, like Gecko) Chrome/145.0.0.0 Safari/537.36 Edg/145.0.0.0',
  timestamp: '2026-02-28 10:33:52',
  level: 'info',
  message: 'Request'
}
{
  service: 'attendance-system',
  method: 'GET',
  url: '/analytics/monthly-context-settings',
  statusCode: 404,
  duration: '1ms',
  contentLength: '91',
  level: 'info',
  message: 'Response',
  timestamp: '2026-02-28 10:33:52'
}
{
  service: 'attendance-system',
  method: 'GET',
  url: '/api/analytics/monthly-context-settings',
  ip: '127.0.0.1',
  userAgent: 'Mozilla/5.0 (Windows NT 10.0; Win64; x64) AppleWebKit/537.36 (KHTML, like Gecko) Chrome/145.0.0.0 Safari/537.36 Edg/145.0.0.0',
  timestamp: '2026-02-28 10:33:52',
  level: 'info',
  message: 'Request'
}
{
  service: 'attendance-system',
  method: 'GET',
  url: '/analytics/monthly-context-settings',
  statusCode: 404,
  duration: '1ms',
  contentLength: '91',
  level: 'info',
  message: 'Response',
  timestamp: '2026-02-28 10:33:52'
}
{
  service: 'attendance-system',
  method: 'GET',
  url: '/api/analytics/monthly-context-settings',
  ip: '127.0.0.1',
  userAgent: 'Mozilla/5.0 (Windows NT 10.0; Win64; x64) AppleWebKit/537.36 (KHTML, like Gecko) Chrome/145.0.0.0 Safari/537.36 Edg/145.0.0.0',
  timestamp: '2026-02-28 10:33:54',
  level: 'info',
  message: 'Request'
}
{
  service: 'attendance-system',
  method: 'GET',
  url: '/analytics/monthly-context-settings',
  statusCode: 404,
  duration: '0ms',
  contentLength: '91',
  level: 'info',
  message: 'Response',
  timestamp: '2026-02-28 10:33:54'
}
{
  service: 'attendance-system',
  method: 'GET',
  url: '/api/analytics/monthly-context-settings',
  ip: '127.0.0.1',
  userAgent: 'Mozilla/5.0 (Windows NT 10.0; Win64; x64) AppleWebKit/537.36 (KHTML, like Gecko) Chrome/145.0.0.0 Safari/537.36 Edg/145.0.0.0',
  timestamp: '2026-02-28 10:33:54',
  level: 'info',
  message: 'Request'
}
{
  service: 'attendance-system',
  method: 'GET',
  url: '/analytics/monthly-context-settings',
  statusCode: 404,
  duration: '1ms',
  contentLength: '91',
  level: 'info',
  message: 'Response',
  timestamp: '2026-02-28 10:33:54'
}
{
  service: 'attendance-system',
  method: 'GET',
  url: '/api/analytics/monthly-context-settings',
  ip: '127.0.0.1',
  userAgent: 'Mozilla/5.0 (Windows NT 10.0; Win64; x64) AppleWebKit/537.36 (KHTML, like Gecko) Chrome/145.0.0.0 Safari/537.36 Edg/145.0.0.0',
  timestamp: '2026-02-28 10:33:54',
  level: 'info',
  message: 'Request'
}
{
  service: 'attendance-system',
  method: 'GET',
  url: '/analytics/monthly-context-settings',
  statusCode: 404,
  duration: '0ms',
  contentLength: '91',
  level: 'info',
  message: 'Response',
  timestamp: '2026-02-28 10:33:54'
}
{
  service: 'attendance-system',
  method: 'GET',
  url: '/api/analytics/monthly-context-settings',
  ip: '127.0.0.1',
  userAgent: 'Mozilla/5.0 (Windows NT 10.0; Win64; x64) AppleWebKit/537.36 (KHTML, like Gecko) Chrome/145.0.0.0 Safari/537.36 Edg/145.0.0.0',
  timestamp: '2026-02-28 10:33:54',
  level: 'info',
  message: 'Request'
}
{
  service: 'attendance-system',
  method: 'GET',
  url: '/analytics/monthly-context-settings',
  statusCode: 404,
  duration: '1ms',
  contentLength: '91',
  level: 'info',
  message: 'Response',
  timestamp: '2026-02-28 10:33:54'
}
{
  service: 'attendance-system',
  method: 'GET',
  url: '/api/analytics/monthly-context-settings',
  ip: '127.0.0.1',
  userAgent: 'Mozilla/5.0 (Windows NT 10.0; Win64; x64) AppleWebKit/537.36 (KHTML, like Gecko) Chrome/145.0.0.0 Safari/537.36 Edg/145.0.0.0',
  timestamp: '2026-02-28 10:33:55',
  level: 'info',
  message: 'Request'
}
{
  service: 'attendance-system',
  method: 'GET',
  url: '/analytics/monthly-context-settings',
  statusCode: 404,
  duration: '0ms',
  contentLength: '91',
  level: 'info',
  message: 'Response',
  timestamp: '2026-02-28 10:33:55'
}
{
  service: 'attendance-system',
  method: 'GET',
  url: '/api/analytics/monthly-context-settings',
  ip: '127.0.0.1',
  userAgent: 'Mozilla/5.0 (Windows NT 10.0; Win64; x64) AppleWebKit/537.36 (KHTML, like Gecko) Chrome/145.0.0.0 Safari/537.36 Edg/145.0.0.0',
  timestamp: '2026-02-28 10:33:55',
  level: 'info',
  message: 'Request'
}
{
  service: 'attendance-system',
  method: 'GET',
  url: '/analytics/monthly-context-settings',
  statusCode: 404,
  duration: '1ms',
  contentLength: '91',
  level: 'info',
  message: 'Response',
  timestamp: '2026-02-28 10:33:55'
}
{
  service: 'attendance-system',
  method: 'GET',
  url: '/api/analytics/monthly-context-settings',
  ip: '127.0.0.1',
  userAgent: 'Mozilla/5.0 (Windows NT 10.0; Win64; x64) AppleWebKit/537.36 (KHTML, like Gecko) Chrome/145.0.0.0 Safari/537.36 Edg/145.0.0.0',
  timestamp: '2026-02-28 10:33:59',
  level: 'info',
  message: 'Request'
}
{
  service: 'attendance-system',
  method: 'GET',
  url: '/analytics/monthly-context-settings',
  statusCode: 404,
  duration: '1ms',
  contentLength: '91',
  level: 'info',
  message: 'Response',
  timestamp: '2026-02-28 10:33:59'
}
{
  service: 'attendance-system',
  method: 'GET',
  url: '/api/analytics/monthly-context-settings',
  ip: '127.0.0.1',
  userAgent: 'Mozilla/5.0 (Windows NT 10.0; Win64; x64) AppleWebKit/537.36 (KHTML, like Gecko) Chrome/145.0.0.0 Safari/537.36 Edg/145.0.0.0',
  timestamp: '2026-02-28 10:33:59',
  level: 'info',
  message: 'Request'
}
{
  service: 'attendance-system',
  method: 'GET',
  url: '/analytics/monthly-context-settings',
  statusCode: 404,
  duration: '1ms',
  contentLength: '91',
  level: 'info',
  message: 'Response',
  timestamp: '2026-02-28 10:33:59'
}
{
  service: 'attendance-system',
  method: 'GET',
  url: '/api/analytics/monthly-context-settings',
  ip: '127.0.0.1',
  userAgent: 'Mozilla/5.0 (Windows NT 10.0; Win64; x64) AppleWebKit/537.36 (KHTML, like Gecko) Chrome/145.0.0.0 Safari/537.36 Edg/145.0.0.0',
  timestamp: '2026-02-28 10:34:00',
  level: 'info',
  message: 'Request'
}
{
  service: 'attendance-system',
  method: 'GET',
  url: '/analytics/monthly-context-settings',
  statusCode: 404,
  duration: '1ms',
  contentLength: '91',
  level: 'info',
  message: 'Response',
  timestamp: '2026-02-28 10:34:00'
}
{
  service: 'attendance-system',
  method: 'GET',
  url: '/api/analytics/monthly-context-settings',
  ip: '127.0.0.1',
  userAgent: 'Mozilla/5.0 (Windows NT 10.0; Win64; x64) AppleWebKit/537.36 (KHTML, like Gecko) Chrome/145.0.0.0 Safari/537.36 Edg/145.0.0.0',
  timestamp: '2026-02-28 10:34:01',
  level: 'info',
  message: 'Request'
}
{
  service: 'attendance-system',
  method: 'GET',
  url: '/analytics/monthly-context-settings',
  statusCode: 404,
  duration: '1ms',
  contentLength: '91',
  level: 'info',
  message: 'Response',
  timestamp: '2026-02-28 10:34:01'
}
{
  service: 'attendance-system',
  method: 'GET',
  url: '/api/analytics/monthly-context-settings',
  ip: '127.0.0.1',
  userAgent: 'Mozilla/5.0 (Windows NT 10.0; Win64; x64) AppleWebKit/537.36 (KHTML, like Gecko) Chrome/145.0.0.0 Safari/537.36 Edg/145.0.0.0',
  timestamp: '2026-02-28 10:34:04',
  level: 'info',
  message: 'Request'
}
{
  service: 'attendance-system',
  method: 'GET',
  url: '/analytics/monthly-context-settings',
  statusCode: 404,
  duration: '1ms',
  contentLength: '91',
  level: 'info',
  message: 'Response',
  timestamp: '2026-02-28 10:34:04'
}
{
  service: 'attendance-system',
  method: 'GET',
  url: '/api/analytics/monthly-context-settings',
  ip: '127.0.0.1',
  userAgent: 'Mozilla/5.0 (Windows NT 10.0; Win64; x64) AppleWebKit/537.36 (KHTML, like Gecko) Chrome/145.0.0.0 Safari/537.36 Edg/145.0.0.0',
  timestamp: '2026-02-28 10:34:04',
  level: 'info',
  message: 'Request'
}
{
  service: 'attendance-system',
  method: 'GET',
  url: '/analytics/monthly-context-settings',
  statusCode: 404,
  duration: '1ms',
  contentLength: '91',
  level: 'info',
  message: 'Response',
  timestamp: '2026-02-28 10:34:04'
}
{
  service: 'attendance-system',
  method: 'GET',
  url: '/api/analytics/monthly-context-settings',
  ip: '127.0.0.1',
  userAgent: 'Mozilla/5.0 (Windows NT 10.0; Win64; x64) AppleWebKit/537.36 (KHTML, like Gecko) Chrome/145.0.0.0 Safari/537.36 Edg/145.0.0.0',
  timestamp: '2026-02-28 10:34:05',
  level: 'info',
  message: 'Request'
}
{
  service: 'attendance-system',
  method: 'GET',
  url: '/analytics/monthly-context-settings',
  statusCode: 404,
  duration: '0ms',
  contentLength: '91',
  level: 'info',
  message: 'Response',
  timestamp: '2026-02-28 10:34:05'
}
{
  service: 'attendance-system',
  method: 'GET',
  url: '/api/analytics/monthly-context-settings',
  ip: '127.0.0.1',
  userAgent: 'Mozilla/5.0 (Windows NT 10.0; Win64; x64) AppleWebKit/537.36 (KHTML, like Gecko) Chrome/145.0.0.0 Safari/537.36 Edg/145.0.0.0',
  timestamp: '2026-02-28 10:34:05',
  level: 'info',
  message: 'Request'
}
{
  service: 'attendance-system',
  method: 'GET',
  url: '/analytics/monthly-context-settings',
  statusCode: 404,
  duration: '1ms',
  contentLength: '91',
  level: 'info',
  message: 'Response',
  timestamp: '2026-02-28 10:34:05'
}
{
  service: 'attendance-system',
  method: 'GET',
  url: '/api/admin/employees?all=true&_t=1772255113972',
  ip: '127.0.0.1',
  userAgent: 'Mozilla/5.0 (Windows NT 10.0; Win64; x64) AppleWebKit/537.36 (KHTML, like Gecko) Chrome/145.0.0.0 Safari/537.36 Edg/145.0.0.0',
  timestamp: '2026-02-28 10:35:13',
  level: 'info',
  message: 'Request'
}
{
  service: 'attendance-system',
  method: 'GET',
  url: '/?all=true&_t=1772255113972',
  statusCode: 200,
  duration: '46ms',
  contentLength: '27934',
  level: 'info',
  message: 'Response',
  timestamp: '2026-02-28 10:35:14'
}
{
  service: 'attendance-system',
  method: 'GET',
  url: '/api/admin/employees?all=true&_t=1772255113972',
  ip: '127.0.0.1',
  userAgent: 'Mozilla/5.0 (Windows NT 10.0; Win64; x64) AppleWebKit/537.36 (KHTML, like Gecko) Chrome/145.0.0.0 Safari/537.36 Edg/145.0.0.0',
  timestamp: '2026-02-28 10:35:14',
  level: 'info',
  message: 'Request'
}
{
  service: 'attendance-system',
  method: 'GET',
  url: '/?all=true&_t=1772255113972',
  statusCode: 304,
  duration: '44ms',
  contentLength: 0,
  level: 'info',
  message: 'Response',
  timestamp: '2026-02-28 10:35:14'
}
{
  service: 'attendance-system',
  method: 'GET',
  url: '/api/analytics/attendance?startDate=2026-02-01&endDate=2026-02-28&page=1&limit=50',
  ip: '127.0.0.1',
  userAgent: 'Mozilla/5.0 (Windows NT 10.0; Win64; x64) AppleWebKit/537.36 (KHTML, like Gecko) Chrome/145.0.0.0 Safari/537.36 Edg/145.0.0.0',
  timestamp: '2026-02-28 10:35:22',
  level: 'info',
  message: 'Request'
}
{
  service: 'attendance-system',
  method: 'GET',
  url: '/attendance?startDate=2026-02-01&endDate=2026-02-28&page=1&limit=50',
  statusCode: 200,
  duration: '1564ms',
  contentLength: '13001',
  level: 'info',
  message: 'Response',
  timestamp: '2026-02-28 10:35:23'
}
{
  service: 'attendance-system',
  method: 'GET',
  url: '/api/admin/leave-years/active',
  ip: '127.0.0.1',
  userAgent: 'Mozilla/5.0 (Windows NT 10.0; Win64; x64) AppleWebKit/537.36 (KHTML, like Gecko) Chrome/145.0.0.0 Safari/537.36 Edg/145.0.0.0',
  timestamp: '2026-02-28 10:39:53',
  level: 'info',
  message: 'Request'
}
{
  service: 'attendance-system',
  method: 'GET',
  url: '/api/auth/me',
  ip: '127.0.0.1',
  userAgent: 'Mozilla/5.0 (Windows NT 10.0; Win64; x64) AppleWebKit/537.36 (KHTML, like Gecko) Chrome/145.0.0.0 Safari/537.36 Edg/145.0.0.0',
  timestamp: '2026-02-28 10:39:53',
  level: 'info',
  message: 'Request'
}
{
  service: 'attendance-system',
  method: 'GET',
  url: '/api/admin/leave-years/active',
  ip: '127.0.0.1',
  userAgent: 'Mozilla/5.0 (Windows NT 10.0; Win64; x64) AppleWebKit/537.36 (KHTML, like Gecko) Chrome/145.0.0.0 Safari/537.36 Edg/145.0.0.0',
  timestamp: '2026-02-28 10:39:53',
  level: 'info',
  message: 'Request'
}
{
  service: 'attendance-system',
  method: 'GET',
  url: '/active',
  statusCode: 200,
  duration: '42ms',
  contentLength: '194',
  level: 'info',
  message: 'Response',
  timestamp: '2026-02-28 10:39:53'
}
{
  service: 'attendance-system',
  method: 'GET',
  url: '/active',
  statusCode: 200,
  duration: '22ms',
  contentLength: '194',
  level: 'info',
  message: 'Response',
  timestamp: '2026-02-28 10:39:53'
}
{
  service: 'attendance-system',
  method: 'GET',
  url: '/me',
  statusCode: 200,
  duration: '42ms',
  contentLength: '1282',
  level: 'info',
  message: 'Response',
  timestamp: '2026-02-28 10:39:53'
}
{
  service: 'attendance-system',
  method: 'GET',
  url: '/api/announcements/last-read',
  ip: '127.0.0.1',
  userAgent: 'Mozilla/5.0 (Windows NT 10.0; Win64; x64) AppleWebKit/537.36 (KHTML, like Gecko) Chrome/145.0.0.0 Safari/537.36 Edg/145.0.0.0',
  timestamp: '2026-02-28 10:39:53',
  level: 'info',
  message: 'Request'
}
{
  service: 'attendance-system',
  method: 'GET',
  url: '/api/attendance/current-status?_t=1772255393120',
  ip: '127.0.0.1',
  userAgent: 'Mozilla/5.0 (Windows NT 10.0; Win64; x64) AppleWebKit/537.36 (KHTML, like Gecko) Chrome/145.0.0.0 Safari/537.36 Edg/145.0.0.0',
  timestamp: '2026-02-28 10:39:53',
  level: 'info',
  message: 'Request'
}
{
  service: 'attendance-system',
  method: 'GET',
  url: '/api/new-notifications',
  ip: '127.0.0.1',
  userAgent: 'Mozilla/5.0 (Windows NT 10.0; Win64; x64) AppleWebKit/537.36 (KHTML, like Gecko) Chrome/145.0.0.0 Safari/537.36 Edg/145.0.0.0',
  timestamp: '2026-02-28 10:39:53',
  level: 'info',
  message: 'Request'
}
{
  service: 'attendance-system',
  method: 'GET',
  url: '/last-read',
  statusCode: 304,
  duration: '25ms',
  contentLength: 0,
  level: 'info',
  message: 'Response',
  timestamp: '2026-02-28 10:39:53'
}
{
  service: 'attendance-system',
  method: 'GET',
  url: '/api/admin/manage?_t=1772255393136',
  ip: '127.0.0.1',
  userAgent: 'Mozilla/5.0 (Windows NT 10.0; Win64; x64) AppleWebKit/537.36 (KHTML, like Gecko) Chrome/145.0.0.0 Safari/537.36 Edg/145.0.0.0',
  timestamp: '2026-02-28 10:39:53',
  level: 'info',
  message: 'Request'
}
{
  service: 'attendance-system',
  method: 'GET',
  url: '/api/analytics/late-grace-settings',
  ip: '127.0.0.1',
  userAgent: 'Mozilla/5.0 (Windows NT 10.0; Win64; x64) AppleWebKit/537.36 (KHTML, like Gecko) Chrome/145.0.0.0 Safari/537.36 Edg/145.0.0.0',
  timestamp: '2026-02-28 10:39:53',
  level: 'info',
  message: 'Request'
}
{
  service: 'attendance-system',
  method: 'GET',
  url: '/analytics/late-grace-settings',
  statusCode: 404,
  duration: '1ms',
  contentLength: '86',
  level: 'info',
  message: 'Response',
  timestamp: '2026-02-28 10:39:53'
}
{
  service: 'attendance-system',
  method: 'GET',
  url: '/current-status?_t=1772255393120',
  statusCode: 200,
  duration: '39ms',
  contentLength: '102',
  level: 'info',
  message: 'Response',
  timestamp: '2026-02-28 10:39:53'
}
{
  service: 'attendance-system',
  method: 'GET',
  url: '/api/announcements/last-read',
  ip: '127.0.0.1',
  userAgent: 'Mozilla/5.0 (Windows NT 10.0; Win64; x64) AppleWebKit/537.36 (KHTML, like Gecko) Chrome/145.0.0.0 Safari/537.36 Edg/145.0.0.0',
  timestamp: '2026-02-28 10:39:53',
  level: 'info',
  message: 'Request'
}
{
  service: 'attendance-system',
  method: 'GET',
  url: '/api/announcements',
  ip: '127.0.0.1',
  userAgent: 'Mozilla/5.0 (Windows NT 10.0; Win64; x64) AppleWebKit/537.36 (KHTML, like Gecko) Chrome/145.0.0.0 Safari/537.36 Edg/145.0.0.0',
  timestamp: '2026-02-28 10:39:53',
  level: 'info',
  message: 'Request'
}
{
  service: 'attendance-system',
  method: 'GET',
  url: '/?_t=1772255393136',
  statusCode: 200,
  duration: '29ms',
  contentLength: '29684',
  level: 'info',
  message: 'Response',
  timestamp: '2026-02-28 10:39:53'
}
{
  service: 'attendance-system',
  method: 'GET',
  url: '/',
  statusCode: 304,
  duration: '46ms',
  contentLength: 0,
  level: 'info',
  message: 'Response',
  timestamp: '2026-02-28 10:39:53'
}
{
  service: 'attendance-system',
  method: 'GET',
  url: '/last-read',
  statusCode: 304,
  duration: '20ms',
  contentLength: 0,
  level: 'info',
  message: 'Response',
  timestamp: '2026-02-28 10:39:53'
}
{
  service: 'attendance-system',
  method: 'GET',
  url: '/',
  statusCode: 200,
  duration: '26ms',
  contentLength: '2',
  level: 'info',
  message: 'Response',
  timestamp: '2026-02-28 10:39:53'
}
{
  service: 'attendance-system',
  method: 'GET',
  url: '/api/analytics/late-grace-settings',
  ip: '127.0.0.1',
  userAgent: 'Mozilla/5.0 (Windows NT 10.0; Win64; x64) AppleWebKit/537.36 (KHTML, like Gecko) Chrome/145.0.0.0 Safari/537.36 Edg/145.0.0.0',
  timestamp: '2026-02-28 10:39:53',
  level: 'info',
  message: 'Request'
}
{
  service: 'attendance-system',
  method: 'GET',
  url: '/analytics/late-grace-settings',
  statusCode: 404,
  duration: '1ms',
  contentLength: '86',
  level: 'info',
  message: 'Response',
  timestamp: '2026-02-28 10:39:53'
}
{
  service: 'attendance-system',
  method: 'GET',
  url: '/api/announcements/last-read',
  ip: '127.0.0.1',
  userAgent: 'Mozilla/5.0 (Windows NT 10.0; Win64; x64) AppleWebKit/537.36 (KHTML, like Gecko) Chrome/145.0.0.0 Safari/537.36 Edg/145.0.0.0',
  timestamp: '2026-02-28 10:39:53',
  level: 'info',
  message: 'Request'
}
{
  service: 'attendance-system',
  method: 'GET',
  url: '/api/admin/manage?_t=1772255393136',
  ip: '127.0.0.1',
  userAgent: 'Mozilla/5.0 (Windows NT 10.0; Win64; x64) AppleWebKit/537.36 (KHTML, like Gecko) Chrome/145.0.0.0 Safari/537.36 Edg/145.0.0.0',
  timestamp: '2026-02-28 10:39:53',
  level: 'info',
  message: 'Request'
}
{
  service: 'attendance-system',
  method: 'GET',
  url: '/last-read',
  statusCode: 304,
  duration: '15ms',
  contentLength: 0,
  level: 'info',
  message: 'Response',
  timestamp: '2026-02-28 10:39:53'
}
{
  service: 'attendance-system',
  method: 'GET',
  url: '/?_t=1772255393136',
  statusCode: 304,
  duration: '16ms',
  contentLength: 0,
  level: 'info',
  message: 'Response',
  timestamp: '2026-02-28 10:39:53'
}
{
  service: 'attendance-system',
  method: 'GET',
  url: '/api/announcements',
  ip: '127.0.0.1',
  userAgent: 'Mozilla/5.0 (Windows NT 10.0; Win64; x64) AppleWebKit/537.36 (KHTML, like Gecko) Chrome/145.0.0.0 Safari/537.36',
  timestamp: '2026-02-28 10:39:55',
  level: 'info',
  message: 'Request'
}
{
  service: 'attendance-system',
  method: 'GET',
  url: '/',
  statusCode: 200,
  duration: '4ms',
  contentLength: '2',
  level: 'info',
  message: 'Response',
  timestamp: '2026-02-28 10:39:55'
}
{
  service: 'attendance-system',
  method: 'GET',
  url: '/api/admin/employees?all=true&slim=true&_t=1772255396738',
  ip: '127.0.0.1',
  userAgent: 'Mozilla/5.0 (Windows NT 10.0; Win64; x64) AppleWebKit/537.36 (KHTML, like Gecko) Chrome/145.0.0.0 Safari/537.36 Edg/145.0.0.0',
  timestamp: '2026-02-28 10:39:56',
  level: 'info',
  message: 'Request'
}
{
  service: 'attendance-system',
  method: 'GET',
  url: '/?all=true&slim=true&_t=1772255396738',
  statusCode: 200,
  duration: '19ms',
  contentLength: '11798',
  level: 'info',
  message: 'Response',
  timestamp: '2026-02-28 10:39:56'
}
{
  service: 'attendance-system',
  method: 'GET',
  url: '/api/admin/employees?all=true&slim=true&_t=1772255396738',
  ip: '127.0.0.1',
  userAgent: 'Mozilla/5.0 (Windows NT 10.0; Win64; x64) AppleWebKit/537.36 (KHTML, like Gecko) Chrome/145.0.0.0 Safari/537.36 Edg/145.0.0.0',
  timestamp: '2026-02-28 10:39:56',
  level: 'info',
  message: 'Request'
}
{
  service: 'attendance-system',
  method: 'GET',
  url: '/?all=true&slim=true&_t=1772255396738',
  statusCode: 304,
  duration: '29ms',
  contentLength: 0,
  level: 'info',
  message: 'Response',
  timestamp: '2026-02-28 10:39:56'
}
{
  service: 'attendance-system',
  method: 'GET',
  url: '/api/admin/manage?_t=1772255400609',
  ip: '127.0.0.1',
  userAgent: 'Mozilla/5.0 (Windows NT 10.0; Win64; x64) AppleWebKit/537.36 (KHTML, like Gecko) Chrome/145.0.0.0 Safari/537.36 Edg/145.0.0.0',
  timestamp: '2026-02-28 10:40:00',
  level: 'info',
  message: 'Request'
}
{
  service: 'attendance-system',
  method: 'GET',
  url: '/api/analytics/late-grace-settings',
  ip: '127.0.0.1',
  userAgent: 'Mozilla/5.0 (Windows NT 10.0; Win64; x64) AppleWebKit/537.36 (KHTML, like Gecko) Chrome/145.0.0.0 Safari/537.36 Edg/145.0.0.0',
  timestamp: '2026-02-28 10:40:00',
  level: 'info',
  message: 'Request'
}
{
  service: 'attendance-system',
  method: 'GET',
  url: '/analytics/late-grace-settings',
  statusCode: 404,
  duration: '1ms',
  contentLength: '86',
  level: 'info',
  message: 'Response',
  timestamp: '2026-02-28 10:40:00'
}
{
  service: 'attendance-system',
  method: 'GET',
  url: '/api/analytics/late-grace-settings',
  ip: '127.0.0.1',
  userAgent: 'Mozilla/5.0 (Windows NT 10.0; Win64; x64) AppleWebKit/537.36 (KHTML, like Gecko) Chrome/145.0.0.0 Safari/537.36 Edg/145.0.0.0',
  timestamp: '2026-02-28 10:40:00',
  level: 'info',
  message: 'Request'
}
{
  service: 'attendance-system',
  method: 'GET',
  url: '/analytics/late-grace-settings',
  statusCode: 404,
  duration: '1ms',
  contentLength: '86',
  level: 'info',
  message: 'Response',
  timestamp: '2026-02-28 10:40:00'
}
{
  service: 'attendance-system',
  method: 'GET',
  url: '/?_t=1772255400609',
  statusCode: 200,
  duration: '20ms',
  contentLength: '29684',
  level: 'info',
  message: 'Response',
  timestamp: '2026-02-28 10:40:00'
}
{
  service: 'attendance-system',
  method: 'GET',
  url: '/api/admin/manage?_t=1772255400609',
  ip: '127.0.0.1',
  userAgent: 'Mozilla/5.0 (Windows NT 10.0; Win64; x64) AppleWebKit/537.36 (KHTML, like Gecko) Chrome/145.0.0.0 Safari/537.36 Edg/145.0.0.0',
  timestamp: '2026-02-28 10:40:00',
  level: 'info',
  message: 'Request'
}
{
  service: 'attendance-system',
  method: 'GET',
  url: '/?_t=1772255400609',
  statusCode: 304,
  duration: '12ms',
  contentLength: 0,
  level: 'info',
  message: 'Response',
  timestamp: '2026-02-28 10:40:00'
}
{
  service: 'attendance-system',
  method: 'GET',
  url: '/api/admin/settings/teams-webhook',
  ip: '127.0.0.1',
  userAgent: 'Mozilla/5.0 (Windows NT 10.0; Win64; x64) AppleWebKit/537.36 (KHTML, like Gecko) Chrome/145.0.0.0 Safari/537.36 Edg/145.0.0.0',
  timestamp: '2026-02-28 10:40:02',
  level: 'info',
  message: 'Request'
}
{
  service: 'attendance-system',
  method: 'GET',
  url: '/teams-webhook',
  statusCode: 200,
  duration: '11ms',
  contentLength: '497',
  level: 'info',
  message: 'Response',
  timestamp: '2026-02-28 10:40:03'
}
{
  service: 'attendance-system',
  method: 'POST',
  url: '/api/admin/settings/teams-report-config',
  ip: '127.0.0.1',
  userAgent: 'Mozilla/5.0 (Windows NT 10.0; Win64; x64) AppleWebKit/537.36 (KHTML, like Gecko) Chrome/145.0.0.0 Safari/537.36 Edg/145.0.0.0',
  timestamp: '2026-02-28 10:40:11',
  level: 'info',
  message: 'Request'
}
{
  service: 'attendance-system',
  method: 'POST',
  url: '/teams-report-config',
  statusCode: 200,
  duration: '17ms',
  contentLength: '202',
  level: 'info',
  message: 'Response',
  timestamp: '2026-02-28 10:40:11'
}
{
  service: 'attendance-system',
  method: 'GET',
  url: '/api/admin/settings/teams-preview',
  ip: '127.0.0.1',
  userAgent: 'Mozilla/5.0 (Windows NT 10.0; Win64; x64) AppleWebKit/537.36 (KHTML, like Gecko) Chrome/145.0.0.0 Safari/537.36 Edg/145.0.0.0',
  timestamp: '2026-02-28 10:40:12',
  level: 'info',
  message: 'Request'
}
{
  service: 'attendance-system',
  method: 'GET',
  url: '/teams-preview',
  statusCode: 200,
  duration: '32ms',
  contentLength: '3263',
  level: 'info',
  message: 'Response',
  timestamp: '2026-02-28 10:40:12'
}
{
  service: 'attendance-system',
  method: 'GET',
  url: '/api/attendance/dashboard/employee?date=2026-02-28',
  ip: '127.0.0.1',
  userAgent: 'Mozilla/5.0 (Windows NT 10.0; Win64; x64) AppleWebKit/537.36 (KHTML, like Gecko) Chrome/145.0.0.0 Safari/537.36',
  timestamp: '2026-02-28 10:41:56',
  level: 'info',
  message: 'Request'
}
{
  service: 'attendance-system',
  method: 'GET',
  url: '/dashboard/employee?date=2026-02-28',
  statusCode: 304,
  duration: '30ms',
  contentLength: 0,
  level: 'info',
  message: 'Response',
  timestamp: '2026-02-28 10:41:56'
}
{
  service: 'attendance-system',
  method: 'GET',
  url: '/api/attendance/dashboard/employee?date=2026-02-28',
  ip: '127.0.0.1',
  userAgent: 'Mozilla/5.0 (Windows NT 10.0; Win64; x64) AppleWebKit/537.36 (KHTML, like Gecko) Chrome/145.0.0.0 Safari/537.36',
  timestamp: '2026-02-28 10:43:14',
  level: 'info',
  message: 'Request'
}
{
  service: 'attendance-system',
  method: 'GET',
  url: '/dashboard/employee?date=2026-02-28',
  statusCode: 304,
  duration: '73ms',
  contentLength: 0,
  level: 'info',
  message: 'Response',
  timestamp: '2026-02-28 10:43:14'
}
{
  service: 'attendance-system',
  method: 'GET',
  url: '/api/admin/settings/teams-webhook',
  ip: '127.0.0.1',
  userAgent: 'Mozilla/5.0 (Windows NT 10.0; Win64; x64) AppleWebKit/537.36 (KHTML, like Gecko) Chrome/145.0.0.0 Safari/537.36 Edg/145.0.0.0',
  timestamp: '2026-02-28 11:26:06',
  level: 'info',
  message: 'Request'
}
{
  service: 'attendance-system',
  method: 'GET',
  url: '/teams-webhook',
  statusCode: 200,
  duration: '11ms',
  contentLength: '499',
  level: 'info',
  message: 'Response',
  timestamp: '2026-02-28 11:26:06'
}
{
  service: 'attendance-system',
  method: 'GET',
  url: '/api/admin/settings/teams-webhook',
  ip: '127.0.0.1',
  userAgent: 'Mozilla/5.0 (Windows NT 10.0; Win64; x64) AppleWebKit/537.36 (KHTML, like Gecko) Chrome/145.0.0.0 Safari/537.36 Edg/145.0.0.0',
  timestamp: '2026-02-28 11:26:06',
  level: 'info',
  message: 'Request'
}
{
  service: 'attendance-system',
  method: 'GET',
  url: '/teams-webhook',
  statusCode: 304,
  duration: '10ms',
  contentLength: 0,
  level: 'info',
  message: 'Response',
  timestamp: '2026-02-28 11:26:06'
}
{
  service: 'attendance-system',
  method: 'GET',
  url: '/api/admin/settings/teams-preview?scope=morning',
  ip: '127.0.0.1',
  userAgent: 'Mozilla/5.0 (Windows NT 10.0; Win64; x64) AppleWebKit/537.36 (KHTML, like Gecko) Chrome/145.0.0.0 Safari/537.36 Edg/145.0.0.0',
  timestamp: '2026-02-28 11:26:26',
  level: 'info',
  message: 'Request'
}
{
  service: 'attendance-system',
  method: 'GET',
  url: '/teams-preview?scope=morning',
  statusCode: 200,
  duration: '31ms',
  contentLength: '3342',
  level: 'info',
  message: 'Response',
  timestamp: '2026-02-28 11:26:26'
}
{
  service: 'attendance-system',
  method: 'GET',
  url: '/api/admin/settings/teams-status-overrides?date=2026-02-28',
  ip: '127.0.0.1',
  userAgent: 'Mozilla/5.0 (Windows NT 10.0; Win64; x64) AppleWebKit/537.36 (KHTML, like Gecko) Chrome/145.0.0.0 Safari/537.36 Edg/145.0.0.0',
  timestamp: '2026-02-28 11:26:29',
  level: 'info',
  message: 'Request'
}
{
  service: 'attendance-system',
  method: 'GET',
  url: '/admin/settings/teams-status-overrides?date=2026-02-28',
  statusCode: 404,
  duration: '1ms',
  contentLength: '94',
  level: 'info',
  message: 'Response',
  timestamp: '2026-02-28 11:26:29'
}
{
  service: 'attendance-system',
  method: 'GET',
  url: '/api/admin/leave-years/active',
  ip: '127.0.0.1',
  userAgent: 'Mozilla/5.0 (Windows NT 10.0; Win64; x64) AppleWebKit/537.36 (KHTML, like Gecko) Chrome/145.0.0.0 Safari/537.36 Edg/145.0.0.0',
  timestamp: '2026-02-28 11:48:56',
  level: 'info',
  message: 'Request'
}
{
  service: 'attendance-system',
  method: 'GET',
  url: '/api/auth/me',
  ip: '127.0.0.1',
  userAgent: 'Mozilla/5.0 (Windows NT 10.0; Win64; x64) AppleWebKit/537.36 (KHTML, like Gecko) Chrome/145.0.0.0 Safari/537.36 Edg/145.0.0.0',
  timestamp: '2026-02-28 11:48:56',
  level: 'info',
  message: 'Request'
}
{
  service: 'attendance-system',
  method: 'GET',
  url: '/api/admin/leave-years/active',
  ip: '127.0.0.1',
  userAgent: 'Mozilla/5.0 (Windows NT 10.0; Win64; x64) AppleWebKit/537.36 (KHTML, like Gecko) Chrome/145.0.0.0 Safari/537.36 Edg/145.0.0.0',
  timestamp: '2026-02-28 11:48:56',
  level: 'info',
  message: 'Request'
}
{
  service: 'attendance-system',
  method: 'GET',
  url: '/active',
  statusCode: 200,
  duration: '22ms',
  contentLength: '194',
  level: 'info',
  message: 'Response',
  timestamp: '2026-02-28 11:48:56'
}
{
  service: 'attendance-system',
  method: 'GET',
  url: '/active',
  statusCode: 200,
  duration: '10ms',
  contentLength: '194',
  level: 'info',
  message: 'Response',
  timestamp: '2026-02-28 11:48:56'
}
{
  service: 'attendance-system',
  method: 'GET',
  url: '/me',
  statusCode: 200,
  duration: '26ms',
  contentLength: '1282',
  level: 'info',
  message: 'Response',
  timestamp: '2026-02-28 11:48:56'
}
{
  service: 'attendance-system',
  method: 'GET',
  url: '/api/announcements/last-read',
  ip: '127.0.0.1',
  userAgent: 'Mozilla/5.0 (Windows NT 10.0; Win64; x64) AppleWebKit/537.36 (KHTML, like Gecko) Chrome/145.0.0.0 Safari/537.36 Edg/145.0.0.0',
  timestamp: '2026-02-28 11:48:57',
  level: 'info',
  message: 'Request'
}
{
  service: 'attendance-system',
  method: 'GET',
  url: '/api/attendance/current-status?_t=1772259537008',
  ip: '127.0.0.1',
  userAgent: 'Mozilla/5.0 (Windows NT 10.0; Win64; x64) AppleWebKit/537.36 (KHTML, like Gecko) Chrome/145.0.0.0 Safari/537.36 Edg/145.0.0.0',
  timestamp: '2026-02-28 11:48:57',
  level: 'info',
  message: 'Request'
}
{
  service: 'attendance-system',
  method: 'GET',
  url: '/api/new-notifications',
  ip: '127.0.0.1',
  userAgent: 'Mozilla/5.0 (Windows NT 10.0; Win64; x64) AppleWebKit/537.36 (KHTML, like Gecko) Chrome/145.0.0.0 Safari/537.36 Edg/145.0.0.0',
  timestamp: '2026-02-28 11:48:57',
  level: 'info',
  message: 'Request'
}
{
  service: 'attendance-system',
  method: 'GET',
  url: '/last-read',
  statusCode: 304,
  duration: '16ms',
  contentLength: 0,
  level: 'info',
  message: 'Response',
  timestamp: '2026-02-28 11:48:57'
}
{
  service: 'attendance-system',
  method: 'GET',
  url: '/api/admin/manage?_t=1772259537023',
  ip: '127.0.0.1',
  userAgent: 'Mozilla/5.0 (Windows NT 10.0; Win64; x64) AppleWebKit/537.36 (KHTML, like Gecko) Chrome/145.0.0.0 Safari/537.36 Edg/145.0.0.0',
  timestamp: '2026-02-28 11:48:57',
  level: 'info',
  message: 'Request'
}
{
  service: 'attendance-system',
  method: 'GET',
  url: '/api/analytics/late-grace-settings',
  ip: '127.0.0.1',
  userAgent: 'Mozilla/5.0 (Windows NT 10.0; Win64; x64) AppleWebKit/537.36 (KHTML, like Gecko) Chrome/145.0.0.0 Safari/537.36 Edg/145.0.0.0',
  timestamp: '2026-02-28 11:48:57',
  level: 'info',
  message: 'Request'
}
{
  service: 'attendance-system',
  method: 'GET',
  url: '/analytics/late-grace-settings',
  statusCode: 404,
  duration: '1ms',
  contentLength: '86',
  level: 'info',
  message: 'Response',
  timestamp: '2026-02-28 11:48:57'
}
{
  service: 'attendance-system',
  method: 'GET',
  url: '/current-status?_t=1772259537008',
  statusCode: 200,
  duration: '21ms',
  contentLength: '102',
  level: 'info',
  message: 'Response',
  timestamp: '2026-02-28 11:48:57'
}
{
  service: 'attendance-system',
  method: 'GET',
  url: '/api/announcements/last-read',
  ip: '127.0.0.1',
  userAgent: 'Mozilla/5.0 (Windows NT 10.0; Win64; x64) AppleWebKit/537.36 (KHTML, like Gecko) Chrome/145.0.0.0 Safari/537.36 Edg/145.0.0.0',
  timestamp: '2026-02-28 11:48:57',
  level: 'info',
  message: 'Request'
}
{
  service: 'attendance-system',
  method: 'GET',
  url: '/api/announcements',
  ip: '127.0.0.1',
  userAgent: 'Mozilla/5.0 (Windows NT 10.0; Win64; x64) AppleWebKit/537.36 (KHTML, like Gecko) Chrome/145.0.0.0 Safari/537.36 Edg/145.0.0.0',
  timestamp: '2026-02-28 11:48:57',
  level: 'info',
  message: 'Request'
}
{
  service: 'attendance-system',
  method: 'GET',
  url: '/?_t=1772259537023',
  statusCode: 200,
  duration: '20ms',
  contentLength: '29684',
  level: 'info',
  message: 'Response',
  timestamp: '2026-02-28 11:48:57'
}
{
  service: 'attendance-system',
  method: 'GET',
  url: '/last-read',
  statusCode: 304,
  duration: '14ms',
  contentLength: 0,
  level: 'info',
  message: 'Response',
  timestamp: '2026-02-28 11:48:57'
}
{
  service: 'attendance-system',
  method: 'GET',
  url: '/',
  statusCode: 304,
  duration: '18ms',
  contentLength: 0,
  level: 'info',
  message: 'Response',
  timestamp: '2026-02-28 11:48:57'
}
{
  service: 'attendance-system',
  method: 'GET',
  url: '/api/analytics/late-grace-settings',
  ip: '127.0.0.1',
  userAgent: 'Mozilla/5.0 (Windows NT 10.0; Win64; x64) AppleWebKit/537.36 (KHTML, like Gecko) Chrome/145.0.0.0 Safari/537.36 Edg/145.0.0.0',
  timestamp: '2026-02-28 11:48:57',
  level: 'info',
  message: 'Request'
}
{
  service: 'attendance-system',
  method: 'GET',
  url: '/analytics/late-grace-settings',
  statusCode: 404,
  duration: '1ms',
  contentLength: '86',
  level: 'info',
  message: 'Response',
  timestamp: '2026-02-28 11:48:57'
}
{
  service: 'attendance-system',
  method: 'GET',
  url: '/api/announcements/last-read',
  ip: '127.0.0.1',
  userAgent: 'Mozilla/5.0 (Windows NT 10.0; Win64; x64) AppleWebKit/537.36 (KHTML, like Gecko) Chrome/145.0.0.0 Safari/537.36 Edg/145.0.0.0',
  timestamp: '2026-02-28 11:48:57',
  level: 'info',
  message: 'Request'
}
{
  service: 'attendance-system',
  method: 'GET',
  url: '/',
  statusCode: 200,
  duration: '48ms',
  contentLength: '27750',
  level: 'info',
  message: 'Response',
  timestamp: '2026-02-28 11:48:57'
}
{
  service: 'attendance-system',
  method: 'GET',
  url: '/last-read',
  statusCode: 304,
  duration: '8ms',
  contentLength: 0,
  level: 'info',
  message: 'Response',
  timestamp: '2026-02-28 11:48:57'
}
{
  service: 'attendance-system',
  method: 'GET',
  url: '/api/admin/manage?_t=1772259537023',
  ip: '127.0.0.1',
  userAgent: 'Mozilla/5.0 (Windows NT 10.0; Win64; x64) AppleWebKit/537.36 (KHTML, like Gecko) Chrome/145.0.0.0 Safari/537.36 Edg/145.0.0.0',
  timestamp: '2026-02-28 11:48:57',
  level: 'info',
  message: 'Request'
}
{
  service: 'attendance-system',
  method: 'GET',
  url: '/?_t=1772259537023',
  statusCode: 304,
  duration: '15ms',
  contentLength: 0,
  level: 'info',
  message: 'Response',
  timestamp: '2026-02-28 11:48:57'
}
{
  service: 'attendance-system',
  method: 'GET',
  url: '/api/admin/settings/teams-webhook',
  ip: '127.0.0.1',
  userAgent: 'Mozilla/5.0 (Windows NT 10.0; Win64; x64) AppleWebKit/537.36 (KHTML, like Gecko) Chrome/145.0.0.0 Safari/537.36 Edg/145.0.0.0',
  timestamp: '2026-02-28 11:48:59',
  level: 'info',
  message: 'Request'
}
{
  service: 'attendance-system',
  method: 'GET',
  url: '/teams-webhook',
  statusCode: 304,
  duration: '9ms',
  contentLength: 0,
  level: 'info',
  message: 'Response',
  timestamp: '2026-02-28 11:48:59'
}
{
  service: 'attendance-system',
  method: 'GET',
  url: '/api/admin/settings/teams-status-overrides?date=2026-02-28',
  ip: '127.0.0.1',
  userAgent: 'Mozilla/5.0 (Windows NT 10.0; Win64; x64) AppleWebKit/537.36 (KHTML, like Gecko) Chrome/145.0.0.0 Safari/537.36 Edg/145.0.0.0',
  timestamp: '2026-02-28 11:49:02',
  level: 'info',
  message: 'Request'
}
{
  service: 'attendance-system',
  method: 'GET',
  url: '/admin/settings/teams-status-overrides?date=2026-02-28',
  statusCode: 404,
  duration: '1ms',
  contentLength: '94',
  level: 'info',
  message: 'Response',
  timestamp: '2026-02-28 11:49:02'
}
{
  service: 'attendance-system',
  method: 'GET',
  url: '/api/admin/leave-years/active',
  ip: '127.0.0.1',
  userAgent: 'Mozilla/5.0 (Windows NT 10.0; Win64; x64) AppleWebKit/537.36 (KHTML, like Gecko) Chrome/145.0.0.0 Safari/537.36 Edg/145.0.0.0',
  timestamp: '2026-02-28 11:49:11',
  level: 'info',
  message: 'Request'
}
{
  service: 'attendance-system',
  method: 'GET',
  url: '/api/auth/me',
  ip: '127.0.0.1',
  userAgent: 'Mozilla/5.0 (Windows NT 10.0; Win64; x64) AppleWebKit/537.36 (KHTML, like Gecko) Chrome/145.0.0.0 Safari/537.36 Edg/145.0.0.0',
  timestamp: '2026-02-28 11:49:11',
  level: 'info',
  message: 'Request'
}
{
  service: 'attendance-system',
  method: 'GET',
  url: '/me',
  statusCode: 304,
  duration: '14ms',
  contentLength: 0,
  level: 'info',
  message: 'Response',
  timestamp: '2026-02-28 11:49:11'
}
{
  service: 'attendance-system',
  method: 'GET',
  url: '/active',
  statusCode: 304,
  duration: '31ms',
  contentLength: 0,
  level: 'info',
  message: 'Response',
  timestamp: '2026-02-28 11:49:11'
}
{
  service: 'attendance-system',
  method: 'GET',
  url: '/api/admin/leave-years/active',
  ip: '127.0.0.1',
  userAgent: 'Mozilla/5.0 (Windows NT 10.0; Win64; x64) AppleWebKit/537.36 (KHTML, like Gecko) Chrome/145.0.0.0 Safari/537.36 Edg/145.0.0.0',
  timestamp: '2026-02-28 11:49:11',
  level: 'info',
  message: 'Request'
}
{
  service: 'attendance-system',
  method: 'GET',
  url: '/active',
  statusCode: 304,
  duration: '23ms',
  contentLength: 0,
  level: 'info',
  message: 'Response',
  timestamp: '2026-02-28 11:49:11'
}
{
  service: 'attendance-system',
  method: 'GET',
  url: '/api/announcements/last-read',
  ip: '127.0.0.1',
  userAgent: 'Mozilla/5.0 (Windows NT 10.0; Win64; x64) AppleWebKit/537.36 (KHTML, like Gecko) Chrome/145.0.0.0 Safari/537.36 Edg/145.0.0.0',
  timestamp: '2026-02-28 11:49:11',
  level: 'info',
  message: 'Request'
}
{
  service: 'attendance-system',
  method: 'GET',
  url: '/api/attendance/current-status?_t=1772259551627',
  ip: '127.0.0.1',
  userAgent: 'Mozilla/5.0 (Windows NT 10.0; Win64; x64) AppleWebKit/537.36 (KHTML, like Gecko) Chrome/145.0.0.0 Safari/537.36 Edg/145.0.0.0',
  timestamp: '2026-02-28 11:49:11',
  level: 'info',
  message: 'Request'
}
{
  service: 'attendance-system',
  method: 'GET',
  url: '/api/new-notifications',
  ip: '127.0.0.1',
  userAgent: 'Mozilla/5.0 (Windows NT 10.0; Win64; x64) AppleWebKit/537.36 (KHTML, like Gecko) Chrome/145.0.0.0 Safari/537.36 Edg/145.0.0.0',
  timestamp: '2026-02-28 11:49:11',
  level: 'info',
  message: 'Request'
}
{
  service: 'attendance-system',
  method: 'GET',
  url: '/last-read',
  statusCode: 304,
  duration: '16ms',
  contentLength: 0,
  level: 'info',
  message: 'Response',
  timestamp: '2026-02-28 11:49:11'
}
{
  service: 'attendance-system',
  method: 'GET',
  url: '/api/announcements/last-read',
  ip: '127.0.0.1',
  userAgent: 'Mozilla/5.0 (Windows NT 10.0; Win64; x64) AppleWebKit/537.36 (KHTML, like Gecko) Chrome/145.0.0.0 Safari/537.36 Edg/145.0.0.0',
  timestamp: '2026-02-28 11:49:11',
  level: 'info',
  message: 'Request'
}
{
  service: 'attendance-system',
  method: 'GET',
  url: '/last-read',
  statusCode: 304,
  duration: '14ms',
  contentLength: 0,
  level: 'info',
  message: 'Response',
  timestamp: '2026-02-28 11:49:11'
}
{
  service: 'attendance-system',
  method: 'GET',
  url: '/api/admin/manage?_t=1772259551659',
  ip: '127.0.0.1',
  userAgent: 'Mozilla/5.0 (Windows NT 10.0; Win64; x64) AppleWebKit/537.36 (KHTML, like Gecko) Chrome/145.0.0.0 Safari/537.36 Edg/145.0.0.0',
  timestamp: '2026-02-28 11:49:11',
  level: 'info',
  message: 'Request'
}
{
  service: 'attendance-system',
  method: 'GET',
  url: '/api/analytics/late-grace-settings',
  ip: '127.0.0.1',
  userAgent: 'Mozilla/5.0 (Windows NT 10.0; Win64; x64) AppleWebKit/537.36 (KHTML, like Gecko) Chrome/145.0.0.0 Safari/537.36 Edg/145.0.0.0',
  timestamp: '2026-02-28 11:49:11',
  level: 'info',
  message: 'Request'
}
{
  service: 'attendance-system',
  method: 'GET',
  url: '/analytics/late-grace-settings',
  statusCode: 404,
  duration: '1ms',
  contentLength: '86',
  level: 'info',
  message: 'Response',
  timestamp: '2026-02-28 11:49:11'
}
{
  service: 'attendance-system',
  method: 'GET',
  url: '/current-status?_t=1772259551627',
  statusCode: 200,
  duration: '42ms',
  contentLength: '102',
  level: 'info',
  message: 'Response',
  timestamp: '2026-02-28 11:49:11'
}
{
  service: 'attendance-system',
  method: 'GET',
  url: '/api/announcements/last-read',
  ip: '127.0.0.1',
  userAgent: 'Mozilla/5.0 (Windows NT 10.0; Win64; x64) AppleWebKit/537.36 (KHTML, like Gecko) Chrome/145.0.0.0 Safari/537.36 Edg/145.0.0.0',
  timestamp: '2026-02-28 11:49:11',
  level: 'info',
  message: 'Request'
}
{
  service: 'attendance-system',
  method: 'GET',
  url: '/api/analytics/late-grace-settings',
  ip: '127.0.0.1',
  userAgent: 'Mozilla/5.0 (Windows NT 10.0; Win64; x64) AppleWebKit/537.36 (KHTML, like Gecko) Chrome/145.0.0.0 Safari/537.36 Edg/145.0.0.0',
  timestamp: '2026-02-28 11:49:11',
  level: 'info',
  message: 'Request'
}
{
  service: 'attendance-system',
  method: 'GET',
  url: '/analytics/late-grace-settings',
  statusCode: 404,
  duration: '0ms',
  contentLength: '86',
  level: 'info',
  message: 'Response',
  timestamp: '2026-02-28 11:49:11'
}
{
  service: 'attendance-system',
  method: 'GET',
  url: '/',
  statusCode: 304,
  duration: '48ms',
  contentLength: 0,
  level: 'info',
  message: 'Response',
  timestamp: '2026-02-28 11:49:11'
}
{
  service: 'attendance-system',
  method: 'GET',
  url: '/?_t=1772259551659',
  statusCode: 200,
  duration: '26ms',
  contentLength: '29684',
  level: 'info',
  message: 'Response',
  timestamp: '2026-02-28 11:49:11'
}
{
  service: 'attendance-system',
  method: 'GET',
  url: '/api/admin/manage?_t=1772259551659',
  ip: '127.0.0.1',
  userAgent: 'Mozilla/5.0 (Windows NT 10.0; Win64; x64) AppleWebKit/537.36 (KHTML, like Gecko) Chrome/145.0.0.0 Safari/537.36 Edg/145.0.0.0',
  timestamp: '2026-02-28 11:49:11',
  level: 'info',
  message: 'Request'
}
{
  service: 'attendance-system',
  method: 'GET',
  url: '/last-read',
  statusCode: 304,
  duration: '26ms',
  contentLength: 0,
  level: 'info',
  message: 'Response',
  timestamp: '2026-02-28 11:49:11'
}
{
  service: 'attendance-system',
  method: 'GET',
  url: '/?_t=1772259551659',
  statusCode: 304,
  duration: '14ms',
  contentLength: 0,
  level: 'info',
  message: 'Response',
  timestamp: '2026-02-28 11:49:11'
}
{
  service: 'attendance-system',
  method: 'GET',
  url: '/api/admin/settings/teams-webhook',
  ip: '127.0.0.1',
  userAgent: 'Mozilla/5.0 (Windows NT 10.0; Win64; x64) AppleWebKit/537.36 (KHTML, like Gecko) Chrome/145.0.0.0 Safari/537.36 Edg/145.0.0.0',
  timestamp: '2026-02-28 11:49:21',
  level: 'info',
  message: 'Request'
}
{
  service: 'attendance-system',
  method: 'GET',
  url: '/teams-webhook',
  statusCode: 304,
  duration: '13ms',
  contentLength: 0,
  level: 'info',
  message: 'Response',
  timestamp: '2026-02-28 11:49:21'
}
{
  service: 'attendance-system',
  method: 'GET',
  url: '/api/admin/settings/teams-preview?scope=morning',
  ip: '127.0.0.1',
  userAgent: 'Mozilla/5.0 (Windows NT 10.0; Win64; x64) AppleWebKit/537.36 (KHTML, like Gecko) Chrome/145.0.0.0 Safari/537.36 Edg/145.0.0.0',
  timestamp: '2026-02-28 11:49:23',
  level: 'info',
  message: 'Request'
}
{
  service: 'attendance-system',
  method: 'GET',
  url: '/teams-preview?scope=morning',
  statusCode: 304,
  duration: '47ms',
  contentLength: 0,
  level: 'info',
  message: 'Response',
  timestamp: '2026-02-28 11:49:23'
}
{
  service: 'attendance-system',
  method: 'GET',
  url: '/api/admin/settings/teams-preview?scope=afternoon',
  ip: '127.0.0.1',
  userAgent: 'Mozilla/5.0 (Windows NT 10.0; Win64; x64) AppleWebKit/537.36 (KHTML, like Gecko) Chrome/145.0.0.0 Safari/537.36 Edg/145.0.0.0',
  timestamp: '2026-02-28 11:49:26',
  level: 'info',
  message: 'Request'
}
{
  service: 'attendance-system',
  method: 'GET',
  url: '/teams-preview?scope=afternoon',
  statusCode: 200,
  duration: '35ms',
  contentLength: '3342',
  level: 'info',
  message: 'Response',
  timestamp: '2026-02-28 11:49:26'
}
{
  service: 'attendance-system',
  method: 'GET',
  url: '/api/admin/settings/teams-preview?scope=afternoon',
  ip: '127.0.0.1',
  userAgent: 'Mozilla/5.0 (Windows NT 10.0; Win64; x64) AppleWebKit/537.36 (KHTML, like Gecko) Chrome/145.0.0.0 Safari/537.36 Edg/145.0.0.0',
  timestamp: '2026-02-28 11:49:26',
  level: 'info',
  message: 'Request'
}
{
  service: 'attendance-system',
  method: 'GET',
  url: '/teams-preview?scope=afternoon',
  statusCode: 304,
  duration: '31ms',
  contentLength: 0,
  level: 'info',
  message: 'Response',
  timestamp: '2026-02-28 11:49:26'
}
{
  service: 'attendance-system',
  method: 'GET',
  url: '/api/admin/settings/teams-preview?scope=all',
  ip: '127.0.0.1',
  userAgent: 'Mozilla/5.0 (Windows NT 10.0; Win64; x64) AppleWebKit/537.36 (KHTML, like Gecko) Chrome/145.0.0.0 Safari/537.36 Edg/145.0.0.0',
  timestamp: '2026-02-28 11:49:30',
  level: 'info',
  message: 'Request'
}
{
  service: 'attendance-system',
  method: 'GET',
  url: '/teams-preview?scope=all',
  statusCode: 200,
  duration: '51ms',
  contentLength: '3342',
  level: 'info',
  message: 'Response',
  timestamp: '2026-02-28 11:49:30'
}
{
  service: 'attendance-system',
  method: 'GET',
  url: '/api/admin/settings/teams-preview?scope=all',
  ip: '127.0.0.1',
  userAgent: 'Mozilla/5.0 (Windows NT 10.0; Win64; x64) AppleWebKit/537.36 (KHTML, like Gecko) Chrome/145.0.0.0 Safari/537.36 Edg/145.0.0.0',
  timestamp: '2026-02-28 11:49:30',
  level: 'info',
  message: 'Request'
}
{
  service: 'attendance-system',
  method: 'GET',
  url: '/teams-preview?scope=all',
  statusCode: 304,
  duration: '43ms',
  contentLength: 0,
  level: 'info',
  message: 'Response',
  timestamp: '2026-02-28 11:49:30'
}
{
  service: 'attendance-system',
  method: 'GET',
  url: '/api/admin/settings/teams-status-overrides?date=2026-02-28',
  ip: '127.0.0.1',
  userAgent: 'Mozilla/5.0 (Windows NT 10.0; Win64; x64) AppleWebKit/537.36 (KHTML, like Gecko) Chrome/145.0.0.0 Safari/537.36 Edg/145.0.0.0',
  timestamp: '2026-02-28 11:49:37',
  level: 'info',
  message: 'Request'
}
{
  service: 'attendance-system',
  method: 'GET',
  url: '/admin/settings/teams-status-overrides?date=2026-02-28',
  statusCode: 404,
  duration: '1ms',
  contentLength: '94',
  level: 'info',
  message: 'Response',
  timestamp: '2026-02-28 11:49:37'
}
{
  service: 'attendance-system',
  method: 'GET',
  url: '/api/admin/settings/teams-upcoming-leaves?weeks=2',
  ip: '127.0.0.1',
  userAgent: 'Mozilla/5.0 (Windows NT 10.0; Win64; x64) AppleWebKit/537.36 (KHTML, like Gecko) Chrome/145.0.0.0 Safari/537.36 Edg/145.0.0.0',
  timestamp: '2026-02-28 11:50:26',
  level: 'info',
  message: 'Request'
}
{
  service: 'attendance-system',
  method: 'GET',
  url: '/teams-upcoming-leaves?weeks=2',
  statusCode: 200,
  duration: '21ms',
  contentLength: '1352',
  level: 'info',
  message: 'Response',
  timestamp: '2026-02-28 11:50:26'
}
{
  service: 'attendance-system',
  method: 'GET',
  url: '/api/admin/settings/teams-status-overrides?date=2026-02-28',
  ip: '127.0.0.1',
  userAgent: 'Mozilla/5.0 (Windows NT 10.0; Win64; x64) AppleWebKit/537.36 (KHTML, like Gecko) Chrome/145.0.0.0 Safari/537.36 Edg/145.0.0.0',
  timestamp: '2026-02-28 11:50:30',
  level: 'info',
  message: 'Request'
}
{
  service: 'attendance-system',
  method: 'GET',
  url: '/admin/settings/teams-status-overrides?date=2026-02-28',
  statusCode: 404,
  duration: '2ms',
  contentLength: '94',
  level: 'info',
  message: 'Response',
  timestamp: '2026-02-28 11:50:30'
}
{
  service: 'attendance-system',
  method: 'GET',
  url: '/api/admin/leave-years/active',
  ip: '127.0.0.1',
  userAgent: 'Mozilla/5.0 (Windows NT 10.0; Win64; x64) AppleWebKit/537.36 (KHTML, like Gecko) Chrome/145.0.0.0 Safari/537.36 Edg/145.0.0.0',
  timestamp: '2026-02-28 11:52:02',
  level: 'info',
  message: 'Request'
}
{
  service: 'attendance-system',
  method: 'GET',
  url: '/api/auth/me',
  ip: '127.0.0.1',
  userAgent: 'Mozilla/5.0 (Windows NT 10.0; Win64; x64) AppleWebKit/537.36 (KHTML, like Gecko) Chrome/145.0.0.0 Safari/537.36 Edg/145.0.0.0',
  timestamp: '2026-02-28 11:52:02',
  level: 'info',
  message: 'Request'
}
{
  service: 'attendance-system',
  method: 'GET',
  url: '/active',
  statusCode: 200,
  duration: '45ms',
  contentLength: '194',
  level: 'info',
  message: 'Response',
  timestamp: '2026-02-28 11:52:02'
}
{
  service: 'attendance-system',
  method: 'GET',
  url: '/me',
  statusCode: 200,
  duration: '37ms',
  contentLength: '1282',
  level: 'info',
  message: 'Response',
  timestamp: '2026-02-28 11:52:02'
}
{
  service: 'attendance-system',
  method: 'GET',
  url: '/api/admin/leave-years/active',
  ip: '127.0.0.1',
  userAgent: 'Mozilla/5.0 (Windows NT 10.0; Win64; x64) AppleWebKit/537.36 (KHTML, like Gecko) Chrome/145.0.0.0 Safari/537.36 Edg/145.0.0.0',
  timestamp: '2026-02-28 11:52:02',
  level: 'info',
  message: 'Request'
}
{
  service: 'attendance-system',
  method: 'GET',
  url: '/active',
  statusCode: 304,
  duration: '13ms',
  contentLength: 0,
  level: 'info',
  message: 'Response',
  timestamp: '2026-02-28 11:52:02'
}
{
  service: 'attendance-system',
  method: 'GET',
  url: '/api/announcements/last-read',
  ip: '127.0.0.1',
  userAgent: 'Mozilla/5.0 (Windows NT 10.0; Win64; x64) AppleWebKit/537.36 (KHTML, like Gecko) Chrome/145.0.0.0 Safari/537.36 Edg/145.0.0.0',
  timestamp: '2026-02-28 11:52:02',
  level: 'info',
  message: 'Request'
}
{
  service: 'attendance-system',
  method: 'GET',
  url: '/api/attendance/current-status?_t=1772259722372',
  ip: '127.0.0.1',
  userAgent: 'Mozilla/5.0 (Windows NT 10.0; Win64; x64) AppleWebKit/537.36 (KHTML, like Gecko) Chrome/145.0.0.0 Safari/537.36 Edg/145.0.0.0',
  timestamp: '2026-02-28 11:52:02',
  level: 'info',
  message: 'Request'
}
{
  service: 'attendance-system',
  method: 'GET',
  url: '/api/new-notifications',
  ip: '127.0.0.1',
  userAgent: 'Mozilla/5.0 (Windows NT 10.0; Win64; x64) AppleWebKit/537.36 (KHTML, like Gecko) Chrome/145.0.0.0 Safari/537.36 Edg/145.0.0.0',
  timestamp: '2026-02-28 11:52:02',
  level: 'info',
  message: 'Request'
}
{
  service: 'attendance-system',
  method: 'GET',
  url: '/last-read',
  statusCode: 304,
  duration: '25ms',
  contentLength: 0,
  level: 'info',
  message: 'Response',
  timestamp: '2026-02-28 11:52:02'
}
{
  service: 'attendance-system',
  method: 'GET',
  url: '/api/admin/manage?_t=1772259722396',
  ip: '127.0.0.1',
  userAgent: 'Mozilla/5.0 (Windows NT 10.0; Win64; x64) AppleWebKit/537.36 (KHTML, like Gecko) Chrome/145.0.0.0 Safari/537.36 Edg/145.0.0.0',
  timestamp: '2026-02-28 11:52:02',
  level: 'info',
  message: 'Request'
}
{
  service: 'attendance-system',
  method: 'GET',
  url: '/api/analytics/late-grace-settings',
  ip: '127.0.0.1',
  userAgent: 'Mozilla/5.0 (Windows NT 10.0; Win64; x64) AppleWebKit/537.36 (KHTML, like Gecko) Chrome/145.0.0.0 Safari/537.36 Edg/145.0.0.0',
  timestamp: '2026-02-28 11:52:02',
  level: 'info',
  message: 'Request'
}
{
  service: 'attendance-system',
  method: 'GET',
  url: '/analytics/late-grace-settings',
  statusCode: 404,
  duration: '4ms',
  contentLength: '86',
  level: 'info',
  message: 'Response',
  timestamp: '2026-02-28 11:52:02'
}
{
  service: 'attendance-system',
  method: 'GET',
  url: '/api/announcements/last-read',
  ip: '127.0.0.1',
  userAgent: 'Mozilla/5.0 (Windows NT 10.0; Win64; x64) AppleWebKit/537.36 (KHTML, like Gecko) Chrome/145.0.0.0 Safari/537.36 Edg/145.0.0.0',
  timestamp: '2026-02-28 11:52:02',
  level: 'info',
  message: 'Request'
}
{
  service: 'attendance-system',
  method: 'GET',
  url: '/api/announcements',
  ip: '127.0.0.1',
  userAgent: 'Mozilla/5.0 (Windows NT 10.0; Win64; x64) AppleWebKit/537.36 (KHTML, like Gecko) Chrome/145.0.0.0 Safari/537.36 Edg/145.0.0.0',
  timestamp: '2026-02-28 11:52:02',
  level: 'info',
  message: 'Request'
}
{
  service: 'attendance-system',
  method: 'GET',
  url: '/?_t=1772259722396',
  statusCode: 200,
  duration: '34ms',
  contentLength: '29684',
  level: 'info',
  message: 'Response',
  timestamp: '2026-02-28 11:52:02'
}
{
  service: 'attendance-system',
  method: 'GET',
  url: '/current-status?_t=1772259722372',
  statusCode: 200,
  duration: '63ms',
  contentLength: '102',
  level: 'info',
  message: 'Response',
  timestamp: '2026-02-28 11:52:02'
}
{
  service: 'attendance-system',
  method: 'GET',
  url: '/',
  statusCode: 304,
  duration: '57ms',
  contentLength: 0,
  level: 'info',
  message: 'Response',
  timestamp: '2026-02-28 11:52:02'
}
{
  service: 'attendance-system',
  method: 'GET',
  url: '/last-read',
  statusCode: 304,
  duration: '25ms',
  contentLength: 0,
  level: 'info',
  message: 'Response',
  timestamp: '2026-02-28 11:52:02'
}
{
  service: 'attendance-system',
  method: 'GET',
  url: '/',
  statusCode: 304,
  duration: '22ms',
  contentLength: 0,
  level: 'info',
  message: 'Response',
  timestamp: '2026-02-28 11:52:02'
}
{
  service: 'attendance-system',
  method: 'GET',
  url: '/api/analytics/late-grace-settings',
  ip: '127.0.0.1',
  userAgent: 'Mozilla/5.0 (Windows NT 10.0; Win64; x64) AppleWebKit/537.36 (KHTML, like Gecko) Chrome/145.0.0.0 Safari/537.36 Edg/145.0.0.0',
  timestamp: '2026-02-28 11:52:02',
  level: 'info',
  message: 'Request'
}
{
  service: 'attendance-system',
  method: 'GET',
  url: '/analytics/late-grace-settings',
  statusCode: 404,
  duration: '1ms',
  contentLength: '86',
  level: 'info',
  message: 'Response',
  timestamp: '2026-02-28 11:52:02'
}
{
  service: 'attendance-system',
  method: 'GET',
  url: '/api/announcements/last-read',
  ip: '127.0.0.1',
  userAgent: 'Mozilla/5.0 (Windows NT 10.0; Win64; x64) AppleWebKit/537.36 (KHTML, like Gecko) Chrome/145.0.0.0 Safari/537.36 Edg/145.0.0.0',
  timestamp: '2026-02-28 11:52:02',
  level: 'info',
  message: 'Request'
}
{
  service: 'attendance-system',
  method: 'GET',
  url: '/last-read',
  statusCode: 304,
  duration: '23ms',
  contentLength: 0,
  level: 'info',
  message: 'Response',
  timestamp: '2026-02-28 11:52:02'
}
{
  service: 'attendance-system',
  method: 'GET',
  url: '/api/admin/manage?_t=1772259722396',
  ip: '127.0.0.1',
  userAgent: 'Mozilla/5.0 (Windows NT 10.0; Win64; x64) AppleWebKit/537.36 (KHTML, like Gecko) Chrome/145.0.0.0 Safari/537.36 Edg/145.0.0.0',
  timestamp: '2026-02-28 11:52:02',
  level: 'info',
  message: 'Request'
}
{
  service: 'attendance-system',
  method: 'GET',
  url: '/?_t=1772259722396',
  statusCode: 304,
  duration: '11ms',
  contentLength: 0,
  level: 'info',
  message: 'Response',
  timestamp: '2026-02-28 11:52:02'
}
{
  service: 'attendance-system',
  method: 'GET',
  url: '/api/admin/settings/teams-webhook',
  ip: '127.0.0.1',
  userAgent: 'Mozilla/5.0 (Windows NT 10.0; Win64; x64) AppleWebKit/537.36 (KHTML, like Gecko) Chrome/145.0.0.0 Safari/537.36 Edg/145.0.0.0',
  timestamp: '2026-02-28 11:52:04',
  level: 'info',
  message: 'Request'
}
{
  service: 'attendance-system',
  method: 'GET',
  url: '/teams-webhook',
  statusCode: 304,
  duration: '13ms',
  contentLength: 0,
  level: 'info',
  message: 'Response',
  timestamp: '2026-02-28 11:52:04'
}
{
  service: 'attendance-system',
  method: 'GET',
  url: '/api/admin/settings/teams-status-overrides?date=2026-02-28',
  ip: '127.0.0.1',
  userAgent: 'Mozilla/5.0 (Windows NT 10.0; Win64; x64) AppleWebKit/537.36 (KHTML, like Gecko) Chrome/145.0.0.0 Safari/537.36 Edg/145.0.0.0',
  timestamp: '2026-02-28 11:52:06',
  level: 'info',
  message: 'Request'
}
{
  service: 'attendance-system',
  method: 'GET',
  url: '/teams-status-overrides?date=2026-02-28',
  statusCode: 200,
  duration: '10ms',
  contentLength: '16',
  level: 'info',
  message: 'Response',
  timestamp: '2026-02-28 11:52:06'
}
{
  service: 'attendance-system',
  method: 'GET',
  url: '/api/admin/settings/teams-preview?scope=morning',
  ip: '127.0.0.1',
  userAgent: 'Mozilla/5.0 (Windows NT 10.0; Win64; x64) AppleWebKit/537.36 (KHTML, like Gecko) Chrome/145.0.0.0 Safari/537.36 Edg/145.0.0.0',
  timestamp: '2026-02-28 11:52:12',
  level: 'info',
  message: 'Request'
}
{
  service: 'attendance-system',
  method: 'GET',
  url: '/teams-preview?scope=morning',
  statusCode: 200,
  duration: '53ms',
  contentLength: '4105',
  level: 'info',
  message: 'Response',
  timestamp: '2026-02-28 11:52:12'
}
{
  service: 'attendance-system',
  method: 'GET',
  url: '/api/admin/settings/teams-status-overrides?date=2026-02-28',
  ip: '127.0.0.1',
  userAgent: 'Mozilla/5.0 (Windows NT 10.0; Win64; x64) AppleWebKit/537.36 (KHTML, like Gecko) Chrome/145.0.0.0 Safari/537.36 Edg/145.0.0.0',
  timestamp: '2026-02-28 11:52:14',
  level: 'info',
  message: 'Request'
}
{
  service: 'attendance-system',
  method: 'GET',
  url: '/teams-status-overrides?date=2026-02-28',
  statusCode: 304,
  duration: '8ms',
  contentLength: 0,
  level: 'info',
  message: 'Response',
  timestamp: '2026-02-28 11:52:14'
}
{
  service: 'attendance-system',
  method: 'GET',
  url: '/api/admin/settings/teams-upcoming-leaves/employees',
  ip: '127.0.0.1',
  userAgent: 'Mozilla/5.0 (Windows NT 10.0; Win64; x64) AppleWebKit/537.36 (KHTML, like Gecko) Chrome/145.0.0.0 Safari/537.36 Edg/145.0.0.0',
  timestamp: '2026-02-28 11:52:15',
  level: 'info',
  message: 'Request'
}
{
  service: 'attendance-system',
  method: 'GET',
  url: '/teams-upcoming-leaves/employees',
  statusCode: 200,
  duration: '10ms',
  contentLength: '3688',
  level: 'info',
  message: 'Response',
  timestamp: '2026-02-28 11:52:15'
}
{
  service: 'attendance-system',
  method: 'POST',
  url: '/api/admin/settings/teams-status-overrides',
  ip: '127.0.0.1',
  userAgent: 'Mozilla/5.0 (Windows NT 10.0; Win64; x64) AppleWebKit/537.36 (KHTML, like Gecko) Chrome/145.0.0.0 Safari/537.36 Edg/145.0.0.0',
  timestamp: '2026-02-28 11:52:34',
  level: 'info',
  message: 'Request'
}
{
  service: 'attendance-system',
  method: 'POST',
  url: '/teams-status-overrides',
  statusCode: 200,
  duration: '55ms',
  contentLength: '51',
  level: 'info',
  message: 'Response',
  timestamp: '2026-02-28 11:52:34'
}
{
  service: 'attendance-system',
  method: 'GET',
  url: '/api/admin/settings/teams-status-overrides?date=2026-02-28',
  ip: '127.0.0.1',
  userAgent: 'Mozilla/5.0 (Windows NT 10.0; Win64; x64) AppleWebKit/537.36 (KHTML, like Gecko) Chrome/145.0.0.0 Safari/537.36 Edg/145.0.0.0',
  timestamp: '2026-02-28 11:52:34',
  level: 'info',
  message: 'Request'
}
{
  service: 'attendance-system',
  method: 'GET',
  url: '/teams-status-overrides?date=2026-02-28',
  statusCode: 200,
  duration: '12ms',
  contentLength: '229',
  level: 'info',
  message: 'Response',
  timestamp: '2026-02-28 11:52:34'
}
{
  service: 'attendance-system',
  method: 'GET',
  url: '/api/admin/settings/teams-preview?scope=morning',
  ip: '127.0.0.1',
  userAgent: 'Mozilla/5.0 (Windows NT 10.0; Win64; x64) AppleWebKit/537.36 (KHTML, like Gecko) Chrome/145.0.0.0 Safari/537.36 Edg/145.0.0.0',
  timestamp: '2026-02-28 11:52:45',
  level: 'info',
  message: 'Request'
}
{
  service: 'attendance-system',
  method: 'GET',
  url: '/teams-preview?scope=morning',
  statusCode: 200,
  duration: '53ms',
  contentLength: '4355',
  level: 'info',
  message: 'Response',
  timestamp: '2026-02-28 11:52:45'
}
{
  service: 'attendance-system',
  method: 'GET',
  url: '/api/admin/leave-years/active',
  ip: '127.0.0.1',
  userAgent: 'Mozilla/5.0 (Windows NT 10.0; Win64; x64) AppleWebKit/537.36 (KHTML, like Gecko) Chrome/145.0.0.0 Safari/537.36 Edg/145.0.0.0',
  timestamp: '2026-02-28 12:14:31',
  level: 'info',
  message: 'Request'
}
{
  service: 'attendance-system',
  method: 'GET',
  url: '/api/auth/me',
  ip: '127.0.0.1',
  userAgent: 'Mozilla/5.0 (Windows NT 10.0; Win64; x64) AppleWebKit/537.36 (KHTML, like Gecko) Chrome/145.0.0.0 Safari/537.36 Edg/145.0.0.0',
  timestamp: '2026-02-28 12:14:31',
  level: 'info',
  message: 'Request'
}
{
  service: 'attendance-system',
  method: 'GET',
  url: '/api/admin/leave-years/active',
  ip: '127.0.0.1',
  userAgent: 'Mozilla/5.0 (Windows NT 10.0; Win64; x64) AppleWebKit/537.36 (KHTML, like Gecko) Chrome/145.0.0.0 Safari/537.36 Edg/145.0.0.0',
  timestamp: '2026-02-28 12:14:31',
  level: 'info',
  message: 'Request'
}
{
  service: 'attendance-system',
  method: 'GET',
  url: '/active',
  statusCode: 200,
  duration: '50ms',
  contentLength: '194',
  level: 'info',
  message: 'Response',
  timestamp: '2026-02-28 12:14:31'
}
{
  service: 'attendance-system',
  method: 'GET',
  url: '/active',
  statusCode: 200,
  duration: '24ms',
  contentLength: '194',
  level: 'info',
  message: 'Response',
  timestamp: '2026-02-28 12:14:31'
}
{
  service: 'attendance-system',
  method: 'GET',
  url: '/me',
  statusCode: 200,
  duration: '49ms',
  contentLength: '1282',
  level: 'info',
  message: 'Response',
  timestamp: '2026-02-28 12:14:31'
}
{
  service: 'attendance-system',
  method: 'GET',
  url: '/api/announcements/last-read',
  ip: '127.0.0.1',
  userAgent: 'Mozilla/5.0 (Windows NT 10.0; Win64; x64) AppleWebKit/537.36 (KHTML, like Gecko) Chrome/145.0.0.0 Safari/537.36 Edg/145.0.0.0',
  timestamp: '2026-02-28 12:14:31',
  level: 'info',
  message: 'Request'
}
{
  service: 'attendance-system',
  method: 'GET',
  url: '/api/attendance/current-status?_t=1772261071819',
  ip: '127.0.0.1',
  userAgent: 'Mozilla/5.0 (Windows NT 10.0; Win64; x64) AppleWebKit/537.36 (KHTML, like Gecko) Chrome/145.0.0.0 Safari/537.36 Edg/145.0.0.0',
  timestamp: '2026-02-28 12:14:31',
  level: 'info',
  message: 'Request'
}
{
  service: 'attendance-system',
  method: 'GET',
  url: '/api/new-notifications',
  ip: '127.0.0.1',
  userAgent: 'Mozilla/5.0 (Windows NT 10.0; Win64; x64) AppleWebKit/537.36 (KHTML, like Gecko) Chrome/145.0.0.0 Safari/537.36 Edg/145.0.0.0',
  timestamp: '2026-02-28 12:14:31',
  level: 'info',
  message: 'Request'
}
{
  service: 'attendance-system',
  method: 'GET',
  url: '/last-read',
  statusCode: 304,
  duration: '29ms',
  contentLength: 0,
  level: 'info',
  message: 'Response',
  timestamp: '2026-02-28 12:14:31'
}
{
  service: 'attendance-system',
  method: 'GET',
  url: '/api/admin/manage?_t=1772261071875',
  ip: '127.0.0.1',
  userAgent: 'Mozilla/5.0 (Windows NT 10.0; Win64; x64) AppleWebKit/537.36 (KHTML, like Gecko) Chrome/145.0.0.0 Safari/537.36 Edg/145.0.0.0',
  timestamp: '2026-02-28 12:14:31',
  level: 'info',
  message: 'Request'
}
{
  service: 'attendance-system',
  method: 'GET',
  url: '/api/analytics/late-grace-settings',
  ip: '127.0.0.1',
  userAgent: 'Mozilla/5.0 (Windows NT 10.0; Win64; x64) AppleWebKit/537.36 (KHTML, like Gecko) Chrome/145.0.0.0 Safari/537.36 Edg/145.0.0.0',
  timestamp: '2026-02-28 12:14:31',
  level: 'info',
  message: 'Request'
}
{
  service: 'attendance-system',
  method: 'GET',
  url: '/analytics/late-grace-settings',
  statusCode: 404,
  duration: '2ms',
  contentLength: '86',
  level: 'info',
  message: 'Response',
  timestamp: '2026-02-28 12:14:31'
}
{
  service: 'attendance-system',
  method: 'GET',
  url: '/current-status?_t=1772261071819',
  statusCode: 200,
  duration: '48ms',
  contentLength: '102',
  level: 'info',
  message: 'Response',
  timestamp: '2026-02-28 12:14:31'
}
{
  service: 'attendance-system',
  method: 'GET',
  url: '/',
  statusCode: 200,
  duration: '46ms',
  contentLength: '27950',
  level: 'info',
  message: 'Response',
  timestamp: '2026-02-28 12:14:31'
}
{
  service: 'attendance-system',
  method: 'GET',
  url: '/?_t=1772261071875',
  statusCode: 200,
  duration: '32ms',
  contentLength: '29684',
  level: 'info',
  message: 'Response',
  timestamp: '2026-02-28 12:14:31'
}
{
  service: 'attendance-system',
  method: 'GET',
  url: '/api/announcements/last-read',
  ip: '127.0.0.1',
  userAgent: 'Mozilla/5.0 (Windows NT 10.0; Win64; x64) AppleWebKit/537.36 (KHTML, like Gecko) Chrome/145.0.0.0 Safari/537.36 Edg/145.0.0.0',
  timestamp: '2026-02-28 12:14:31',
  level: 'info',
  message: 'Request'
}
{
  service: 'attendance-system',
  method: 'GET',
  url: '/api/announcements',
  ip: '127.0.0.1',
  userAgent: 'Mozilla/5.0 (Windows NT 10.0; Win64; x64) AppleWebKit/537.36 (KHTML, like Gecko) Chrome/145.0.0.0 Safari/537.36 Edg/145.0.0.0',
  timestamp: '2026-02-28 12:14:31',
  level: 'info',
  message: 'Request'
}
{
  service: 'attendance-system',
  method: 'GET',
  url: '/api/analytics/late-grace-settings',
  ip: '127.0.0.1',
  userAgent: 'Mozilla/5.0 (Windows NT 10.0; Win64; x64) AppleWebKit/537.36 (KHTML, like Gecko) Chrome/145.0.0.0 Safari/537.36 Edg/145.0.0.0',
  timestamp: '2026-02-28 12:14:31',
  level: 'info',
  message: 'Request'
}
{
  service: 'attendance-system',
  method: 'GET',
  url: '/analytics/late-grace-settings',
  statusCode: 404,
  duration: '1ms',
  contentLength: '86',
  level: 'info',
  message: 'Response',
  timestamp: '2026-02-28 12:14:31'
}
{
  service: 'attendance-system',
  method: 'GET',
  url: '/last-read',
  statusCode: 304,
  duration: '30ms',
  contentLength: 0,
  level: 'info',
  message: 'Response',
  timestamp: '2026-02-28 12:14:31'
}
{
  service: 'attendance-system',
  method: 'GET',
  url: '/',
  statusCode: 304,
  duration: '26ms',
  contentLength: 0,
  level: 'info',
  message: 'Response',
  timestamp: '2026-02-28 12:14:31'
}
{
  service: 'attendance-system',
  method: 'GET',
  url: '/api/announcements/last-read',
  ip: '127.0.0.1',
  userAgent: 'Mozilla/5.0 (Windows NT 10.0; Win64; x64) AppleWebKit/537.36 (KHTML, like Gecko) Chrome/145.0.0.0 Safari/537.36 Edg/145.0.0.0',
  timestamp: '2026-02-28 12:14:31',
  level: 'info',
  message: 'Request'
}
{
  service: 'attendance-system',
  method: 'GET',
  url: '/api/admin/manage?_t=1772261071875',
  ip: '127.0.0.1',
  userAgent: 'Mozilla/5.0 (Windows NT 10.0; Win64; x64) AppleWebKit/537.36 (KHTML, like Gecko) Chrome/145.0.0.0 Safari/537.36 Edg/145.0.0.0',
  timestamp: '2026-02-28 12:14:31',
  level: 'info',
  message: 'Request'
}
{
  service: 'attendance-system',
  method: 'GET',
  url: '/last-read',
  statusCode: 304,
  duration: '19ms',
  contentLength: 0,
  level: 'info',
  message: 'Response',
  timestamp: '2026-02-28 12:14:32'
}
{
  service: 'attendance-system',
  method: 'GET',
  url: '/?_t=1772261071875',
  statusCode: 304,
  duration: '36ms',
  contentLength: 0,
  level: 'info',
  message: 'Response',
  timestamp: '2026-02-28 12:14:32'
}
{
  service: 'attendance-system',
  method: 'GET',
  url: '/api/admin/settings/teams-webhook',
  ip: '127.0.0.1',
  userAgent: 'Mozilla/5.0 (Windows NT 10.0; Win64; x64) AppleWebKit/537.36 (KHTML, like Gecko) Chrome/145.0.0.0 Safari/537.36 Edg/145.0.0.0',
  timestamp: '2026-02-28 12:14:34',
  level: 'info',
  message: 'Request'
}
{
  service: 'attendance-system',
  method: 'GET',
  url: '/teams-webhook',
  statusCode: 304,
  duration: '13ms',
  contentLength: 0,
  level: 'info',
  message: 'Response',
  timestamp: '2026-02-28 12:14:34'
}
{
  service: 'attendance-system',
  method: 'GET',
  url: '/api/admin/settings/teams-status-overrides?date=2026-02-28',
  ip: '127.0.0.1',
  userAgent: 'Mozilla/5.0 (Windows NT 10.0; Win64; x64) AppleWebKit/537.36 (KHTML, like Gecko) Chrome/145.0.0.0 Safari/537.36 Edg/145.0.0.0',
  timestamp: '2026-02-28 12:14:36',
  level: 'info',
  message: 'Request'
}
{
  service: 'attendance-system',
  method: 'GET',
  url: '/teams-status-overrides?date=2026-02-28',
  statusCode: 304,
  duration: '18ms',
  contentLength: 0,
  level: 'info',
  message: 'Response',
  timestamp: '2026-02-28 12:14:36'
}
{
  service: 'attendance-system',
  method: 'GET',
  url: '/api/admin/settings/teams-preview?scope=morning',
  ip: '127.0.0.1',
  userAgent: 'Mozilla/5.0 (Windows NT 10.0; Win64; x64) AppleWebKit/537.36 (KHTML, like Gecko) Chrome/145.0.0.0 Safari/537.36 Edg/145.0.0.0',
  timestamp: '2026-02-28 12:14:39',
  level: 'info',
  message: 'Request'
}
{
  service: 'attendance-system',
  method: 'GET',
  url: '/teams-preview?scope=morning',
  statusCode: 200,
  duration: '66ms',
  contentLength: '3283',
  level: 'info',
  message: 'Response',
  timestamp: '2026-02-28 12:14:39'
}
{
  service: 'attendance-system',
  method: 'GET',
  url: '/api/admin/leave-years/active',
  ip: '127.0.0.1',
  userAgent: 'Mozilla/5.0 (Windows NT 10.0; Win64; x64) AppleWebKit/537.36 (KHTML, like Gecko) Chrome/145.0.0.0 Safari/537.36 Edg/145.0.0.0',
  timestamp: '2026-02-28 14:15:56',
  level: 'info',
  message: 'Request'
}
{
  service: 'attendance-system',
  method: 'GET',
  url: '/api/auth/me',
  ip: '127.0.0.1',
  userAgent: 'Mozilla/5.0 (Windows NT 10.0; Win64; x64) AppleWebKit/537.36 (KHTML, like Gecko) Chrome/145.0.0.0 Safari/537.36 Edg/145.0.0.0',
  timestamp: '2026-02-28 14:15:57',
  level: 'info',
  message: 'Request'
}
{
  service: 'attendance-system',
  method: 'GET',
  url: '/api/admin/leave-years/active',
  ip: '127.0.0.1',
  userAgent: 'Mozilla/5.0 (Windows NT 10.0; Win64; x64) AppleWebKit/537.36 (KHTML, like Gecko) Chrome/145.0.0.0 Safari/537.36 Edg/145.0.0.0',
  timestamp: '2026-02-28 14:15:57',
  level: 'info',
  message: 'Request'
}
{
  service: 'attendance-system',
  method: 'GET',
  url: '/active',
  statusCode: 200,
  duration: '217ms',
  contentLength: '194',
  level: 'info',
  message: 'Response',
  timestamp: '2026-02-28 14:15:57'
}
{
  service: 'attendance-system',
  method: 'GET',
  url: '/active',
  statusCode: 200,
  duration: '53ms',
  contentLength: '194',
  level: 'info',
  message: 'Response',
  timestamp: '2026-02-28 14:15:57'
}
{
  service: 'attendance-system',
  method: 'GET',
  url: '/me',
  statusCode: 200,
  duration: '164ms',
  contentLength: '1282',
  level: 'info',
  message: 'Response',
  timestamp: '2026-02-28 14:15:57'
}
{
  service: 'attendance-system',
  method: 'GET',
  url: '/api/announcements/last-read',
  ip: '127.0.0.1',
  userAgent: 'Mozilla/5.0 (Windows NT 10.0; Win64; x64) AppleWebKit/537.36 (KHTML, like Gecko) Chrome/145.0.0.0 Safari/537.36 Edg/145.0.0.0',
  timestamp: '2026-02-28 14:15:57',
  level: 'info',
  message: 'Request'
}
{
  service: 'attendance-system',
  method: 'GET',
  url: '/api/attendance/current-status?_t=1772268357263',
  ip: '127.0.0.1',
  userAgent: 'Mozilla/5.0 (Windows NT 10.0; Win64; x64) AppleWebKit/537.36 (KHTML, like Gecko) Chrome/145.0.0.0 Safari/537.36 Edg/145.0.0.0',
  timestamp: '2026-02-28 14:15:57',
  level: 'info',
  message: 'Request'
}
{
  service: 'attendance-system',
  method: 'GET',
  url: '/api/new-notifications',
  ip: '127.0.0.1',
  userAgent: 'Mozilla/5.0 (Windows NT 10.0; Win64; x64) AppleWebKit/537.36 (KHTML, like Gecko) Chrome/145.0.0.0 Safari/537.36 Edg/145.0.0.0',
  timestamp: '2026-02-28 14:15:57',
  level: 'info',
  message: 'Request'
}
{
  service: 'attendance-system',
  method: 'GET',
  url: '/api/admin/manage?_t=1772268357289',
  ip: '127.0.0.1',
  userAgent: 'Mozilla/5.0 (Windows NT 10.0; Win64; x64) AppleWebKit/537.36 (KHTML, like Gecko) Chrome/145.0.0.0 Safari/537.36 Edg/145.0.0.0',
  timestamp: '2026-02-28 14:15:57',
  level: 'info',
  message: 'Request'
}
{
  service: 'attendance-system',
  method: 'GET',
  url: '/last-read',
  statusCode: 304,
  duration: '83ms',
  contentLength: 0,
  level: 'info',
  message: 'Response',
  timestamp: '2026-02-28 14:15:57'
}
{
  service: 'attendance-system',
  method: 'GET',
  url: '/api/analytics/late-grace-settings',
  ip: '127.0.0.1',
  userAgent: 'Mozilla/5.0 (Windows NT 10.0; Win64; x64) AppleWebKit/537.36 (KHTML, like Gecko) Chrome/145.0.0.0 Safari/537.36 Edg/145.0.0.0',
  timestamp: '2026-02-28 14:15:57',
  level: 'info',
  message: 'Request'
}
{
  service: 'attendance-system',
  method: 'GET',
  url: '/analytics/late-grace-settings',
  statusCode: 404,
  duration: '3ms',
  contentLength: '86',
  level: 'info',
  message: 'Response',
  timestamp: '2026-02-28 14:15:57'
}
{
  service: 'attendance-system',
  method: 'GET',
  url: '/?_t=1772268357289',
  statusCode: 200,
  duration: '76ms',
  contentLength: '29684',
  level: 'info',
  message: 'Response',
  timestamp: '2026-02-28 14:15:57'
}
{
  service: 'attendance-system',
  method: 'GET',
  url: '/current-status?_t=1772268357263',
  statusCode: 200,
  duration: '121ms',
  contentLength: '102',
  level: 'info',
  message: 'Response',
  timestamp: '2026-02-28 14:15:57'
}
{
  service: 'attendance-system',
  method: 'GET',
  url: '/',
  statusCode: 200,
  duration: '106ms',
  contentLength: '26953',
  level: 'info',
  message: 'Response',
  timestamp: '2026-02-28 14:15:57'
}
{
  service: 'attendance-system',
  method: 'GET',
  url: '/api/announcements/last-read',
  ip: '127.0.0.1',
  userAgent: 'Mozilla/5.0 (Windows NT 10.0; Win64; x64) AppleWebKit/537.36 (KHTML, like Gecko) Chrome/145.0.0.0 Safari/537.36 Edg/145.0.0.0',
  timestamp: '2026-02-28 14:15:57',
  level: 'info',
  message: 'Request'
}
{
  service: 'attendance-system',
  method: 'GET',
  url: '/api/announcements',
  ip: '127.0.0.1',
  userAgent: 'Mozilla/5.0 (Windows NT 10.0; Win64; x64) AppleWebKit/537.36 (KHTML, like Gecko) Chrome/145.0.0.0 Safari/537.36 Edg/145.0.0.0',
  timestamp: '2026-02-28 14:15:57',
  level: 'info',
  message: 'Request'
}
{
  service: 'attendance-system',
  method: 'GET',
  url: '/last-read',
  statusCode: 304,
  duration: '145ms',
  contentLength: 0,
  level: 'info',
  message: 'Response',
  timestamp: '2026-02-28 14:15:57'
}
{
  service: 'attendance-system',
  method: 'GET',
  url: '/api/analytics/late-grace-settings',
  ip: '127.0.0.1',
  userAgent: 'Mozilla/5.0 (Windows NT 10.0; Win64; x64) AppleWebKit/537.36 (KHTML, like Gecko) Chrome/145.0.0.0 Safari/537.36 Edg/145.0.0.0',
  timestamp: '2026-02-28 14:15:57',
  level: 'info',
  message: 'Request'
}
{
  service: 'attendance-system',
  method: 'GET',
  url: '/analytics/late-grace-settings',
  statusCode: 404,
  duration: '11ms',
  contentLength: '86',
  level: 'info',
  message: 'Response',
  timestamp: '2026-02-28 14:15:57'
}
{
  service: 'attendance-system',
  method: 'GET',
  url: '/',
  statusCode: 304,
  duration: '38ms',
  contentLength: 0,
  level: 'info',
  message: 'Response',
  timestamp: '2026-02-28 14:15:57'
}
{
  service: 'attendance-system',
  method: 'GET',
  url: '/api/announcements/last-read',
  ip: '127.0.0.1',
  userAgent: 'Mozilla/5.0 (Windows NT 10.0; Win64; x64) AppleWebKit/537.36 (KHTML, like Gecko) Chrome/145.0.0.0 Safari/537.36 Edg/145.0.0.0',
  timestamp: '2026-02-28 14:15:57',
  level: 'info',
  message: 'Request'
}
{
  service: 'attendance-system',
  method: 'GET',
  url: '/api/admin/manage?_t=1772268357289',
  ip: '127.0.0.1',
  userAgent: 'Mozilla/5.0 (Windows NT 10.0; Win64; x64) AppleWebKit/537.36 (KHTML, like Gecko) Chrome/145.0.0.0 Safari/537.36 Edg/145.0.0.0',
  timestamp: '2026-02-28 14:15:57',
  level: 'info',
  message: 'Request'
}
{
  service: 'attendance-system',
  method: 'GET',
  url: '/last-read',
  statusCode: 304,
  duration: '16ms',
  contentLength: 0,
  level: 'info',
  message: 'Response',
  timestamp: '2026-02-28 14:15:57'
}
{
  service: 'attendance-system',
  method: 'GET',
  url: '/?_t=1772268357289',
  statusCode: 304,
  duration: '18ms',
  contentLength: 0,
  level: 'info',
  message: 'Response',
  timestamp: '2026-02-28 14:15:57'
}
{
  service: 'attendance-system',
  method: 'GET',
  url: '/api/analytics/attendance?startDate=2026-02-01&endDate=2026-02-28&page=1&limit=50',
  ip: '127.0.0.1',
  userAgent: 'Mozilla/5.0 (Windows NT 10.0; Win64; x64) AppleWebKit/537.36 (KHTML, like Gecko) Chrome/145.0.0.0 Safari/537.36 Edg/145.0.0.0',
  timestamp: '2026-02-28 14:16:00',
  level: 'info',
  message: 'Request'
}
{
  service: 'attendance-system',
  method: 'GET',
  url: '/attendance?startDate=2026-02-01&endDate=2026-02-28&page=1&limit=50',
  statusCode: 200,
  duration: '2808ms',
  contentLength: '12999',
  level: 'info',
  message: 'Response',
  timestamp: '2026-02-28 14:16:03'
}
{
  service: 'attendance-system',
  method: 'GET',
  url: '/api/admin/leave-years/active',
  ip: '127.0.0.1',
  userAgent: 'Mozilla/5.0 (Windows NT 10.0; Win64; x64) AppleWebKit/537.36 (KHTML, like Gecko) Chrome/145.0.0.0 Safari/537.36 Edg/145.0.0.0',
  timestamp: '2026-02-28 14:25:02',
  level: 'info',
  message: 'Request'
}
{
  service: 'attendance-system',
  method: 'GET',
  url: '/api/auth/me',
  ip: '127.0.0.1',
  userAgent: 'Mozilla/5.0 (Windows NT 10.0; Win64; x64) AppleWebKit/537.36 (KHTML, like Gecko) Chrome/145.0.0.0 Safari/537.36 Edg/145.0.0.0',
  timestamp: '2026-02-28 14:25:02',
  level: 'info',
  message: 'Request'
}
{
  service: 'attendance-system',
  method: 'GET',
  url: '/api/admin/leave-years/active',
  ip: '127.0.0.1',
  userAgent: 'Mozilla/5.0 (Windows NT 10.0; Win64; x64) AppleWebKit/537.36 (KHTML, like Gecko) Chrome/145.0.0.0 Safari/537.36 Edg/145.0.0.0',
  timestamp: '2026-02-28 14:25:02',
  level: 'info',
  message: 'Request'
}
{
  service: 'attendance-system',
  method: 'GET',
  url: '/active',
  statusCode: 200,
  duration: '31ms',
  contentLength: '194',
  level: 'info',
  message: 'Response',
  timestamp: '2026-02-28 14:25:02'
}
{
  service: 'attendance-system',
  method: 'GET',
  url: '/active',
  statusCode: 200,
  duration: '19ms',
  contentLength: '194',
  level: 'info',
  message: 'Response',
  timestamp: '2026-02-28 14:25:02'
}
{
  service: 'attendance-system',
  method: 'GET',
  url: '/me',
  statusCode: 200,
  duration: '32ms',
  contentLength: '1282',
  level: 'info',
  message: 'Response',
  timestamp: '2026-02-28 14:25:02'
}
{
  service: 'attendance-system',
  method: 'GET',
  url: '/api/announcements/last-read',
  ip: '127.0.0.1',
  userAgent: 'Mozilla/5.0 (Windows NT 10.0; Win64; x64) AppleWebKit/537.36 (KHTML, like Gecko) Chrome/145.0.0.0 Safari/537.36 Edg/145.0.0.0',
  timestamp: '2026-02-28 14:25:02',
  level: 'info',
  message: 'Request'
}
{
  service: 'attendance-system',
  method: 'GET',
  url: '/api/attendance/current-status?_t=1772268902309',
  ip: '127.0.0.1',
  userAgent: 'Mozilla/5.0 (Windows NT 10.0; Win64; x64) AppleWebKit/537.36 (KHTML, like Gecko) Chrome/145.0.0.0 Safari/537.36 Edg/145.0.0.0',
  timestamp: '2026-02-28 14:25:02',
  level: 'info',
  message: 'Request'
}
{
  service: 'attendance-system',
  method: 'GET',
  url: '/api/new-notifications',
  ip: '127.0.0.1',
  userAgent: 'Mozilla/5.0 (Windows NT 10.0; Win64; x64) AppleWebKit/537.36 (KHTML, like Gecko) Chrome/145.0.0.0 Safari/537.36 Edg/145.0.0.0',
  timestamp: '2026-02-28 14:25:02',
  level: 'info',
  message: 'Request'
}
{
  service: 'attendance-system',
  method: 'GET',
  url: '/last-read',
  statusCode: 304,
  duration: '30ms',
  contentLength: 0,
  level: 'info',
  message: 'Response',
  timestamp: '2026-02-28 14:25:02'
}
{
  service: 'attendance-system',
  method: 'GET',
  url: '/api/announcements/last-read',
  ip: '127.0.0.1',
  userAgent: 'Mozilla/5.0 (Windows NT 10.0; Win64; x64) AppleWebKit/537.36 (KHTML, like Gecko) Chrome/145.0.0.0 Safari/537.36 Edg/145.0.0.0',
  timestamp: '2026-02-28 14:25:02',
  level: 'info',
  message: 'Request'
}
{
  service: 'attendance-system',
  method: 'GET',
  url: '/current-status?_t=1772268902309',
  statusCode: 200,
  duration: '32ms',
  contentLength: '102',
  level: 'info',
  message: 'Response',
  timestamp: '2026-02-28 14:25:02'
}
{
  service: 'attendance-system',
  method: 'GET',
  url: '/last-read',
  statusCode: 304,
  duration: '21ms',
  contentLength: 0,
  level: 'info',
  message: 'Response',
  timestamp: '2026-02-28 14:25:02'
}
{
  service: 'attendance-system',
  method: 'GET',
  url: '/',
  statusCode: 200,
  duration: '41ms',
  contentLength: '26992',
  level: 'info',
  message: 'Response',
  timestamp: '2026-02-28 14:25:02'
}
{
  service: 'attendance-system',
  method: 'GET',
  url: '/api/announcements',
  ip: '127.0.0.1',
  userAgent: 'Mozilla/5.0 (Windows NT 10.0; Win64; x64) AppleWebKit/537.36 (KHTML, like Gecko) Chrome/145.0.0.0 Safari/537.36 Edg/145.0.0.0',
  timestamp: '2026-02-28 14:25:02',
  level: 'info',
  message: 'Request'
}
{
  service: 'attendance-system',
  method: 'GET',
  url: '/api/announcements/last-read',
  ip: '127.0.0.1',
  userAgent: 'Mozilla/5.0 (Windows NT 10.0; Win64; x64) AppleWebKit/537.36 (KHTML, like Gecko) Chrome/145.0.0.0 Safari/537.36 Edg/145.0.0.0',
  timestamp: '2026-02-28 14:25:02',
  level: 'info',
  message: 'Request'
}
{
  service: 'attendance-system',
  method: 'GET',
  url: '/',
  statusCode: 304,
  duration: '15ms',
  contentLength: 0,
  level: 'info',
  message: 'Response',
  timestamp: '2026-02-28 14:25:02'
}
{
  service: 'attendance-system',
  method: 'GET',
  url: '/last-read',
  statusCode: 304,
  duration: '9ms',
  contentLength: 0,
  level: 'info',
  message: 'Response',
  timestamp: '2026-02-28 14:25:02'
}
{
  service: 'attendance-system',
  method: 'GET',
  url: '/api/analytics/attendance?startDate=2026-02-01&endDate=2026-02-28&page=1&limit=50',
  ip: '127.0.0.1',
  userAgent: 'Mozilla/5.0 (Windows NT 10.0; Win64; x64) AppleWebKit/537.36 (KHTML, like Gecko) Chrome/145.0.0.0 Safari/537.36 Edg/145.0.0.0',
  timestamp: '2026-02-28 14:25:02',
  level: 'info',
  message: 'Request'
}
{
  service: 'attendance-system',
  method: 'GET',
  url: '/attendance?startDate=2026-02-01&endDate=2026-02-28&page=1&limit=50',
  statusCode: 304,
  duration: '1832ms',
  contentLength: 0,
  level: 'info',
  message: 'Response',
  timestamp: '2026-02-28 14:25:04'
}
{
  service: 'attendance-system',
  method: 'GET',
  url: '/api/analytics/employee/691177970f3bc7c194c6c8bc?month=02&year=2026',
  ip: '127.0.0.1',
  userAgent: 'Mozilla/5.0 (Windows NT 10.0; Win64; x64) AppleWebKit/537.36 (KHTML, like Gecko) Chrome/145.0.0.0 Safari/537.36 Edg/145.0.0.0',
  timestamp: '2026-02-28 14:25:06',
  level: 'info',
  message: 'Request'
}
{
  service: 'attendance-system',
  method: 'GET',
  url: '/employee/691177970f3bc7c194c6c8bc?month=02&year=2026',
  statusCode: 200,
  duration: '71ms',
  contentLength: '8113',
  level: 'info',
  message: 'Response',
  timestamp: '2026-02-28 14:25:06'
}
{
  service: 'attendance-system',
  method: 'GET',
  url: '/api/analytics/export/employee/691177970f3bc7c194c6c8bc?month=02&year=2026&format=xlsx',
  ip: '127.0.0.1',
  userAgent: 'Mozilla/5.0 (Windows NT 10.0; Win64; x64) AppleWebKit/537.36 (KHTML, like Gecko) Chrome/145.0.0.0 Safari/537.36 Edg/145.0.0.0',
  timestamp: '2026-02-28 14:25:11',
  level: 'info',
  message: 'Request'
}
{
  service: 'attendance-system',
  method: 'GET',
  url: '/export/employee/691177970f3bc7c194c6c8bc?month=02&year=2026&format=xlsx',
  statusCode: 200,
  duration: '121ms',
  contentLength: 0,
  level: 'info',
  message: 'Response',
  timestamp: '2026-02-28 14:25:12'
}
{
  service: 'attendance-system',
  method: 'GET',
  url: '/export/employee/691177970f3bc7c194c6c8bc?month=02&year=2026&format=xlsx',
  statusCode: 200,
  duration: '122ms',
  contentLength: 0,
  level: 'info',
  message: 'Response',
  timestamp: '2026-02-28 14:25:12'
}
{
  service: 'attendance-system',
  method: 'GET',
  url: '/api/analytics/export/employee/691177970f3bc7c194c6c8bc?month=02&year=2026&format=ods',
  ip: '127.0.0.1',
  userAgent: 'Mozilla/5.0 (Windows NT 10.0; Win64; x64) AppleWebKit/537.36 (KHTML, like Gecko) Chrome/145.0.0.0 Safari/537.36 Edg/145.0.0.0',
  timestamp: '2026-02-28 14:25:21',
  level: 'info',
  message: 'Request'
}
{
  service: 'attendance-system',
  method: 'GET',
  url: '/export/employee/691177970f3bc7c194c6c8bc?month=02&year=2026&format=ods',
  statusCode: 500,
  duration: '75ms',
  contentLength: '129',
  level: 'info',
  message: 'Response',
  timestamp: '2026-02-28 14:25:21'
}
{
  service: 'attendance-system',
  method: 'GET',
  url: '/api/admin/leave-years/active',
  ip: '127.0.0.1',
  userAgent: 'Mozilla/5.0 (Windows NT 10.0; Win64; x64) AppleWebKit/537.36 (KHTML, like Gecko) Chrome/145.0.0.0 Safari/537.36 Edg/145.0.0.0',
  timestamp: '2026-02-28 14:28:55',
  level: 'info',
  message: 'Request'
}
{
  service: 'attendance-system',
  method: 'GET',
  url: '/api/auth/me',
  ip: '127.0.0.1',
  userAgent: 'Mozilla/5.0 (Windows NT 10.0; Win64; x64) AppleWebKit/537.36 (KHTML, like Gecko) Chrome/145.0.0.0 Safari/537.36 Edg/145.0.0.0',
  timestamp: '2026-02-28 14:28:56',
  level: 'info',
  message: 'Request'
}
{
  service: 'attendance-system',
  method: 'GET',
  url: '/api/admin/leave-years/active',
  ip: '127.0.0.1',
  userAgent: 'Mozilla/5.0 (Windows NT 10.0; Win64; x64) AppleWebKit/537.36 (KHTML, like Gecko) Chrome/145.0.0.0 Safari/537.36 Edg/145.0.0.0',
  timestamp: '2026-02-28 14:28:56',
  level: 'info',
  message: 'Request'
}
{
  service: 'attendance-system',
  method: 'GET',
  url: '/active',
  statusCode: 200,
  duration: '133ms',
  contentLength: '194',
  level: 'info',
  message: 'Response',
  timestamp: '2026-02-28 14:28:56'
}
{
  service: 'attendance-system',
  method: 'GET',
  url: '/active',
  statusCode: 200,
  duration: '40ms',
  contentLength: '194',
  level: 'info',
  message: 'Response',
  timestamp: '2026-02-28 14:28:56'
}
{
  service: 'attendance-system',
  method: 'GET',
  url: '/me',
  statusCode: 200,
  duration: '76ms',
  contentLength: '1282',
  level: 'info',
  message: 'Response',
  timestamp: '2026-02-28 14:28:56'
}
{
  service: 'attendance-system',
  method: 'GET',
  url: '/api/announcements/last-read',
  ip: '127.0.0.1',
  userAgent: 'Mozilla/5.0 (Windows NT 10.0; Win64; x64) AppleWebKit/537.36 (KHTML, like Gecko) Chrome/145.0.0.0 Safari/537.36 Edg/145.0.0.0',
  timestamp: '2026-02-28 14:28:56',
  level: 'info',
  message: 'Request'
}
{
  service: 'attendance-system',
  method: 'GET',
  url: '/api/attendance/current-status?_t=1772269136136',
  ip: '127.0.0.1',
  userAgent: 'Mozilla/5.0 (Windows NT 10.0; Win64; x64) AppleWebKit/537.36 (KHTML, like Gecko) Chrome/145.0.0.0 Safari/537.36 Edg/145.0.0.0',
  timestamp: '2026-02-28 14:28:56',
  level: 'info',
  message: 'Request'
}
{
  service: 'attendance-system',
  method: 'GET',
  url: '/api/new-notifications',
  ip: '127.0.0.1',
  userAgent: 'Mozilla/5.0 (Windows NT 10.0; Win64; x64) AppleWebKit/537.36 (KHTML, like Gecko) Chrome/145.0.0.0 Safari/537.36 Edg/145.0.0.0',
  timestamp: '2026-02-28 14:28:56',
  level: 'info',
  message: 'Request'
}
{
  service: 'attendance-system',
  method: 'GET',
  url: '/last-read',
  statusCode: 304,
  duration: '42ms',
  contentLength: 0,
  level: 'info',
  message: 'Response',
  timestamp: '2026-02-28 14:28:56'
}
{
  service: 'attendance-system',
  method: 'GET',
  url: '/current-status?_t=1772269136136',
  statusCode: 200,
  duration: '52ms',
  contentLength: '102',
  level: 'info',
  message: 'Response',
  timestamp: '2026-02-28 14:28:56'
}
{
  service: 'attendance-system',
  method: 'GET',
  url: '/api/announcements/last-read',
  ip: '127.0.0.1',
  userAgent: 'Mozilla/5.0 (Windows NT 10.0; Win64; x64) AppleWebKit/537.36 (KHTML, like Gecko) Chrome/145.0.0.0 Safari/537.36 Edg/145.0.0.0',
  timestamp: '2026-02-28 14:28:56',
  level: 'info',
  message: 'Request'
}
{
  service: 'attendance-system',
  method: 'GET',
  url: '/api/announcements',
  ip: '127.0.0.1',
  userAgent: 'Mozilla/5.0 (Windows NT 10.0; Win64; x64) AppleWebKit/537.36 (KHTML, like Gecko) Chrome/145.0.0.0 Safari/537.36 Edg/145.0.0.0',
  timestamp: '2026-02-28 14:28:56',
  level: 'info',
  message: 'Request'
}
{
  service: 'attendance-system',
  method: 'GET',
  url: '/',
  statusCode: 304,
  duration: '55ms',
  contentLength: 0,
  level: 'info',
  message: 'Response',
  timestamp: '2026-02-28 14:28:56'
}
{
  service: 'attendance-system',
  method: 'GET',
  url: '/last-read',
  statusCode: 304,
  duration: '17ms',
  contentLength: 0,
  level: 'info',
  message: 'Response',
  timestamp: '2026-02-28 14:28:56'
}
{
  service: 'attendance-system',
  method: 'GET',
  url: '/',
  statusCode: 304,
  duration: '27ms',
  contentLength: 0,
  level: 'info',
  message: 'Response',
  timestamp: '2026-02-28 14:28:56'
}
{
  service: 'attendance-system',
  method: 'GET',
  url: '/api/announcements/last-read',
  ip: '127.0.0.1',
  userAgent: 'Mozilla/5.0 (Windows NT 10.0; Win64; x64) AppleWebKit/537.36 (KHTML, like Gecko) Chrome/145.0.0.0 Safari/537.36 Edg/145.0.0.0',
  timestamp: '2026-02-28 14:28:56',
  level: 'info',
  message: 'Request'
}
{
  service: 'attendance-system',
  method: 'GET',
  url: '/last-read',
  statusCode: 304,
  duration: '20ms',
  contentLength: 0,
  level: 'info',
  message: 'Response',
  timestamp: '2026-02-28 14:28:56'
}
{
  service: 'attendance-system',
  method: 'GET',
  url: '/api/analytics/attendance?startDate=2026-02-01&endDate=2026-02-28&page=1&limit=50',
  ip: '127.0.0.1',
  userAgent: 'Mozilla/5.0 (Windows NT 10.0; Win64; x64) AppleWebKit/537.36 (KHTML, like Gecko) Chrome/145.0.0.0 Safari/537.36 Edg/145.0.0.0',
  timestamp: '2026-02-28 14:28:56',
  level: 'info',
  message: 'Request'
}
{
  service: 'attendance-system',
  method: 'GET',
  url: '/attendance?startDate=2026-02-01&endDate=2026-02-28&page=1&limit=50',
  statusCode: 304,
  duration: '2378ms',
  contentLength: 0,
  level: 'info',
  message: 'Response',
  timestamp: '2026-02-28 14:28:58'
}
{
  service: 'attendance-system',
  method: 'GET',
  url: '/api/analytics/employee/687f2517a9dfd2a01b782b6d?month=02&year=2026',
  ip: '127.0.0.1',
  userAgent: 'Mozilla/5.0 (Windows NT 10.0; Win64; x64) AppleWebKit/537.36 (KHTML, like Gecko) Chrome/145.0.0.0 Safari/537.36 Edg/145.0.0.0',
  timestamp: '2026-02-28 14:29:00',
  level: 'info',
  message: 'Request'
}
{
  service: 'attendance-system',
  method: 'GET',
  url: '/employee/687f2517a9dfd2a01b782b6d?month=02&year=2026',
  statusCode: 200,
  duration: '85ms',
  contentLength: '8109',
  level: 'info',
  message: 'Response',
  timestamp: '2026-02-28 14:29:00'
}
{
  service: 'attendance-system',
  method: 'GET',
  url: '/api/analytics/export/employee/687f2517a9dfd2a01b782b6d?month=02&year=2026&format=xlsx',
  ip: '127.0.0.1',
  userAgent: 'Mozilla/5.0 (Windows NT 10.0; Win64; x64) AppleWebKit/537.36 (KHTML, like Gecko) Chrome/145.0.0.0 Safari/537.36 Edg/145.0.0.0',
  timestamp: '2026-02-28 14:29:02',
  level: 'info',
  message: 'Request'
}
{
  service: 'attendance-system',
  method: 'GET',
  url: '/export/employee/687f2517a9dfd2a01b782b6d?month=02&year=2026&format=xlsx',
  statusCode: 200,
  duration: '188ms',
  contentLength: 0,
  level: 'info',
  message: 'Response',
  timestamp: '2026-02-28 14:29:02'
}
{
  service: 'attendance-system',
  method: 'GET',
  url: '/export/employee/687f2517a9dfd2a01b782b6d?month=02&year=2026&format=xlsx',
  statusCode: 200,
  duration: '190ms',
  contentLength: 0,
  level: 'info',
  message: 'Response',
  timestamp: '2026-02-28 14:29:02'
}
{
  service: 'attendance-system',
  method: 'GET',
  url: '/api/analytics/employee/691177970f3bc7c194c6c8bc?month=02&year=2026',
  ip: '127.0.0.1',
  userAgent: 'Mozilla/5.0 (Windows NT 10.0; Win64; x64) AppleWebKit/537.36 (KHTML, like Gecko) Chrome/145.0.0.0 Safari/537.36 Edg/145.0.0.0',
  timestamp: '2026-02-28 14:30:54',
  level: 'info',
  message: 'Request'
}
{
  service: 'attendance-system',
  method: 'GET',
  url: '/employee/691177970f3bc7c194c6c8bc?month=02&year=2026',
  statusCode: 304,
  duration: '91ms',
  contentLength: 0,
  level: 'info',
  message: 'Response',
  timestamp: '2026-02-28 14:30:55'
}
{
  service: 'attendance-system',
  method: 'GET',
  url: '/api/analytics/employee/687f797fcac0a473f5b46e07?month=02&year=2026',
  ip: '127.0.0.1',
  userAgent: 'Mozilla/5.0 (Windows NT 10.0; Win64; x64) AppleWebKit/537.36 (KHTML, like Gecko) Chrome/145.0.0.0 Safari/537.36 Edg/145.0.0.0',
  timestamp: '2026-02-28 14:31:01',
  level: 'info',
  message: 'Request'
}
{
  service: 'attendance-system',
  method: 'GET',
  url: '/employee/687f797fcac0a473f5b46e07?month=02&year=2026',
  statusCode: 200,
  duration: '82ms',
  contentLength: '8094',
  level: 'info',
  message: 'Response',
  timestamp: '2026-02-28 14:31:01'
}
{
  service: 'attendance-system',
  method: 'GET',
  url: '/api/admin/leave-years/active',
  ip: '127.0.0.1',
  userAgent: 'Mozilla/5.0 (Windows NT 10.0; Win64; x64) AppleWebKit/537.36 (KHTML, like Gecko) Chrome/145.0.0.0 Safari/537.36 Edg/145.0.0.0',
  timestamp: '2026-02-28 14:31:45',
  level: 'info',
  message: 'Request'
}
{
  service: 'attendance-system',
  method: 'GET',
  url: '/api/auth/me',
  ip: '127.0.0.1',
  userAgent: 'Mozilla/5.0 (Windows NT 10.0; Win64; x64) AppleWebKit/537.36 (KHTML, like Gecko) Chrome/145.0.0.0 Safari/537.36 Edg/145.0.0.0',
  timestamp: '2026-02-28 14:31:45',
  level: 'info',
  message: 'Request'
}
{
  service: 'attendance-system',
  method: 'GET',
  url: '/api/admin/leave-years/active',
  ip: '127.0.0.1',
  userAgent: 'Mozilla/5.0 (Windows NT 10.0; Win64; x64) AppleWebKit/537.36 (KHTML, like Gecko) Chrome/145.0.0.0 Safari/537.36 Edg/145.0.0.0',
  timestamp: '2026-02-28 14:31:45',
  level: 'info',
  message: 'Request'
}
{
  service: 'attendance-system',
  method: 'GET',
  url: '/active',
  statusCode: 200,
  duration: '548ms',
  contentLength: '194',
  level: 'info',
  message: 'Response',
  timestamp: '2026-02-28 14:31:46'
}
{
  service: 'attendance-system',
  method: 'GET',
  url: '/active',
  statusCode: 200,
  duration: '536ms',
  contentLength: '194',
  level: 'info',
  message: 'Response',
  timestamp: '2026-02-28 14:31:46'
}
{
  service: 'attendance-system',
  method: 'GET',
  url: '/me',
  statusCode: 200,
  duration: '549ms',
  contentLength: '1282',
  level: 'info',
  message: 'Response',
  timestamp: '2026-02-28 14:31:46'
}
{
  service: 'attendance-system',
  method: 'GET',
  url: '/api/announcements/last-read',
  ip: '127.0.0.1',
  userAgent: 'Mozilla/5.0 (Windows NT 10.0; Win64; x64) AppleWebKit/537.36 (KHTML, like Gecko) Chrome/145.0.0.0 Safari/537.36 Edg/145.0.0.0',
  timestamp: '2026-02-28 14:31:46',
  level: 'info',
  message: 'Request'
}
{
  service: 'attendance-system',
  method: 'GET',
  url: '/api/attendance/current-status?_t=1772269306388',
  ip: '127.0.0.1',
  userAgent: 'Mozilla/5.0 (Windows NT 10.0; Win64; x64) AppleWebKit/537.36 (KHTML, like Gecko) Chrome/145.0.0.0 Safari/537.36 Edg/145.0.0.0',
  timestamp: '2026-02-28 14:31:46',
  level: 'info',
  message: 'Request'
}
{
  service: 'attendance-system',
  method: 'GET',
  url: '/api/new-notifications',
  ip: '127.0.0.1',
  userAgent: 'Mozilla/5.0 (Windows NT 10.0; Win64; x64) AppleWebKit/537.36 (KHTML, like Gecko) Chrome/145.0.0.0 Safari/537.36 Edg/145.0.0.0',
  timestamp: '2026-02-28 14:31:46',
  level: 'info',
  message: 'Request'
}
{
  service: 'attendance-system',
  method: 'GET',
  url: '/last-read',
  statusCode: 304,
  duration: '24ms',
  contentLength: 0,
  level: 'info',
  message: 'Response',
  timestamp: '2026-02-28 14:31:46'
}
{
  service: 'attendance-system',
  method: 'GET',
  url: '/api/announcements/last-read',
  ip: '127.0.0.1',
  userAgent: 'Mozilla/5.0 (Windows NT 10.0; Win64; x64) AppleWebKit/537.36 (KHTML, like Gecko) Chrome/145.0.0.0 Safari/537.36 Edg/145.0.0.0',
  timestamp: '2026-02-28 14:31:46',
  level: 'info',
  message: 'Request'
}
{
  service: 'attendance-system',
  method: 'GET',
  url: '/current-status?_t=1772269306388',
  statusCode: 200,
  duration: '38ms',
  contentLength: '102',
  level: 'info',
  message: 'Response',
  timestamp: '2026-02-28 14:31:46'
}
{
  service: 'attendance-system',
  method: 'GET',
  url: '/last-read',
  statusCode: 304,
  duration: '17ms',
  contentLength: 0,
  level: 'info',
  message: 'Response',
  timestamp: '2026-02-28 14:31:46'
}
{
  service: 'attendance-system',
  method: 'GET',
  url: '/',
  statusCode: 304,
  duration: '37ms',
  contentLength: 0,
  level: 'info',
  message: 'Response',
  timestamp: '2026-02-28 14:31:46'
}
{
  service: 'attendance-system',
  method: 'GET',
  url: '/api/announcements/last-read',
  ip: '127.0.0.1',
  userAgent: 'Mozilla/5.0 (Windows NT 10.0; Win64; x64) AppleWebKit/537.36 (KHTML, like Gecko) Chrome/145.0.0.0 Safari/537.36 Edg/145.0.0.0',
  timestamp: '2026-02-28 14:31:46',
  level: 'info',
  message: 'Request'
}
{
  service: 'attendance-system',
  method: 'GET',
  url: '/api/announcements',
  ip: '127.0.0.1',
  userAgent: 'Mozilla/5.0 (Windows NT 10.0; Win64; x64) AppleWebKit/537.36 (KHTML, like Gecko) Chrome/145.0.0.0 Safari/537.36 Edg/145.0.0.0',
  timestamp: '2026-02-28 14:31:46',
  level: 'info',
  message: 'Request'
}
{
  service: 'attendance-system',
  method: 'GET',
  url: '/last-read',
  statusCode: 304,
  duration: '7ms',
  contentLength: 0,
  level: 'info',
  message: 'Response',
  timestamp: '2026-02-28 14:31:46'
}
{
  service: 'attendance-system',
  method: 'GET',
  url: '/',
  statusCode: 304,
  duration: '8ms',
  contentLength: 0,
  level: 'info',
  message: 'Response',
  timestamp: '2026-02-28 14:31:46'
}
{
  service: 'attendance-system',
  method: 'GET',
  url: '/api/analytics/attendance?startDate=2026-02-01&endDate=2026-02-28&page=1&limit=50',
  ip: '127.0.0.1',
  userAgent: 'Mozilla/5.0 (Windows NT 10.0; Win64; x64) AppleWebKit/537.36 (KHTML, like Gecko) Chrome/145.0.0.0 Safari/537.36 Edg/145.0.0.0',
  timestamp: '2026-02-28 14:31:46',
  level: 'info',
  message: 'Request'
}
{
  service: 'attendance-system',
  method: 'GET',
  url: '/attendance?startDate=2026-02-01&endDate=2026-02-28&page=1&limit=50',
  statusCode: 304,
  duration: '2110ms',
  contentLength: 0,
  level: 'info',
  message: 'Response',
  timestamp: '2026-02-28 14:31:48'
}
{
  service: 'attendance-system',
  method: 'GET',
  url: '/api/analytics/employee/687f2517a9dfd2a01b782b6d?month=02&year=2026',
  ip: '127.0.0.1',
  userAgent: 'Mozilla/5.0 (Windows NT 10.0; Win64; x64) AppleWebKit/537.36 (KHTML, like Gecko) Chrome/145.0.0.0 Safari/537.36 Edg/145.0.0.0',
  timestamp: '2026-02-28 14:31:50',
  level: 'info',
  message: 'Request'
}
{
  service: 'attendance-system',
  method: 'GET',
  url: '/employee/687f2517a9dfd2a01b782b6d?month=02&year=2026',
  statusCode: 304,
  duration: '113ms',
  contentLength: 0,
  level: 'info',
  message: 'Response',
  timestamp: '2026-02-28 14:31:50'
}
{
  service: 'attendance-system',
  method: 'GET',
  url: '/api/analytics/export/employee/687f2517a9dfd2a01b782b6d?month=02&year=2026&format=xlsx',
  ip: '127.0.0.1',
  userAgent: 'Mozilla/5.0 (Windows NT 10.0; Win64; x64) AppleWebKit/537.36 (KHTML, like Gecko) Chrome/145.0.0.0 Safari/537.36 Edg/145.0.0.0',
  timestamp: '2026-02-28 14:31:51',
  level: 'info',
  message: 'Request'
}
{
  service: 'attendance-system',
  method: 'GET',
  url: '/export/employee/687f2517a9dfd2a01b782b6d?month=02&year=2026&format=xlsx',
  statusCode: 200,
  duration: '117ms',
  contentLength: '9301',
  level: 'info',
  message: 'Response',
  timestamp: '2026-02-28 14:31:51'
}
{
  service: 'attendance-system',
  method: 'GET',
  url: '/api/analytics/export/employee/687f2517a9dfd2a01b782b6d?month=02&year=2026&format=csv',
  ip: '127.0.0.1',
  userAgent: 'Mozilla/5.0 (Windows NT 10.0; Win64; x64) AppleWebKit/537.36 (KHTML, like Gecko) Chrome/145.0.0.0 Safari/537.36 Edg/145.0.0.0',
  timestamp: '2026-02-28 14:33:36',
  level: 'info',
  message: 'Request'
}
{
  service: 'attendance-system',
  method: 'GET',
  url: '/export/employee/687f2517a9dfd2a01b782b6d?month=02&year=2026&format=csv',
  statusCode: 200,
  duration: '103ms',
  contentLength: '3823',
  level: 'info',
  message: 'Response',
  timestamp: '2026-02-28 14:33:36'
}
{
  service: 'attendance-system',
  method: 'GET',
  url: '/api/analytics/employee/687f2517a9dfd2a01b782b6d?month=02&year=2026',
  ip: '127.0.0.1',
  userAgent: 'Mozilla/5.0 (Windows NT 10.0; Win64; x64) AppleWebKit/537.36 (KHTML, like Gecko) Chrome/145.0.0.0 Safari/537.36 Edg/145.0.0.0',
  timestamp: '2026-02-28 14:34:56',
  level: 'info',
  message: 'Request'
}
{
  service: 'attendance-system',
  method: 'GET',
  url: '/employee/687f2517a9dfd2a01b782b6d?month=02&year=2026',
  statusCode: 200,
  duration: '23ms',
  contentLength: '8108',
  level: 'info',
  message: 'Response',
  timestamp: '2026-02-28 14:34:56'
}
{
  service: 'attendance-system',
  method: 'GET',
  url: '/api/admin/leave-years/active',
  ip: '127.0.0.1',
  userAgent: 'Mozilla/5.0 (Windows NT 10.0; Win64; x64) AppleWebKit/537.36 (KHTML, like Gecko) Chrome/145.0.0.0 Safari/537.36 Edg/145.0.0.0',
  timestamp: '2026-02-28 14:35:26',
  level: 'info',
  message: 'Request'
}
{
  service: 'attendance-system',
  method: 'GET',
  url: '/api/auth/me',
  ip: '127.0.0.1',
  userAgent: 'Mozilla/5.0 (Windows NT 10.0; Win64; x64) AppleWebKit/537.36 (KHTML, like Gecko) Chrome/145.0.0.0 Safari/537.36 Edg/145.0.0.0',
  timestamp: '2026-02-28 14:35:26',
  level: 'info',
  message: 'Request'
}
{
  service: 'attendance-system',
  method: 'GET',
  url: '/active',
  statusCode: 200,
  duration: '25ms',
  contentLength: '194',
  level: 'info',
  message: 'Response',
  timestamp: '2026-02-28 14:35:26'
}
{
  service: 'attendance-system',
  method: 'GET',
  url: '/api/admin/leave-years/active',
  ip: '127.0.0.1',
  userAgent: 'Mozilla/5.0 (Windows NT 10.0; Win64; x64) AppleWebKit/537.36 (KHTML, like Gecko) Chrome/145.0.0.0 Safari/537.36 Edg/145.0.0.0',
  timestamp: '2026-02-28 14:35:26',
  level: 'info',
  message: 'Request'
}
{
  service: 'attendance-system',
  method: 'GET',
  url: '/me',
  statusCode: 200,
  duration: '35ms',
  contentLength: '1282',
  level: 'info',
  message: 'Response',
  timestamp: '2026-02-28 14:35:26'
}
{
  service: 'attendance-system',
  method: 'GET',
  url: '/active',
  statusCode: 304,
  duration: '13ms',
  contentLength: 0,
  level: 'info',
  message: 'Response',
  timestamp: '2026-02-28 14:35:26'
}
{
  service: 'attendance-system',
  method: 'GET',
  url: '/api/announcements/last-read',
  ip: '127.0.0.1',
  userAgent: 'Mozilla/5.0 (Windows NT 10.0; Win64; x64) AppleWebKit/537.36 (KHTML, like Gecko) Chrome/145.0.0.0 Safari/537.36 Edg/145.0.0.0',
  timestamp: '2026-02-28 14:35:26',
  level: 'info',
  message: 'Request'
}
{
  service: 'attendance-system',
  method: 'GET',
  url: '/api/attendance/current-status?_t=1772269526139',
  ip: '127.0.0.1',
  userAgent: 'Mozilla/5.0 (Windows NT 10.0; Win64; x64) AppleWebKit/537.36 (KHTML, like Gecko) Chrome/145.0.0.0 Safari/537.36 Edg/145.0.0.0',
  timestamp: '2026-02-28 14:35:26',
  level: 'info',
  message: 'Request'
}
{
  service: 'attendance-system',
  method: 'GET',
  url: '/api/new-notifications',
  ip: '127.0.0.1',
  userAgent: 'Mozilla/5.0 (Windows NT 10.0; Win64; x64) AppleWebKit/537.36 (KHTML, like Gecko) Chrome/145.0.0.0 Safari/537.36 Edg/145.0.0.0',
  timestamp: '2026-02-28 14:35:26',
  level: 'info',
  message: 'Request'
}
{
  service: 'attendance-system',
  method: 'GET',
  url: '/last-read',
  statusCode: 304,
  duration: '32ms',
  contentLength: 0,
  level: 'info',
  message: 'Response',
  timestamp: '2026-02-28 14:35:26'
}
{
  service: 'attendance-system',
  method: 'GET',
  url: '/api/announcements/last-read',
  ip: '127.0.0.1',
  userAgent: 'Mozilla/5.0 (Windows NT 10.0; Win64; x64) AppleWebKit/537.36 (KHTML, like Gecko) Chrome/145.0.0.0 Safari/537.36 Edg/145.0.0.0',
  timestamp: '2026-02-28 14:35:26',
  level: 'info',
  message: 'Request'
}
{
  service: 'attendance-system',
  method: 'GET',
  url: '/current-status?_t=1772269526139',
  statusCode: 200,
  duration: '50ms',
  contentLength: '102',
  level: 'info',
  message: 'Response',
  timestamp: '2026-02-28 14:35:26'
}
{
  service: 'attendance-system',
  method: 'GET',
  url: '/api/announcements',
  ip: '127.0.0.1',
  userAgent: 'Mozilla/5.0 (Windows NT 10.0; Win64; x64) AppleWebKit/537.36 (KHTML, like Gecko) Chrome/145.0.0.0 Safari/537.36 Edg/145.0.0.0',
  timestamp: '2026-02-28 14:35:26',
  level: 'info',
  message: 'Request'
}
{
  service: 'attendance-system',
  method: 'GET',
  url: '/',
  statusCode: 304,
  duration: '50ms',
  contentLength: 0,
  level: 'info',
  message: 'Response',
  timestamp: '2026-02-28 14:35:26'
}
{
  service: 'attendance-system',
  method: 'GET',
  url: '/last-read',
  statusCode: 304,
  duration: '22ms',
  contentLength: 0,
  level: 'info',
  message: 'Response',
  timestamp: '2026-02-28 14:35:26'
}
{
  service: 'attendance-system',
  method: 'GET',
  url: '/',
  statusCode: 304,
  duration: '11ms',
  contentLength: 0,
  level: 'info',
  message: 'Response',
  timestamp: '2026-02-28 14:35:26'
}
{
  service: 'attendance-system',
  method: 'GET',
  url: '/api/announcements/last-read',
  ip: '127.0.0.1',
  userAgent: 'Mozilla/5.0 (Windows NT 10.0; Win64; x64) AppleWebKit/537.36 (KHTML, like Gecko) Chrome/145.0.0.0 Safari/537.36 Edg/145.0.0.0',
  timestamp: '2026-02-28 14:35:26',
  level: 'info',
  message: 'Request'
}
{
  service: 'attendance-system',
  method: 'GET',
  url: '/last-read',
  statusCode: 304,
  duration: '8ms',
  contentLength: 0,
  level: 'info',
  message: 'Response',
  timestamp: '2026-02-28 14:35:26'
}
{
  service: 'attendance-system',
  method: 'GET',
  url: '/api/analytics/employee/687f2517a9dfd2a01b782b6d?month=02&year=2026',
  ip: '127.0.0.1',
  userAgent: 'Mozilla/5.0 (Windows NT 10.0; Win64; x64) AppleWebKit/537.36 (KHTML, like Gecko) Chrome/145.0.0.0 Safari/537.36 Edg/145.0.0.0',
  timestamp: '2026-02-28 14:35:26',
  level: 'info',
  message: 'Request'
}
{
  service: 'attendance-system',
  method: 'GET',
  url: '/employee/687f2517a9dfd2a01b782b6d?month=02&year=2026',
  statusCode: 200,
  duration: '82ms',
  contentLength: '8109',
  level: 'info',
  message: 'Response',
  timestamp: '2026-02-28 14:35:26'
}
{
  service: 'attendance-system',
  method: 'GET',
  url: '/api/admin/leave-years/active',
  ip: '127.0.0.1',
  userAgent: 'Mozilla/5.0 (Windows NT 10.0; Win64; x64) AppleWebKit/537.36 (KHTML, like Gecko) Chrome/145.0.0.0 Safari/537.36 Edg/145.0.0.0',
  timestamp: '2026-02-28 14:39:28',
  level: 'info',
  message: 'Request'
}
{
  service: 'attendance-system',
  method: 'GET',
  url: '/api/auth/me',
  ip: '127.0.0.1',
  userAgent: 'Mozilla/5.0 (Windows NT 10.0; Win64; x64) AppleWebKit/537.36 (KHTML, like Gecko) Chrome/145.0.0.0 Safari/537.36 Edg/145.0.0.0',
  timestamp: '2026-02-28 14:39:29',
  level: 'info',
  message: 'Request'
}
{
  service: 'attendance-system',
  method: 'GET',
  url: '/active',
  statusCode: 304,
  duration: '552ms',
  contentLength: 0,
  level: 'info',
  message: 'Response',
  timestamp: '2026-02-28 14:39:29'
}
{
  service: 'attendance-system',
  method: 'GET',
  url: '/me',
  statusCode: 304,
  duration: '545ms',
  contentLength: 0,
  level: 'info',
  message: 'Response',
  timestamp: '2026-02-28 14:39:29'
}
{
  service: 'attendance-system',
  method: 'GET',
  url: '/api/admin/leave-years/active',
  ip: '127.0.0.1',
  userAgent: 'Mozilla/5.0 (Windows NT 10.0; Win64; x64) AppleWebKit/537.36 (KHTML, like Gecko) Chrome/145.0.0.0 Safari/537.36 Edg/145.0.0.0',
  timestamp: '2026-02-28 14:39:29',
  level: 'info',
  message: 'Request'
}
{
  service: 'attendance-system',
  method: 'GET',
  url: '/active',
  statusCode: 304,
  duration: '12ms',
  contentLength: 0,
  level: 'info',
  message: 'Response',
  timestamp: '2026-02-28 14:39:29'
}
{
  service: 'attendance-system',
  method: 'GET',
  url: '/api/announcements/last-read',
  ip: '127.0.0.1',
  userAgent: 'Mozilla/5.0 (Windows NT 10.0; Win64; x64) AppleWebKit/537.36 (KHTML, like Gecko) Chrome/145.0.0.0 Safari/537.36 Edg/145.0.0.0',
  timestamp: '2026-02-28 14:39:29',
  level: 'info',
  message: 'Request'
}
{
  service: 'attendance-system',
  method: 'GET',
  url: '/api/new-notifications',
  ip: '127.0.0.1',
  userAgent: 'Mozilla/5.0 (Windows NT 10.0; Win64; x64) AppleWebKit/537.36 (KHTML, like Gecko) Chrome/145.0.0.0 Safari/537.36 Edg/145.0.0.0',
  timestamp: '2026-02-28 14:39:29',
  level: 'info',
  message: 'Request'
}
{
  service: 'attendance-system',
  method: 'GET',
  url: '/api/attendance/current-status?_t=1772269769598',
  ip: '127.0.0.1',
  userAgent: 'Mozilla/5.0 (Windows NT 10.0; Win64; x64) AppleWebKit/537.36 (KHTML, like Gecko) Chrome/145.0.0.0 Safari/537.36 Edg/145.0.0.0',
  timestamp: '2026-02-28 14:39:29',
  level: 'info',
  message: 'Request'
}
{
  service: 'attendance-system',
  method: 'GET',
  url: '/last-read',
  statusCode: 304,
  duration: '54ms',
  contentLength: 0,
  level: 'info',
  message: 'Response',
  timestamp: '2026-02-28 14:39:29'
}
{
  service: 'attendance-system',
  method: 'GET',
  url: '/api/announcements/last-read',
  ip: '127.0.0.1',
  userAgent: 'Mozilla/5.0 (Windows NT 10.0; Win64; x64) AppleWebKit/537.36 (KHTML, like Gecko) Chrome/145.0.0.0 Safari/537.36 Edg/145.0.0.0',
  timestamp: '2026-02-28 14:39:29',
  level: 'info',
  message: 'Request'
}
{
  service: 'attendance-system',
  method: 'GET',
  url: '/last-read',
  statusCode: 304,
  duration: '15ms',
  contentLength: 0,
  level: 'info',
  message: 'Response',
  timestamp: '2026-02-28 14:39:29'
}
{
  service: 'attendance-system',
  method: 'GET',
  url: '/current-status?_t=1772269769598',
  statusCode: 200,
  duration: '51ms',
  contentLength: '102',
  level: 'info',
  message: 'Response',
  timestamp: '2026-02-28 14:39:29'
}
{
  service: 'attendance-system',
  method: 'GET',
  url: '/',
  statusCode: 304,
  duration: '69ms',
  contentLength: 0,
  level: 'info',
  message: 'Response',
  timestamp: '2026-02-28 14:39:29'
}
{
  service: 'attendance-system',
  method: 'GET',
  url: '/api/announcements',
  ip: '127.0.0.1',
  userAgent: 'Mozilla/5.0 (Windows NT 10.0; Win64; x64) AppleWebKit/537.36 (KHTML, like Gecko) Chrome/145.0.0.0 Safari/537.36 Edg/145.0.0.0',
  timestamp: '2026-02-28 14:39:29',
  level: 'info',
  message: 'Request'
}
{
  service: 'attendance-system',
  method: 'GET',
  url: '/api/announcements/last-read',
  ip: '127.0.0.1',
  userAgent: 'Mozilla/5.0 (Windows NT 10.0; Win64; x64) AppleWebKit/537.36 (KHTML, like Gecko) Chrome/145.0.0.0 Safari/537.36 Edg/145.0.0.0',
  timestamp: '2026-02-28 14:39:29',
  level: 'info',
  message: 'Request'
}
{
  service: 'attendance-system',
  method: 'GET',
  url: '/',
  statusCode: 304,
  duration: '16ms',
  contentLength: 0,
  level: 'info',
  message: 'Response',
  timestamp: '2026-02-28 14:39:29'
}
{
  service: 'attendance-system',
  method: 'GET',
  url: '/last-read',
  statusCode: 304,
  duration: '8ms',
  contentLength: 0,
  level: 'info',
  message: 'Response',
  timestamp: '2026-02-28 14:39:29'
}
{
  service: 'attendance-system',
  method: 'GET',
  url: '/api/analytics/attendance?startDate=2026-02-01&endDate=2026-02-28&page=1&limit=50',
  ip: '127.0.0.1',
  userAgent: 'Mozilla/5.0 (Windows NT 10.0; Win64; x64) AppleWebKit/537.36 (KHTML, like Gecko) Chrome/145.0.0.0 Safari/537.36 Edg/145.0.0.0',
  timestamp: '2026-02-28 14:39:30',
  level: 'info',
  message: 'Request'
}
{
  service: 'attendance-system',
  method: 'GET',
  url: '/attendance?startDate=2026-02-01&endDate=2026-02-28&page=1&limit=50',
  statusCode: 200,
  duration: '1143ms',
  contentLength: '12999',
  level: 'info',
  message: 'Response',
  timestamp: '2026-02-28 14:39:31'
}
{
  service: 'attendance-system',
  method: 'GET',
  url: '/api/analytics/employee/691177970f3bc7c194c6c8bc?month=02&year=2026',
  ip: '127.0.0.1',
  userAgent: 'Mozilla/5.0 (Windows NT 10.0; Win64; x64) AppleWebKit/537.36 (KHTML, like Gecko) Chrome/145.0.0.0 Safari/537.36 Edg/145.0.0.0',
  timestamp: '2026-02-28 14:41:27',
  level: 'info',
  message: 'Request'
}
{
  service: 'attendance-system',
  method: 'GET',
  url: '/employee/691177970f3bc7c194c6c8bc?month=02&year=2026',
  statusCode: 304,
  duration: '97ms',
  contentLength: 0,
  level: 'info',
  message: 'Response',
  timestamp: '2026-02-28 14:41:27'
}
{
  service: 'attendance-system',
  method: 'GET',
  url: '/api/admin/employees?all=true&slim=true&_t=1772270326183',
  ip: '127.0.0.1',
  userAgent: 'Mozilla/5.0 (Windows NT 10.0; Win64; x64) AppleWebKit/537.36 (KHTML, like Gecko) Chrome/145.0.0.0 Safari/537.36 Edg/145.0.0.0',
  timestamp: '2026-02-28 14:48:46',
  level: 'info',
  message: 'Request'
}
{
  service: 'attendance-system',
  method: 'GET',
  url: '/?all=true&slim=true&_t=1772270326183',
  statusCode: 200,
  duration: '21ms',
  contentLength: '11798',
  level: 'info',
  message: 'Response',
  timestamp: '2026-02-28 14:48:46'
}
{
  service: 'attendance-system',
  method: 'GET',
  url: '/api/admin/employees?all=true&slim=true&_t=1772270326183',
  ip: '127.0.0.1',
  userAgent: 'Mozilla/5.0 (Windows NT 10.0; Win64; x64) AppleWebKit/537.36 (KHTML, like Gecko) Chrome/145.0.0.0 Safari/537.36 Edg/145.0.0.0',
  timestamp: '2026-02-28 14:48:46',
  level: 'info',
  message: 'Request'
}
{
  service: 'attendance-system',
  method: 'GET',
  url: '/?all=true&slim=true&_t=1772270326183',
  statusCode: 304,
  duration: '18ms',
  contentLength: 0,
  level: 'info',
  message: 'Response',
  timestamp: '2026-02-28 14:48:46'
}
{
  service: 'attendance-system',
  method: 'GET',
  url: '/api/attendance/summary?startDate=2026-02-22&endDate=2026-02-28&userId=69411dc3ba2a6021f52ccc6b&includeHolidays=true',
  ip: '127.0.0.1',
  userAgent: 'Mozilla/5.0 (Windows NT 10.0; Win64; x64) AppleWebKit/537.36 (KHTML, like Gecko) Chrome/145.0.0.0 Safari/537.36 Edg/145.0.0.0',
  timestamp: '2026-02-28 14:48:54',
  level: 'info',
  message: 'Request'
}
{
  service: 'attendance-system',
  method: 'GET',
  url: '/summary?startDate=2026-02-22&endDate=2026-02-28&userId=69411dc3ba2a6021f52ccc6b&includeHolidays=true',
  statusCode: 200,
  duration: '32ms',
  contentLength: '8020',
  level: 'info',
  message: 'Response',
  timestamp: '2026-02-28 14:48:54'
}
{
  service: 'attendance-system',
  method: 'GET',
  url: '/api/admin/dashboard-summary?includePendingLeaves=true',
  ip: '127.0.0.1',
  userAgent: 'Mozilla/5.0 (Windows NT 10.0; Win64; x64) AppleWebKit/537.36 (KHTML, like Gecko) Chrome/145.0.0.0 Safari/537.36 Edg/145.0.0.0',
  timestamp: '2026-02-28 14:49:05',
  level: 'info',
  message: 'Request'
}
{
  service: 'attendance-system',
  method: 'GET',
  url: '/dashboard-summary?includePendingLeaves=true',
  statusCode: 200,
  duration: '215ms',
  contentLength: '16639',
  level: 'info',
  message: 'Response',
  timestamp: '2026-02-28 14:49:05'
}
{
  service: 'attendance-system',
  method: 'GET',
  url: '/api/admin/dashboard-summary?includePendingLeaves=true',
  ip: '127.0.0.1',
  userAgent: 'Mozilla/5.0 (Windows NT 10.0; Win64; x64) AppleWebKit/537.36 (KHTML, like Gecko) Chrome/145.0.0.0 Safari/537.36 Edg/145.0.0.0',
  timestamp: '2026-02-28 14:49:05',
  level: 'info',
  message: 'Request'
}
{
  service: 'attendance-system',
  method: 'GET',
  url: '/dashboard-summary?includePendingLeaves=true',
  statusCode: 304,
  duration: '18ms',
  contentLength: 0,
  level: 'info',
  message: 'Response',
  timestamp: '2026-02-28 14:49:05'
}
{
  service: 'attendance-system',
  method: 'GET',
  url: '/api/admin/dashboard-employees/late?page=1&limit=50',
  ip: '127.0.0.1',
  userAgent: 'Mozilla/5.0 (Windows NT 10.0; Win64; x64) AppleWebKit/537.36 (KHTML, like Gecko) Chrome/145.0.0.0 Safari/537.36 Edg/145.0.0.0',
  timestamp: '2026-02-28 14:49:06',
  level: 'info',
  message: 'Request'
}
{
  service: 'attendance-system',
  method: 'GET',
  url: '/dashboard-employees/late?page=1&limit=50',
  statusCode: 200,
  duration: '41ms',
  contentLength: '307',
  level: 'info',
  message: 'Response',
  timestamp: '2026-02-28 14:49:06'
}
{
  service: 'attendance-system',
  method: 'GET',
  url: '/api/admin/dashboard-summary?includePendingLeaves=true',
  ip: '127.0.0.1',
  userAgent: 'Mozilla/5.0 (Windows NT 10.0; Win64; x64) AppleWebKit/537.36 (KHTML, like Gecko) Chrome/145.0.0.0 Safari/537.36 Edg/145.0.0.0',
  timestamp: '2026-02-28 14:50:31',
  level: 'info',
  message: 'Request'
}
{
  service: 'attendance-system',
  method: 'GET',
  url: '/dashboard-summary?includePendingLeaves=true',
  statusCode: 304,
  duration: '21ms',
  contentLength: 0,
  level: 'info',
  message: 'Response',
  timestamp: '2026-02-28 14:50:31'
}
{
  service: 'attendance-system',
  method: 'GET',
  url: '/api/announcements',
  ip: '127.0.0.1',
  userAgent: 'Mozilla/5.0 (Windows NT 10.0; Win64; x64) AppleWebKit/537.36 (KHTML, like Gecko) Chrome/145.0.0.0 Safari/537.36 Edg/145.0.0.0',
  timestamp: '2026-02-28 15:06:40',
  level: 'info',
  message: 'Request'
}
{
  service: 'attendance-system',
  method: 'GET',
  url: '/api/admin/leave-years/active',
  ip: '127.0.0.1',
  userAgent: 'Mozilla/5.0 (Windows NT 10.0; Win64; x64) AppleWebKit/537.36 (KHTML, like Gecko) Chrome/145.0.0.0 Safari/537.36 Edg/145.0.0.0',
  timestamp: '2026-02-28 15:06:40',
  level: 'info',
  message: 'Request'
}
{
  service: 'attendance-system',
  method: 'GET',
  url: '/api/auth/me',
  ip: '127.0.0.1',
  userAgent: 'Mozilla/5.0 (Windows NT 10.0; Win64; x64) AppleWebKit/537.36 (KHTML, like Gecko) Chrome/145.0.0.0 Safari/537.36 Edg/145.0.0.0',
  timestamp: '2026-02-28 15:06:40',
  level: 'info',
  message: 'Request'
}
{
  service: 'attendance-system',
  method: 'GET',
  url: '/api/admin/leave-years/active',
  ip: '127.0.0.1',
  userAgent: 'Mozilla/5.0 (Windows NT 10.0; Win64; x64) AppleWebKit/537.36 (KHTML, like Gecko) Chrome/145.0.0.0 Safari/537.36 Edg/145.0.0.0',
  timestamp: '2026-02-28 15:06:40',
  level: 'info',
  message: 'Request'
}
{
  service: 'attendance-system',
  method: 'GET',
  url: '/active',
  statusCode: 200,
  duration: '102ms',
  contentLength: '194',
  level: 'info',
  message: 'Response',
  timestamp: '2026-02-28 15:06:40'
}
{
  service: 'attendance-system',
  method: 'GET',
  url: '/',
  statusCode: 200,
  duration: '564ms',
  contentLength: '2',
  level: 'info',
  message: 'Response',
  timestamp: '2026-02-28 15:06:40'
}
{
  service: 'attendance-system',
  method: 'GET',
  url: '/active',
  statusCode: 200,
  duration: '137ms',
  contentLength: '194',
  level: 'info',
  message: 'Response',
  timestamp: '2026-02-28 15:06:40'
}
{
  service: 'attendance-system',
  method: 'GET',
  url: '/me',
  statusCode: 200,
  duration: '136ms',
  contentLength: '1282',
  level: 'info',
  message: 'Response',
  timestamp: '2026-02-28 15:06:40'
}
{
  service: 'attendance-system',
  method: 'GET',
  url: '/api/announcements/last-read',
  ip: '127.0.0.1',
  userAgent: 'Mozilla/5.0 (Windows NT 10.0; Win64; x64) AppleWebKit/537.36 (KHTML, like Gecko) Chrome/145.0.0.0 Safari/537.36 Edg/145.0.0.0',
  timestamp: '2026-02-28 15:06:40',
  level: 'info',
  message: 'Request'
}
{
  service: 'attendance-system',
  method: 'GET',
  url: '/api/attendance/current-status?_t=1772271400651',
  ip: '127.0.0.1',
  userAgent: 'Mozilla/5.0 (Windows NT 10.0; Win64; x64) AppleWebKit/537.36 (KHTML, like Gecko) Chrome/145.0.0.0 Safari/537.36 Edg/145.0.0.0',
  timestamp: '2026-02-28 15:06:40',
  level: 'info',
  message: 'Request'
}
{
  service: 'attendance-system',
  method: 'GET',
  url: '/api/new-notifications',
  ip: '127.0.0.1',
  userAgent: 'Mozilla/5.0 (Windows NT 10.0; Win64; x64) AppleWebKit/537.36 (KHTML, like Gecko) Chrome/145.0.0.0 Safari/537.36 Edg/145.0.0.0',
  timestamp: '2026-02-28 15:06:40',
  level: 'info',
  message: 'Request'
}
{
  service: 'attendance-system',
  method: 'GET',
  url: '/last-read',
  statusCode: 304,
  duration: '28ms',
  contentLength: 0,
  level: 'info',
  message: 'Response',
  timestamp: '2026-02-28 15:06:40'
}
{
  service: 'attendance-system',
  method: 'GET',
  url: '/api/announcements/last-read',
  ip: '127.0.0.1',
  userAgent: 'Mozilla/5.0 (Windows NT 10.0; Win64; x64) AppleWebKit/537.36 (KHTML, like Gecko) Chrome/145.0.0.0 Safari/537.36 Edg/145.0.0.0',
  timestamp: '2026-02-28 15:06:40',
  level: 'info',
  message: 'Request'
}
{
  service: 'attendance-system',
  method: 'GET',
  url: '/current-status?_t=1772271400651',
  statusCode: 200,
  duration: '28ms',
  contentLength: '102',
  level: 'info',
  message: 'Response',
  timestamp: '2026-02-28 15:06:40'
}
{
  service: 'attendance-system',
  method: 'GET',
  url: '/last-read',
  statusCode: 304,
  duration: '10ms',
  contentLength: 0,
  level: 'info',
  message: 'Response',
  timestamp: '2026-02-28 15:06:40'
}
{
  service: 'attendance-system',
  method: 'GET',
  url: '/api/announcements',
  ip: '127.0.0.1',
  userAgent: 'Mozilla/5.0 (Windows NT 10.0; Win64; x64) AppleWebKit/537.36 (KHTML, like Gecko) Chrome/145.0.0.0 Safari/537.36 Edg/145.0.0.0',
  timestamp: '2026-02-28 15:06:40',
  level: 'info',
  message: 'Request'
}
{
  service: 'attendance-system',
  method: 'GET',
  url: '/',
  statusCode: 200,
  duration: '3ms',
  contentLength: '2',
  level: 'info',
  message: 'Response',
  timestamp: '2026-02-28 15:06:40'
}
{
  service: 'attendance-system',
  method: 'GET',
  url: '/',
  statusCode: 200,
  duration: '38ms',
  contentLength: '26999',
  level: 'info',
  message: 'Response',
  timestamp: '2026-02-28 15:06:40'
}
{
  service: 'attendance-system',
  method: 'GET',
  url: '/api/announcements/last-read',
  ip: '127.0.0.1',
  userAgent: 'Mozilla/5.0 (Windows NT 10.0; Win64; x64) AppleWebKit/537.36 (KHTML, like Gecko) Chrome/145.0.0.0 Safari/537.36 Edg/145.0.0.0',
  timestamp: '2026-02-28 15:06:40',
  level: 'info',
  message: 'Request'
}
{
  service: 'attendance-system',
  method: 'GET',
  url: '/api/admin/dashboard-summary?includePendingLeaves=true',
  ip: '127.0.0.1',
  userAgent: 'Mozilla/5.0 (Windows NT 10.0; Win64; x64) AppleWebKit/537.36 (KHTML, like Gecko) Chrome/145.0.0.0 Safari/537.36 Edg/145.0.0.0',
  timestamp: '2026-02-28 15:06:40',
  level: 'info',
  message: 'Request'
}
{
  service: 'attendance-system',
  method: 'GET',
  url: '/last-read',
  statusCode: 304,
  duration: '23ms',
  contentLength: 0,
  level: 'info',
  message: 'Response',
  timestamp: '2026-02-28 15:06:40'
}
{
  service: 'attendance-system',
  method: 'GET',
  url: '/dashboard-summary?includePendingLeaves=true',
  statusCode: 200,
  duration: '184ms',
  contentLength: '16639',
  level: 'info',
  message: 'Response',
  timestamp: '2026-02-28 15:06:40'
}
{
  service: 'attendance-system',
  method: 'GET',
  url: '/api/admin/dashboard-summary?includePendingLeaves=true',
  ip: '127.0.0.1',
  userAgent: 'Mozilla/5.0 (Windows NT 10.0; Win64; x64) AppleWebKit/537.36 (KHTML, like Gecko) Chrome/145.0.0.0 Safari/537.36 Edg/145.0.0.0',
  timestamp: '2026-02-28 15:06:40',
  level: 'info',
  message: 'Request'
}
{
  service: 'attendance-system',
  method: 'GET',
  url: '/dashboard-summary?includePendingLeaves=true',
  statusCode: 304,
  duration: '22ms',
  contentLength: 0,
  level: 'info',
  message: 'Response',
  timestamp: '2026-02-28 15:06:40'
}
{
  service: 'attendance-system',
  method: 'GET',
  url: '/api/analytics/attendance?startDate=2026-02-01&endDate=2026-02-28&page=1&limit=50',
  ip: '127.0.0.1',
  userAgent: 'Mozilla/5.0 (Windows NT 10.0; Win64; x64) AppleWebKit/537.36 (KHTML, like Gecko) Chrome/145.0.0.0 Safari/537.36 Edg/145.0.0.0',
  timestamp: '2026-02-28 15:06:43',
  level: 'info',
  message: 'Request'
}
{
  service: 'attendance-system',
  method: 'GET',
  url: '/attendance?startDate=2026-02-01&endDate=2026-02-28&page=1&limit=50',
  statusCode: 200,
  duration: '1653ms',
  contentLength: '13804',
  level: 'info',
  message: 'Response',
  timestamp: '2026-02-28 15:06:45'
}
{
  service: 'attendance-system',
  method: 'GET',
  url: '/api/analytics/employee/691177970f3bc7c194c6c8bc?month=02&year=2026',
  ip: '127.0.0.1',
  userAgent: 'Mozilla/5.0 (Windows NT 10.0; Win64; x64) AppleWebKit/537.36 (KHTML, like Gecko) Chrome/145.0.0.0 Safari/537.36 Edg/145.0.0.0',
  timestamp: '2026-02-28 15:06:51',
  level: 'info',
  message: 'Request'
}
{
  service: 'attendance-system',
  method: 'GET',
  url: '/employee/691177970f3bc7c194c6c8bc?month=02&year=2026',
  statusCode: 200,
  duration: '71ms',
  contentLength: '8114',
  level: 'info',
  message: 'Response',
  timestamp: '2026-02-28 15:06:51'
}
{
  service: 'attendance-system',
  method: 'GET',
  url: '/api/admin/employees?all=true&_t=1772271470242',
  ip: '127.0.0.1',
  userAgent: 'Mozilla/5.0 (Windows NT 10.0; Win64; x64) AppleWebKit/537.36 (KHTML, like Gecko) Chrome/145.0.0.0 Safari/537.36 Edg/145.0.0.0',
  timestamp: '2026-02-28 15:07:50',
  level: 'info',
  message: 'Request'
}
{
  service: 'attendance-system',
  method: 'GET',
  url: '/?all=true&_t=1772271470242',
  statusCode: 200,
  duration: '36ms',
  contentLength: '29004',
  level: 'info',
  message: 'Response',
  timestamp: '2026-02-28 15:07:50'
}
{
  service: 'attendance-system',
  method: 'GET',
  url: '/api/admin/employees?all=true&_t=1772271470242',
  ip: '127.0.0.1',
  userAgent: 'Mozilla/5.0 (Windows NT 10.0; Win64; x64) AppleWebKit/537.36 (KHTML, like Gecko) Chrome/145.0.0.0 Safari/537.36 Edg/145.0.0.0',
  timestamp: '2026-02-28 15:07:50',
  level: 'info',
  message: 'Request'
}
{
  service: 'attendance-system',
  method: 'GET',
  url: '/?all=true&_t=1772271470242',
  statusCode: 304,
  duration: '24ms',
  contentLength: 0,
  level: 'info',
  message: 'Response',
  timestamp: '2026-02-28 15:07:50'
}
{
  service: 'attendance-system',
  method: 'POST',
  url: '/api/admin/reports/attendance',
  ip: '127.0.0.1',
  userAgent: 'Mozilla/5.0 (Windows NT 10.0; Win64; x64) AppleWebKit/537.36 (KHTML, like Gecko) Chrome/145.0.0.0 Safari/537.36 Edg/145.0.0.0',
  timestamp: '2026-02-28 15:09:58',
  level: 'info',
  message: 'Request'
}
{
  service: 'attendance-system',
  method: 'POST',
  url: '/attendance',
  statusCode: 200,
  duration: '43ms',
  contentLength: '10663',
  level: 'info',
  message: 'Response',
  timestamp: '2026-02-28 15:09:58'
}
{
  service: 'attendance-system',
  method: 'GET',
  url: '/api/analytics/attendance?startDate=2026-02-01&endDate=2026-02-28&page=1&limit=50',
  ip: '127.0.0.1',
  userAgent: 'Mozilla/5.0 (Windows NT 10.0; Win64; x64) AppleWebKit/537.36 (KHTML, like Gecko) Chrome/145.0.0.0 Safari/537.36 Edg/145.0.0.0',
  timestamp: '2026-02-28 15:12:56',
  level: 'info',
  message: 'Request'
}
{
  service: 'attendance-system',
  method: 'GET',
  url: '/api/admin/employees?all=true&_t=1772271776300',
  ip: '127.0.0.1',
  userAgent: 'Mozilla/5.0 (Windows NT 10.0; Win64; x64) AppleWebKit/537.36 (KHTML, like Gecko) Chrome/145.0.0.0 Safari/537.36 Edg/145.0.0.0',
  timestamp: '2026-02-28 15:12:56',
  level: 'info',
  message: 'Request'
}
{
  service: 'attendance-system',
  method: 'GET',
  url: '/attendance?startDate=2026-02-01&endDate=2026-02-28&page=1&limit=50',
  statusCode: 304,
  duration: '2282ms',
  contentLength: 0,
  level: 'info',
  message: 'Response',
  timestamp: '2026-02-28 15:12:58'
}
{
  service: 'attendance-system',
  method: 'GET',
  url: '/?all=true&_t=1772271776300',
  statusCode: 200,
  duration: '2025ms',
  contentLength: '29004',
  level: 'info',
  message: 'Response',
  timestamp: '2026-02-28 15:12:58'
}
{
  service: 'attendance-system',
  method: 'GET',
  url: '/api/admin/employees?all=true&_t=1772271776300',
  ip: '127.0.0.1',
  userAgent: 'Mozilla/5.0 (Windows NT 10.0; Win64; x64) AppleWebKit/537.36 (KHTML, like Gecko) Chrome/145.0.0.0 Safari/537.36 Edg/145.0.0.0',
  timestamp: '2026-02-28 15:12:58',
  level: 'info',
  message: 'Request'
}
{
  service: 'attendance-system',
  method: 'GET',
  url: '/?all=true&_t=1772271776300',
  statusCode: 304,
  duration: '29ms',
  contentLength: 0,
  level: 'info',
  message: 'Response',
  timestamp: '2026-02-28 15:12:58'
}
{
  service: 'attendance-system',
  method: 'GET',
  url: '/api/admin/employees?all=true&_t=1772272018377',
  ip: '127.0.0.1',
  userAgent: 'Mozilla/5.0 (Windows NT 10.0; Win64; x64) AppleWebKit/537.36 (KHTML, like Gecko) Chrome/145.0.0.0 Safari/537.36 Edg/145.0.0.0',
  timestamp: '2026-02-28 15:16:58',
  level: 'info',
  message: 'Request'
}
{
  service: 'attendance-system',
  method: 'GET',
  url: '/?all=true&_t=1772272018377',
  statusCode: 200,
  duration: '27ms',
  contentLength: '29004',
  level: 'info',
  message: 'Response',
  timestamp: '2026-02-28 15:16:58'
}
{
  service: 'attendance-system',
  method: 'GET',
  url: '/api/admin/employees?all=true&_t=1772272028458',
  ip: '127.0.0.1',
  userAgent: 'Mozilla/5.0 (Windows NT 10.0; Win64; x64) AppleWebKit/537.36 (KHTML, like Gecko) Chrome/145.0.0.0 Safari/537.36 Edg/145.0.0.0',
  timestamp: '2026-02-28 15:17:08',
  level: 'info',
  message: 'Request'
}
{
  service: 'attendance-system',
  method: 'GET',
  url: '/?all=true&_t=1772272028458',
  statusCode: 200,
  duration: '37ms',
  contentLength: '29004',
  level: 'info',
  message: 'Response',
  timestamp: '2026-02-28 15:17:08'
}
{
  service: 'attendance-system',
  method: 'GET',
  url: '/api/admin/leave-years/active',
  ip: '127.0.0.1',
  userAgent: 'Mozilla/5.0 (Windows NT 10.0; Win64; x64) AppleWebKit/537.36 (KHTML, like Gecko) Chrome/145.0.0.0 Safari/537.36 Edg/145.0.0.0',
  timestamp: '2026-02-28 15:17:57',
  level: 'info',
  message: 'Request'
}
{
  service: 'attendance-system',
  method: 'GET',
  url: '/api/auth/me',
  ip: '127.0.0.1',
  userAgent: 'Mozilla/5.0 (Windows NT 10.0; Win64; x64) AppleWebKit/537.36 (KHTML, like Gecko) Chrome/145.0.0.0 Safari/537.36 Edg/145.0.0.0',
  timestamp: '2026-02-28 15:17:57',
  level: 'info',
  message: 'Request'
}
{
  service: 'attendance-system',
  method: 'GET',
  url: '/active',
  statusCode: 304,
  duration: '11ms',
  contentLength: 0,
  level: 'info',
  message: 'Response',
  timestamp: '2026-02-28 15:17:57'
}
{
  service: 'attendance-system',
  method: 'GET',
  url: '/api/admin/leave-years/active',
  ip: '127.0.0.1',
  userAgent: 'Mozilla/5.0 (Windows NT 10.0; Win64; x64) AppleWebKit/537.36 (KHTML, like Gecko) Chrome/145.0.0.0 Safari/537.36 Edg/145.0.0.0',
  timestamp: '2026-02-28 15:17:57',
  level: 'info',
  message: 'Request'
}
{
  service: 'attendance-system',
  method: 'GET',
  url: '/active',
  statusCode: 304,
  duration: '9ms',
  contentLength: 0,
  level: 'info',
  message: 'Response',
  timestamp: '2026-02-28 15:17:57'
}
{
  service: 'attendance-system',
  method: 'GET',
  url: '/me',
  statusCode: 304,
  duration: '23ms',
  contentLength: 0,
  level: 'info',
  message: 'Response',
  timestamp: '2026-02-28 15:17:57'
}
{
  service: 'attendance-system',
  method: 'GET',
  url: '/api/announcements/last-read',
  ip: '127.0.0.1',
  userAgent: 'Mozilla/5.0 (Windows NT 10.0; Win64; x64) AppleWebKit/537.36 (KHTML, like Gecko) Chrome/145.0.0.0 Safari/537.36 Edg/145.0.0.0',
  timestamp: '2026-02-28 15:17:57',
  level: 'info',
  message: 'Request'
}
{
  service: 'attendance-system',
  method: 'GET',
  url: '/api/attendance/current-status?_t=1772272077092',
  ip: '127.0.0.1',
  userAgent: 'Mozilla/5.0 (Windows NT 10.0; Win64; x64) AppleWebKit/537.36 (KHTML, like Gecko) Chrome/145.0.0.0 Safari/537.36 Edg/145.0.0.0',
  timestamp: '2026-02-28 15:17:57',
  level: 'info',
  message: 'Request'
}
{
  service: 'attendance-system',
  method: 'GET',
  url: '/api/new-notifications',
  ip: '127.0.0.1',
  userAgent: 'Mozilla/5.0 (Windows NT 10.0; Win64; x64) AppleWebKit/537.36 (KHTML, like Gecko) Chrome/145.0.0.0 Safari/537.36 Edg/145.0.0.0',
  timestamp: '2026-02-28 15:17:57',
  level: 'info',
  message: 'Request'
}
{
  service: 'attendance-system',
  method: 'GET',
  url: '/last-read',
  statusCode: 304,
  duration: '24ms',
  contentLength: 0,
  level: 'info',
  message: 'Response',
  timestamp: '2026-02-28 15:17:57'
}
{
  service: 'attendance-system',
  method: 'GET',
  url: '/api/announcements/last-read',
  ip: '127.0.0.1',
  userAgent: 'Mozilla/5.0 (Windows NT 10.0; Win64; x64) AppleWebKit/537.36 (KHTML, like Gecko) Chrome/145.0.0.0 Safari/537.36 Edg/145.0.0.0',
  timestamp: '2026-02-28 15:17:57',
  level: 'info',
  message: 'Request'
}
{
  service: 'attendance-system',
  method: 'GET',
  url: '/current-status?_t=1772272077092',
  statusCode: 200,
  duration: '21ms',
  contentLength: '102',
  level: 'info',
  message: 'Response',
  timestamp: '2026-02-28 15:17:57'
}
{
  service: 'attendance-system',
  method: 'GET',
  url: '/last-read',
  statusCode: 304,
  duration: '11ms',
  contentLength: 0,
  level: 'info',
  message: 'Response',
  timestamp: '2026-02-28 15:17:57'
}
{
  service: 'attendance-system',
  method: 'GET',
  url: '/api/announcements/last-read',
  ip: '127.0.0.1',
  userAgent: 'Mozilla/5.0 (Windows NT 10.0; Win64; x64) AppleWebKit/537.36 (KHTML, like Gecko) Chrome/145.0.0.0 Safari/537.36 Edg/145.0.0.0',
  timestamp: '2026-02-28 15:17:57',
  level: 'info',
  message: 'Request'
}
{
  service: 'attendance-system',
  method: 'GET',
  url: '/api/announcements',
  ip: '127.0.0.1',
  userAgent: 'Mozilla/5.0 (Windows NT 10.0; Win64; x64) AppleWebKit/537.36 (KHTML, like Gecko) Chrome/145.0.0.0 Safari/537.36 Edg/145.0.0.0',
  timestamp: '2026-02-28 15:17:57',
  level: 'info',
  message: 'Request'
}
{
  service: 'attendance-system',
  method: 'GET',
  url: '/last-read',
  statusCode: 304,
  duration: '19ms',
  contentLength: 0,
  level: 'info',
  message: 'Response',
  timestamp: '2026-02-28 15:17:57'
}
{
  service: 'attendance-system',
  method: 'GET',
  url: '/',
  statusCode: 304,
  duration: '52ms',
  contentLength: 0,
  level: 'info',
  message: 'Response',
  timestamp: '2026-02-28 15:17:57'
}
{
  service: 'attendance-system',
  method: 'GET',
  url: '/',
  statusCode: 304,
  duration: '15ms',
  contentLength: 0,
  level: 'info',
  message: 'Response',
  timestamp: '2026-02-28 15:17:57'
}
{
  service: 'attendance-system',
  method: 'GET',
  url: '/api/admin/employees?all=true&_t=1772272077266',
  ip: '127.0.0.1',
  userAgent: 'Mozilla/5.0 (Windows NT 10.0; Win64; x64) AppleWebKit/537.36 (KHTML, like Gecko) Chrome/145.0.0.0 Safari/537.36 Edg/145.0.0.0',
  timestamp: '2026-02-28 15:17:57',
  level: 'info',
  message: 'Request'
}
{
  service: 'attendance-system',
  method: 'GET',
  url: '/?all=true&_t=1772272077266',
  statusCode: 200,
  duration: '28ms',
  contentLength: '29004',
  level: 'info',
  message: 'Response',
  timestamp: '2026-02-28 15:17:57'
}
{
  service: 'attendance-system',
  method: 'GET',
  url: '/api/admin/employees?all=true&_t=1772272077266',
  ip: '127.0.0.1',
  userAgent: 'Mozilla/5.0 (Windows NT 10.0; Win64; x64) AppleWebKit/537.36 (KHTML, like Gecko) Chrome/145.0.0.0 Safari/537.36 Edg/145.0.0.0',
  timestamp: '2026-02-28 15:17:57',
  level: 'info',
  message: 'Request'
}
{
  service: 'attendance-system',
  method: 'GET',
  url: '/?all=true&_t=1772272077266',
  statusCode: 304,
  duration: '32ms',
  contentLength: 0,
  level: 'info',
  message: 'Response',
  timestamp: '2026-02-28 15:17:57'
}
{
  service: 'attendance-system',
  method: 'GET',
  url: '/api/admin/employees?all=true&_t=1772272082382',
  ip: '127.0.0.1',
  userAgent: 'Mozilla/5.0 (Windows NT 10.0; Win64; x64) AppleWebKit/537.36 (KHTML, like Gecko) Chrome/145.0.0.0 Safari/537.36 Edg/145.0.0.0',
  timestamp: '2026-02-28 15:18:02',
  level: 'info',
  message: 'Request'
}
{
  service: 'attendance-system',
  method: 'GET',
  url: '/?all=true&_t=1772272082382',
  statusCode: 200,
  duration: '30ms',
  contentLength: '29004',
  level: 'info',
  message: 'Response',
  timestamp: '2026-02-28 15:18:02'
}
{
  service: 'attendance-system',
  method: 'GET',
  url: '/api/admin/leave-years/active',
  ip: '127.0.0.1',
  userAgent: 'Mozilla/5.0 (Windows NT 10.0; Win64; x64) AppleWebKit/537.36 (KHTML, like Gecko) Chrome/145.0.0.0 Safari/537.36 Edg/145.0.0.0',
  timestamp: '2026-02-28 15:18:06',
  level: 'info',
  message: 'Request'
}
{
  service: 'attendance-system',
  method: 'GET',
  url: '/api/auth/me',
  ip: '127.0.0.1',
  userAgent: 'Mozilla/5.0 (Windows NT 10.0; Win64; x64) AppleWebKit/537.36 (KHTML, like Gecko) Chrome/145.0.0.0 Safari/537.36 Edg/145.0.0.0',
  timestamp: '2026-02-28 15:18:06',
  level: 'info',
  message: 'Request'
}
{
  service: 'attendance-system',
  method: 'GET',
  url: '/me',
  statusCode: 200,
  duration: '9ms',
  contentLength: '1282',
  level: 'info',
  message: 'Response',
  timestamp: '2026-02-28 15:18:06'
}
{
  service: 'attendance-system',
  method: 'GET',
  url: '/api/admin/leave-years/active',
  ip: '127.0.0.1',
  userAgent: 'Mozilla/5.0 (Windows NT 10.0; Win64; x64) AppleWebKit/537.36 (KHTML, like Gecko) Chrome/145.0.0.0 Safari/537.36 Edg/145.0.0.0',
  timestamp: '2026-02-28 15:18:06',
  level: 'info',
  message: 'Request'
}
{
  service: 'attendance-system',
  method: 'GET',
  url: '/active',
  statusCode: 200,
  duration: '26ms',
  contentLength: '194',
  level: 'info',
  message: 'Response',
  timestamp: '2026-02-28 15:18:06'
}
{
  service: 'attendance-system',
  method: 'GET',
  url: '/active',
  statusCode: 200,
  duration: '17ms',
  contentLength: '194',
  level: 'info',
  message: 'Response',
  timestamp: '2026-02-28 15:18:06'
}
{
  service: 'attendance-system',
  method: 'GET',
  url: '/api/announcements/last-read',
  ip: '127.0.0.1',
  userAgent: 'Mozilla/5.0 (Windows NT 10.0; Win64; x64) AppleWebKit/537.36 (KHTML, like Gecko) Chrome/145.0.0.0 Safari/537.36 Edg/145.0.0.0',
  timestamp: '2026-02-28 15:18:06',
  level: 'info',
  message: 'Request'
}
{
  service: 'attendance-system',
  method: 'GET',
  url: '/api/attendance/current-status?_t=1772272086668',
  ip: '127.0.0.1',
  userAgent: 'Mozilla/5.0 (Windows NT 10.0; Win64; x64) AppleWebKit/537.36 (KHTML, like Gecko) Chrome/145.0.0.0 Safari/537.36 Edg/145.0.0.0',
  timestamp: '2026-02-28 15:18:06',
  level: 'info',
  message: 'Request'
}
{
  service: 'attendance-system',
  method: 'GET',
  url: '/api/new-notifications',
  ip: '127.0.0.1',
  userAgent: 'Mozilla/5.0 (Windows NT 10.0; Win64; x64) AppleWebKit/537.36 (KHTML, like Gecko) Chrome/145.0.0.0 Safari/537.36 Edg/145.0.0.0',
  timestamp: '2026-02-28 15:18:06',
  level: 'info',
  message: 'Request'
}
{
  service: 'attendance-system',
  method: 'GET',
  url: '/api/announcements/last-read',
  ip: '127.0.0.1',
  userAgent: 'Mozilla/5.0 (Windows NT 10.0; Win64; x64) AppleWebKit/537.36 (KHTML, like Gecko) Chrome/145.0.0.0 Safari/537.36 Edg/145.0.0.0',
  timestamp: '2026-02-28 15:18:06',
  level: 'info',
  message: 'Request'
}
{
  service: 'attendance-system',
  method: 'GET',
  url: '/api/announcements/last-read',
  ip: '127.0.0.1',
  userAgent: 'Mozilla/5.0 (Windows NT 10.0; Win64; x64) AppleWebKit/537.36 (KHTML, like Gecko) Chrome/145.0.0.0 Safari/537.36 Edg/145.0.0.0',
  timestamp: '2026-02-28 15:18:06',
  level: 'info',
  message: 'Request'
}
{
  service: 'attendance-system',
  method: 'GET',
  url: '/last-read',
  statusCode: 200,
  duration: '30ms',
  contentLength: '43',
  level: 'info',
  message: 'Response',
  timestamp: '2026-02-28 15:18:06'
}
{
  service: 'attendance-system',
  method: 'GET',
  url: '/last-read',
  statusCode: 200,
  duration: '16ms',
  contentLength: '43',
  level: 'info',
  message: 'Response',
  timestamp: '2026-02-28 15:18:06'
}
{
  service: 'attendance-system',
  method: 'GET',
  url: '/last-read',
  statusCode: 200,
  duration: '20ms',
  contentLength: '43',
  level: 'info',
  message: 'Response',
  timestamp: '2026-02-28 15:18:06'
}
{
  service: 'attendance-system',
  method: 'GET',
  url: '/current-status?_t=1772272086668',
  statusCode: 200,
  duration: '42ms',
  contentLength: '102',
  level: 'info',
  message: 'Response',
  timestamp: '2026-02-28 15:18:06'
}
{
  service: 'attendance-system',
  method: 'GET',
  url: '/',
  statusCode: 200,
  duration: '36ms',
  contentLength: '26999',
  level: 'info',
  message: 'Response',
  timestamp: '2026-02-28 15:18:06'
}
{
  service: 'attendance-system',
  method: 'GET',
  url: '/api/admin/employees?all=true&_t=1772272086799',
  ip: '127.0.0.1',
  userAgent: 'Mozilla/5.0 (Windows NT 10.0; Win64; x64) AppleWebKit/537.36 (KHTML, like Gecko) Chrome/145.0.0.0 Safari/537.36 Edg/145.0.0.0',
  timestamp: '2026-02-28 15:18:06',
  level: 'info',
  message: 'Request'
}
{
  service: 'attendance-system',
  method: 'GET',
  url: '/?all=true&_t=1772272086799',
  statusCode: 200,
  duration: '23ms',
  contentLength: '29004',
  level: 'info',
  message: 'Response',
  timestamp: '2026-02-28 15:18:06'
}
{
  service: 'attendance-system',
  method: 'GET',
  url: '/api/admin/employees?all=true&_t=1772272086799',
  ip: '127.0.0.1',
  userAgent: 'Mozilla/5.0 (Windows NT 10.0; Win64; x64) AppleWebKit/537.36 (KHTML, like Gecko) Chrome/145.0.0.0 Safari/537.36 Edg/145.0.0.0',
  timestamp: '2026-02-28 15:18:06',
  level: 'info',
  message: 'Request'
}
{
  service: 'attendance-system',
  method: 'GET',
  url: '/?all=true&_t=1772272086799',
  statusCode: 304,
  duration: '25ms',
  contentLength: 0,
  level: 'info',
  message: 'Response',
  timestamp: '2026-02-28 15:18:06'
}
{
  service: 'attendance-system',
  method: 'GET',
  url: '/api/admin/leave-years/active',
  ip: '127.0.0.1',
  userAgent: 'Mozilla/5.0 (Windows NT 10.0; Win64; x64) AppleWebKit/537.36 (KHTML, like Gecko) Chrome/145.0.0.0 Safari/537.36 Edg/145.0.0.0',
  timestamp: '2026-02-28 15:18:14',
  level: 'info',
  message: 'Request'
}
{
  service: 'attendance-system',
  method: 'GET',
  url: '/api/auth/me',
  ip: '127.0.0.1',
  userAgent: 'Mozilla/5.0 (Windows NT 10.0; Win64; x64) AppleWebKit/537.36 (KHTML, like Gecko) Chrome/145.0.0.0 Safari/537.36 Edg/145.0.0.0',
  timestamp: '2026-02-28 15:18:14',
  level: 'info',
  message: 'Request'
}
{
  service: 'attendance-system',
  method: 'GET',
  url: '/active',
  statusCode: 200,
  duration: '67ms',
  contentLength: '194',
  level: 'info',
  message: 'Response',
  timestamp: '2026-02-28 15:18:14'
}
{
  service: 'attendance-system',
  method: 'GET',
  url: '/api/admin/leave-years/active',
  ip: '127.0.0.1',
  userAgent: 'Mozilla/5.0 (Windows NT 10.0; Win64; x64) AppleWebKit/537.36 (KHTML, like Gecko) Chrome/145.0.0.0 Safari/537.36 Edg/145.0.0.0',
  timestamp: '2026-02-28 15:18:14',
  level: 'info',
  message: 'Request'
}
{
  service: 'attendance-system',
  method: 'GET',
  url: '/me',
  statusCode: 200,
  duration: '79ms',
  contentLength: '1282',
  level: 'info',
  message: 'Response',
  timestamp: '2026-02-28 15:18:14'
}
{
  service: 'attendance-system',
  method: 'GET',
  url: '/active',
  statusCode: 304,
  duration: '17ms',
  contentLength: 0,
  level: 'info',
  message: 'Response',
  timestamp: '2026-02-28 15:18:14'
}
{
  service: 'attendance-system',
  method: 'GET',
  url: '/api/attendance/current-status?_t=1772272094363',
  ip: '127.0.0.1',
  userAgent: 'Mozilla/5.0 (Windows NT 10.0; Win64; x64) AppleWebKit/537.36 (KHTML, like Gecko) Chrome/145.0.0.0 Safari/537.36 Edg/145.0.0.0',
  timestamp: '2026-02-28 15:18:14',
  level: 'info',
  message: 'Request'
}
{
  service: 'attendance-system',
  method: 'GET',
  url: '/api/announcements/last-read',
  ip: '127.0.0.1',
  userAgent: 'Mozilla/5.0 (Windows NT 10.0; Win64; x64) AppleWebKit/537.36 (KHTML, like Gecko) Chrome/145.0.0.0 Safari/537.36 Edg/145.0.0.0',
  timestamp: '2026-02-28 15:18:14',
  level: 'info',
  message: 'Request'
}
{
  service: 'attendance-system',
  method: 'GET',
  url: '/api/new-notifications',
  ip: '127.0.0.1',
  userAgent: 'Mozilla/5.0 (Windows NT 10.0; Win64; x64) AppleWebKit/537.36 (KHTML, like Gecko) Chrome/145.0.0.0 Safari/537.36 Edg/145.0.0.0',
  timestamp: '2026-02-28 15:18:14',
  level: 'info',
  message: 'Request'
}
{
  service: 'attendance-system',
  method: 'GET',
  url: '/last-read',
  statusCode: 304,
  duration: '26ms',
  contentLength: 0,
  level: 'info',
  message: 'Response',
  timestamp: '2026-02-28 15:18:14'
}
{
  service: 'attendance-system',
  method: 'GET',
  url: '/current-status?_t=1772272094363',
  statusCode: 200,
  duration: '44ms',
  contentLength: '102',
  level: 'info',
  message: 'Response',
  timestamp: '2026-02-28 15:18:14'
}
{
  service: 'attendance-system',
  method: 'GET',
  url: '/',
  statusCode: 304,
  duration: '45ms',
  contentLength: 0,
  level: 'info',
  message: 'Response',
  timestamp: '2026-02-28 15:18:14'
}
{
  service: 'attendance-system',
  method: 'GET',
  url: '/api/announcements/last-read',
  ip: '127.0.0.1',
  userAgent: 'Mozilla/5.0 (Windows NT 10.0; Win64; x64) AppleWebKit/537.36 (KHTML, like Gecko) Chrome/145.0.0.0 Safari/537.36 Edg/145.0.0.0',
  timestamp: '2026-02-28 15:18:14',
  level: 'info',
  message: 'Request'
}
{
  service: 'attendance-system',
  method: 'GET',
  url: '/last-read',
  statusCode: 304,
  duration: '18ms',
  contentLength: 0,
  level: 'info',
  message: 'Response',
  timestamp: '2026-02-28 15:18:14'
}
{
  service: 'attendance-system',
  method: 'GET',
  url: '/api/announcements/last-read',
  ip: '127.0.0.1',
  userAgent: 'Mozilla/5.0 (Windows NT 10.0; Win64; x64) AppleWebKit/537.36 (KHTML, like Gecko) Chrome/145.0.0.0 Safari/537.36 Edg/145.0.0.0',
  timestamp: '2026-02-28 15:18:14',
  level: 'info',
  message: 'Request'
}
{
  service: 'attendance-system',
  method: 'GET',
  url: '/last-read',
  statusCode: 304,
  duration: '12ms',
  contentLength: 0,
  level: 'info',
  message: 'Response',
  timestamp: '2026-02-28 15:18:14'
}
{
  service: 'attendance-system',
  method: 'GET',
  url: '/api/admin/employees?all=true&_t=1772272094531',
  ip: '127.0.0.1',
  userAgent: 'Mozilla/5.0 (Windows NT 10.0; Win64; x64) AppleWebKit/537.36 (KHTML, like Gecko) Chrome/145.0.0.0 Safari/537.36 Edg/145.0.0.0',
  timestamp: '2026-02-28 15:18:14',
  level: 'info',
  message: 'Request'
}
{
  service: 'attendance-system',
  method: 'GET',
  url: '/?all=true&_t=1772272094531',
  statusCode: 200,
  duration: '105ms',
  contentLength: '29004',
  level: 'info',
  message: 'Response',
  timestamp: '2026-02-28 15:18:14'
}
{
  service: 'attendance-system',
  method: 'GET',
  url: '/api/admin/employees?all=true&_t=1772272094531',
  ip: '127.0.0.1',
  userAgent: 'Mozilla/5.0 (Windows NT 10.0; Win64; x64) AppleWebKit/537.36 (KHTML, like Gecko) Chrome/145.0.0.0 Safari/537.36 Edg/145.0.0.0',
  timestamp: '2026-02-28 15:18:14',
  level: 'info',
  message: 'Request'
}
{
  service: 'attendance-system',
  method: 'GET',
  url: '/?all=true&_t=1772272094531',
  statusCode: 304,
  duration: '28ms',
  contentLength: 0,
  level: 'info',
  message: 'Response',
  timestamp: '2026-02-28 15:18:14'
}
{
  service: 'attendance-system',
  method: 'POST',
  url: '/api/admin/reports/attendance',
  ip: '127.0.0.1',
  userAgent: 'Mozilla/5.0 (Windows NT 10.0; Win64; x64) AppleWebKit/537.36 (KHTML, like Gecko) Chrome/145.0.0.0 Safari/537.36 Edg/145.0.0.0',
  timestamp: '2026-02-28 15:18:24',
  level: 'info',
  message: 'Request'
}
{
  service: 'attendance-system',
  method: 'POST',
  url: '/attendance',
  statusCode: 500,
  duration: '53ms',
  contentLength: '49',
  level: 'info',
  message: 'Response',
  timestamp: '2026-02-28 15:18:24'
}
{
  service: 'attendance-system',
  method: 'POST',
  url: '/api/admin/reports/attendance',
  ip: '127.0.0.1',
  userAgent: 'Mozilla/5.0 (Windows NT 10.0; Win64; x64) AppleWebKit/537.36 (KHTML, like Gecko) Chrome/145.0.0.0 Safari/537.36 Edg/145.0.0.0',
  timestamp: '2026-02-28 15:18:29',
  level: 'info',
  message: 'Request'
}
{
  service: 'attendance-system',
  method: 'POST',
  url: '/attendance',
  statusCode: 500,
  duration: '40ms',
  contentLength: '49',
  level: 'info',
  message: 'Response',
  timestamp: '2026-02-28 15:18:29'
}
{
  service: 'attendance-system',
  method: 'GET',
  url: '/api/admin/leave-years/active',
  ip: '127.0.0.1',
  userAgent: 'Mozilla/5.0 (Windows NT 10.0; Win64; x64) AppleWebKit/537.36 (KHTML, like Gecko) Chrome/145.0.0.0 Safari/537.36 Edg/145.0.0.0',
  timestamp: '2026-02-28 15:19:44',
  level: 'info',
  message: 'Request'
}
{
  service: 'attendance-system',
  method: 'GET',
  url: '/api/auth/me',
  ip: '127.0.0.1',
  userAgent: 'Mozilla/5.0 (Windows NT 10.0; Win64; x64) AppleWebKit/537.36 (KHTML, like Gecko) Chrome/145.0.0.0 Safari/537.36 Edg/145.0.0.0',
  timestamp: '2026-02-28 15:19:44',
  level: 'info',
  message: 'Request'
}
{
  service: 'attendance-system',
  method: 'GET',
  url: '/active',
  statusCode: 200,
  duration: '26ms',
  contentLength: '194',
  level: 'info',
  message: 'Response',
  timestamp: '2026-02-28 15:19:44'
}
{
  service: 'attendance-system',
  method: 'GET',
  url: '/api/admin/leave-years/active',
  ip: '127.0.0.1',
  userAgent: 'Mozilla/5.0 (Windows NT 10.0; Win64; x64) AppleWebKit/537.36 (KHTML, like Gecko) Chrome/145.0.0.0 Safari/537.36 Edg/145.0.0.0',
  timestamp: '2026-02-28 15:19:44',
  level: 'info',
  message: 'Request'
}
{
  service: 'attendance-system',
  method: 'GET',
  url: '/me',
  statusCode: 200,
  duration: '36ms',
  contentLength: '1282',
  level: 'info',
  message: 'Response',
  timestamp: '2026-02-28 15:19:44'
}
{
  service: 'attendance-system',
  method: 'GET',
  url: '/active',
  statusCode: 304,
  duration: '14ms',
  contentLength: 0,
  level: 'info',
  message: 'Response',
  timestamp: '2026-02-28 15:19:44'
}
{
  service: 'attendance-system',
  method: 'GET',
  url: '/api/announcements/last-read',
  ip: '127.0.0.1',
  userAgent: 'Mozilla/5.0 (Windows NT 10.0; Win64; x64) AppleWebKit/537.36 (KHTML, like Gecko) Chrome/145.0.0.0 Safari/537.36 Edg/145.0.0.0',
  timestamp: '2026-02-28 15:19:44',
  level: 'info',
  message: 'Request'
}
{
  service: 'attendance-system',
  method: 'GET',
  url: '/api/attendance/current-status?_t=1772272184607',
  ip: '127.0.0.1',
  userAgent: 'Mozilla/5.0 (Windows NT 10.0; Win64; x64) AppleWebKit/537.36 (KHTML, like Gecko) Chrome/145.0.0.0 Safari/537.36 Edg/145.0.0.0',
  timestamp: '2026-02-28 15:19:44',
  level: 'info',
  message: 'Request'
}
{
  service: 'attendance-system',
  method: 'GET',
  url: '/api/new-notifications',
  ip: '127.0.0.1',
  userAgent: 'Mozilla/5.0 (Windows NT 10.0; Win64; x64) AppleWebKit/537.36 (KHTML, like Gecko) Chrome/145.0.0.0 Safari/537.36 Edg/145.0.0.0',
  timestamp: '2026-02-28 15:19:44',
  level: 'info',
  message: 'Request'
}
{
  service: 'attendance-system',
  method: 'GET',
  url: '/last-read',
  statusCode: 304,
  duration: '31ms',
  contentLength: 0,
  level: 'info',
  message: 'Response',
  timestamp: '2026-02-28 15:19:44'
}
{
  service: 'attendance-system',
  method: 'GET',
  url: '/current-status?_t=1772272184607',
  statusCode: 200,
  duration: '30ms',
  contentLength: '102',
  level: 'info',
  message: 'Response',
  timestamp: '2026-02-28 15:19:44'
}
{
  service: 'attendance-system',
  method: 'GET',
  url: '/api/announcements/last-read',
  ip: '127.0.0.1',
  userAgent: 'Mozilla/5.0 (Windows NT 10.0; Win64; x64) AppleWebKit/537.36 (KHTML, like Gecko) Chrome/145.0.0.0 Safari/537.36 Edg/145.0.0.0',
  timestamp: '2026-02-28 15:19:44',
  level: 'info',
  message: 'Request'
}
{
  service: 'attendance-system',
  method: 'GET',
  url: '/last-read',
  statusCode: 304,
  duration: '27ms',
  contentLength: 0,
  level: 'info',
  message: 'Response',
  timestamp: '2026-02-28 15:19:44'
}
{
  service: 'attendance-system',
  method: 'GET',
  url: '/',
  statusCode: 304,
  duration: '56ms',
  contentLength: 0,
  level: 'info',
  message: 'Response',
  timestamp: '2026-02-28 15:19:44'
}
{
  service: 'attendance-system',
  method: 'GET',
  url: '/api/announcements',
  ip: '127.0.0.1',
  userAgent: 'Mozilla/5.0 (Windows NT 10.0; Win64; x64) AppleWebKit/537.36 (KHTML, like Gecko) Chrome/145.0.0.0 Safari/537.36 Edg/145.0.0.0',
  timestamp: '2026-02-28 15:19:44',
  level: 'info',
  message: 'Request'
}
{
  service: 'attendance-system',
  method: 'GET',
  url: '/api/announcements/last-read',
  ip: '127.0.0.1',
  userAgent: 'Mozilla/5.0 (Windows NT 10.0; Win64; x64) AppleWebKit/537.36 (KHTML, like Gecko) Chrome/145.0.0.0 Safari/537.36 Edg/145.0.0.0',
  timestamp: '2026-02-28 15:19:44',
  level: 'info',
  message: 'Request'
}
{
  service: 'attendance-system',
  method: 'GET',
  url: '/',
  statusCode: 304,
  duration: '34ms',
  contentLength: 0,
  level: 'info',
  message: 'Response',
  timestamp: '2026-02-28 15:19:44'
}
{
  service: 'attendance-system',
  method: 'GET',
  url: '/last-read',
  statusCode: 304,
  duration: '77ms',
  contentLength: 0,
  level: 'info',
  message: 'Response',
  timestamp: '2026-02-28 15:19:44'
}
{
  service: 'attendance-system',
  method: 'GET',
  url: '/api/admin/employees?all=true&_t=1772272184762',
  ip: '127.0.0.1',
  userAgent: 'Mozilla/5.0 (Windows NT 10.0; Win64; x64) AppleWebKit/537.36 (KHTML, like Gecko) Chrome/145.0.0.0 Safari/537.36 Edg/145.0.0.0',
  timestamp: '2026-02-28 15:19:44',
  level: 'info',
  message: 'Request'
}
{
  service: 'attendance-system',
  method: 'GET',
  url: '/?all=true&_t=1772272184762',
  statusCode: 200,
  duration: '48ms',
  contentLength: '29004',
  level: 'info',
  message: 'Response',
  timestamp: '2026-02-28 15:19:44'
}
{
  service: 'attendance-system',
  method: 'GET',
  url: '/api/admin/employees?all=true&_t=1772272184762',
  ip: '127.0.0.1',
  userAgent: 'Mozilla/5.0 (Windows NT 10.0; Win64; x64) AppleWebKit/537.36 (KHTML, like Gecko) Chrome/145.0.0.0 Safari/537.36 Edg/145.0.0.0',
  timestamp: '2026-02-28 15:19:44',
  level: 'info',
  message: 'Request'
}
{
  service: 'attendance-system',
  method: 'GET',
  url: '/?all=true&_t=1772272184762',
  statusCode: 304,
  duration: '31ms',
  contentLength: 0,
  level: 'info',
  message: 'Response',
  timestamp: '2026-02-28 15:19:44'
}
{
  service: 'attendance-system',
  method: 'POST',
  url: '/api/admin/reports/attendance',
  ip: '127.0.0.1',
  userAgent: 'Mozilla/5.0 (Windows NT 10.0; Win64; x64) AppleWebKit/537.36 (KHTML, like Gecko) Chrome/145.0.0.0 Safari/537.36 Edg/145.0.0.0',
  timestamp: '2026-02-28 15:19:49',
  level: 'info',
  message: 'Request'
}
{
  service: 'attendance-system',
  method: 'POST',
  url: '/attendance',
  statusCode: 200,
  duration: '53ms',
  contentLength: '13819',
  level: 'info',
  message: 'Response',
  timestamp: '2026-02-28 15:19:49'
}
{
  service: 'attendance-system',
  method: 'GET',
  url: '/api/admin/employees?all=true&_t=1772272397390',
  ip: '127.0.0.1',
  userAgent: 'Mozilla/5.0 (Windows NT 10.0; Win64; x64) AppleWebKit/537.36 (KHTML, like Gecko) Chrome/145.0.0.0 Safari/537.36 Edg/145.0.0.0',
  timestamp: '2026-02-28 15:23:17',
  level: 'info',
  message: 'Request'
}
{
  service: 'attendance-system',
  method: 'GET',
  url: '/?all=true&_t=1772272397390',
  statusCode: 200,
  duration: '43ms',
  contentLength: '29004',
  level: 'info',
  message: 'Response',
  timestamp: '2026-02-28 15:23:17'
}
{
  service: 'attendance-system',
  method: 'GET',
  url: '/api/admin/employees?all=true&_t=1772272419379',
  ip: '127.0.0.1',
  userAgent: 'Mozilla/5.0 (Windows NT 10.0; Win64; x64) AppleWebKit/537.36 (KHTML, like Gecko) Chrome/145.0.0.0 Safari/537.36 Edg/145.0.0.0',
  timestamp: '2026-02-28 15:23:39',
  level: 'info',
  message: 'Request'
}
{
  service: 'attendance-system',
  method: 'GET',
  url: '/?all=true&_t=1772272419379',
  statusCode: 200,
  duration: '27ms',
  contentLength: '29004',
  level: 'info',
  message: 'Response',
  timestamp: '2026-02-28 15:23:39'
}
{
  service: 'attendance-system',
  method: 'GET',
  url: '/api/admin/employees?all=true&_t=1772272437444',
  ip: '127.0.0.1',
  userAgent: 'Mozilla/5.0 (Windows NT 10.0; Win64; x64) AppleWebKit/537.36 (KHTML, like Gecko) Chrome/145.0.0.0 Safari/537.36 Edg/145.0.0.0',
  timestamp: '2026-02-28 15:23:57',
  level: 'info',
  message: 'Request'
}
{
  service: 'attendance-system',
  method: 'GET',
  url: '/?all=true&_t=1772272437444',
  statusCode: 200,
  duration: '40ms',
  contentLength: '29004',
  level: 'info',
  message: 'Response',
  timestamp: '2026-02-28 15:23:57'
}
{
  service: 'attendance-system',
  method: 'GET',
  url: '/api/admin/leave-years/active',
  ip: '127.0.0.1',
  userAgent: 'Mozilla/5.0 (Windows NT 10.0; Win64; x64) AppleWebKit/537.36 (KHTML, like Gecko) Chrome/145.0.0.0 Safari/537.36 Edg/145.0.0.0',
  timestamp: '2026-02-28 15:25:37',
  level: 'info',
  message: 'Request'
}
{
  service: 'attendance-system',
  method: 'GET',
  url: '/api/auth/me',
  ip: '127.0.0.1',
  userAgent: 'Mozilla/5.0 (Windows NT 10.0; Win64; x64) AppleWebKit/537.36 (KHTML, like Gecko) Chrome/145.0.0.0 Safari/537.36 Edg/145.0.0.0',
  timestamp: '2026-02-28 15:25:37',
  level: 'info',
  message: 'Request'
}
{
  service: 'attendance-system',
  method: 'GET',
  url: '/api/admin/leave-years/active',
  ip: '127.0.0.1',
  userAgent: 'Mozilla/5.0 (Windows NT 10.0; Win64; x64) AppleWebKit/537.36 (KHTML, like Gecko) Chrome/145.0.0.0 Safari/537.36 Edg/145.0.0.0',
  timestamp: '2026-02-28 15:25:37',
  level: 'info',
  message: 'Request'
}
{
  service: 'attendance-system',
  method: 'GET',
  url: '/active',
  statusCode: 200,
  duration: '450ms',
  contentLength: '194',
  level: 'info',
  message: 'Response',
  timestamp: '2026-02-28 15:25:38'
}
{
  service: 'attendance-system',
  method: 'GET',
  url: '/active',
  statusCode: 200,
  duration: '469ms',
  contentLength: '194',
  level: 'info',
  message: 'Response',
  timestamp: '2026-02-28 15:25:38'
}
{
  service: 'attendance-system',
  method: 'GET',
  url: '/me',
  statusCode: 200,
  duration: '473ms',
  contentLength: '1282',
  level: 'info',
  message: 'Response',
  timestamp: '2026-02-28 15:25:38'
}
{
  service: 'attendance-system',
  method: 'GET',
  url: '/api/announcements/last-read',
  ip: '127.0.0.1',
  userAgent: 'Mozilla/5.0 (Windows NT 10.0; Win64; x64) AppleWebKit/537.36 (KHTML, like Gecko) Chrome/145.0.0.0 Safari/537.36 Edg/145.0.0.0',
  timestamp: '2026-02-28 15:25:38',
  level: 'info',
  message: 'Request'
}
{
  service: 'attendance-system',
  method: 'GET',
  url: '/api/attendance/current-status?_t=1772272538417',
  ip: '127.0.0.1',
  userAgent: 'Mozilla/5.0 (Windows NT 10.0; Win64; x64) AppleWebKit/537.36 (KHTML, like Gecko) Chrome/145.0.0.0 Safari/537.36 Edg/145.0.0.0',
  timestamp: '2026-02-28 15:25:38',
  level: 'info',
  message: 'Request'
}
{
  service: 'attendance-system',
  method: 'GET',
  url: '/api/new-notifications',
  ip: '127.0.0.1',
  userAgent: 'Mozilla/5.0 (Windows NT 10.0; Win64; x64) AppleWebKit/537.36 (KHTML, like Gecko) Chrome/145.0.0.0 Safari/537.36 Edg/145.0.0.0',
  timestamp: '2026-02-28 15:25:38',
  level: 'info',
  message: 'Request'
}
{
  service: 'attendance-system',
  method: 'GET',
  url: '/last-read',
  statusCode: 304,
  duration: '34ms',
  contentLength: 0,
  level: 'info',
  message: 'Response',
  timestamp: '2026-02-28 15:25:38'
}
{
  service: 'attendance-system',
  method: 'GET',
  url: '/current-status?_t=1772272538417',
  statusCode: 200,
  duration: '45ms',
  contentLength: '102',
  level: 'info',
  message: 'Response',
  timestamp: '2026-02-28 15:25:38'
}
{
  service: 'attendance-system',
  method: 'GET',
  url: '/api/announcements/last-read',
  ip: '127.0.0.1',
  userAgent: 'Mozilla/5.0 (Windows NT 10.0; Win64; x64) AppleWebKit/537.36 (KHTML, like Gecko) Chrome/145.0.0.0 Safari/537.36 Edg/145.0.0.0',
  timestamp: '2026-02-28 15:25:38',
  level: 'info',
  message: 'Request'
}
{
  service: 'attendance-system',
  method: 'GET',
  url: '/',
  statusCode: 304,
  duration: '48ms',
  contentLength: 0,
  level: 'info',
  message: 'Response',
  timestamp: '2026-02-28 15:25:38'
}
{
  service: 'attendance-system',
  method: 'GET',
  url: '/api/announcements',
  ip: '127.0.0.1',
  userAgent: 'Mozilla/5.0 (Windows NT 10.0; Win64; x64) AppleWebKit/537.36 (KHTML, like Gecko) Chrome/145.0.0.0 Safari/537.36 Edg/145.0.0.0',
  timestamp: '2026-02-28 15:25:38',
  level: 'info',
  message: 'Request'
}
{
  service: 'attendance-system',
  method: 'GET',
  url: '/last-read',
  statusCode: 304,
  duration: '35ms',
  contentLength: 0,
  level: 'info',
  message: 'Response',
  timestamp: '2026-02-28 15:25:38'
}
{
  service: 'attendance-system',
  method: 'GET',
  url: '/',
  statusCode: 304,
  duration: '29ms',
  contentLength: 0,
  level: 'info',
  message: 'Response',
  timestamp: '2026-02-28 15:25:38'
}
{
  service: 'attendance-system',
  method: 'GET',
  url: '/api/announcements/last-read',
  ip: '127.0.0.1',
  userAgent: 'Mozilla/5.0 (Windows NT 10.0; Win64; x64) AppleWebKit/537.36 (KHTML, like Gecko) Chrome/145.0.0.0 Safari/537.36 Edg/145.0.0.0',
  timestamp: '2026-02-28 15:25:38',
  level: 'info',
  message: 'Request'
}
{
  service: 'attendance-system',
  method: 'GET',
  url: '/last-read',
  statusCode: 304,
  duration: '10ms',
  contentLength: 0,
  level: 'info',
  message: 'Response',
  timestamp: '2026-02-28 15:25:38'
}
{
  service: 'attendance-system',
  method: 'GET',
  url: '/api/admin/employees?all=true&_t=1772272538611',
  ip: '127.0.0.1',
  userAgent: 'Mozilla/5.0 (Windows NT 10.0; Win64; x64) AppleWebKit/537.36 (KHTML, like Gecko) Chrome/145.0.0.0 Safari/537.36 Edg/145.0.0.0',
  timestamp: '2026-02-28 15:25:38',
  level: 'info',
  message: 'Request'
}
{
  service: 'attendance-system',
  method: 'GET',
  url: '/?all=true&_t=1772272538611',
  statusCode: 200,
  duration: '31ms',
  contentLength: '29004',
  level: 'info',
  message: 'Response',
  timestamp: '2026-02-28 15:25:38'
}
{
  service: 'attendance-system',
  method: 'GET',
  url: '/api/admin/employees?all=true&_t=1772272538611',
  ip: '127.0.0.1',
  userAgent: 'Mozilla/5.0 (Windows NT 10.0; Win64; x64) AppleWebKit/537.36 (KHTML, like Gecko) Chrome/145.0.0.0 Safari/537.36 Edg/145.0.0.0',
  timestamp: '2026-02-28 15:25:38',
  level: 'info',
  message: 'Request'
}
{
  service: 'attendance-system',
  method: 'GET',
  url: '/?all=true&_t=1772272538611',
  statusCode: 304,
  duration: '23ms',
  contentLength: 0,
  level: 'info',
  message: 'Response',
  timestamp: '2026-02-28 15:25:38'
}
{
  service: 'attendance-system',
  method: 'POST',
  url: '/api/admin/reports/attendance',
  ip: '127.0.0.1',
  userAgent: 'Mozilla/5.0 (Windows NT 10.0; Win64; x64) AppleWebKit/537.36 (KHTML, like Gecko) Chrome/145.0.0.0 Safari/537.36 Edg/145.0.0.0',
  timestamp: '2026-02-28 15:25:43',
  level: 'info',
  message: 'Request'
}
{
  service: 'attendance-system',
  method: 'POST',
  url: '/attendance',
  statusCode: 200,
  duration: '55ms',
  contentLength: '13819',
  level: 'info',
  message: 'Response',
  timestamp: '2026-02-28 15:25:43'
}
{
  service: 'attendance-system',
  method: 'GET',
  url: '/api/analytics/attendance?startDate=2026-02-01&endDate=2026-02-28&page=1&limit=50',
  ip: '127.0.0.1',
  userAgent: 'Mozilla/5.0 (Windows NT 10.0; Win64; x64) AppleWebKit/537.36 (KHTML, like Gecko) Chrome/145.0.0.0 Safari/537.36 Edg/145.0.0.0',
  timestamp: '2026-02-28 15:26:11',
  level: 'info',
  message: 'Request'
}
{
  service: 'attendance-system',
  method: 'GET',
  url: '/attendance?startDate=2026-02-01&endDate=2026-02-28&page=1&limit=50',
  statusCode: 304,
  duration: '1672ms',
  contentLength: 0,
  level: 'info',
  message: 'Response',
  timestamp: '2026-02-28 15:26:13'
}
{
  service: 'attendance-system',
  method: 'GET',
  url: '/api/admin/employees?all=true&_t=1772272910163',
  ip: '127.0.0.1',
  userAgent: 'Mozilla/5.0 (Windows NT 10.0; Win64; x64) AppleWebKit/537.36 (KHTML, like Gecko) Chrome/145.0.0.0 Safari/537.36 Edg/145.0.0.0',
  timestamp: '2026-02-28 15:31:50',
  level: 'info',
  message: 'Request'
}
{
  service: 'attendance-system',
  method: 'GET',
  url: '/?all=true&_t=1772272910163',
  statusCode: 200,
  duration: '45ms',
  contentLength: '29004',
  level: 'info',
  message: 'Response',
  timestamp: '2026-02-28 15:31:50'
}
{
  service: 'attendance-system',
  method: 'GET',
  url: '/api/admin/employees?all=true&_t=1772272910163',
  ip: '127.0.0.1',
  userAgent: 'Mozilla/5.0 (Windows NT 10.0; Win64; x64) AppleWebKit/537.36 (KHTML, like Gecko) Chrome/145.0.0.0 Safari/537.36 Edg/145.0.0.0',
  timestamp: '2026-02-28 15:31:50',
  level: 'info',
  message: 'Request'
}
{
  service: 'attendance-system',
  method: 'GET',
  url: '/?all=true&_t=1772272910163',
  statusCode: 304,
  duration: '25ms',
  contentLength: 0,
  level: 'info',
  message: 'Response',
  timestamp: '2026-02-28 15:31:50'
}
{
  service: 'attendance-system',
  method: 'GET',
  url: '/api/announcements',
  ip: '127.0.0.1',
  userAgent: 'Mozilla/5.0 (Windows NT 10.0; Win64; x64) AppleWebKit/537.36 (KHTML, like Gecko) Chrome/145.0.0.0 Safari/537.36 Edg/145.0.0.0',
  timestamp: '2026-02-28 15:31:55',
  level: 'info',
  message: 'Request'
}
{
  service: 'attendance-system',
  method: 'GET',
  url: '/',
  statusCode: 304,
  duration: '49ms',
  contentLength: 0,
  level: 'info',
  message: 'Response',
  timestamp: '2026-02-28 15:31:55'
}
{
  service: 'attendance-system',
  method: 'POST',
  url: '/api/admin/reports/attendance',
  ip: '127.0.0.1',
  userAgent: 'Mozilla/5.0 (Windows NT 10.0; Win64; x64) AppleWebKit/537.36 (KHTML, like Gecko) Chrome/145.0.0.0 Safari/537.36 Edg/145.0.0.0',
  timestamp: '2026-02-28 15:31:55',
  level: 'info',
  message: 'Request'
}
{
  service: 'attendance-system',
  method: 'POST',
  url: '/attendance',
  statusCode: 200,
  duration: '43ms',
  contentLength: '13819',
  level: 'info',
  message: 'Response',
  timestamp: '2026-02-28 15:31:55'
}
{
  service: 'attendance-system',
  method: 'POST',
  url: '/api/admin/reports/attendance',
  ip: '127.0.0.1',
  userAgent: 'Mozilla/5.0 (Windows NT 10.0; Win64; x64) AppleWebKit/537.36 (KHTML, like Gecko) Chrome/145.0.0.0 Safari/537.36 Edg/145.0.0.0',
  timestamp: '2026-02-28 15:32:12',
  level: 'info',
  message: 'Request'
}
{
  service: 'attendance-system',
  method: 'POST',
  url: '/attendance',
  statusCode: 200,
  duration: '48ms',
  contentLength: '14096',
  level: 'info',
  message: 'Response',
  timestamp: '2026-02-28 15:32:12'
}
{
  service: 'attendance-system',
  method: 'GET',
  url: '/api/announcements',
  ip: '127.0.0.1',
  userAgent: 'Mozilla/5.0 (Windows NT 10.0; Win64; x64) AppleWebKit/537.36 (KHTML, like Gecko) Chrome/145.0.0.0 Safari/537.36 Edg/145.0.0.0',
  timestamp: '2026-02-28 15:32:45',
  level: 'info',
  message: 'Request'
}
{
  service: 'attendance-system',
  method: 'GET',
  url: '/',
  statusCode: 304,
  duration: '12ms',
  contentLength: 0,
  level: 'info',
  message: 'Response',
  timestamp: '2026-02-28 15:32:45'
}
{
  service: 'attendance-system',
  method: 'POST',
  url: '/api/admin/reports/attendance',
  ip: '127.0.0.1',
  userAgent: 'Mozilla/5.0 (Windows NT 10.0; Win64; x64) AppleWebKit/537.36 (KHTML, like Gecko) Chrome/145.0.0.0 Safari/537.36 Edg/145.0.0.0',
  timestamp: '2026-02-28 15:33:24',
  level: 'info',
  message: 'Request'
}
{
  service: 'attendance-system',
  method: 'POST',
  url: '/attendance',
  statusCode: 200,
  duration: '47ms',
  contentLength: '14034',
  level: 'info',
  message: 'Response',
  timestamp: '2026-02-28 15:33:24'
}
{
  service: 'attendance-system',
  method: 'GET',
  url: '/api/admin/leave-years/active',
  ip: '127.0.0.1',
  userAgent: 'Mozilla/5.0 (Windows NT 10.0; Win64; x64) AppleWebKit/537.36 (KHTML, like Gecko) Chrome/145.0.0.0 Safari/537.36',
  timestamp: '2026-02-28 15:53:07',
  level: 'info',
  message: 'Request'
}
{
  service: 'attendance-system',
  method: 'GET',
  url: '/active',
  statusCode: 403,
  duration: '16ms',
  contentLength: '105',
  level: 'info',
  message: 'Response',
  timestamp: '2026-02-28 15:53:07'
}
{
  service: 'attendance-system',
  method: 'GET',
  url: '/api/auth/me',
  ip: '127.0.0.1',
  userAgent: 'Mozilla/5.0 (Windows NT 10.0; Win64; x64) AppleWebKit/537.36 (KHTML, like Gecko) Chrome/145.0.0.0 Safari/537.36',
  timestamp: '2026-02-28 15:53:07',
  level: 'info',
  message: 'Request'
}
{
  service: 'attendance-system',
  method: 'GET',
  url: '/api/admin/leave-years/active',
  ip: '127.0.0.1',
  userAgent: 'Mozilla/5.0 (Windows NT 10.0; Win64; x64) AppleWebKit/537.36 (KHTML, like Gecko) Chrome/145.0.0.0 Safari/537.36',
  timestamp: '2026-02-28 15:53:07',
  level: 'info',
  message: 'Request'
}
{
  service: 'attendance-system',
  method: 'GET',
  url: '/active',
  statusCode: 403,
  duration: '6ms',
  contentLength: '105',
  level: 'info',
  message: 'Response',
  timestamp: '2026-02-28 15:53:07'
}
{
  service: 'attendance-system',
  method: 'GET',
  url: '/me',
  statusCode: 304,
  duration: '29ms',
  contentLength: 0,
  level: 'info',
  message: 'Response',
  timestamp: '2026-02-28 15:53:07'
}
{
  service: 'attendance-system',
  method: 'GET',
  url: '/api/attendance/current-status?_t=1772274187978',
  ip: '127.0.0.1',
  userAgent: 'Mozilla/5.0 (Windows NT 10.0; Win64; x64) AppleWebKit/537.36 (KHTML, like Gecko) Chrome/145.0.0.0 Safari/537.36',
  timestamp: '2026-02-28 15:53:07',
  level: 'info',
  message: 'Request'
}
{
  service: 'attendance-system',
  method: 'GET',
  url: '/api/new-notifications',
  ip: '127.0.0.1',
  userAgent: 'Mozilla/5.0 (Windows NT 10.0; Win64; x64) AppleWebKit/537.36 (KHTML, like Gecko) Chrome/145.0.0.0 Safari/537.36',
  timestamp: '2026-02-28 15:53:07',
  level: 'info',
  message: 'Request'
}
{
  service: 'attendance-system',
  method: 'GET',
  url: '/',
  statusCode: 200,
  duration: '32ms',
  contentLength: '10524',
  level: 'info',
  message: 'Response',
  timestamp: '2026-02-28 15:53:08'
}
{
  service: 'attendance-system',
  method: 'GET',
  url: '/current-status?_t=1772274187978',
  statusCode: 200,
  duration: '45ms',
  contentLength: '123',
  level: 'info',
  message: 'Response',
  timestamp: '2026-02-28 15:53:08'
}
{
  service: 'attendance-system',
  method: 'GET',
  url: '/api/announcements/last-read',
  ip: '127.0.0.1',
  userAgent: 'Mozilla/5.0 (Windows NT 10.0; Win64; x64) AppleWebKit/537.36 (KHTML, like Gecko) Chrome/145.0.0.0 Safari/537.36',
  timestamp: '2026-02-28 15:53:08',
  level: 'info',
  message: 'Request'
}
{
  service: 'attendance-system',
  method: 'GET',
  url: '/last-read',
  statusCode: 304,
  duration: '12ms',
  contentLength: 0,
  level: 'info',
  message: 'Response',
  timestamp: '2026-02-28 15:53:08'
}
{
  service: 'attendance-system',
  method: 'GET',
  url: '/api/announcements/last-read',
  ip: '127.0.0.1',
  userAgent: 'Mozilla/5.0 (Windows NT 10.0; Win64; x64) AppleWebKit/537.36 (KHTML, like Gecko) Chrome/145.0.0.0 Safari/537.36',
  timestamp: '2026-02-28 15:53:08',
  level: 'info',
  message: 'Request'
}
{
  service: 'attendance-system',
  method: 'GET',
  url: '/api/announcements',
  ip: '127.0.0.1',
  userAgent: 'Mozilla/5.0 (Windows NT 10.0; Win64; x64) AppleWebKit/537.36 (KHTML, like Gecko) Chrome/145.0.0.0 Safari/537.36',
  timestamp: '2026-02-28 15:53:08',
  level: 'info',
  message: 'Request'
}
{
  service: 'attendance-system',
  method: 'GET',
  url: '/last-read',
  statusCode: 304,
  duration: '14ms',
  contentLength: 0,
  level: 'info',
  message: 'Response',
  timestamp: '2026-02-28 15:53:08'
}
{
  service: 'attendance-system',
  method: 'GET',
  url: '/',
  statusCode: 304,
  duration: '10ms',
  contentLength: 0,
  level: 'info',
  message: 'Response',
  timestamp: '2026-02-28 15:53:08'
}
{
  service: 'attendance-system',
  method: 'GET',
  url: '/api/announcements/last-read',
  ip: '127.0.0.1',
  userAgent: 'Mozilla/5.0 (Windows NT 10.0; Win64; x64) AppleWebKit/537.36 (KHTML, like Gecko) Chrome/145.0.0.0 Safari/537.36',
  timestamp: '2026-02-28 15:53:08',
  level: 'info',
  message: 'Request'
}
{
  service: 'attendance-system',
  method: 'GET',
  url: '/last-read',
  statusCode: 304,
  duration: '11ms',
  contentLength: 0,
  level: 'info',
  message: 'Response',
  timestamp: '2026-02-28 15:53:08'
}
{
  service: 'attendance-system',
  method: 'GET',
  url: '/api/attendance/dashboard/employee?date=2026-02-28',
  ip: '127.0.0.1',
  userAgent: 'Mozilla/5.0 (Windows NT 10.0; Win64; x64) AppleWebKit/537.36 (KHTML, like Gecko) Chrome/145.0.0.0 Safari/537.36',
  timestamp: '2026-02-28 15:53:08',
  level: 'info',
  message: 'Request'
}
{
  service: 'attendance-system',
  method: 'GET',
  url: '/dashboard/employee?date=2026-02-28',
  statusCode: 200,
  duration: '39ms',
  contentLength: '4862',
  level: 'info',
  message: 'Response',
  timestamp: '2026-02-28 15:53:08'
}
{
  service: 'attendance-system',
  method: 'GET',
  url: '/api/attendance/dashboard/employee?date=2026-02-28',
  ip: '127.0.0.1',
  userAgent: 'Mozilla/5.0 (Windows NT 10.0; Win64; x64) AppleWebKit/537.36 (KHTML, like Gecko) Chrome/145.0.0.0 Safari/537.36',
  timestamp: '2026-02-28 15:53:08',
  level: 'info',
  message: 'Request'
}
{
  service: 'attendance-system',
  method: 'GET',
  url: '/dashboard/employee?date=2026-02-28',
  statusCode: 304,
  duration: '4ms',
  contentLength: 0,
  level: 'info',
  message: 'Response',
  timestamp: '2026-02-28 15:53:08'
}
{
  service: 'attendance-system',
  method: 'GET',
  url: '/api/admin/leave-years/active',
  ip: '127.0.0.1',
  userAgent: 'Mozilla/5.0 (Windows NT 10.0; Win64; x64) AppleWebKit/537.36 (KHTML, like Gecko) Chrome/145.0.0.0 Safari/537.36',
  timestamp: '2026-02-28 15:53:38',
  level: 'info',
  message: 'Request'
}
{
  service: 'attendance-system',
  method: 'GET',
  url: '/active',
  statusCode: 401,
  duration: '1ms',
  contentLength: '12',
  level: 'info',
  message: 'Response',
  timestamp: '2026-02-28 15:53:38'
}
{
  service: 'attendance-system',
  method: 'GET',
  url: '/api/admin/leave-years/active',
  ip: '127.0.0.1',
  userAgent: 'Mozilla/5.0 (Windows NT 10.0; Win64; x64) AppleWebKit/537.36 (KHTML, like Gecko) Chrome/145.0.0.0 Safari/537.36',
  timestamp: '2026-02-28 15:53:38',
  level: 'info',
  message: 'Request'
}
{
  service: 'attendance-system',
  method: 'GET',
  url: '/active',
  statusCode: 401,
  duration: '2ms',
  contentLength: '12',
  level: 'info',
  message: 'Response',
  timestamp: '2026-02-28 15:53:38'
}
{
  service: 'attendance-system',
  method: 'POST',
  url: '/api/auth/login',
  ip: '127.0.0.1',
  userAgent: 'Mozilla/5.0 (Windows NT 10.0; Win64; x64) AppleWebKit/537.36 (KHTML, like Gecko) Chrome/145.0.0.0 Safari/537.36',
  timestamp: '2026-02-28 15:53:55',
  level: 'info',
  message: 'Request'
}
{
  service: 'attendance-system',
  method: 'POST',
  url: '/login',
  statusCode: 200,
  duration: '83ms',
  contentLength: '1765',
  level: 'info',
  message: 'Response',
  timestamp: '2026-02-28 15:53:55'
}
{
  service: 'attendance-system',
  method: 'GET',
  url: '/api/auth/me',
  ip: '127.0.0.1',
  userAgent: 'Mozilla/5.0 (Windows NT 10.0; Win64; x64) AppleWebKit/537.36 (KHTML, like Gecko) Chrome/145.0.0.0 Safari/537.36',
  timestamp: '2026-02-28 15:53:55',
  level: 'info',
  message: 'Request'
}
{
  service: 'attendance-system',
  method: 'GET',
  url: '/me',
  statusCode: 200,
  duration: '16ms',
  contentLength: '1282',
  level: 'info',
  message: 'Response',
  timestamp: '2026-02-28 15:53:55'
}
{
  service: 'attendance-system',
  method: 'GET',
  url: '/api/attendance/current-status?_t=1772274235823',
  ip: '127.0.0.1',
  userAgent: 'Mozilla/5.0 (Windows NT 10.0; Win64; x64) AppleWebKit/537.36 (KHTML, like Gecko) Chrome/145.0.0.0 Safari/537.36',
  timestamp: '2026-02-28 15:53:55',
  level: 'info',
  message: 'Request'
}
{
  service: 'attendance-system',
  method: 'GET',
  url: '/api/new-notifications',
  ip: '127.0.0.1',
  userAgent: 'Mozilla/5.0 (Windows NT 10.0; Win64; x64) AppleWebKit/537.36 (KHTML, like Gecko) Chrome/145.0.0.0 Safari/537.36',
  timestamp: '2026-02-28 15:53:55',
  level: 'info',
  message: 'Request'
}
{
  service: 'attendance-system',
  method: 'GET',
  url: '/current-status?_t=1772274235823',
  statusCode: 200,
  duration: '22ms',
  contentLength: '102',
  level: 'info',
  message: 'Response',
  timestamp: '2026-02-28 15:53:55'
}
{
  service: 'attendance-system',
  method: 'GET',
  url: '/',
  statusCode: 200,
  duration: '35ms',
  contentLength: '883',
  level: 'info',
  message: 'Response',
  timestamp: '2026-02-28 15:53:55'
}
{
  service: 'attendance-system',
  method: 'GET',
  url: '/api/announcements/last-read',
  ip: '127.0.0.1',
  userAgent: 'Mozilla/5.0 (Windows NT 10.0; Win64; x64) AppleWebKit/537.36 (KHTML, like Gecko) Chrome/145.0.0.0 Safari/537.36',
  timestamp: '2026-02-28 15:53:55',
  level: 'info',
  message: 'Request'
}
{
  service: 'attendance-system',
  method: 'GET',
  url: '/api/announcements',
  ip: '127.0.0.1',
  userAgent: 'Mozilla/5.0 (Windows NT 10.0; Win64; x64) AppleWebKit/537.36 (KHTML, like Gecko) Chrome/145.0.0.0 Safari/537.36',
  timestamp: '2026-02-28 15:53:55',
  level: 'info',
  message: 'Request'
}
{
  service: 'attendance-system',
  method: 'GET',
  url: '/',
  statusCode: 304,
  duration: '3ms',
  contentLength: 0,
  level: 'info',
  message: 'Response',
  timestamp: '2026-02-28 15:53:55'
}
{
  service: 'attendance-system',
  method: 'GET',
  url: '/last-read',
  statusCode: 200,
  duration: '11ms',
  contentLength: '43',
  level: 'info',
  message: 'Response',
  timestamp: '2026-02-28 15:53:55'
}
{
  service: 'attendance-system',
  method: 'GET',
  url: '/api/announcements/last-read',
  ip: '127.0.0.1',
  userAgent: 'Mozilla/5.0 (Windows NT 10.0; Win64; x64) AppleWebKit/537.36 (KHTML, like Gecko) Chrome/145.0.0.0 Safari/537.36',
  timestamp: '2026-02-28 15:53:55',
  level: 'info',
  message: 'Request'
}
{
  service: 'attendance-system',
  method: 'GET',
  url: '/last-read',
  statusCode: 304,
  duration: '13ms',
  contentLength: 0,
  level: 'info',
  message: 'Response',
  timestamp: '2026-02-28 15:53:55'
}
{
  service: 'attendance-system',
  method: 'GET',
  url: '/api/announcements/last-read',
  ip: '127.0.0.1',
  userAgent: 'Mozilla/5.0 (Windows NT 10.0; Win64; x64) AppleWebKit/537.36 (KHTML, like Gecko) Chrome/145.0.0.0 Safari/537.36',
  timestamp: '2026-02-28 15:53:55',
  level: 'info',
  message: 'Request'
}
{
  service: 'attendance-system',
  method: 'GET',
  url: '/last-read',
  statusCode: 304,
  duration: '9ms',
  contentLength: 0,
  level: 'info',
  message: 'Response',
  timestamp: '2026-02-28 15:53:55'
}
{
  service: 'attendance-system',
  method: 'GET',
  url: '/api/admin/dashboard-summary?includePendingLeaves=true',
  ip: '127.0.0.1',
  userAgent: 'Mozilla/5.0 (Windows NT 10.0; Win64; x64) AppleWebKit/537.36 (KHTML, like Gecko) Chrome/145.0.0.0 Safari/537.36',
  timestamp: '2026-02-28 15:53:55',
  level: 'info',
  message: 'Request'
}
{
  service: 'attendance-system',
  method: 'GET',
  url: '/dashboard-summary?includePendingLeaves=true',
  statusCode: 200,
  duration: '154ms',
  contentLength: '15901',
  level: 'info',
  message: 'Response',
  timestamp: '2026-02-28 15:53:56'
}
{
  service: 'attendance-system',
  method: 'GET',
  url: '/api/admin/dashboard-summary?includePendingLeaves=true',
  ip: '127.0.0.1',
  userAgent: 'Mozilla/5.0 (Windows NT 10.0; Win64; x64) AppleWebKit/537.36 (KHTML, like Gecko) Chrome/145.0.0.0 Safari/537.36',
  timestamp: '2026-02-28 15:53:56',
  level: 'info',
  message: 'Request'
}
{
  service: 'attendance-system',
  method: 'GET',
  url: '/dashboard-summary?includePendingLeaves=true',
  statusCode: 304,
  duration: '32ms',
  contentLength: 0,
  level: 'info',
  message: 'Response',
  timestamp: '2026-02-28 15:53:56'
}
{
  service: 'attendance-system',
  method: 'GET',
  url: '/api/admin/employees?all=true&_t=1772274240957',
  ip: '127.0.0.1',
  userAgent: 'Mozilla/5.0 (Windows NT 10.0; Win64; x64) AppleWebKit/537.36 (KHTML, like Gecko) Chrome/145.0.0.0 Safari/537.36',
  timestamp: '2026-02-28 15:54:00',
  level: 'info',
  message: 'Request'
}
{
  service: 'attendance-system',
  method: 'GET',
  url: '/?all=true&_t=1772274240957',
  statusCode: 200,
  duration: '35ms',
  contentLength: '29004',
  level: 'info',
  message: 'Response',
  timestamp: '2026-02-28 15:54:00'
}
{
  service: 'attendance-system',
  method: 'GET',
  url: '/api/admin/employees?all=true&_t=1772274240957',
  ip: '127.0.0.1',
  userAgent: 'Mozilla/5.0 (Windows NT 10.0; Win64; x64) AppleWebKit/537.36 (KHTML, like Gecko) Chrome/145.0.0.0 Safari/537.36',
  timestamp: '2026-02-28 15:54:00',
  level: 'info',
  message: 'Request'
}
{
  service: 'attendance-system',
  method: 'GET',
  url: '/?all=true&_t=1772274240957',
  statusCode: 304,
  duration: '25ms',
  contentLength: 0,
  level: 'info',
  message: 'Response',
  timestamp: '2026-02-28 15:54:01'
}
{
  service: 'attendance-system',
  method: 'POST',
  url: '/api/admin/reports/attendance',
  ip: '127.0.0.1',
  userAgent: 'Mozilla/5.0 (Windows NT 10.0; Win64; x64) AppleWebKit/537.36 (KHTML, like Gecko) Chrome/145.0.0.0 Safari/537.36',
  timestamp: '2026-02-28 15:54:10',
  level: 'info',
  message: 'Request'
}
{
  service: 'attendance-system',
  method: 'POST',
  url: '/attendance',
  statusCode: 200,
  duration: '43ms',
  contentLength: '14096',
  level: 'info',
  message: 'Response',
  timestamp: '2026-02-28 15:54:10'
}
{
  service: 'attendance-system',
  method: 'POST',
  url: '/api/admin/reports/attendance',
  ip: '127.0.0.1',
  userAgent: 'Mozilla/5.0 (Windows NT 10.0; Win64; x64) AppleWebKit/537.36 (KHTML, like Gecko) Chrome/145.0.0.0 Safari/537.36',
  timestamp: '2026-02-28 15:54:43',
  level: 'info',
  message: 'Request'
}
{
  service: 'attendance-system',
  method: 'POST',
  url: '/attendance',
  statusCode: 200,
  duration: '54ms',
  contentLength: '28549',
  level: 'info',
  message: 'Response',
  timestamp: '2026-02-28 15:54:43'
}
{
  service: 'attendance-system',
  method: 'GET',
  url: '/api/admin/leave-years/active',
  ip: '127.0.0.1',
  userAgent: 'Mozilla/5.0 (Windows NT 10.0; Win64; x64) AppleWebKit/537.36 (KHTML, like Gecko) Chrome/145.0.0.0 Safari/537.36',
  timestamp: '2026-02-28 15:56:41',
  level: 'info',
  message: 'Request'
}
{
  service: 'attendance-system',
  method: 'GET',
  url: '/active',
  statusCode: 401,
  duration: '1ms',
  contentLength: '12',
  level: 'info',
  message: 'Response',
  timestamp: '2026-02-28 15:56:41'
}
{
  service: 'attendance-system',
  method: 'GET',
  url: '/api/admin/leave-years/active',
  ip: '127.0.0.1',
  userAgent: 'Mozilla/5.0 (Windows NT 10.0; Win64; x64) AppleWebKit/537.36 (KHTML, like Gecko) Chrome/145.0.0.0 Safari/537.36',
  timestamp: '2026-02-28 15:56:41',
  level: 'info',
  message: 'Request'
}
{
  service: 'attendance-system',
  method: 'GET',
  url: '/active',
  statusCode: 401,
  duration: '0ms',
  contentLength: '12',
  level: 'info',
  message: 'Response',
  timestamp: '2026-02-28 15:56:41'
}
{
  service: 'attendance-system',
  method: 'GET',
  url: '/api/admin/leave-years/active',
  ip: '127.0.0.1',
  userAgent: 'Mozilla/5.0 (Windows NT 10.0; Win64; x64) AppleWebKit/537.36 (KHTML, like Gecko) Chrome/145.0.0.0 Safari/537.36 Edg/145.0.0.0',
  timestamp: '2026-03-02 10:51:22',
  level: 'info',
  message: 'Request'
}
{
  service: 'attendance-system',
  method: 'GET',
  url: '/api/auth/me',
  ip: '127.0.0.1',
  userAgent: 'Mozilla/5.0 (Windows NT 10.0; Win64; x64) AppleWebKit/537.36 (KHTML, like Gecko) Chrome/145.0.0.0 Safari/537.36 Edg/145.0.0.0',
  timestamp: '2026-03-02 10:51:22',
  level: 'info',
  message: 'Request'
}
{
  service: 'attendance-system',
  method: 'GET',
  url: '/active',
  statusCode: 200,
  duration: '26ms',
  contentLength: '194',
  level: 'info',
  message: 'Response',
  timestamp: '2026-03-02 10:51:22'
}
{
  service: 'attendance-system',
  method: 'GET',
  url: '/api/admin/leave-years/active',
  ip: '127.0.0.1',
  userAgent: 'Mozilla/5.0 (Windows NT 10.0; Win64; x64) AppleWebKit/537.36 (KHTML, like Gecko) Chrome/145.0.0.0 Safari/537.36 Edg/145.0.0.0',
  timestamp: '2026-03-02 10:51:22',
  level: 'info',
  message: 'Request'
}
{
  service: 'attendance-system',
  method: 'GET',
  url: '/me',
  statusCode: 200,
  duration: '31ms',
  contentLength: '1282',
  level: 'info',
  message: 'Response',
  timestamp: '2026-03-02 10:51:22'
}
{
  service: 'attendance-system',
  method: 'GET',
  url: '/active',
  statusCode: 304,
  duration: '17ms',
  contentLength: 0,
  level: 'info',
  message: 'Response',
  timestamp: '2026-03-02 10:51:22'
}
{
  service: 'attendance-system',
  method: 'GET',
  url: '/api/attendance/current-status?_t=1772428882058',
  ip: '127.0.0.1',
  userAgent: 'Mozilla/5.0 (Windows NT 10.0; Win64; x64) AppleWebKit/537.36 (KHTML, like Gecko) Chrome/145.0.0.0 Safari/537.36 Edg/145.0.0.0',
  timestamp: '2026-03-02 10:51:22',
  level: 'info',
  message: 'Request'
}
{
  service: 'attendance-system',
  method: 'GET',
  url: '/api/new-notifications',
  ip: '127.0.0.1',
  userAgent: 'Mozilla/5.0 (Windows NT 10.0; Win64; x64) AppleWebKit/537.36 (KHTML, like Gecko) Chrome/145.0.0.0 Safari/537.36 Edg/145.0.0.0',
  timestamp: '2026-03-02 10:51:22',
  level: 'info',
  message: 'Request'
}
{
  service: 'attendance-system',
  method: 'GET',
  url: '/current-status?_t=1772428882058',
  statusCode: 200,
  duration: '35ms',
  contentLength: '102',
  level: 'info',
  message: 'Response',
  timestamp: '2026-03-02 10:51:22'
}
{
  service: 'attendance-system',
  method: 'GET',
  url: '/',
  statusCode: 200,
  duration: '59ms',
  contentLength: '23234',
  level: 'info',
  message: 'Response',
  timestamp: '2026-03-02 10:51:22'
}
{
  service: 'attendance-system',
  method: 'GET',
  url: '/api/announcements/last-read',
  ip: '127.0.0.1',
  userAgent: 'Mozilla/5.0 (Windows NT 10.0; Win64; x64) AppleWebKit/537.36 (KHTML, like Gecko) Chrome/145.0.0.0 Safari/537.36 Edg/145.0.0.0',
  timestamp: '2026-03-02 10:51:22',
  level: 'info',
  message: 'Request'
}
{
  service: 'attendance-system',
  method: 'GET',
  url: '/last-read',
  statusCode: 200,
  duration: '16ms',
  contentLength: '43',
  level: 'info',
  message: 'Response',
  timestamp: '2026-03-02 10:51:22'
}
{
  service: 'attendance-system',
  method: 'GET',
  url: '/api/announcements',
  ip: '127.0.0.1',
  userAgent: 'Mozilla/5.0 (Windows NT 10.0; Win64; x64) AppleWebKit/537.36 (KHTML, like Gecko) Chrome/145.0.0.0 Safari/537.36 Edg/145.0.0.0',
  timestamp: '2026-03-02 10:51:22',
  level: 'info',
  message: 'Request'
}
{
  service: 'attendance-system',
  method: 'GET',
  url: '/',
  statusCode: 200,
  duration: '28ms',
  contentLength: '2',
  level: 'info',
  message: 'Response',
  timestamp: '2026-03-02 10:51:22'
}
{
  service: 'attendance-system',
  method: 'GET',
  url: '/api/announcements/last-read',
  ip: '127.0.0.1',
  userAgent: 'Mozilla/5.0 (Windows NT 10.0; Win64; x64) AppleWebKit/537.36 (KHTML, like Gecko) Chrome/145.0.0.0 Safari/537.36 Edg/145.0.0.0',
  timestamp: '2026-03-02 10:51:22',
  level: 'info',
  message: 'Request'
}
{
  service: 'attendance-system',
  method: 'GET',
  url: '/last-read',
  statusCode: 304,
  duration: '13ms',
  contentLength: 0,
  level: 'info',
  message: 'Response',
  timestamp: '2026-03-02 10:51:22'
}
{
  service: 'attendance-system',
  method: 'GET',
  url: '/api/announcements/last-read',
  ip: '127.0.0.1',
  userAgent: 'Mozilla/5.0 (Windows NT 10.0; Win64; x64) AppleWebKit/537.36 (KHTML, like Gecko) Chrome/145.0.0.0 Safari/537.36 Edg/145.0.0.0',
  timestamp: '2026-03-02 10:51:22',
  level: 'info',
  message: 'Request'
}
{
  service: 'attendance-system',
  method: 'GET',
  url: '/last-read',
  statusCode: 304,
  duration: '13ms',
  contentLength: 0,
  level: 'info',
  message: 'Response',
  timestamp: '2026-03-02 10:51:22'
}
{
  service: 'attendance-system',
  method: 'GET',
  url: '/api/admin/dashboard-summary?includePendingLeaves=true',
  ip: '127.0.0.1',
  userAgent: 'Mozilla/5.0 (Windows NT 10.0; Win64; x64) AppleWebKit/537.36 (KHTML, like Gecko) Chrome/145.0.0.0 Safari/537.36 Edg/145.0.0.0',
  timestamp: '2026-03-02 10:51:22',
  level: 'info',
  message: 'Request'
}
{
  service: 'attendance-system',
  method: 'GET',
  url: '/dashboard-summary?includePendingLeaves=true',
  statusCode: 200,
  duration: '187ms',
  contentLength: '19798',
  level: 'info',
  message: 'Response',
  timestamp: '2026-03-02 10:51:22'
}
{
  service: 'attendance-system',
  method: 'GET',
  url: '/api/admin/dashboard-summary?includePendingLeaves=true',
  ip: '127.0.0.1',
  userAgent: 'Mozilla/5.0 (Windows NT 10.0; Win64; x64) AppleWebKit/537.36 (KHTML, like Gecko) Chrome/145.0.0.0 Safari/537.36 Edg/145.0.0.0',
  timestamp: '2026-03-02 10:51:22',
  level: 'info',
  message: 'Request'
}
{
  service: 'attendance-system',
  method: 'GET',
  url: '/dashboard-summary?includePendingLeaves=true',
  statusCode: 304,
  duration: '25ms',
  contentLength: 0,
  level: 'info',
  message: 'Response',
  timestamp: '2026-03-02 10:51:22'
}
{
  service: 'attendance-system',
  method: 'GET',
  url: '/api/analytics/attendance?startDate=2026-03-01&endDate=2026-03-02&page=1&limit=50',
  ip: '127.0.0.1',
  userAgent: 'Mozilla/5.0 (Windows NT 10.0; Win64; x64) AppleWebKit/537.36 (KHTML, like Gecko) Chrome/145.0.0.0 Safari/537.36 Edg/145.0.0.0',
  timestamp: '2026-03-02 10:51:50',
  level: 'info',
  message: 'Request'
}
{
  service: 'attendance-system',
  method: 'GET',
  url: '/attendance?startDate=2026-03-01&endDate=2026-03-02&page=1&limit=50',
  statusCode: 200,
  duration: '1118ms',
  contentLength: '13348',
  level: 'info',
  message: 'Response',
  timestamp: '2026-03-02 10:51:51'
}
{
  service: 'attendance-system',
  method: 'GET',
  url: '/api/analytics/attendance?startDate=2026-03-01&endDate=2026-03-02&search=RJ&page=1&limit=50',
  ip: '127.0.0.1',
  userAgent: 'Mozilla/5.0 (Windows NT 10.0; Win64; x64) AppleWebKit/537.36 (KHTML, like Gecko) Chrome/145.0.0.0 Safari/537.36 Edg/145.0.0.0',
  timestamp: '2026-03-02 10:51:57',
  level: 'info',
  message: 'Request'
}
{
  service: 'attendance-system',
  method: 'GET',
  url: '/attendance?startDate=2026-03-01&endDate=2026-03-02&search=RJ&page=1&limit=50',
  statusCode: 200,
  duration: '6ms',
  contentLength: '13347',
  level: 'info',
  message: 'Response',
  timestamp: '2026-03-02 10:51:57'
}
{
  service: 'attendance-system',
  method: 'GET',
  url: '/api/analytics/attendance?startDate=2026-02-01&endDate=2026-03-28&search=RJ&page=1&limit=50',
  ip: '127.0.0.1',
  userAgent: 'Mozilla/5.0 (Windows NT 10.0; Win64; x64) AppleWebKit/537.36 (KHTML, like Gecko) Chrome/145.0.0.0 Safari/537.36 Edg/145.0.0.0',
  timestamp: '2026-03-02 10:52:09',
  level: 'info',
  message: 'Request'
}
{
  service: 'attendance-system',
  method: 'GET',
  url: '/attendance?startDate=2026-02-01&endDate=2026-03-28&search=RJ&page=1&limit=50',
  statusCode: 200,
  duration: '140ms',
  contentLength: '766',
  level: 'info',
  message: 'Response',
  timestamp: '2026-03-02 10:52:09'
}
{
  service: 'attendance-system',
  method: 'GET',
  url: '/api/analytics/employee/687f797fcac0a473f5b46e07?month=02&year=2026',
  ip: '127.0.0.1',
  userAgent: 'Mozilla/5.0 (Windows NT 10.0; Win64; x64) AppleWebKit/537.36 (KHTML, like Gecko) Chrome/145.0.0.0 Safari/537.36 Edg/145.0.0.0',
  timestamp: '2026-03-02 10:52:13',
  level: 'info',
  message: 'Request'
}
{
  service: 'attendance-system',
  method: 'GET',
  url: '/employee/687f797fcac0a473f5b46e07?month=02&year=2026',
  statusCode: 200,
  duration: '123ms',
  contentLength: '8128',
  level: 'info',
  message: 'Response',
  timestamp: '2026-03-02 10:52:13'
}
{
  service: 'attendance-system',
  method: 'GET',
  url: '/api/analytics/attendance?startDate=2026-02-01&endDate=2026-02-28&search=RJ&page=1&limit=50',
  ip: '127.0.0.1',
  userAgent: 'Mozilla/5.0 (Windows NT 10.0; Win64; x64) AppleWebKit/537.36 (KHTML, like Gecko) Chrome/145.0.0.0 Safari/537.36 Edg/145.0.0.0',
  timestamp: '2026-03-02 10:52:59',
  level: 'info',
  message: 'Request'
}
{
  service: 'attendance-system',
  method: 'GET',
  url: '/attendance?startDate=2026-02-01&endDate=2026-02-28&search=RJ&page=1&limit=50',
  statusCode: 200,
  duration: '91ms',
  contentLength: '758',
  level: 'info',
  message: 'Response',
  timestamp: '2026-03-02 10:52:59'
}
{
  service: 'attendance-system',
  method: 'GET',
  url: '/api/analytics/employee/687f797fcac0a473f5b46e07?month=03&year=2026',
  ip: '127.0.0.1',
  userAgent: 'Mozilla/5.0 (Windows NT 10.0; Win64; x64) AppleWebKit/537.36 (KHTML, like Gecko) Chrome/145.0.0.0 Safari/537.36 Edg/145.0.0.0',
  timestamp: '2026-03-02 10:53:15',
  level: 'info',
  message: 'Request'
}
{
  service: 'attendance-system',
  method: 'GET',
  url: '/employee/687f797fcac0a473f5b46e07?month=03&year=2026',
  statusCode: 200,
  duration: '110ms',
  contentLength: '6840',
  level: 'info',
  message: 'Response',
  timestamp: '2026-03-02 10:53:15'
}
{
  service: 'attendance-system',
  method: 'GET',
  url: '/api/analytics/attendance?startDate=2026-02-01&endDate=2026-02-28&page=1&limit=50',
  ip: '127.0.0.1',
  userAgent: 'Mozilla/5.0 (Windows NT 10.0; Win64; x64) AppleWebKit/537.36 (KHTML, like Gecko) Chrome/145.0.0.0 Safari/537.36 Edg/145.0.0.0',
  timestamp: '2026-03-02 10:53:32',
  level: 'info',
  message: 'Request'
}
{
  service: 'attendance-system',
  method: 'GET',
  url: '/attendance?startDate=2026-02-01&endDate=2026-02-28&page=1&limit=50',
  statusCode: 200,
  duration: '4ms',
  contentLength: '757',
  level: 'info',
  message: 'Response',
  timestamp: '2026-03-02 10:53:32'
}
{
  service: 'attendance-system',
  method: 'GET',
  url: '/api/admin/employees?all=true&_t=1772429028684',
  ip: '127.0.0.1',
  userAgent: 'Mozilla/5.0 (Windows NT 10.0; Win64; x64) AppleWebKit/537.36 (KHTML, like Gecko) Chrome/145.0.0.0 Safari/537.36 Edg/145.0.0.0',
  timestamp: '2026-03-02 10:53:48',
  level: 'info',
  message: 'Request'
}
{
  service: 'attendance-system',
  method: 'GET',
  url: '/?all=true&_t=1772429028684',
  statusCode: 200,
  duration: '51ms',
  contentLength: '29004',
  level: 'info',
  message: 'Response',
  timestamp: '2026-03-02 10:53:48'
}
{
  service: 'attendance-system',
  method: 'GET',
  url: '/api/admin/employees?all=true&_t=1772429028684',
  ip: '127.0.0.1',
  userAgent: 'Mozilla/5.0 (Windows NT 10.0; Win64; x64) AppleWebKit/537.36 (KHTML, like Gecko) Chrome/145.0.0.0 Safari/537.36 Edg/145.0.0.0',
  timestamp: '2026-03-02 10:53:48',
  level: 'info',
  message: 'Request'
}
{
  service: 'attendance-system',
  method: 'GET',
  url: '/?all=true&_t=1772429028684',
  statusCode: 304,
  duration: '55ms',
  contentLength: 0,
  level: 'info',
  message: 'Response',
  timestamp: '2026-03-02 10:53:48'
}
{
  service: 'attendance-system',
  method: 'GET',
  url: '/api/analytics/attendance?startDate=2026-02-01&endDate=2026-03-28&page=1&limit=50',
  ip: '127.0.0.1',
  userAgent: 'Mozilla/5.0 (Windows NT 10.0; Win64; x64) AppleWebKit/537.36 (KHTML, like Gecko) Chrome/145.0.0.0 Safari/537.36 Edg/145.0.0.0',
  timestamp: '2026-03-02 10:54:02',
  level: 'info',
  message: 'Request'
}
{
  service: 'attendance-system',
  method: 'GET',
  url: '/attendance?startDate=2026-02-01&endDate=2026-03-28&page=1&limit=50',
  statusCode: 200,
  duration: '7ms',
  contentLength: '765',
  level: 'info',
  message: 'Response',
  timestamp: '2026-03-02 10:54:02'
}
{
  service: 'attendance-system',
  method: 'GET',
  url: '/api/admin/leave-years/active',
  ip: '127.0.0.1',
  userAgent: 'Mozilla/5.0 (Windows NT 10.0; Win64; x64) AppleWebKit/537.36 (KHTML, like Gecko) Chrome/145.0.0.0 Safari/537.36 Edg/145.0.0.0',
  timestamp: '2026-03-02 10:54:36',
  level: 'info',
  message: 'Request'
}
{
  service: 'attendance-system',
  method: 'GET',
  url: '/api/auth/me',
  ip: '127.0.0.1',
  userAgent: 'Mozilla/5.0 (Windows NT 10.0; Win64; x64) AppleWebKit/537.36 (KHTML, like Gecko) Chrome/145.0.0.0 Safari/537.36 Edg/145.0.0.0',
  timestamp: '2026-03-02 10:54:36',
  level: 'info',
  message: 'Request'
}
{
  service: 'attendance-system',
  method: 'GET',
  url: '/active',
  statusCode: 200,
  duration: '40ms',
  contentLength: '194',
  level: 'info',
  message: 'Response',
  timestamp: '2026-03-02 10:54:36'
}
{
  service: 'attendance-system',
  method: 'GET',
  url: '/api/admin/leave-years/active',
  ip: '127.0.0.1',
  userAgent: 'Mozilla/5.0 (Windows NT 10.0; Win64; x64) AppleWebKit/537.36 (KHTML, like Gecko) Chrome/145.0.0.0 Safari/537.36 Edg/145.0.0.0',
  timestamp: '2026-03-02 10:54:36',
  level: 'info',
  message: 'Request'
}
{
  service: 'attendance-system',
  method: 'GET',
  url: '/active',
  statusCode: 304,
  duration: '14ms',
  contentLength: 0,
  level: 'info',
  message: 'Response',
  timestamp: '2026-03-02 10:54:36'
}
{
  service: 'attendance-system',
  method: 'GET',
  url: '/me',
  statusCode: 200,
  duration: '48ms',
  contentLength: '1282',
  level: 'info',
  message: 'Response',
  timestamp: '2026-03-02 10:54:36'
}
{
  service: 'attendance-system',
  method: 'GET',
  url: '/api/announcements/last-read',
  ip: '127.0.0.1',
  userAgent: 'Mozilla/5.0 (Windows NT 10.0; Win64; x64) AppleWebKit/537.36 (KHTML, like Gecko) Chrome/145.0.0.0 Safari/537.36 Edg/145.0.0.0',
  timestamp: '2026-03-02 10:54:36',
  level: 'info',
  message: 'Request'
}
{
  service: 'attendance-system',
  method: 'GET',
  url: '/api/attendance/current-status?_t=1772429076130',
  ip: '127.0.0.1',
  userAgent: 'Mozilla/5.0 (Windows NT 10.0; Win64; x64) AppleWebKit/537.36 (KHTML, like Gecko) Chrome/145.0.0.0 Safari/537.36 Edg/145.0.0.0',
  timestamp: '2026-03-02 10:54:36',
  level: 'info',
  message: 'Request'
}
{
  service: 'attendance-system',
  method: 'GET',
  url: '/api/new-notifications',
  ip: '127.0.0.1',
  userAgent: 'Mozilla/5.0 (Windows NT 10.0; Win64; x64) AppleWebKit/537.36 (KHTML, like Gecko) Chrome/145.0.0.0 Safari/537.36 Edg/145.0.0.0',
  timestamp: '2026-03-02 10:54:36',
  level: 'info',
  message: 'Request'
}
{
  service: 'attendance-system',
  method: 'GET',
  url: '/last-read',
  statusCode: 304,
  duration: '40ms',
  contentLength: 0,
  level: 'info',
  message: 'Response',
  timestamp: '2026-03-02 10:54:36'
}
{
  service: 'attendance-system',
  method: 'GET',
  url: '/api/announcements/last-read',
  ip: '127.0.0.1',
  userAgent: 'Mozilla/5.0 (Windows NT 10.0; Win64; x64) AppleWebKit/537.36 (KHTML, like Gecko) Chrome/145.0.0.0 Safari/537.36 Edg/145.0.0.0',
  timestamp: '2026-03-02 10:54:36',
  level: 'info',
  message: 'Request'
}
{
  service: 'attendance-system',
  method: 'GET',
  url: '/current-status?_t=1772429076130',
  statusCode: 200,
  duration: '87ms',
  contentLength: '102',
  level: 'info',
  message: 'Response',
  timestamp: '2026-03-02 10:54:36'
}
{
  service: 'attendance-system',
  method: 'GET',
  url: '/api/announcements',
  ip: '127.0.0.1',
  userAgent: 'Mozilla/5.0 (Windows NT 10.0; Win64; x64) AppleWebKit/537.36 (KHTML, like Gecko) Chrome/145.0.0.0 Safari/537.36 Edg/145.0.0.0',
  timestamp: '2026-03-02 10:54:36',
  level: 'info',
  message: 'Request'
}
{
  service: 'attendance-system',
  method: 'GET',
  url: '/last-read',
  statusCode: 304,
  duration: '52ms',
  contentLength: 0,
  level: 'info',
  message: 'Response',
  timestamp: '2026-03-02 10:54:36'
}
{
  service: 'attendance-system',
  method: 'GET',
  url: '/',
  statusCode: 200,
  duration: '99ms',
  contentLength: '23768',
  level: 'info',
  message: 'Response',
  timestamp: '2026-03-02 10:54:36'
}
{
  service: 'attendance-system',
  method: 'GET',
  url: '/',
  statusCode: 304,
  duration: '16ms',
  contentLength: 0,
  level: 'info',
  message: 'Response',
  timestamp: '2026-03-02 10:54:36'
}
{
  service: 'attendance-system',
  method: 'GET',
  url: '/api/announcements/last-read',
  ip: '127.0.0.1',
  userAgent: 'Mozilla/5.0 (Windows NT 10.0; Win64; x64) AppleWebKit/537.36 (KHTML, like Gecko) Chrome/145.0.0.0 Safari/537.36 Edg/145.0.0.0',
  timestamp: '2026-03-02 10:54:36',
  level: 'info',
  message: 'Request'
}
{
  service: 'attendance-system',
  method: 'GET',
  url: '/last-read',
  statusCode: 304,
  duration: '13ms',
  contentLength: 0,
  level: 'info',
  message: 'Response',
  timestamp: '2026-03-02 10:54:36'
}
{
  service: 'attendance-system',
  method: 'GET',
  url: '/api/analytics/employee/687f797fcac0a473f5b46e07?month=02&year=2026',
  ip: '127.0.0.1',
  userAgent: 'Mozilla/5.0 (Windows NT 10.0; Win64; x64) AppleWebKit/537.36 (KHTML, like Gecko) Chrome/145.0.0.0 Safari/537.36 Edg/145.0.0.0',
  timestamp: '2026-03-02 10:54:36',
  level: 'info',
  message: 'Request'
}
{
  service: 'attendance-system',
  method: 'GET',
  url: '/employee/687f797fcac0a473f5b46e07?month=02&year=2026',
  statusCode: 200,
  duration: '122ms',
  contentLength: '8131',
  level: 'info',
  message: 'Response',
  timestamp: '2026-03-02 10:54:36'
}
{
  service: 'attendance-system',
  method: 'GET',
  url: '/api/analytics/attendance?startDate=2026-03-01&endDate=2026-03-02&page=1&limit=50',
  ip: '127.0.0.1',
  userAgent: 'Mozilla/5.0 (Windows NT 10.0; Win64; x64) AppleWebKit/537.36 (KHTML, like Gecko) Chrome/145.0.0.0 Safari/537.36 Edg/145.0.0.0',
  timestamp: '2026-03-02 10:54:40',
  level: 'info',
  message: 'Request'
}
{
  service: 'attendance-system',
  method: 'GET',
  url: '/attendance?startDate=2026-03-01&endDate=2026-03-02&page=1&limit=50',
  statusCode: 304,
  duration: '1052ms',
  contentLength: 0,
  level: 'info',
  message: 'Response',
  timestamp: '2026-03-02 10:54:41'
}
{
  service: 'attendance-system',
  method: 'GET',
  url: '/api/analytics/attendance?startDate=2026-02-15&endDate=2026-03-14&page=1&limit=50',
  ip: '127.0.0.1',
  userAgent: 'Mozilla/5.0 (Windows NT 10.0; Win64; x64) AppleWebKit/537.36 (KHTML, like Gecko) Chrome/145.0.0.0 Safari/537.36 Edg/145.0.0.0',
  timestamp: '2026-03-02 10:54:52',
  level: 'info',
  message: 'Request'
}
{
  service: 'attendance-system',
  method: 'GET',
  url: '/attendance?startDate=2026-02-15&endDate=2026-03-14&page=1&limit=50',
  statusCode: 200,
  duration: '1338ms',
  contentLength: '13758',
  level: 'info',
  message: 'Response',
  timestamp: '2026-03-02 10:54:53'
}
{
  service: 'attendance-system',
  method: 'GET',
  url: '/api/analytics/attendance?startDate=2026-02-01&endDate=2026-03-28&page=1&limit=50',
  ip: '127.0.0.1',
  userAgent: 'Mozilla/5.0 (Windows NT 10.0; Win64; x64) AppleWebKit/537.36 (KHTML, like Gecko) Chrome/145.0.0.0 Safari/537.36 Edg/145.0.0.0',
  timestamp: '2026-03-02 10:55:07',
  level: 'info',
  message: 'Request'
}
{
  service: 'attendance-system',
  method: 'GET',
  url: '/attendance?startDate=2026-02-01&endDate=2026-03-28&page=1&limit=50',
  statusCode: 200,
  duration: '2034ms',
  contentLength: '13877',
  level: 'info',
  message: 'Response',
  timestamp: '2026-03-02 10:55:09'
}
{
  service: 'attendance-system',
  method: 'GET',
  url: '/api/admin/employees?all=true&_t=1772429174203',
  ip: '127.0.0.1',
  userAgent: 'Mozilla/5.0 (Windows NT 10.0; Win64; x64) AppleWebKit/537.36 (KHTML, like Gecko) Chrome/145.0.0.0 Safari/537.36 Edg/145.0.0.0',
  timestamp: '2026-03-02 10:56:14',
  level: 'info',
  message: 'Request'
}
{
  service: 'attendance-system',
  method: 'GET',
  url: '/?all=true&_t=1772429174203',
  statusCode: 200,
  duration: '59ms',
  contentLength: '29004',
  level: 'info',
  message: 'Response',
  timestamp: '2026-03-02 10:56:14'
}
{
  service: 'attendance-system',
  method: 'GET',
  url: '/api/admin/employees?all=true&_t=1772429174203',
  ip: '127.0.0.1',
  userAgent: 'Mozilla/5.0 (Windows NT 10.0; Win64; x64) AppleWebKit/537.36 (KHTML, like Gecko) Chrome/145.0.0.0 Safari/537.36 Edg/145.0.0.0',
  timestamp: '2026-03-02 10:56:14',
  level: 'info',
  message: 'Request'
}
{
  service: 'attendance-system',
  method: 'GET',
  url: '/?all=true&_t=1772429174203',
  statusCode: 304,
  duration: '44ms',
  contentLength: 0,
  level: 'info',
  message: 'Response',
  timestamp: '2026-03-02 10:56:14'
}
{
  service: 'attendance-system',
  method: 'POST',
  url: '/api/admin/reports/attendance',
  ip: '127.0.0.1',
  userAgent: 'Mozilla/5.0 (Windows NT 10.0; Win64; x64) AppleWebKit/537.36 (KHTML, like Gecko) Chrome/145.0.0.0 Safari/537.36 Edg/145.0.0.0',
  timestamp: '2026-03-02 10:56:24',
  level: 'info',
  message: 'Request'
}
{
  service: 'attendance-system',
  method: 'POST',
  url: '/attendance',
  statusCode: 200,
  duration: '61ms',
  contentLength: '14005',
  level: 'info',
  message: 'Response',
  timestamp: '2026-03-02 10:56:24'
}
{
  service: 'attendance-system',
  method: 'GET',
  url: '/api/admin/leaves/all?page=1&limit=10',
  ip: '127.0.0.1',
  userAgent: 'Mozilla/5.0 (Windows NT 10.0; Win64; x64) AppleWebKit/537.36 (KHTML, like Gecko) Chrome/145.0.0.0 Safari/537.36 Edg/145.0.0.0',
  timestamp: '2026-03-02 10:56:49',
  level: 'info',
  message: 'Request'
}
{
  service: 'attendance-system',
  method: 'GET',
  url: '/api/admin/employees?all=true&_t=1772429209396',
  ip: '127.0.0.1',
  userAgent: 'Mozilla/5.0 (Windows NT 10.0; Win64; x64) AppleWebKit/537.36 (KHTML, like Gecko) Chrome/145.0.0.0 Safari/537.36 Edg/145.0.0.0',
  timestamp: '2026-03-02 10:56:49',
  level: 'info',
  message: 'Request'
}
{
  service: 'attendance-system',
  method: 'GET',
  url: '/leaves/all?page=1&limit=10',
  statusCode: 200,
  duration: '24ms',
  contentLength: '6994',
  level: 'info',
  message: 'Response',
  timestamp: '2026-03-02 10:56:49'
}
{
  service: 'attendance-system',
  method: 'GET',
  url: '/?all=true&_t=1772429209396',
  statusCode: 200,
  duration: '45ms',
  contentLength: '29004',
  level: 'info',
  message: 'Response',
  timestamp: '2026-03-02 10:56:49'
}
{
  service: 'attendance-system',
  method: 'GET',
  url: '/api/analytics/monthly-context-settings',
  ip: '127.0.0.1',
  userAgent: 'Mozilla/5.0 (Windows NT 10.0; Win64; x64) AppleWebKit/537.36 (KHTML, like Gecko) Chrome/145.0.0.0 Safari/537.36 Edg/145.0.0.0',
  timestamp: '2026-03-02 10:56:49',
  level: 'info',
  message: 'Request'
}
{
  service: 'attendance-system',
  method: 'GET',
  url: '/analytics/monthly-context-settings',
  statusCode: 404,
  duration: '1ms',
  contentLength: '91',
  level: 'info',
  message: 'Response',
  timestamp: '2026-03-02 10:56:49'
}
{
  service: 'attendance-system',
  method: 'GET',
  url: '/api/analytics/monthly-context-settings',
  ip: '127.0.0.1',
  userAgent: 'Mozilla/5.0 (Windows NT 10.0; Win64; x64) AppleWebKit/537.36 (KHTML, like Gecko) Chrome/145.0.0.0 Safari/537.36 Edg/145.0.0.0',
  timestamp: '2026-03-02 10:56:49',
  level: 'info',
  message: 'Request'
}
{
  service: 'attendance-system',
  method: 'GET',
  url: '/analytics/monthly-context-settings',
  statusCode: 404,
  duration: '1ms',
  contentLength: '91',
  level: 'info',
  message: 'Response',
  timestamp: '2026-03-02 10:56:49'
}
{
  service: 'attendance-system',
  method: 'GET',
  url: '/api/analytics/monthly-context-settings',
  ip: '127.0.0.1',
  userAgent: 'Mozilla/5.0 (Windows NT 10.0; Win64; x64) AppleWebKit/537.36 (KHTML, like Gecko) Chrome/145.0.0.0 Safari/537.36 Edg/145.0.0.0',
  timestamp: '2026-03-02 10:56:49',
  level: 'info',
  message: 'Request'
}
{
  service: 'attendance-system',
  method: 'GET',
  url: '/analytics/monthly-context-settings',
  statusCode: 404,
  duration: '1ms',
  contentLength: '91',
  level: 'info',
  message: 'Response',
  timestamp: '2026-03-02 10:56:49'
}
{
  service: 'attendance-system',
  method: 'GET',
  url: '/api/admin/leaves/analytics/counts?month=3&year=2026&role=Employee',
  ip: '127.0.0.1',
  userAgent: 'Mozilla/5.0 (Windows NT 10.0; Win64; x64) AppleWebKit/537.36 (KHTML, like Gecko) Chrome/145.0.0.0 Safari/537.36 Edg/145.0.0.0',
  timestamp: '2026-03-02 10:56:49',
  level: 'info',
  message: 'Request'
}
{
  service: 'attendance-system',
  method: 'GET',
  url: '/api/admin/leaves/analytics/counts?month=3&year=2026&role=Intern',
  ip: '127.0.0.1',
  userAgent: 'Mozilla/5.0 (Windows NT 10.0; Win64; x64) AppleWebKit/537.36 (KHTML, like Gecko) Chrome/145.0.0.0 Safari/537.36 Edg/145.0.0.0',
  timestamp: '2026-03-02 10:56:49',
  level: 'info',
  message: 'Request'
}
{
  service: 'attendance-system',
  method: 'GET',
  url: '/api/analytics/monthly-context-settings',
  ip: '127.0.0.1',
  userAgent: 'Mozilla/5.0 (Windows NT 10.0; Win64; x64) AppleWebKit/537.36 (KHTML, like Gecko) Chrome/145.0.0.0 Safari/537.36 Edg/145.0.0.0',
  timestamp: '2026-03-02 10:56:49',
  level: 'info',
  message: 'Request'
}
{
  service: 'attendance-system',
  method: 'GET',
  url: '/analytics/monthly-context-settings',
  statusCode: 404,
  duration: '1ms',
  contentLength: '91',
  level: 'info',
  message: 'Response',
  timestamp: '2026-03-02 10:56:49'
}
{
  service: 'attendance-system',
  method: 'GET',
  url: '/leaves/analytics/counts?month=3&year=2026&role=Employee',
  statusCode: 200,
  duration: '27ms',
  contentLength: '2110',
  level: 'info',
  message: 'Response',
  timestamp: '2026-03-02 10:56:49'
}
{
  service: 'attendance-system',
  method: 'GET',
  url: '/leaves/analytics/counts?month=3&year=2026&role=Intern',
  statusCode: 200,
  duration: '22ms',
  contentLength: '2',
  level: 'info',
  message: 'Response',
  timestamp: '2026-03-02 10:56:49'
}
{
  service: 'attendance-system',
  method: 'GET',
  url: '/api/attendance/actual-work-days?month=3&year=2026&_t=1772429209637',
  ip: '127.0.0.1',
  userAgent: 'Mozilla/5.0 (Windows NT 10.0; Win64; x64) AppleWebKit/537.36 (KHTML, like Gecko) Chrome/145.0.0.0 Safari/537.36 Edg/145.0.0.0',
  timestamp: '2026-03-02 10:56:49',
  level: 'info',
  message: 'Request'
}
{
  service: 'attendance-system',
  method: 'GET',
  url: '/api/attendance/actual-work-days?month=3&year=2026&_t=1772429209657',
  ip: '127.0.0.1',
  userAgent: 'Mozilla/5.0 (Windows NT 10.0; Win64; x64) AppleWebKit/537.36 (KHTML, like Gecko) Chrome/145.0.0.0 Safari/537.36 Edg/145.0.0.0',
  timestamp: '2026-03-02 10:56:49',
  level: 'info',
  message: 'Request'
}
{
  service: 'attendance-system',
  method: 'GET',
  url: '/actual-work-days?month=3&year=2026&_t=1772429209637',
  statusCode: 200,
  duration: '55ms',
  contentLength: '6495',
  level: 'info',
  message: 'Response',
  timestamp: '2026-03-02 10:56:49'
}
{
  service: 'attendance-system',
  method: 'GET',
  url: '/actual-work-days?month=3&year=2026&_t=1772429209657',
  statusCode: 200,
  duration: '75ms',
  contentLength: '6495',
  level: 'info',
  message: 'Response',
  timestamp: '2026-03-02 10:56:49'
}
{
  service: 'attendance-system',
  method: 'GET',
  url: '/api/admin/dashboard-summary?includePendingLeaves=true',
  ip: '127.0.0.1',
  userAgent: 'Mozilla/5.0 (Windows NT 10.0; Win64; x64) AppleWebKit/537.36 (KHTML, like Gecko) Chrome/145.0.0.0 Safari/537.36 Edg/145.0.0.0',
  timestamp: '2026-03-02 10:57:03',
  level: 'info',
  message: 'Request'
}
{
  service: 'attendance-system',
  method: 'GET',
  url: '/dashboard-summary?includePendingLeaves=true',
  statusCode: 200,
  duration: '181ms',
  contentLength: '20445',
  level: 'info',
  message: 'Response',
  timestamp: '2026-03-02 10:57:03'
}
{
  service: 'attendance-system',
  method: 'GET',
  url: '/api/admin/dashboard-summary?includePendingLeaves=true',
  ip: '127.0.0.1',
  userAgent: 'Mozilla/5.0 (Windows NT 10.0; Win64; x64) AppleWebKit/537.36 (KHTML, like Gecko) Chrome/145.0.0.0 Safari/537.36 Edg/145.0.0.0',
  timestamp: '2026-03-02 10:57:03',
  level: 'info',
  message: 'Request'
}
{
  service: 'attendance-system',
  method: 'GET',
  url: '/dashboard-summary?includePendingLeaves=true',
  statusCode: 304,
  duration: '27ms',
  contentLength: 0,
  level: 'info',
  message: 'Response',
  timestamp: '2026-03-02 10:57:03'
}
{
  service: 'attendance-system',
  method: 'GET',
  url: '/api/admin/employees?all=true&slim=true&_t=1772429225915',
  ip: '127.0.0.1',
  userAgent: 'Mozilla/5.0 (Windows NT 10.0; Win64; x64) AppleWebKit/537.36 (KHTML, like Gecko) Chrome/145.0.0.0 Safari/537.36 Edg/145.0.0.0',
  timestamp: '2026-03-02 10:57:05',
  level: 'info',
  message: 'Request'
}
{
  service: 'attendance-system',
  method: 'GET',
  url: '/?all=true&slim=true&_t=1772429225915',
  statusCode: 200,
  duration: '25ms',
  contentLength: '12280',
  level: 'info',
  message: 'Response',
  timestamp: '2026-03-02 10:57:05'
}
{
  service: 'attendance-system',
  method: 'GET',
  url: '/api/admin/employees?all=true&slim=true&_t=1772429225915',
  ip: '127.0.0.1',
  userAgent: 'Mozilla/5.0 (Windows NT 10.0; Win64; x64) AppleWebKit/537.36 (KHTML, like Gecko) Chrome/145.0.0.0 Safari/537.36 Edg/145.0.0.0',
  timestamp: '2026-03-02 10:57:05',
  level: 'info',
  message: 'Request'
}
{
  service: 'attendance-system',
  method: 'GET',
  url: '/?all=true&slim=true&_t=1772429225915',
  statusCode: 304,
  duration: '21ms',
  contentLength: 0,
  level: 'info',
  message: 'Response',
  timestamp: '2026-03-02 10:57:05'
}
{
  service: 'attendance-system',
  method: 'GET',
  url: '/api/admin/shifts?_t=1772429227686',
  ip: '127.0.0.1',
  userAgent: 'Mozilla/5.0 (Windows NT 10.0; Win64; x64) AppleWebKit/537.36 (KHTML, like Gecko) Chrome/145.0.0.0 Safari/537.36 Edg/145.0.0.0',
  timestamp: '2026-03-02 10:57:07',
  level: 'info',
  message: 'Request'
}
{
  service: 'attendance-system',
  method: 'GET',
  url: '/api/admin/employees?page=1&limit=10&status=active&_t=1772429227686',
  ip: '127.0.0.1',
  userAgent: 'Mozilla/5.0 (Windows NT 10.0; Win64; x64) AppleWebKit/537.36 (KHTML, like Gecko) Chrome/145.0.0.0 Safari/537.36 Edg/145.0.0.0',
  timestamp: '2026-03-02 10:57:07',
  level: 'info',
  message: 'Request'
}
{
  service: 'attendance-system',
  method: 'GET',
  url: '/?_t=1772429227686',
  statusCode: 200,
  duration: '16ms',
  contentLength: '802',
  level: 'info',
  message: 'Response',
  timestamp: '2026-03-02 10:57:07'
}
{
  service: 'attendance-system',
  method: 'GET',
  url: '/api/admin/shifts?_t=1772429227686',
  ip: '127.0.0.1',
  userAgent: 'Mozilla/5.0 (Windows NT 10.0; Win64; x64) AppleWebKit/537.36 (KHTML, like Gecko) Chrome/145.0.0.0 Safari/537.36 Edg/145.0.0.0',
  timestamp: '2026-03-02 10:57:07',
  level: 'info',
  message: 'Request'
}
{
  service: 'attendance-system',
  method: 'GET',
  url: '/?page=1&limit=10&status=active&_t=1772429227686',
  statusCode: 200,
  duration: '25ms',
  contentLength: '8609',
  level: 'info',
  message: 'Response',
  timestamp: '2026-03-02 10:57:07'
}
{
  service: 'attendance-system',
  method: 'GET',
  url: '/api/admin/employees?page=1&limit=10&status=active&_t=1772429227686',
  ip: '127.0.0.1',
  userAgent: 'Mozilla/5.0 (Windows NT 10.0; Win64; x64) AppleWebKit/537.36 (KHTML, like Gecko) Chrome/145.0.0.0 Safari/537.36 Edg/145.0.0.0',
  timestamp: '2026-03-02 10:57:07',
  level: 'info',
  message: 'Request'
}
{
  service: 'attendance-system',
  method: 'GET',
  url: '/?_t=1772429227686',
  statusCode: 304,
  duration: '20ms',
  contentLength: 0,
  level: 'info',
  message: 'Response',
  timestamp: '2026-03-02 10:57:07'
}
{
  service: 'attendance-system',
  method: 'GET',
  url: '/?page=1&limit=10&status=active&_t=1772429227686',
  statusCode: 304,
  duration: '26ms',
  contentLength: 0,
  level: 'info',
  message: 'Response',
  timestamp: '2026-03-02 10:57:07'
}
{
  service: 'attendance-system',
  method: 'GET',
  url: '/api/users/avatar/69958affb64b4c515fc08732',
  ip: '127.0.0.1',
  userAgent: 'Mozilla/5.0 (Windows NT 10.0; Win64; x64) AppleWebKit/537.36 (KHTML, like Gecko) Chrome/145.0.0.0 Safari/537.36 Edg/145.0.0.0',
  timestamp: '2026-03-02 10:57:07',
  level: 'info',
  message: 'Request'
}
{
  service: 'attendance-system',
  method: 'GET',
  url: '/api/users/avatar/69959ee1b64b4c515fc0b2b2',
  ip: '127.0.0.1',
  userAgent: 'Mozilla/5.0 (Windows NT 10.0; Win64; x64) AppleWebKit/537.36 (KHTML, like Gecko) Chrome/145.0.0.0 Safari/537.36 Edg/145.0.0.0',
  timestamp: '2026-03-02 10:57:07',
  level: 'info',
  message: 'Request'
}
{
  service: 'attendance-system',
  method: 'GET',
  url: '/api/users/avatar/69970a42dee2f82ad0dc5dfd',
  ip: '127.0.0.1',
  userAgent: 'Mozilla/5.0 (Windows NT 10.0; Win64; x64) AppleWebKit/537.36 (KHTML, like Gecko) Chrome/145.0.0.0 Safari/537.36 Edg/145.0.0.0',
  timestamp: '2026-03-02 10:57:07',
  level: 'info',
  message: 'Request'
}
{
  service: 'attendance-system',
  method: 'GET',
  url: '/avatar/69970a42dee2f82ad0dc5dfd',
  statusCode: 200,
  duration: '62ms',
  contentLength: '87966',
  level: 'info',
  message: 'Response',
  timestamp: '2026-03-02 10:57:07'
}
{
  service: 'attendance-system',
  method: 'GET',
  url: '/avatar/69959ee1b64b4c515fc0b2b2',
  statusCode: 200,
  duration: '65ms',
  contentLength: '134112',
  level: 'info',
  message: 'Response',
  timestamp: '2026-03-02 10:57:07'
}
{
  service: 'attendance-system',
  method: 'GET',
  url: '/avatar/69958affb64b4c515fc08732',
  statusCode: 200,
  duration: '76ms',
  contentLength: '192533',
  level: 'info',
  message: 'Response',
  timestamp: '2026-03-02 10:57:07'
}
{
  service: 'attendance-system',
  method: 'GET',
  url: '/api/analytics/monthly-context-settings',
  ip: '127.0.0.1',
  userAgent: 'Mozilla/5.0 (Windows NT 10.0; Win64; x64) AppleWebKit/537.36 (KHTML, like Gecko) Chrome/145.0.0.0 Safari/537.36 Edg/145.0.0.0',
  timestamp: '2026-03-02 10:57:20',
  level: 'info',
  message: 'Request'
}
{
  service: 'attendance-system',
  method: 'GET',
  url: '/analytics/monthly-context-settings',
  statusCode: 404,
  duration: '1ms',
  contentLength: '91',
  level: 'info',
  message: 'Response',
  timestamp: '2026-03-02 10:57:20'
}
{
  service: 'attendance-system',
  method: 'GET',
  url: '/api/analytics/monthly-context-settings',
  ip: '127.0.0.1',
  userAgent: 'Mozilla/5.0 (Windows NT 10.0; Win64; x64) AppleWebKit/537.36 (KHTML, like Gecko) Chrome/145.0.0.0 Safari/537.36 Edg/145.0.0.0',
  timestamp: '2026-03-02 10:57:20',
  level: 'info',
  message: 'Request'
}
{
  service: 'attendance-system',
  method: 'GET',
  url: '/analytics/monthly-context-settings',
  statusCode: 404,
  duration: '1ms',
  contentLength: '91',
  level: 'info',
  message: 'Response',
  timestamp: '2026-03-02 10:57:20'
}
{
  service: 'attendance-system',
  method: 'GET',
  url: '/api/analytics/monthly-context-settings',
  ip: '127.0.0.1',
  userAgent: 'Mozilla/5.0 (Windows NT 10.0; Win64; x64) AppleWebKit/537.36 (KHTML, like Gecko) Chrome/145.0.0.0 Safari/537.36 Edg/145.0.0.0',
  timestamp: '2026-03-02 10:57:20',
  level: 'info',
  message: 'Request'
}
{
  service: 'attendance-system',
  method: 'GET',
  url: '/analytics/monthly-context-settings',
  statusCode: 404,
  duration: '1ms',
  contentLength: '91',
  level: 'info',
  message: 'Response',
  timestamp: '2026-03-02 10:57:20'
}
{
  service: 'attendance-system',
  method: 'GET',
  url: '/api/analytics/monthly-context-settings',
  ip: '127.0.0.1',
  userAgent: 'Mozilla/5.0 (Windows NT 10.0; Win64; x64) AppleWebKit/537.36 (KHTML, like Gecko) Chrome/145.0.0.0 Safari/537.36 Edg/145.0.0.0',
  timestamp: '2026-03-02 10:57:20',
  level: 'info',
  message: 'Request'
}
{
  service: 'attendance-system',
  method: 'GET',
  url: '/analytics/monthly-context-settings',
  statusCode: 404,
  duration: '1ms',
  contentLength: '91',
  level: 'info',
  message: 'Response',
  timestamp: '2026-03-02 10:57:20'
}
{
  service: 'attendance-system',
  method: 'GET',
  url: '/api/analytics/employee/687f797fcac0a473f5b46e07?month=03&year=2026',
  ip: '127.0.0.1',
  userAgent: 'Mozilla/5.0 (Windows NT 10.0; Win64; x64) AppleWebKit/537.36 (KHTML, like Gecko) Chrome/145.0.0.0 Safari/537.36 Edg/145.0.0.0',
  timestamp: '2026-03-02 10:57:23',
  level: 'info',
  message: 'Request'
}
{
  service: 'attendance-system',
  method: 'GET',
  url: '/employee/687f797fcac0a473f5b46e07?month=03&year=2026',
  statusCode: 304,
  duration: '111ms',
  contentLength: 0,
  level: 'info',
  message: 'Response',
  timestamp: '2026-03-02 10:57:23'
}
{
  service: 'attendance-system',
  method: 'GET',
  url: '/api/announcements',
  ip: '127.0.0.1',
  userAgent: 'Mozilla/5.0 (Windows NT 10.0; Win64; x64) AppleWebKit/537.36 (KHTML, like Gecko) Chrome/145.0.0.0 Safari/537.36 Edg/145.0.0.0',
  timestamp: '2026-03-02 11:25:50',
  level: 'info',
  message: 'Request'
}
{
  service: 'attendance-system',
  method: 'GET',
  url: '/',
  statusCode: 200,
  duration: '17ms',
  contentLength: '2',
  level: 'info',
  message: 'Response',
  timestamp: '2026-03-02 11:25:50'
}
{
  service: 'attendance-system',
  method: 'GET',
  url: '/api/admin/leave-years/active',
  ip: '127.0.0.1',
  userAgent: 'Mozilla/5.0 (Windows NT 10.0; Win64; x64) AppleWebKit/537.36 (KHTML, like Gecko) Chrome/145.0.0.0 Safari/537.36 Edg/145.0.0.0',
  timestamp: '2026-03-02 11:25:52',
  level: 'info',
  message: 'Request'
}
{
  service: 'attendance-system',
  method: 'GET',
  url: '/api/auth/me',
  ip: '127.0.0.1',
  userAgent: 'Mozilla/5.0 (Windows NT 10.0; Win64; x64) AppleWebKit/537.36 (KHTML, like Gecko) Chrome/145.0.0.0 Safari/537.36 Edg/145.0.0.0',
  timestamp: '2026-03-02 11:25:52',
  level: 'info',
  message: 'Request'
}
{
  service: 'attendance-system',
  method: 'GET',
  url: '/active',
  statusCode: 304,
  duration: '18ms',
  contentLength: 0,
  level: 'info',
  message: 'Response',
  timestamp: '2026-03-02 11:25:52'
}
{
  service: 'attendance-system',
  method: 'GET',
  url: '/api/admin/leave-years/active',
  ip: '127.0.0.1',
  userAgent: 'Mozilla/5.0 (Windows NT 10.0; Win64; x64) AppleWebKit/537.36 (KHTML, like Gecko) Chrome/145.0.0.0 Safari/537.36 Edg/145.0.0.0',
  timestamp: '2026-03-02 11:25:52',
  level: 'info',
  message: 'Request'
}
{
  service: 'attendance-system',
  method: 'GET',
  url: '/me',
  statusCode: 304,
  duration: '32ms',
  contentLength: 0,
  level: 'info',
  message: 'Response',
  timestamp: '2026-03-02 11:25:52'
}
{
  service: 'attendance-system',
  method: 'GET',
  url: '/active',
  statusCode: 304,
  duration: '18ms',
  contentLength: 0,
  level: 'info',
  message: 'Response',
  timestamp: '2026-03-02 11:25:52'
}
{
  service: 'attendance-system',
  method: 'GET',
  url: '/api/announcements/last-read',
  ip: '127.0.0.1',
  userAgent: 'Mozilla/5.0 (Windows NT 10.0; Win64; x64) AppleWebKit/537.36 (KHTML, like Gecko) Chrome/145.0.0.0 Safari/537.36 Edg/145.0.0.0',
  timestamp: '2026-03-02 11:25:52',
  level: 'info',
  message: 'Request'
}
{
  service: 'attendance-system',
  method: 'GET',
  url: '/api/attendance/current-status?_t=1772430952381',
  ip: '127.0.0.1',
  userAgent: 'Mozilla/5.0 (Windows NT 10.0; Win64; x64) AppleWebKit/537.36 (KHTML, like Gecko) Chrome/145.0.0.0 Safari/537.36 Edg/145.0.0.0',
  timestamp: '2026-03-02 11:25:52',
  level: 'info',
  message: 'Request'
}
{
  service: 'attendance-system',
  method: 'GET',
  url: '/api/new-notifications',
  ip: '127.0.0.1',
  userAgent: 'Mozilla/5.0 (Windows NT 10.0; Win64; x64) AppleWebKit/537.36 (KHTML, like Gecko) Chrome/145.0.0.0 Safari/537.36 Edg/145.0.0.0',
  timestamp: '2026-03-02 11:25:52',
  level: 'info',
  message: 'Request'
}
{
  service: 'attendance-system',
  method: 'GET',
  url: '/last-read',
  statusCode: 304,
  duration: '29ms',
  contentLength: 0,
  level: 'info',
  message: 'Response',
  timestamp: '2026-03-02 11:25:52'
}
{
  service: 'attendance-system',
  method: 'GET',
  url: '/api/announcements/last-read',
  ip: '127.0.0.1',
  userAgent: 'Mozilla/5.0 (Windows NT 10.0; Win64; x64) AppleWebKit/537.36 (KHTML, like Gecko) Chrome/145.0.0.0 Safari/537.36 Edg/145.0.0.0',
  timestamp: '2026-03-02 11:25:52',
  level: 'info',
  message: 'Request'
}
{
  service: 'attendance-system',
  method: 'GET',
  url: '/current-status?_t=1772430952381',
  statusCode: 200,
  duration: '35ms',
  contentLength: '102',
  level: 'info',
  message: 'Response',
  timestamp: '2026-03-02 11:25:52'
}
{
  service: 'attendance-system',
  method: 'GET',
  url: '/last-read',
  statusCode: 304,
  duration: '15ms',
  contentLength: 0,
  level: 'info',
  message: 'Response',
  timestamp: '2026-03-02 11:25:52'
}
{
  service: 'attendance-system',
  method: 'GET',
  url: '/api/announcements/last-read',
  ip: '127.0.0.1',
  userAgent: 'Mozilla/5.0 (Windows NT 10.0; Win64; x64) AppleWebKit/537.36 (KHTML, like Gecko) Chrome/145.0.0.0 Safari/537.36 Edg/145.0.0.0',
  timestamp: '2026-03-02 11:25:52',
  level: 'info',
  message: 'Request'
}
{
  service: 'attendance-system',
  method: 'GET',
  url: '/last-read',
  statusCode: 304,
  duration: '311ms',
  contentLength: 0,
  level: 'info',
  message: 'Response',
  timestamp: '2026-03-02 11:25:52'
}
{
  service: 'attendance-system',
  method: 'GET',
  url: '/',
  statusCode: 200,
  duration: '365ms',
  contentLength: '26403',
  level: 'info',
  message: 'Response',
  timestamp: '2026-03-02 11:25:52'
}
{
  service: 'attendance-system',
  method: 'GET',
  url: '/api/analytics/employee/6908a3e9549111e069b67f80?month=02&year=2026',
  ip: '127.0.0.1',
  userAgent: 'Mozilla/5.0 (Windows NT 10.0; Win64; x64) AppleWebKit/537.36 (KHTML, like Gecko) Chrome/145.0.0.0 Safari/537.36 Edg/145.0.0.0',
  timestamp: '2026-03-02 11:25:52',
  level: 'info',
  message: 'Request'
}
{
  service: 'attendance-system',
  method: 'GET',
  url: '/employee/6908a3e9549111e069b67f80?month=02&year=2026',
  statusCode: 200,
  duration: '84ms',
  contentLength: '8741',
  level: 'info',
  message: 'Response',
  timestamp: '2026-03-02 11:25:52'
}
{
  service: 'attendance-system',
  method: 'GET',
  url: '/api/analytics/attendance?startDate=2026-03-01&endDate=2026-03-02&page=1&limit=50',
  ip: '127.0.0.1',
  userAgent: 'Mozilla/5.0 (Windows NT 10.0; Win64; x64) AppleWebKit/537.36 (KHTML, like Gecko) Chrome/145.0.0.0 Safari/537.36 Edg/145.0.0.0',
  timestamp: '2026-03-02 11:25:58',
  level: 'info',
  message: 'Request'
}
{
  service: 'attendance-system',
  method: 'GET',
  url: '/attendance?startDate=2026-03-01&endDate=2026-03-02&page=1&limit=50',
  statusCode: 200,
  duration: '1076ms',
  contentLength: '13357',
  level: 'info',
  message: 'Response',
  timestamp: '2026-03-02 11:26:00'
}
{
  service: 'attendance-system',
  method: 'GET',
  url: '/api/analytics/employee/687ddeb737735aa0fc5be0b7?month=03&year=2026',
  ip: '127.0.0.1',
  userAgent: 'Mozilla/5.0 (Windows NT 10.0; Win64; x64) AppleWebKit/537.36 (KHTML, like Gecko) Chrome/145.0.0.0 Safari/537.36 Edg/145.0.0.0',
  timestamp: '2026-03-02 11:26:14',
  level: 'info',
  message: 'Request'
}
{
  service: 'attendance-system',
  method: 'GET',
  url: '/employee/687ddeb737735aa0fc5be0b7?month=03&year=2026',
  statusCode: 200,
  duration: '97ms',
  contentLength: '7339',
  level: 'info',
  message: 'Response',
  timestamp: '2026-03-02 11:26:14'
}
{
  service: 'attendance-system',
  method: 'GET',
  url: '/api/analytics/attendance?startDate=2026-02-01&endDate=2026-02-28&page=1&limit=50',
  ip: '127.0.0.1',
  userAgent: 'Mozilla/5.0 (Windows NT 10.0; Win64; x64) AppleWebKit/537.36 (KHTML, like Gecko) Chrome/145.0.0.0 Safari/537.36 Edg/145.0.0.0',
  timestamp: '2026-03-02 11:26:41',
  level: 'info',
  message: 'Request'
}
{
  service: 'attendance-system',
  method: 'GET',
  url: '/attendance?startDate=2026-02-01&endDate=2026-02-28&page=1&limit=50',
  statusCode: 200,
  duration: '1644ms',
  contentLength: '13856',
  level: 'info',
  message: 'Response',
  timestamp: '2026-03-02 11:26:42'
}
{
  service: 'attendance-system',
  method: 'GET',
  url: '/api/analytics/employee/691177970f3bc7c194c6c8bc?month=02&year=2026',
  ip: '127.0.0.1',
  userAgent: 'Mozilla/5.0 (Windows NT 10.0; Win64; x64) AppleWebKit/537.36 (KHTML, like Gecko) Chrome/145.0.0.0 Safari/537.36 Edg/145.0.0.0',
  timestamp: '2026-03-02 11:27:17',
  level: 'info',
  message: 'Request'
}
{
  service: 'attendance-system',
  method: 'GET',
  url: '/employee/691177970f3bc7c194c6c8bc?month=02&year=2026',
  statusCode: 200,
  duration: '94ms',
  contentLength: '8681',
  level: 'info',
  message: 'Response',
  timestamp: '2026-03-02 11:27:17'
}
{
  service: 'attendance-system',
  method: 'GET',
  url: '/api/analytics/attendance?startDate=2026-03-01&endDate=2026-03-02&page=1&limit=50',
  ip: '127.0.0.1',
  userAgent: 'Mozilla/5.0 (Windows NT 10.0; Win64; x64) AppleWebKit/537.36 (KHTML, like Gecko) Chrome/145.0.0.0 Safari/537.36 Edg/145.0.0.0',
  timestamp: '2026-03-02 11:34:50',
  level: 'info',
  message: 'Request'
}
{
  service: 'attendance-system',
  method: 'GET',
  url: '/attendance?startDate=2026-03-01&endDate=2026-03-02&page=1&limit=50',
  statusCode: 304,
  duration: '687ms',
  contentLength: 0,
  level: 'info',
  message: 'Response',
  timestamp: '2026-03-02 11:34:51'
}
{
  service: 'attendance-system',
  method: 'GET',
  url: '/api/analytics/attendance?startDate=2026-02-01&endDate=2026-02-28&page=1&limit=50',
  ip: '127.0.0.1',
  userAgent: 'Mozilla/5.0 (Windows NT 10.0; Win64; x64) AppleWebKit/537.36 (KHTML, like Gecko) Chrome/145.0.0.0 Safari/537.36 Edg/145.0.0.0',
  timestamp: '2026-03-02 11:35:10',
  level: 'info',
  message: 'Request'
}
{
  service: 'attendance-system',
  method: 'GET',
  url: '/attendance?startDate=2026-02-01&endDate=2026-02-28&page=1&limit=50',
  statusCode: 304,
  duration: '1842ms',
  contentLength: 0,
  level: 'info',
  message: 'Response',
  timestamp: '2026-03-02 11:35:12'
}
{
  service: 'attendance-system',
  method: 'GET',
  url: '/api/admin/leave-years/active',
  ip: '127.0.0.1',
  userAgent: 'Mozilla/5.0 (Windows NT 10.0; Win64; x64) AppleWebKit/537.36 (KHTML, like Gecko) Chrome/145.0.0.0 Safari/537.36 Edg/145.0.0.0',
  timestamp: '2026-03-02 11:35:26',
  level: 'info',
  message: 'Request'
}
{
  service: 'attendance-system',
  method: 'GET',
  url: '/api/auth/me',
  ip: '127.0.0.1',
  userAgent: 'Mozilla/5.0 (Windows NT 10.0; Win64; x64) AppleWebKit/537.36 (KHTML, like Gecko) Chrome/145.0.0.0 Safari/537.36 Edg/145.0.0.0',
  timestamp: '2026-03-02 11:35:26',
  level: 'info',
  message: 'Request'
}
{
  service: 'attendance-system',
  method: 'GET',
  url: '/active',
  statusCode: 304,
  duration: '21ms',
  contentLength: 0,
  level: 'info',
  message: 'Response',
  timestamp: '2026-03-02 11:35:26'
}
{
  service: 'attendance-system',
  method: 'GET',
  url: '/api/admin/leave-years/active',
  ip: '127.0.0.1',
  userAgent: 'Mozilla/5.0 (Windows NT 10.0; Win64; x64) AppleWebKit/537.36 (KHTML, like Gecko) Chrome/145.0.0.0 Safari/537.36 Edg/145.0.0.0',
  timestamp: '2026-03-02 11:35:26',
  level: 'info',
  message: 'Request'
}
{
  service: 'attendance-system',
  method: 'GET',
  url: '/me',
  statusCode: 304,
  duration: '33ms',
  contentLength: 0,
  level: 'info',
  message: 'Response',
  timestamp: '2026-03-02 11:35:26'
}
{
  service: 'attendance-system',
  method: 'GET',
  url: '/active',
  statusCode: 304,
  duration: '20ms',
  contentLength: 0,
  level: 'info',
  message: 'Response',
  timestamp: '2026-03-02 11:35:26'
}
{
  service: 'attendance-system',
  method: 'GET',
  url: '/api/announcements/last-read',
  ip: '127.0.0.1',
  userAgent: 'Mozilla/5.0 (Windows NT 10.0; Win64; x64) AppleWebKit/537.36 (KHTML, like Gecko) Chrome/145.0.0.0 Safari/537.36 Edg/145.0.0.0',
  timestamp: '2026-03-02 11:35:26',
  level: 'info',
  message: 'Request'
}
{
  service: 'attendance-system',
  method: 'GET',
  url: '/api/attendance/current-status?_t=1772431526135',
  ip: '127.0.0.1',
  userAgent: 'Mozilla/5.0 (Windows NT 10.0; Win64; x64) AppleWebKit/537.36 (KHTML, like Gecko) Chrome/145.0.0.0 Safari/537.36 Edg/145.0.0.0',
  timestamp: '2026-03-02 11:35:26',
  level: 'info',
  message: 'Request'
}
{
  service: 'attendance-system',
  method: 'GET',
  url: '/api/new-notifications',
  ip: '127.0.0.1',
  userAgent: 'Mozilla/5.0 (Windows NT 10.0; Win64; x64) AppleWebKit/537.36 (KHTML, like Gecko) Chrome/145.0.0.0 Safari/537.36 Edg/145.0.0.0',
  timestamp: '2026-03-02 11:35:26',
  level: 'info',
  message: 'Request'
}
{
  service: 'attendance-system',
  method: 'GET',
  url: '/last-read',
  statusCode: 304,
  duration: '44ms',
  contentLength: 0,
  level: 'info',
  message: 'Response',
  timestamp: '2026-03-02 11:35:26'
}
{
  service: 'attendance-system',
  method: 'GET',
  url: '/current-status?_t=1772431526135',
  statusCode: 200,
  duration: '49ms',
  contentLength: '102',
  level: 'info',
  message: 'Response',
  timestamp: '2026-03-02 11:35:26'
}
{
  service: 'attendance-system',
  method: 'GET',
  url: '/api/announcements/last-read',
  ip: '127.0.0.1',
  userAgent: 'Mozilla/5.0 (Windows NT 10.0; Win64; x64) AppleWebKit/537.36 (KHTML, like Gecko) Chrome/145.0.0.0 Safari/537.36 Edg/145.0.0.0',
  timestamp: '2026-03-02 11:35:26',
  level: 'info',
  message: 'Request'
}
{
  service: 'attendance-system',
  method: 'GET',
  url: '/api/announcements',
  ip: '127.0.0.1',
  userAgent: 'Mozilla/5.0 (Windows NT 10.0; Win64; x64) AppleWebKit/537.36 (KHTML, like Gecko) Chrome/145.0.0.0 Safari/537.36 Edg/145.0.0.0',
  timestamp: '2026-03-02 11:35:26',
  level: 'info',
  message: 'Request'
}
{
  service: 'attendance-system',
  method: 'GET',
  url: '/last-read',
  statusCode: 304,
  duration: '21ms',
  contentLength: 0,
  level: 'info',
  message: 'Response',
  timestamp: '2026-03-02 11:35:26'
}
{
  service: 'attendance-system',
  method: 'GET',
  url: '/',
  statusCode: 200,
  duration: '65ms',
  contentLength: '27070',
  level: 'info',
  message: 'Response',
  timestamp: '2026-03-02 11:35:26'
}
{
  service: 'attendance-system',
  method: 'GET',
  url: '/api/announcements/last-read',
  ip: '127.0.0.1',
  userAgent: 'Mozilla/5.0 (Windows NT 10.0; Win64; x64) AppleWebKit/537.36 (KHTML, like Gecko) Chrome/145.0.0.0 Safari/537.36 Edg/145.0.0.0',
  timestamp: '2026-03-02 11:35:26',
  level: 'info',
  message: 'Request'
}
{
  service: 'attendance-system',
  method: 'GET',
  url: '/',
  statusCode: 304,
  duration: '27ms',
  contentLength: 0,
  level: 'info',
  message: 'Response',
  timestamp: '2026-03-02 11:35:26'
}
{
  service: 'attendance-system',
  method: 'GET',
  url: '/last-read',
  statusCode: 304,
  duration: '12ms',
  contentLength: 0,
  level: 'info',
  message: 'Response',
  timestamp: '2026-03-02 11:35:26'
}
{
  service: 'attendance-system',
  method: 'GET',
  url: '/api/analytics/attendance?startDate=2026-03-01&endDate=2026-03-02&page=1&limit=50',
  ip: '127.0.0.1',
  userAgent: 'Mozilla/5.0 (Windows NT 10.0; Win64; x64) AppleWebKit/537.36 (KHTML, like Gecko) Chrome/145.0.0.0 Safari/537.36 Edg/145.0.0.0',
  timestamp: '2026-03-02 11:35:26',
  level: 'info',
  message: 'Request'
}
{
  service: 'attendance-system',
  method: 'GET',
  url: '/attendance?startDate=2026-03-01&endDate=2026-03-02&page=1&limit=50',
  statusCode: 200,
  duration: '4ms',
  contentLength: '13356',
  level: 'info',
  message: 'Response',
  timestamp: '2026-03-02 11:35:26'
}
{
  service: 'attendance-system',
  method: 'GET',
  url: '/api/analytics/attendance?startDate=2026-02-01&endDate=2026-02-28&page=1&limit=50',
  ip: '127.0.0.1',
  userAgent: 'Mozilla/5.0 (Windows NT 10.0; Win64; x64) AppleWebKit/537.36 (KHTML, like Gecko) Chrome/145.0.0.0 Safari/537.36 Edg/145.0.0.0',
  timestamp: '2026-03-02 11:35:37',
  level: 'info',
  message: 'Request'
}
{
  service: 'attendance-system',
  method: 'GET',
  url: '/attendance?startDate=2026-02-01&endDate=2026-02-28&page=1&limit=50',
  statusCode: 200,
  duration: '5ms',
  contentLength: '13855',
  level: 'info',
  message: 'Response',
  timestamp: '2026-03-02 11:35:37'
}
{
  service: 'attendance-system',
  method: 'GET',
  url: '/api/admin/leave-years/active',
  ip: '127.0.0.1',
  userAgent: 'Mozilla/5.0 (Windows NT 10.0; Win64; x64) AppleWebKit/537.36 (KHTML, like Gecko) Chrome/145.0.0.0 Safari/537.36 Edg/145.0.0.0',
  timestamp: '2026-03-02 11:38:06',
  level: 'info',
  message: 'Request'
}
{
  service: 'attendance-system',
  method: 'GET',
  url: '/api/auth/me',
  ip: '127.0.0.1',
  userAgent: 'Mozilla/5.0 (Windows NT 10.0; Win64; x64) AppleWebKit/537.36 (KHTML, like Gecko) Chrome/145.0.0.0 Safari/537.36 Edg/145.0.0.0',
  timestamp: '2026-03-02 11:38:06',
  level: 'info',
  message: 'Request'
}
{
  service: 'attendance-system',
  method: 'GET',
  url: '/me',
  statusCode: 200,
  duration: '129ms',
  contentLength: '1282',
  level: 'info',
  message: 'Response',
  timestamp: '2026-03-02 11:38:06'
}
{
  service: 'attendance-system',
  method: 'GET',
  url: '/api/admin/leave-years/active',
  ip: '127.0.0.1',
  userAgent: 'Mozilla/5.0 (Windows NT 10.0; Win64; x64) AppleWebKit/537.36 (KHTML, like Gecko) Chrome/145.0.0.0 Safari/537.36 Edg/145.0.0.0',
  timestamp: '2026-03-02 11:38:06',
  level: 'info',
  message: 'Request'
}
{
  service: 'attendance-system',
  method: 'GET',
  url: '/active',
  statusCode: 200,
  duration: '277ms',
  contentLength: '194',
  level: 'info',
  message: 'Response',
  timestamp: '2026-03-02 11:38:07'
}
{
  service: 'attendance-system',
  method: 'GET',
  url: '/active',
  statusCode: 200,
  duration: '68ms',
  contentLength: '194',
  level: 'info',
  message: 'Response',
  timestamp: '2026-03-02 11:38:07'
}
{
  service: 'attendance-system',
  method: 'GET',
  url: '/api/announcements/last-read',
  ip: '127.0.0.1',
  userAgent: 'Mozilla/5.0 (Windows NT 10.0; Win64; x64) AppleWebKit/537.36 (KHTML, like Gecko) Chrome/145.0.0.0 Safari/537.36 Edg/145.0.0.0',
  timestamp: '2026-03-02 11:38:07',
  level: 'info',
  message: 'Request'
}
{
  service: 'attendance-system',
  method: 'GET',
  url: '/api/attendance/current-status?_t=1772431687066',
  ip: '127.0.0.1',
  userAgent: 'Mozilla/5.0 (Windows NT 10.0; Win64; x64) AppleWebKit/537.36 (KHTML, like Gecko) Chrome/145.0.0.0 Safari/537.36 Edg/145.0.0.0',
  timestamp: '2026-03-02 11:38:07',
  level: 'info',
  message: 'Request'
}
{
  service: 'attendance-system',
  method: 'GET',
  url: '/api/new-notifications',
  ip: '127.0.0.1',
  userAgent: 'Mozilla/5.0 (Windows NT 10.0; Win64; x64) AppleWebKit/537.36 (KHTML, like Gecko) Chrome/145.0.0.0 Safari/537.36 Edg/145.0.0.0',
  timestamp: '2026-03-02 11:38:07',
  level: 'info',
  message: 'Request'
}
{
  service: 'attendance-system',
  method: 'GET',
  url: '/last-read',
  statusCode: 304,
  duration: '30ms',
  contentLength: 0,
  level: 'info',
  message: 'Response',
  timestamp: '2026-03-02 11:38:07'
}
{
  service: 'attendance-system',
  method: 'GET',
  url: '/api/announcements/last-read',
  ip: '127.0.0.1',
  userAgent: 'Mozilla/5.0 (Windows NT 10.0; Win64; x64) AppleWebKit/537.36 (KHTML, like Gecko) Chrome/145.0.0.0 Safari/537.36 Edg/145.0.0.0',
  timestamp: '2026-03-02 11:38:07',
  level: 'info',
  message: 'Request'
}
{
  service: 'attendance-system',
  method: 'GET',
  url: '/current-status?_t=1772431687066',
  statusCode: 200,
  duration: '92ms',
  contentLength: '102',
  level: 'info',
  message: 'Response',
  timestamp: '2026-03-02 11:38:07'
}
{
  service: 'attendance-system',
  method: 'GET',
  url: '/api/announcements',
  ip: '127.0.0.1',
  userAgent: 'Mozilla/5.0 (Windows NT 10.0; Win64; x64) AppleWebKit/537.36 (KHTML, like Gecko) Chrome/145.0.0.0 Safari/537.36 Edg/145.0.0.0',
  timestamp: '2026-03-02 11:38:07',
  level: 'info',
  message: 'Request'
}
{
  service: 'attendance-system',
  method: 'GET',
  url: '/last-read',
  statusCode: 304,
  duration: '36ms',
  contentLength: 0,
  level: 'info',
  message: 'Response',
  timestamp: '2026-03-02 11:38:07'
}
{
  service: 'attendance-system',
  method: 'GET',
  url: '/',
  statusCode: 304,
  duration: '114ms',
  contentLength: 0,
  level: 'info',
  message: 'Response',
  timestamp: '2026-03-02 11:38:07'
}
{
  service: 'attendance-system',
  method: 'GET',
  url: '/',
  statusCode: 304,
  duration: '24ms',
  contentLength: 0,
  level: 'info',
  message: 'Response',
  timestamp: '2026-03-02 11:38:07'
}
{
  service: 'attendance-system',
  method: 'GET',
  url: '/api/announcements/last-read',
  ip: '127.0.0.1',
  userAgent: 'Mozilla/5.0 (Windows NT 10.0; Win64; x64) AppleWebKit/537.36 (KHTML, like Gecko) Chrome/145.0.0.0 Safari/537.36 Edg/145.0.0.0',
  timestamp: '2026-03-02 11:38:07',
  level: 'info',
  message: 'Request'
}
{
  service: 'attendance-system',
  method: 'GET',
  url: '/last-read',
  statusCode: 304,
  duration: '17ms',
  contentLength: 0,
  level: 'info',
  message: 'Response',
  timestamp: '2026-03-02 11:38:07'
}
{
  service: 'attendance-system',
  method: 'GET',
  url: '/api/analytics/attendance?startDate=2026-03-01&endDate=2026-03-02&page=1&limit=50',
  ip: '127.0.0.1',
  userAgent: 'Mozilla/5.0 (Windows NT 10.0; Win64; x64) AppleWebKit/537.36 (KHTML, like Gecko) Chrome/145.0.0.0 Safari/537.36 Edg/145.0.0.0',
  timestamp: '2026-03-02 11:38:07',
  level: 'info',
  message: 'Request'
}
{
  service: 'attendance-system',
  method: 'GET',
  url: '/attendance?startDate=2026-03-01&endDate=2026-03-02&page=1&limit=50',
  statusCode: 304,
  duration: '52ms',
  contentLength: 0,
  level: 'info',
  message: 'Response',
  timestamp: '2026-03-02 11:38:07'
}
{
  service: 'attendance-system',
  method: 'GET',
  url: '/api/analytics/attendance?startDate=2026-02-01&endDate=2026-02-28&page=1&limit=50',
  ip: '127.0.0.1',
  userAgent: 'Mozilla/5.0 (Windows NT 10.0; Win64; x64) AppleWebKit/537.36 (KHTML, like Gecko) Chrome/145.0.0.0 Safari/537.36 Edg/145.0.0.0',
  timestamp: '2026-03-02 11:38:39',
  level: 'info',
  message: 'Request'
}
{
  service: 'attendance-system',
  method: 'GET',
  url: '/attendance?startDate=2026-02-01&endDate=2026-02-28&page=1&limit=50',
  statusCode: 304,
  duration: '5ms',
  contentLength: 0,
  level: 'info',
  message: 'Response',
  timestamp: '2026-03-02 11:38:39'
}
{
  service: 'attendance-system',
  method: 'GET',
  url: '/api/analytics/employee/687f797fcac0a473f5b46e07?month=02&year=2026',
  ip: '127.0.0.1',
  userAgent: 'Mozilla/5.0 (Windows NT 10.0; Win64; x64) AppleWebKit/537.36 (KHTML, like Gecko) Chrome/145.0.0.0 Safari/537.36 Edg/145.0.0.0',
  timestamp: '2026-03-02 11:39:01',
  level: 'info',
  message: 'Request'
}
{
  service: 'attendance-system',
  method: 'GET',
  url: '/employee/687f797fcac0a473f5b46e07?month=02&year=2026',
  statusCode: 200,
  duration: '109ms',
  contentLength: '8691',
  level: 'info',
  message: 'Response',
  timestamp: '2026-03-02 11:39:01'
}
{
  service: 'attendance-system',
  method: 'GET',
  url: '/api/admin/employees?all=true&slim=true&_t=1772431964979',
  ip: '127.0.0.1',
  userAgent: 'Mozilla/5.0 (Windows NT 10.0; Win64; x64) AppleWebKit/537.36 (KHTML, like Gecko) Chrome/145.0.0.0 Safari/537.36 Edg/145.0.0.0',
  timestamp: '2026-03-02 11:42:44',
  level: 'info',
  message: 'Request'
}
{
  service: 'attendance-system',
  method: 'GET',
  url: '/?all=true&slim=true&_t=1772431964979',
  statusCode: 200,
  duration: '28ms',
  contentLength: '12280',
  level: 'info',
  message: 'Response',
  timestamp: '2026-03-02 11:42:45'
}
{
  service: 'attendance-system',
  method: 'GET',
  url: '/api/admin/employees?all=true&slim=true&_t=1772431964979',
  ip: '127.0.0.1',
  userAgent: 'Mozilla/5.0 (Windows NT 10.0; Win64; x64) AppleWebKit/537.36 (KHTML, like Gecko) Chrome/145.0.0.0 Safari/537.36 Edg/145.0.0.0',
  timestamp: '2026-03-02 11:42:45',
  level: 'info',
  message: 'Request'
}
{
  service: 'attendance-system',
  method: 'GET',
  url: '/?all=true&slim=true&_t=1772431964979',
  statusCode: 304,
  duration: '30ms',
  contentLength: 0,
  level: 'info',
  message: 'Response',
  timestamp: '2026-03-02 11:42:45'
}
{
  service: 'attendance-system',
  method: 'GET',
  url: '/api/attendance/summary?startDate=2026-03-01&endDate=2026-03-07&userId=687f797fcac0a473f5b46e07&includeHolidays=true',
  ip: '127.0.0.1',
  userAgent: 'Mozilla/5.0 (Windows NT 10.0; Win64; x64) AppleWebKit/537.36 (KHTML, like Gecko) Chrome/145.0.0.0 Safari/537.36 Edg/145.0.0.0',
  timestamp: '2026-03-02 11:42:49',
  level: 'info',
  message: 'Request'
}
{
  service: 'attendance-system',
  method: 'GET',
  url: '/summary?startDate=2026-03-01&endDate=2026-03-07&userId=687f797fcac0a473f5b46e07&includeHolidays=true',
  statusCode: 200,
  duration: '36ms',
  contentLength: '6176',
  level: 'info',
  message: 'Response',
  timestamp: '2026-03-02 11:42:49'
}
{
  service: 'attendance-system',
  method: 'GET',
  url: '/api/attendance/summary?startDate=2026-03-01&endDate=2026-03-31&userId=687f797fcac0a473f5b46e07&includeHolidays=true',
  ip: '127.0.0.1',
  userAgent: 'Mozilla/5.0 (Windows NT 10.0; Win64; x64) AppleWebKit/537.36 (KHTML, like Gecko) Chrome/145.0.0.0 Safari/537.36 Edg/145.0.0.0',
  timestamp: '2026-03-02 11:42:50',
  level: 'info',
  message: 'Request'
}
{
  service: 'attendance-system',
  method: 'GET',
  url: '/summary?startDate=2026-03-01&endDate=2026-03-31&userId=687f797fcac0a473f5b46e07&includeHolidays=true',
  statusCode: 200,
  duration: '52ms',
  contentLength: '29075',
  level: 'info',
  message: 'Response',
  timestamp: '2026-03-02 11:42:50'
}
{
  service: 'attendance-system',
  method: 'GET',
  url: '/api/attendance/summary?startDate=2026-02-01&endDate=2026-02-28&userId=687f797fcac0a473f5b46e07&includeHolidays=true',
  ip: '127.0.0.1',
  userAgent: 'Mozilla/5.0 (Windows NT 10.0; Win64; x64) AppleWebKit/537.36 (KHTML, like Gecko) Chrome/145.0.0.0 Safari/537.36 Edg/145.0.0.0',
  timestamp: '2026-03-02 11:42:52',
  level: 'info',
  message: 'Request'
}
{
  service: 'attendance-system',
  method: 'GET',
  url: '/summary?startDate=2026-02-01&endDate=2026-02-28&userId=687f797fcac0a473f5b46e07&includeHolidays=true',
  statusCode: 200,
  duration: '70ms',
  contentLength: '31331',
  level: 'info',
  message: 'Response',
  timestamp: '2026-03-02 11:42:52'
}
{
  service: 'attendance-system',
  method: 'GET',
  url: '/api/attendance/summary?startDate=2026-02-01&endDate=2026-02-28&userId=687f2517a9dfd2a01b782b6d&includeHolidays=true',
  ip: '127.0.0.1',
  userAgent: 'Mozilla/5.0 (Windows NT 10.0; Win64; x64) AppleWebKit/537.36 (KHTML, like Gecko) Chrome/145.0.0.0 Safari/537.36 Edg/145.0.0.0',
  timestamp: '2026-03-02 11:43:01',
  level: 'info',
  message: 'Request'
}
{
  service: 'attendance-system',
  method: 'GET',
  url: '/summary?startDate=2026-02-01&endDate=2026-02-28&userId=687f2517a9dfd2a01b782b6d&includeHolidays=true',
  statusCode: 200,
  duration: '69ms',
  contentLength: '30904',
  level: 'info',
  message: 'Response',
  timestamp: '2026-03-02 11:43:01'
}
{
  service: 'attendance-system',
  method: 'GET',
  url: '/api/attendance/summary?startDate=2026-02-01&endDate=2026-02-28&userId=687f797fcac0a473f5b46e07&includeHolidays=true',
  ip: '127.0.0.1',
  userAgent: 'Mozilla/5.0 (Windows NT 10.0; Win64; x64) AppleWebKit/537.36 (KHTML, like Gecko) Chrome/145.0.0.0 Safari/537.36 Edg/145.0.0.0',
  timestamp: '2026-03-02 11:48:04',
  level: 'info',
  message: 'Request'
}
{
  service: 'attendance-system',
  method: 'GET',
  url: '/summary?startDate=2026-02-01&endDate=2026-02-28&userId=687f797fcac0a473f5b46e07&includeHolidays=true',
  statusCode: 304,
  duration: '84ms',
  contentLength: 0,
  level: 'info',
  message: 'Response',
  timestamp: '2026-03-02 11:48:04'
}
{
  service: 'attendance-system',
  method: 'PUT',
  url: '/api/admin/attendance/log/69a27375330ce1d066402e1e',
  ip: '127.0.0.1',
  userAgent: 'Mozilla/5.0 (Windows NT 10.0; Win64; x64) AppleWebKit/537.36 (KHTML, like Gecko) Chrome/145.0.0.0 Safari/537.36 Edg/145.0.0.0',
  timestamp: '2026-03-02 11:48:19',
  level: 'info',
  message: 'Request'
}
{
  service: 'attendance-system',
  method: 'PUT',
  url: '/attendance/log/69a27375330ce1d066402e1e',
  statusCode: 200,
  duration: '153ms',
  contentLength: '54',
  level: 'info',
  message: 'Response',
  timestamp: '2026-03-02 11:48:19'
}
{
  service: 'attendance-system',
  method: 'GET',
  url: '/api/attendance/summary?startDate=2026-02-01&endDate=2026-02-28&userId=687f797fcac0a473f5b46e07&includeHolidays=true',
  ip: '127.0.0.1',
  userAgent: 'Mozilla/5.0 (Windows NT 10.0; Win64; x64) AppleWebKit/537.36 (KHTML, like Gecko) Chrome/145.0.0.0 Safari/537.36 Edg/145.0.0.0',
  timestamp: '2026-03-02 11:48:19',
  level: 'info',
  message: 'Request'
}
{
  service: 'attendance-system',
  method: 'GET',
  url: '/summary?startDate=2026-02-01&endDate=2026-02-28&userId=687f797fcac0a473f5b46e07&includeHolidays=true',
  statusCode: 200,
  duration: '81ms',
  contentLength: '31328',
  level: 'info',
  message: 'Response',
  timestamp: '2026-03-02 11:48:19'
}
{
  service: 'attendance-system',
  method: 'GET',
  url: '/api/attendance/summary?startDate=2026-02-01&endDate=2026-02-28&userId=687f797fcac0a473f5b46e07&includeHolidays=true',
  ip: '127.0.0.1',
  userAgent: 'Mozilla/5.0 (Windows NT 10.0; Win64; x64) AppleWebKit/537.36 (KHTML, like Gecko) Chrome/145.0.0.0 Safari/537.36 Edg/145.0.0.0',
  timestamp: '2026-03-02 11:48:22',
  level: 'info',
  message: 'Request'
}
{
  service: 'attendance-system',
  method: 'GET',
  url: '/summary?startDate=2026-02-01&endDate=2026-02-28&userId=687f797fcac0a473f5b46e07&includeHolidays=true',
  statusCode: 304,
  duration: '71ms',
  contentLength: 0,
  level: 'info',
  message: 'Response',
  timestamp: '2026-03-02 11:48:22'
}
{
  service: 'attendance-system',
  method: 'GET',
  url: '/api/analytics/attendance?startDate=2026-03-01&endDate=2026-03-02&page=1&limit=50',
  ip: '127.0.0.1',
  userAgent: 'Mozilla/5.0 (Windows NT 10.0; Win64; x64) AppleWebKit/537.36 (KHTML, like Gecko) Chrome/145.0.0.0 Safari/537.36 Edg/145.0.0.0',
  timestamp: '2026-03-02 11:48:29',
  level: 'info',
  message: 'Request'
}
{
  service: 'attendance-system',
  method: 'GET',
  url: '/attendance?startDate=2026-03-01&endDate=2026-03-02&page=1&limit=50',
  statusCode: 200,
  duration: '1153ms',
  contentLength: '13357',
  level: 'info',
  message: 'Response',
  timestamp: '2026-03-02 11:48:30'
}
{
  service: 'attendance-system',
  method: 'GET',
  url: '/api/admin/leave-years/active',
  ip: '127.0.0.1',
  userAgent: 'Mozilla/5.0 (Windows NT 10.0; Win64; x64) AppleWebKit/537.36 (KHTML, like Gecko) Chrome/145.0.0.0 Safari/537.36 Edg/145.0.0.0',
  timestamp: '2026-03-02 11:48:45',
  level: 'info',
  message: 'Request'
}
{
  service: 'attendance-system',
  method: 'GET',
  url: '/api/auth/me',
  ip: '127.0.0.1',
  userAgent: 'Mozilla/5.0 (Windows NT 10.0; Win64; x64) AppleWebKit/537.36 (KHTML, like Gecko) Chrome/145.0.0.0 Safari/537.36 Edg/145.0.0.0',
  timestamp: '2026-03-02 11:48:45',
  level: 'info',
  message: 'Request'
}
{
  service: 'attendance-system',
  method: 'GET',
  url: '/api/admin/leave-years/active',
  ip: '127.0.0.1',
  userAgent: 'Mozilla/5.0 (Windows NT 10.0; Win64; x64) AppleWebKit/537.36 (KHTML, like Gecko) Chrome/145.0.0.0 Safari/537.36 Edg/145.0.0.0',
  timestamp: '2026-03-02 11:48:45',
  level: 'info',
  message: 'Request'
}
{
  service: 'attendance-system',
  method: 'GET',
  url: '/active',
  statusCode: 200,
  duration: '138ms',
  contentLength: '194',
  level: 'info',
  message: 'Response',
  timestamp: '2026-03-02 11:48:45'
}
{
  service: 'attendance-system',
  method: 'GET',
  url: '/active',
  statusCode: 200,
  duration: '47ms',
  contentLength: '194',
  level: 'info',
  message: 'Response',
  timestamp: '2026-03-02 11:48:45'
}
{
  service: 'attendance-system',
  method: 'GET',
  url: '/me',
  statusCode: 200,
  duration: '121ms',
  contentLength: '1282',
  level: 'info',
  message: 'Response',
  timestamp: '2026-03-02 11:48:45'
}
{
  service: 'attendance-system',
  method: 'GET',
  url: '/api/announcements/last-read',
  ip: '127.0.0.1',
  userAgent: 'Mozilla/5.0 (Windows NT 10.0; Win64; x64) AppleWebKit/537.36 (KHTML, like Gecko) Chrome/145.0.0.0 Safari/537.36 Edg/145.0.0.0',
  timestamp: '2026-03-02 11:48:45',
  level: 'info',
  message: 'Request'
}
{
  service: 'attendance-system',
  method: 'GET',
  url: '/api/attendance/current-status?_t=1772432325216',
  ip: '127.0.0.1',
  userAgent: 'Mozilla/5.0 (Windows NT 10.0; Win64; x64) AppleWebKit/537.36 (KHTML, like Gecko) Chrome/145.0.0.0 Safari/537.36 Edg/145.0.0.0',
  timestamp: '2026-03-02 11:48:45',
  level: 'info',
  message: 'Request'
}
{
  service: 'attendance-system',
  method: 'GET',
  url: '/api/new-notifications',
  ip: '127.0.0.1',
  userAgent: 'Mozilla/5.0 (Windows NT 10.0; Win64; x64) AppleWebKit/537.36 (KHTML, like Gecko) Chrome/145.0.0.0 Safari/537.36 Edg/145.0.0.0',
  timestamp: '2026-03-02 11:48:45',
  level: 'info',
  message: 'Request'
}
{
  service: 'attendance-system',
  method: 'GET',
  url: '/last-read',
  statusCode: 304,
  duration: '33ms',
  contentLength: 0,
  level: 'info',
  message: 'Response',
  timestamp: '2026-03-02 11:48:45'
}
{
  service: 'attendance-system',
  method: 'GET',
  url: '/api/announcements/last-read',
  ip: '127.0.0.1',
  userAgent: 'Mozilla/5.0 (Windows NT 10.0; Win64; x64) AppleWebKit/537.36 (KHTML, like Gecko) Chrome/145.0.0.0 Safari/537.36 Edg/145.0.0.0',
  timestamp: '2026-03-02 11:48:45',
  level: 'info',
  message: 'Request'
}
{
  service: 'attendance-system',
  method: 'GET',
  url: '/last-read',
  statusCode: 304,
  duration: '16ms',
  contentLength: 0,
  level: 'info',
  message: 'Response',
  timestamp: '2026-03-02 11:48:45'
}
{
  service: 'attendance-system',
  method: 'GET',
  url: '/current-status?_t=1772432325216',
  statusCode: 200,
  duration: '67ms',
  contentLength: '102',
  level: 'info',
  message: 'Response',
  timestamp: '2026-03-02 11:48:45'
}
{
  service: 'attendance-system',
  method: 'GET',
  url: '/api/announcements',
  ip: '127.0.0.1',
  userAgent: 'Mozilla/5.0 (Windows NT 10.0; Win64; x64) AppleWebKit/537.36 (KHTML, like Gecko) Chrome/145.0.0.0 Safari/537.36 Edg/145.0.0.0',
  timestamp: '2026-03-02 11:48:45',
  level: 'info',
  message: 'Request'
}
{
  service: 'attendance-system',
  method: 'GET',
  url: '/api/announcements/last-read',
  ip: '127.0.0.1',
  userAgent: 'Mozilla/5.0 (Windows NT 10.0; Win64; x64) AppleWebKit/537.36 (KHTML, like Gecko) Chrome/145.0.0.0 Safari/537.36 Edg/145.0.0.0',
  timestamp: '2026-03-02 11:48:45',
  level: 'info',
  message: 'Request'
}
{
  service: 'attendance-system',
  method: 'GET',
  url: '/',
  statusCode: 304,
  duration: '16ms',
  contentLength: 0,
  level: 'info',
  message: 'Response',
  timestamp: '2026-03-02 11:48:45'
}
{
  service: 'attendance-system',
  method: 'GET',
  url: '/',
  statusCode: 304,
  duration: '84ms',
  contentLength: 0,
  level: 'info',
  message: 'Response',
  timestamp: '2026-03-02 11:48:45'
}
{
  service: 'attendance-system',
  method: 'GET',
  url: '/last-read',
  statusCode: 304,
  duration: '17ms',
  contentLength: 0,
  level: 'info',
  message: 'Response',
  timestamp: '2026-03-02 11:48:45'
}
{
  service: 'attendance-system',
  method: 'GET',
  url: '/api/analytics/attendance?startDate=2026-03-01&endDate=2026-03-02&page=1&limit=50',
  ip: '127.0.0.1',
  userAgent: 'Mozilla/5.0 (Windows NT 10.0; Win64; x64) AppleWebKit/537.36 (KHTML, like Gecko) Chrome/145.0.0.0 Safari/537.36 Edg/145.0.0.0',
  timestamp: '2026-03-02 11:48:45',
  level: 'info',
  message: 'Request'
}
{
  service: 'attendance-system',
  method: 'GET',
  url: '/attendance?startDate=2026-03-01&endDate=2026-03-02&page=1&limit=50',
  statusCode: 200,
  duration: '1495ms',
  contentLength: '13356',
  level: 'info',
  message: 'Response',
  timestamp: '2026-03-02 11:48:47'
}
{
  service: 'attendance-system',
  method: 'GET',
  url: '/api/analytics/attendance?startDate=2026-03-01&endDate=2026-03-02&search=RJ&page=1&limit=50',
  ip: '127.0.0.1',
  userAgent: 'Mozilla/5.0 (Windows NT 10.0; Win64; x64) AppleWebKit/537.36 (KHTML, like Gecko) Chrome/145.0.0.0 Safari/537.36 Edg/145.0.0.0',
  timestamp: '2026-03-02 11:49:37',
  level: 'info',
  message: 'Request'
}
{
  service: 'attendance-system',
  method: 'GET',
  url: '/attendance?startDate=2026-03-01&endDate=2026-03-02&search=RJ&page=1&limit=50',
  statusCode: 200,
  duration: '5ms',
  contentLength: '13355',
  level: 'info',
  message: 'Response',
  timestamp: '2026-03-02 11:49:37'
}
{
  service: 'attendance-system',
  method: 'GET',
  url: '/api/analytics/attendance?startDate=2026-02-01&endDate=2026-02-28&search=RJ&page=1&limit=50',
  ip: '127.0.0.1',
  userAgent: 'Mozilla/5.0 (Windows NT 10.0; Win64; x64) AppleWebKit/537.36 (KHTML, like Gecko) Chrome/145.0.0.0 Safari/537.36 Edg/145.0.0.0',
  timestamp: '2026-03-02 11:49:53',
  level: 'info',
  message: 'Request'
}
{
  service: 'attendance-system',
  method: 'GET',
  url: '/attendance?startDate=2026-02-01&endDate=2026-02-28&search=RJ&page=1&limit=50',
  statusCode: 200,
  duration: '81ms',
  contentLength: '762',
  level: 'info',
  message: 'Response',
  timestamp: '2026-03-02 11:49:53'
}
{
  service: 'attendance-system',
  method: 'GET',
  url: '/api/analytics/employee/687f797fcac0a473f5b46e07?month=02&year=2026',
  ip: '127.0.0.1',
  userAgent: 'Mozilla/5.0 (Windows NT 10.0; Win64; x64) AppleWebKit/537.36 (KHTML, like Gecko) Chrome/145.0.0.0 Safari/537.36 Edg/145.0.0.0',
  timestamp: '2026-03-02 11:49:58',
  level: 'info',
  message: 'Request'
}
{
  service: 'attendance-system',
  method: 'GET',
  url: '/employee/687f797fcac0a473f5b46e07?month=02&year=2026',
  statusCode: 200,
  duration: '111ms',
  contentLength: '8691',
  level: 'info',
  message: 'Response',
  timestamp: '2026-03-02 11:49:58'
}
{
  service: 'attendance-system',
  method: 'GET',
  url: '/api/admin/dashboard-summary?includePendingLeaves=true',
  ip: '127.0.0.1',
  userAgent: 'Mozilla/5.0 (Windows NT 10.0; Win64; x64) AppleWebKit/537.36 (KHTML, like Gecko) Chrome/145.0.0.0 Safari/537.36 Edg/145.0.0.0',
  timestamp: '2026-03-02 11:50:46',
  level: 'info',
  message: 'Request'
}
{
  service: 'attendance-system',
  method: 'GET',
  url: '/dashboard-summary?includePendingLeaves=true',
  statusCode: 200,
  duration: '193ms',
  contentLength: '23741',
  level: 'info',
  message: 'Response',
  timestamp: '2026-03-02 11:50:46'
}
{
  service: 'attendance-system',
  method: 'GET',
  url: '/api/admin/dashboard-summary?includePendingLeaves=true',
  ip: '127.0.0.1',
  userAgent: 'Mozilla/5.0 (Windows NT 10.0; Win64; x64) AppleWebKit/537.36 (KHTML, like Gecko) Chrome/145.0.0.0 Safari/537.36 Edg/145.0.0.0',
  timestamp: '2026-03-02 11:50:46',
  level: 'info',
  message: 'Request'
}
{
  service: 'attendance-system',
  method: 'GET',
  url: '/dashboard-summary?includePendingLeaves=true',
  statusCode: 304,
  duration: '31ms',
  contentLength: 0,
  level: 'info',
  message: 'Response',
  timestamp: '2026-03-02 11:50:47'
}
{
  service: 'attendance-system',
  method: 'GET',
  url: '/api/admin/dashboard-employees/late?page=1&limit=50',
  ip: '127.0.0.1',
  userAgent: 'Mozilla/5.0 (Windows NT 10.0; Win64; x64) AppleWebKit/537.36 (KHTML, like Gecko) Chrome/145.0.0.0 Safari/537.36 Edg/145.0.0.0',
  timestamp: '2026-03-02 11:50:48',
  level: 'info',
  message: 'Request'
}
{
  service: 'attendance-system',
  method: 'GET',
  url: '/dashboard-employees/late?page=1&limit=50',
  statusCode: 200,
  duration: '22ms',
  contentLength: '912',
  level: 'info',
  message: 'Response',
  timestamp: '2026-03-02 11:50:48'
}
{
  service: 'attendance-system',
  method: 'GET',
  url: '/api/admin/dashboard-employees/on-leave?page=1&limit=50',
  ip: '127.0.0.1',
  userAgent: 'Mozilla/5.0 (Windows NT 10.0; Win64; x64) AppleWebKit/537.36 (KHTML, like Gecko) Chrome/145.0.0.0 Safari/537.36 Edg/145.0.0.0',
  timestamp: '2026-03-02 11:50:52',
  level: 'info',
  message: 'Request'
}
{
  service: 'attendance-system',
  method: 'GET',
  url: '/dashboard-employees/on-leave?page=1&limit=50',
  statusCode: 200,
  duration: '17ms',
  contentLength: '58',
  level: 'info',
  message: 'Response',
  timestamp: '2026-03-02 11:50:52'
}
{
  service: 'attendance-system',
  method: 'GET',
  url: '/api/admin/dashboard-employees/present?page=1&limit=50',
  ip: '127.0.0.1',
  userAgent: 'Mozilla/5.0 (Windows NT 10.0; Win64; x64) AppleWebKit/537.36 (KHTML, like Gecko) Chrome/145.0.0.0 Safari/537.36 Edg/145.0.0.0',
  timestamp: '2026-03-02 11:50:53',
  level: 'info',
  message: 'Request'
}
{
  service: 'attendance-system',
  method: 'GET',
  url: '/dashboard-employees/present?page=1&limit=50',
  statusCode: 200,
  duration: '37ms',
  contentLength: '7357',
  level: 'info',
  message: 'Response',
  timestamp: '2026-03-02 11:50:53'
}
{
  service: 'attendance-system',
  method: 'GET',
  url: '/api/admin/employees?all=true&slim=true&_t=1772432503025',
  ip: '127.0.0.1',
  userAgent: 'Mozilla/5.0 (Windows NT 10.0; Win64; x64) AppleWebKit/537.36 (KHTML, like Gecko) Chrome/145.0.0.0 Safari/537.36 Edg/145.0.0.0',
  timestamp: '2026-03-02 11:51:43',
  level: 'info',
  message: 'Request'
}
{
  service: 'attendance-system',
  method: 'GET',
  url: '/?all=true&slim=true&_t=1772432503025',
  statusCode: 200,
  duration: '28ms',
  contentLength: '12280',
  level: 'info',
  message: 'Response',
  timestamp: '2026-03-02 11:51:43'
}
{
  service: 'attendance-system',
  method: 'GET',
  url: '/api/admin/employees?all=true&slim=true&_t=1772432503025',
  ip: '127.0.0.1',
  userAgent: 'Mozilla/5.0 (Windows NT 10.0; Win64; x64) AppleWebKit/537.36 (KHTML, like Gecko) Chrome/145.0.0.0 Safari/537.36 Edg/145.0.0.0',
  timestamp: '2026-03-02 11:51:43',
  level: 'info',
  message: 'Request'
}
{
  service: 'attendance-system',
  method: 'GET',
  url: '/?all=true&slim=true&_t=1772432503025',
  statusCode: 304,
  duration: '24ms',
  contentLength: 0,
  level: 'info',
  message: 'Response',
  timestamp: '2026-03-02 11:51:43'
}
{
  service: 'attendance-system',
  method: 'GET',
  url: '/api/admin/shifts?_t=1772432505418',
  ip: '127.0.0.1',
  userAgent: 'Mozilla/5.0 (Windows NT 10.0; Win64; x64) AppleWebKit/537.36 (KHTML, like Gecko) Chrome/145.0.0.0 Safari/537.36 Edg/145.0.0.0',
  timestamp: '2026-03-02 11:51:45',
  level: 'info',
  message: 'Request'
}
{
  service: 'attendance-system',
  method: 'GET',
  url: '/api/admin/employees?page=1&limit=10&status=active&_t=1772432505418',
  ip: '127.0.0.1',
  userAgent: 'Mozilla/5.0 (Windows NT 10.0; Win64; x64) AppleWebKit/537.36 (KHTML, like Gecko) Chrome/145.0.0.0 Safari/537.36 Edg/145.0.0.0',
  timestamp: '2026-03-02 11:51:45',
  level: 'info',
  message: 'Request'
}
{
  service: 'attendance-system',
  method: 'GET',
  url: '/?_t=1772432505418',
  statusCode: 200,
  duration: '21ms',
  contentLength: '802',
  level: 'info',
  message: 'Response',
  timestamp: '2026-03-02 11:51:45'
}
{
  service: 'attendance-system',
  method: 'GET',
  url: '/api/admin/shifts?_t=1772432505418',
  ip: '127.0.0.1',
  userAgent: 'Mozilla/5.0 (Windows NT 10.0; Win64; x64) AppleWebKit/537.36 (KHTML, like Gecko) Chrome/145.0.0.0 Safari/537.36 Edg/145.0.0.0',
  timestamp: '2026-03-02 11:51:45',
  level: 'info',
  message: 'Request'
}
{
  service: 'attendance-system',
  method: 'GET',
  url: '/?page=1&limit=10&status=active&_t=1772432505418',
  statusCode: 200,
  duration: '28ms',
  contentLength: '8609',
  level: 'info',
  message: 'Response',
  timestamp: '2026-03-02 11:51:45'
}
{
  service: 'attendance-system',
  method: 'GET',
  url: '/api/admin/employees?page=1&limit=10&status=active&_t=1772432505418',
  ip: '127.0.0.1',
  userAgent: 'Mozilla/5.0 (Windows NT 10.0; Win64; x64) AppleWebKit/537.36 (KHTML, like Gecko) Chrome/145.0.0.0 Safari/537.36 Edg/145.0.0.0',
  timestamp: '2026-03-02 11:51:45',
  level: 'info',
  message: 'Request'
}
{
  service: 'attendance-system',
  method: 'GET',
  url: '/?_t=1772432505418',
  statusCode: 304,
  duration: '22ms',
  contentLength: 0,
  level: 'info',
  message: 'Response',
  timestamp: '2026-03-02 11:51:45'
}
{
  service: 'attendance-system',
  method: 'GET',
  url: '/?page=1&limit=10&status=active&_t=1772432505418',
  statusCode: 304,
  duration: '29ms',
  contentLength: 0,
  level: 'info',
  message: 'Response',
  timestamp: '2026-03-02 11:51:45'
}
{
  service: 'attendance-system',
  method: 'GET',
  url: '/api/admin/employees?all=true&slim=true&_t=1772432507145',
  ip: '127.0.0.1',
  userAgent: 'Mozilla/5.0 (Windows NT 10.0; Win64; x64) AppleWebKit/537.36 (KHTML, like Gecko) Chrome/145.0.0.0 Safari/537.36 Edg/145.0.0.0',
  timestamp: '2026-03-02 11:51:47',
  level: 'info',
  message: 'Request'
}
{
  service: 'attendance-system',
  method: 'GET',
  url: '/api/admin/employees?all=true&slim=true&_t=1772432507144',
  ip: '127.0.0.1',
  userAgent: 'Mozilla/5.0 (Windows NT 10.0; Win64; x64) AppleWebKit/537.36 (KHTML, like Gecko) Chrome/145.0.0.0 Safari/537.36 Edg/145.0.0.0',
  timestamp: '2026-03-02 11:51:47',
  level: 'info',
  message: 'Request'
}
{
  service: 'attendance-system',
  method: 'GET',
  url: '/?all=true&slim=true&_t=1772432507145',
  statusCode: 200,
  duration: '25ms',
  contentLength: '12280',
  level: 'info',
  message: 'Response',
  timestamp: '2026-03-02 11:51:47'
}
{
  service: 'attendance-system',
  method: 'GET',
  url: '/?all=true&slim=true&_t=1772432507144',
  statusCode: 200,
  duration: '25ms',
  contentLength: '12280',
  level: 'info',
  message: 'Response',
  timestamp: '2026-03-02 11:51:47'
}
{
  service: 'attendance-system',
  method: 'GET',
  url: '/api/admin/shifts?_t=1772432508310',
  ip: '127.0.0.1',
  userAgent: 'Mozilla/5.0 (Windows NT 10.0; Win64; x64) AppleWebKit/537.36 (KHTML, like Gecko) Chrome/145.0.0.0 Safari/537.36 Edg/145.0.0.0',
  timestamp: '2026-03-02 11:51:48',
  level: 'info',
  message: 'Request'
}
{
  service: 'attendance-system',
  method: 'GET',
  url: '/api/admin/employees?page=1&limit=10&status=active&_t=1772432508310',
  ip: '127.0.0.1',
  userAgent: 'Mozilla/5.0 (Windows NT 10.0; Win64; x64) AppleWebKit/537.36 (KHTML, like Gecko) Chrome/145.0.0.0 Safari/537.36 Edg/145.0.0.0',
  timestamp: '2026-03-02 11:51:48',
  level: 'info',
  message: 'Request'
}
{
  service: 'attendance-system',
  method: 'GET',
  url: '/?_t=1772432508310',
  statusCode: 200,
  duration: '19ms',
  contentLength: '802',
  level: 'info',
  message: 'Response',
  timestamp: '2026-03-02 11:51:48'
}
{
  service: 'attendance-system',
  method: 'GET',
  url: '/api/admin/shifts?_t=1772432508310',
  ip: '127.0.0.1',
  userAgent: 'Mozilla/5.0 (Windows NT 10.0; Win64; x64) AppleWebKit/537.36 (KHTML, like Gecko) Chrome/145.0.0.0 Safari/537.36 Edg/145.0.0.0',
  timestamp: '2026-03-02 11:51:48',
  level: 'info',
  message: 'Request'
}
{
  service: 'attendance-system',
  method: 'GET',
  url: '/?page=1&limit=10&status=active&_t=1772432508310',
  statusCode: 200,
  duration: '24ms',
  contentLength: '8609',
  level: 'info',
  message: 'Response',
  timestamp: '2026-03-02 11:51:48'
}
{
  service: 'attendance-system',
  method: 'GET',
  url: '/api/admin/employees?page=1&limit=10&status=active&_t=1772432508310',
  ip: '127.0.0.1',
  userAgent: 'Mozilla/5.0 (Windows NT 10.0; Win64; x64) AppleWebKit/537.36 (KHTML, like Gecko) Chrome/145.0.0.0 Safari/537.36 Edg/145.0.0.0',
  timestamp: '2026-03-02 11:51:48',
  level: 'info',
  message: 'Request'
}
{
  service: 'attendance-system',
  method: 'GET',
  url: '/?_t=1772432508310',
  statusCode: 304,
  duration: '30ms',
  contentLength: 0,
  level: 'info',
  message: 'Response',
  timestamp: '2026-03-02 11:51:48'
}
{
  service: 'attendance-system',
  method: 'GET',
  url: '/?page=1&limit=10&status=active&_t=1772432508310',
  statusCode: 304,
  duration: '35ms',
  contentLength: 0,
  level: 'info',
  message: 'Response',
  timestamp: '2026-03-02 11:51:48'
}
{
  service: 'attendance-system',
  method: 'GET',
  url: '/api/admin/office-locations?_t=1772432509610',
  ip: '127.0.0.1',
  userAgent: 'Mozilla/5.0 (Windows NT 10.0; Win64; x64) AppleWebKit/537.36 (KHTML, like Gecko) Chrome/145.0.0.0 Safari/537.36 Edg/145.0.0.0',
  timestamp: '2026-03-02 11:51:49',
  level: 'info',
  message: 'Request'
}
{
  service: 'attendance-system',
  method: 'GET',
  url: '/api/admin/shifts?page=1&limit=10&_t=1772432509610',
  ip: '127.0.0.1',
  userAgent: 'Mozilla/5.0 (Windows NT 10.0; Win64; x64) AppleWebKit/537.36 (KHTML, like Gecko) Chrome/145.0.0.0 Safari/537.36 Edg/145.0.0.0',
  timestamp: '2026-03-02 11:51:49',
  level: 'info',
  message: 'Request'
}
{
  service: 'attendance-system',
  method: 'GET',
  url: '/?_t=1772432509610',
  statusCode: 200,
  duration: '16ms',
  contentLength: '323',
  level: 'info',
  message: 'Response',
  timestamp: '2026-03-02 11:51:49'
}
{
  service: 'attendance-system',
  method: 'GET',
  url: '/api/admin/office-locations?_t=1772432509610',
  ip: '127.0.0.1',
  userAgent: 'Mozilla/5.0 (Windows NT 10.0; Win64; x64) AppleWebKit/537.36 (KHTML, like Gecko) Chrome/145.0.0.0 Safari/537.36 Edg/145.0.0.0',
  timestamp: '2026-03-02 11:51:49',
  level: 'info',
  message: 'Request'
}
{
  service: 'attendance-system',
  method: 'GET',
  url: '/?page=1&limit=10&_t=1772432509610',
  statusCode: 200,
  duration: '21ms',
  contentLength: '802',
  level: 'info',
  message: 'Response',
  timestamp: '2026-03-02 11:51:49'
}
{
  service: 'attendance-system',
  method: 'GET',
  url: '/api/admin/shifts?page=1&limit=10&_t=1772432509610',
  ip: '127.0.0.1',
  userAgent: 'Mozilla/5.0 (Windows NT 10.0; Win64; x64) AppleWebKit/537.36 (KHTML, like Gecko) Chrome/145.0.0.0 Safari/537.36 Edg/145.0.0.0',
  timestamp: '2026-03-02 11:51:49',
  level: 'info',
  message: 'Request'
}
{
  service: 'attendance-system',
  method: 'GET',
  url: '/?_t=1772432509610',
  statusCode: 304,
  duration: '15ms',
  contentLength: 0,
  level: 'info',
  message: 'Response',
  timestamp: '2026-03-02 11:51:49'
}
{
  service: 'attendance-system',
  method: 'GET',
  url: '/?page=1&limit=10&_t=1772432509610',
  statusCode: 304,
  duration: '20ms',
  contentLength: 0,
  level: 'info',
  message: 'Response',
  timestamp: '2026-03-02 11:51:49'
}
{
  service: 'attendance-system',
  method: 'GET',
  url: '/api/policies-gridfs?_t=1772432510688',
  ip: '127.0.0.1',
  userAgent: 'Mozilla/5.0 (Windows NT 10.0; Win64; x64) AppleWebKit/537.36 (KHTML, like Gecko) Chrome/145.0.0.0 Safari/537.36 Edg/145.0.0.0',
  timestamp: '2026-03-02 11:51:50',
  level: 'info',
  message: 'Request'
}
{
  service: 'attendance-system',
  method: 'GET',
  url: '/api/policies/anonymous-feedback?_t=1772432510688',
  ip: '127.0.0.1',
  userAgent: 'Mozilla/5.0 (Windows NT 10.0; Win64; x64) AppleWebKit/537.36 (KHTML, like Gecko) Chrome/145.0.0.0 Safari/537.36 Edg/145.0.0.0',
  timestamp: '2026-03-02 11:51:50',
  level: 'info',
  message: 'Request'
}
{
  service: 'attendance-system',
  method: 'GET',
  url: '/anonymous-feedback?_t=1772432510688',
  statusCode: 200,
  duration: '13ms',
  contentLength: '15',
  level: 'info',
  message: 'Response',
  timestamp: '2026-03-02 11:51:50'
}
{
  service: 'attendance-system',
  method: 'GET',
  url: '/?_t=1772432510688',
  statusCode: 200,
  duration: '20ms',
  contentLength: '401',
  level: 'info',
  message: 'Response',
  timestamp: '2026-03-02 11:51:50'
}
{
  service: 'attendance-system',
  method: 'GET',
  url: '/api/policies/anonymous-feedback?_t=1772432510688',
  ip: '127.0.0.1',
  userAgent: 'Mozilla/5.0 (Windows NT 10.0; Win64; x64) AppleWebKit/537.36 (KHTML, like Gecko) Chrome/145.0.0.0 Safari/537.36 Edg/145.0.0.0',
  timestamp: '2026-03-02 11:51:50',
  level: 'info',
  message: 'Request'
}
{
  service: 'attendance-system',
  method: 'GET',
  url: '/api/policies-gridfs?_t=1772432510688',
  ip: '127.0.0.1',
  userAgent: 'Mozilla/5.0 (Windows NT 10.0; Win64; x64) AppleWebKit/537.36 (KHTML, like Gecko) Chrome/145.0.0.0 Safari/537.36 Edg/145.0.0.0',
  timestamp: '2026-03-02 11:51:50',
  level: 'info',
  message: 'Request'
}
{
  service: 'attendance-system',
  method: 'GET',
  url: '/anonymous-feedback?_t=1772432510688',
  statusCode: 304,
  duration: '12ms',
  contentLength: 0,
  level: 'info',
  message: 'Response',
  timestamp: '2026-03-02 11:51:50'
}
{
  service: 'attendance-system',
  method: 'GET',
  url: '/?_t=1772432510688',
  statusCode: 304,
  duration: '13ms',
  contentLength: 0,
  level: 'info',
  message: 'Response',
  timestamp: '2026-03-02 11:51:50'
}
{
  service: 'attendance-system',
  method: 'GET',
  url: '/api/admin/manage?_t=1772432511697',
  ip: '127.0.0.1',
  userAgent: 'Mozilla/5.0 (Windows NT 10.0; Win64; x64) AppleWebKit/537.36 (KHTML, like Gecko) Chrome/145.0.0.0 Safari/537.36 Edg/145.0.0.0',
  timestamp: '2026-03-02 11:51:51',
  level: 'info',
  message: 'Request'
}
{
  service: 'attendance-system',
  method: 'GET',
  url: '/api/analytics/late-grace-settings',
  ip: '127.0.0.1',
  userAgent: 'Mozilla/5.0 (Windows NT 10.0; Win64; x64) AppleWebKit/537.36 (KHTML, like Gecko) Chrome/145.0.0.0 Safari/537.36 Edg/145.0.0.0',
  timestamp: '2026-03-02 11:51:51',
  level: 'info',
  message: 'Request'
}
{
  service: 'attendance-system',
  method: 'GET',
  url: '/analytics/late-grace-settings',
  statusCode: 404,
  duration: '0ms',
  contentLength: '86',
  level: 'info',
  message: 'Response',
  timestamp: '2026-03-02 11:51:51'
}
{
  service: 'attendance-system',
  method: 'GET',
  url: '/api/analytics/late-grace-settings',
  ip: '127.0.0.1',
  userAgent: 'Mozilla/5.0 (Windows NT 10.0; Win64; x64) AppleWebKit/537.36 (KHTML, like Gecko) Chrome/145.0.0.0 Safari/537.36 Edg/145.0.0.0',
  timestamp: '2026-03-02 11:51:51',
  level: 'info',
  message: 'Request'
}
{
  service: 'attendance-system',
  method: 'GET',
  url: '/analytics/late-grace-settings',
  statusCode: 404,
  duration: '0ms',
  contentLength: '86',
  level: 'info',
  message: 'Response',
  timestamp: '2026-03-02 11:51:51'
}
{
  service: 'attendance-system',
  method: 'GET',
  url: '/?_t=1772432511697',
  statusCode: 200,
  duration: '25ms',
  contentLength: '31543',
  level: 'info',
  message: 'Response',
  timestamp: '2026-03-02 11:51:51'
}
{
  service: 'attendance-system',
  method: 'GET',
  url: '/api/admin/manage?_t=1772432511697',
  ip: '127.0.0.1',
  userAgent: 'Mozilla/5.0 (Windows NT 10.0; Win64; x64) AppleWebKit/537.36 (KHTML, like Gecko) Chrome/145.0.0.0 Safari/537.36 Edg/145.0.0.0',
  timestamp: '2026-03-02 11:51:51',
  level: 'info',
  message: 'Request'
}
{
  service: 'attendance-system',
  method: 'GET',
  url: '/?_t=1772432511697',
  statusCode: 304,
  duration: '28ms',
  contentLength: 0,
  level: 'info',
  message: 'Response',
  timestamp: '2026-03-02 11:51:51'
}
{
  service: 'attendance-system',
  method: 'GET',
  url: '/api/probation/tracker',
  ip: '127.0.0.1',
  userAgent: 'Mozilla/5.0 (Windows NT 10.0; Win64; x64) AppleWebKit/537.36 (KHTML, like Gecko) Chrome/145.0.0.0 Safari/537.36 Edg/145.0.0.0',
  timestamp: '2026-03-02 11:51:53',
  level: 'info',
  message: 'Request'
}
{
  service: 'attendance-system',
  method: 'GET',
  url: '/tracker',
  statusCode: 200,
  duration: '1938ms',
  contentLength: '6855',
  level: 'info',
  message: 'Response',
  timestamp: '2026-03-02 11:51:55'
}
{
  service: 'attendance-system',
  method: 'GET',
  url: '/api/probation/tracker',
  ip: '127.0.0.1',
  userAgent: 'Mozilla/5.0 (Windows NT 10.0; Win64; x64) AppleWebKit/537.36 (KHTML, like Gecko) Chrome/145.0.0.0 Safari/537.36 Edg/145.0.0.0',
  timestamp: '2026-03-02 11:51:55',
  level: 'info',
  message: 'Request'
}
{
  service: 'attendance-system',
  method: 'GET',
  url: '/tracker',
  statusCode: 304,
  duration: '10ms',
  contentLength: 0,
  level: 'info',
  message: 'Response',
  timestamp: '2026-03-02 11:51:55'
}
{
  service: 'attendance-system',
  method: 'GET',
  url: '/api/admin/employees?all=true&_t=1772432515617',
  ip: '127.0.0.1',
  userAgent: 'Mozilla/5.0 (Windows NT 10.0; Win64; x64) AppleWebKit/537.36 (KHTML, like Gecko) Chrome/145.0.0.0 Safari/537.36 Edg/145.0.0.0',
  timestamp: '2026-03-02 11:51:55',
  level: 'info',
  message: 'Request'
}
{
  service: 'attendance-system',
  method: 'GET',
  url: '/api/admin/leaves/all?page=1&limit=10',
  ip: '127.0.0.1',
  userAgent: 'Mozilla/5.0 (Windows NT 10.0; Win64; x64) AppleWebKit/537.36 (KHTML, like Gecko) Chrome/145.0.0.0 Safari/537.36 Edg/145.0.0.0',
  timestamp: '2026-03-02 11:51:55',
  level: 'info',
  message: 'Request'
}
{
  service: 'attendance-system',
  method: 'GET',
  url: '/leaves/all?page=1&limit=10',
  statusCode: 304,
  duration: '29ms',
  contentLength: 0,
  level: 'info',
  message: 'Response',
  timestamp: '2026-03-02 11:51:55'
}
{
  service: 'attendance-system',
  method: 'GET',
  url: '/?all=true&_t=1772432515617',
  statusCode: 200,
  duration: '46ms',
  contentLength: '29004',
  level: 'info',
  message: 'Response',
  timestamp: '2026-03-02 11:51:55'
}
{
  service: 'attendance-system',
  method: 'GET',
  url: '/api/analytics/monthly-context-settings',
  ip: '127.0.0.1',
  userAgent: 'Mozilla/5.0 (Windows NT 10.0; Win64; x64) AppleWebKit/537.36 (KHTML, like Gecko) Chrome/145.0.0.0 Safari/537.36 Edg/145.0.0.0',
  timestamp: '2026-03-02 11:51:55',
  level: 'info',
  message: 'Request'
}
{
  service: 'attendance-system',
  method: 'GET',
  url: '/analytics/monthly-context-settings',
  statusCode: 404,
  duration: '1ms',
  contentLength: '91',
  level: 'info',
  message: 'Response',
  timestamp: '2026-03-02 11:51:55'
}
{
  service: 'attendance-system',
  method: 'GET',
  url: '/api/analytics/monthly-context-settings',
  ip: '127.0.0.1',
  userAgent: 'Mozilla/5.0 (Windows NT 10.0; Win64; x64) AppleWebKit/537.36 (KHTML, like Gecko) Chrome/145.0.0.0 Safari/537.36 Edg/145.0.0.0',
  timestamp: '2026-03-02 11:51:55',
  level: 'info',
  message: 'Request'
}
{
  service: 'attendance-system',
  method: 'GET',
  url: '/analytics/monthly-context-settings',
  statusCode: 404,
  duration: '1ms',
  contentLength: '91',
  level: 'info',
  message: 'Response',
  timestamp: '2026-03-02 11:51:55'
}
{
  service: 'attendance-system',
  method: 'GET',
  url: '/api/admin/leaves/analytics/counts?month=3&year=2026&role=Employee',
  ip: '127.0.0.1',
  userAgent: 'Mozilla/5.0 (Windows NT 10.0; Win64; x64) AppleWebKit/537.36 (KHTML, like Gecko) Chrome/145.0.0.0 Safari/537.36 Edg/145.0.0.0',
  timestamp: '2026-03-02 11:51:55',
  level: 'info',
  message: 'Request'
}
{
  service: 'attendance-system',
  method: 'GET',
  url: '/api/admin/leaves/analytics/counts?month=3&year=2026&role=Intern',
  ip: '127.0.0.1',
  userAgent: 'Mozilla/5.0 (Windows NT 10.0; Win64; x64) AppleWebKit/537.36 (KHTML, like Gecko) Chrome/145.0.0.0 Safari/537.36 Edg/145.0.0.0',
  timestamp: '2026-03-02 11:51:55',
  level: 'info',
  message: 'Request'
}
{
  service: 'attendance-system',
  method: 'GET',
  url: '/api/analytics/monthly-context-settings',
  ip: '127.0.0.1',
  userAgent: 'Mozilla/5.0 (Windows NT 10.0; Win64; x64) AppleWebKit/537.36 (KHTML, like Gecko) Chrome/145.0.0.0 Safari/537.36 Edg/145.0.0.0',
  timestamp: '2026-03-02 11:51:55',
  level: 'info',
  message: 'Request'
}
{
  service: 'attendance-system',
  method: 'GET',
  url: '/analytics/monthly-context-settings',
  statusCode: 404,
  duration: '1ms',
  contentLength: '91',
  level: 'info',
  message: 'Response',
  timestamp: '2026-03-02 11:51:55'
}
{
  service: 'attendance-system',
  method: 'GET',
  url: '/api/analytics/monthly-context-settings',
  ip: '127.0.0.1',
  userAgent: 'Mozilla/5.0 (Windows NT 10.0; Win64; x64) AppleWebKit/537.36 (KHTML, like Gecko) Chrome/145.0.0.0 Safari/537.36 Edg/145.0.0.0',
  timestamp: '2026-03-02 11:51:55',
  level: 'info',
  message: 'Request'
}
{
  service: 'attendance-system',
  method: 'GET',
  url: '/analytics/monthly-context-settings',
  statusCode: 404,
  duration: '1ms',
  contentLength: '91',
  level: 'info',
  message: 'Response',
  timestamp: '2026-03-02 11:51:55'
}
{
  service: 'attendance-system',
  method: 'GET',
  url: '/leaves/analytics/counts?month=3&year=2026&role=Employee',
  statusCode: 200,
  duration: '24ms',
  contentLength: '2110',
  level: 'info',
  message: 'Response',
  timestamp: '2026-03-02 11:51:55'
}
{
  service: 'attendance-system',
  method: 'GET',
  url: '/leaves/analytics/counts?month=3&year=2026&role=Intern',
  statusCode: 304,
  duration: '22ms',
  contentLength: 0,
  level: 'info',
  message: 'Response',
  timestamp: '2026-03-02 11:51:55'
}
{
  service: 'attendance-system',
  method: 'GET',
  url: '/api/attendance/actual-work-days?month=3&year=2026&_t=1772432515804',
  ip: '127.0.0.1',
  userAgent: 'Mozilla/5.0 (Windows NT 10.0; Win64; x64) AppleWebKit/537.36 (KHTML, like Gecko) Chrome/145.0.0.0 Safari/537.36 Edg/145.0.0.0',
  timestamp: '2026-03-02 11:51:55',
  level: 'info',
  message: 'Request'
}
{
  service: 'attendance-system',
  method: 'GET',
  url: '/api/attendance/actual-work-days?month=3&year=2026&_t=1772432515837',
  ip: '127.0.0.1',
  userAgent: 'Mozilla/5.0 (Windows NT 10.0; Win64; x64) AppleWebKit/537.36 (KHTML, like Gecko) Chrome/145.0.0.0 Safari/537.36 Edg/145.0.0.0',
  timestamp: '2026-03-02 11:51:55',
  level: 'info',
  message: 'Request'
}
{
  service: 'attendance-system',
  method: 'GET',
  url: '/actual-work-days?month=3&year=2026&_t=1772432515804',
  statusCode: 200,
  duration: '44ms',
  contentLength: '6495',
  level: 'info',
  message: 'Response',
  timestamp: '2026-03-02 11:51:55'
}
{
  service: 'attendance-system',
  method: 'GET',
  url: '/actual-work-days?month=3&year=2026&_t=1772432515837',
  statusCode: 200,
  duration: '45ms',
  contentLength: '6495',
  level: 'info',
  message: 'Response',
  timestamp: '2026-03-02 11:51:55'
}
{
  service: 'attendance-system',
  method: 'GET',
  url: '/api/admin/employees?all=true&_t=1772432518727',
  ip: '127.0.0.1',
  userAgent: 'Mozilla/5.0 (Windows NT 10.0; Win64; x64) AppleWebKit/537.36 (KHTML, like Gecko) Chrome/145.0.0.0 Safari/537.36 Edg/145.0.0.0',
  timestamp: '2026-03-02 11:51:58',
  level: 'info',
  message: 'Request'
}
{
  service: 'attendance-system',
  method: 'GET',
  url: '/?all=true&_t=1772432518727',
  statusCode: 200,
  duration: '46ms',
  contentLength: '29004',
  level: 'info',
  message: 'Response',
  timestamp: '2026-03-02 11:51:58'
}
{
  service: 'attendance-system',
  method: 'GET',
  url: '/api/admin/employees?all=true&_t=1772432518727',
  ip: '127.0.0.1',
  userAgent: 'Mozilla/5.0 (Windows NT 10.0; Win64; x64) AppleWebKit/537.36 (KHTML, like Gecko) Chrome/145.0.0.0 Safari/537.36 Edg/145.0.0.0',
  timestamp: '2026-03-02 11:51:58',
  level: 'info',
  message: 'Request'
}
{
  service: 'attendance-system',
  method: 'GET',
  url: '/?all=true&_t=1772432518727',
  statusCode: 304,
  duration: '35ms',
  contentLength: 0,
  level: 'info',
  message: 'Response',
  timestamp: '2026-03-02 11:51:58'
}
{
  service: 'attendance-system',
  method: 'GET',
  url: '/api/analytics/attendance?startDate=2026-03-01&endDate=2026-03-02&page=1&limit=50',
  ip: '127.0.0.1',
  userAgent: 'Mozilla/5.0 (Windows NT 10.0; Win64; x64) AppleWebKit/537.36 (KHTML, like Gecko) Chrome/145.0.0.0 Safari/537.36 Edg/145.0.0.0',
  timestamp: '2026-03-02 11:52:01',
  level: 'info',
  message: 'Request'
}
{
  service: 'attendance-system',
  method: 'GET',
  url: '/attendance?startDate=2026-03-01&endDate=2026-03-02&page=1&limit=50',
  statusCode: 200,
  duration: '4ms',
  contentLength: '13355',
  level: 'info',
  message: 'Response',
  timestamp: '2026-03-02 11:52:01'
}
{
  service: 'attendance-system',
  method: 'GET',
  url: '/api/analytics/attendance?startDate=2026-02-01&endDate=2026-02-28&page=1&limit=50',
  ip: '127.0.0.1',
  userAgent: 'Mozilla/5.0 (Windows NT 10.0; Win64; x64) AppleWebKit/537.36 (KHTML, like Gecko) Chrome/145.0.0.0 Safari/537.36 Edg/145.0.0.0',
  timestamp: '2026-03-02 11:52:26',
  level: 'info',
  message: 'Request'
}
{
  service: 'attendance-system',
  method: 'GET',
  url: '/attendance?startDate=2026-02-01&endDate=2026-02-28&page=1&limit=50',
  statusCode: 200,
  duration: '10ms',
  contentLength: '761',
  level: 'info',
  message: 'Response',
  timestamp: '2026-03-02 11:52:26'
}
{
  service: 'attendance-system',
  method: 'GET',
  url: '/api/admin/leave-years/active',
  ip: '127.0.0.1',
  userAgent: 'Mozilla/5.0 (Windows NT 10.0; Win64; x64) AppleWebKit/537.36 (KHTML, like Gecko) Chrome/145.0.0.0 Safari/537.36 Edg/145.0.0.0',
  timestamp: '2026-03-02 11:52:55',
  level: 'info',
  message: 'Request'
}
{
  service: 'attendance-system',
  method: 'GET',
  url: '/api/auth/me',
  ip: '127.0.0.1',
  userAgent: 'Mozilla/5.0 (Windows NT 10.0; Win64; x64) AppleWebKit/537.36 (KHTML, like Gecko) Chrome/145.0.0.0 Safari/537.36 Edg/145.0.0.0',
  timestamp: '2026-03-02 11:52:55',
  level: 'info',
  message: 'Request'
}
{
  service: 'attendance-system',
  method: 'GET',
  url: '/me',
  statusCode: 200,
  duration: '6ms',
  contentLength: '1282',
  level: 'info',
  message: 'Response',
  timestamp: '2026-03-02 11:52:55'
}
{
  service: 'attendance-system',
  method: 'GET',
  url: '/api/admin/leave-years/active',
  ip: '127.0.0.1',
  userAgent: 'Mozilla/5.0 (Windows NT 10.0; Win64; x64) AppleWebKit/537.36 (KHTML, like Gecko) Chrome/145.0.0.0 Safari/537.36 Edg/145.0.0.0',
  timestamp: '2026-03-02 11:52:55',
  level: 'info',
  message: 'Request'
}
{
  service: 'attendance-system',
  method: 'GET',
  url: '/active',
  statusCode: 200,
  duration: '19ms',
  contentLength: '194',
  level: 'info',
  message: 'Response',
  timestamp: '2026-03-02 11:52:55'
}
{
  service: 'attendance-system',
  method: 'GET',
  url: '/active',
  statusCode: 200,
  duration: '15ms',
  contentLength: '194',
  level: 'info',
  message: 'Response',
  timestamp: '2026-03-02 11:52:55'
}
{
  service: 'attendance-system',
  method: 'GET',
  url: '/api/announcements/last-read',
  ip: '127.0.0.1',
  userAgent: 'Mozilla/5.0 (Windows NT 10.0; Win64; x64) AppleWebKit/537.36 (KHTML, like Gecko) Chrome/145.0.0.0 Safari/537.36 Edg/145.0.0.0',
  timestamp: '2026-03-02 11:52:55',
  level: 'info',
  message: 'Request'
}
{
  service: 'attendance-system',
  method: 'GET',
  url: '/api/attendance/current-status?_t=1772432575185',
  ip: '127.0.0.1',
  userAgent: 'Mozilla/5.0 (Windows NT 10.0; Win64; x64) AppleWebKit/537.36 (KHTML, like Gecko) Chrome/145.0.0.0 Safari/537.36 Edg/145.0.0.0',
  timestamp: '2026-03-02 11:52:55',
  level: 'info',
  message: 'Request'
}
{
  service: 'attendance-system',
  method: 'GET',
  url: '/api/announcements/last-read',
  ip: '127.0.0.1',
  userAgent: 'Mozilla/5.0 (Windows NT 10.0; Win64; x64) AppleWebKit/537.36 (KHTML, like Gecko) Chrome/145.0.0.0 Safari/537.36 Edg/145.0.0.0',
  timestamp: '2026-03-02 11:52:55',
  level: 'info',
  message: 'Request'
}
{
  service: 'attendance-system',
  method: 'GET',
  url: '/api/new-notifications',
  ip: '127.0.0.1',
  userAgent: 'Mozilla/5.0 (Windows NT 10.0; Win64; x64) AppleWebKit/537.36 (KHTML, like Gecko) Chrome/145.0.0.0 Safari/537.36 Edg/145.0.0.0',
  timestamp: '2026-03-02 11:52:55',
  level: 'info',
  message: 'Request'
}
{
  service: 'attendance-system',
  method: 'GET',
  url: '/api/announcements/last-read',
  ip: '127.0.0.1',
  userAgent: 'Mozilla/5.0 (Windows NT 10.0; Win64; x64) AppleWebKit/537.36 (KHTML, like Gecko) Chrome/145.0.0.0 Safari/537.36 Edg/145.0.0.0',
  timestamp: '2026-03-02 11:52:55',
  level: 'info',
  message: 'Request'
}
{
  service: 'attendance-system',
  method: 'GET',
  url: '/last-read',
  statusCode: 200,
  duration: '23ms',
  contentLength: '43',
  level: 'info',
  message: 'Response',
  timestamp: '2026-03-02 11:52:55'
}
{
  service: 'attendance-system',
  method: 'GET',
  url: '/last-read',
  statusCode: 200,
  duration: '16ms',
  contentLength: '43',
  level: 'info',
  message: 'Response',
  timestamp: '2026-03-02 11:52:55'
}
{
  service: 'attendance-system',
  method: 'GET',
  url: '/last-read',
  statusCode: 200,
  duration: '11ms',
  contentLength: '43',
  level: 'info',
  message: 'Response',
  timestamp: '2026-03-02 11:52:55'
}
{
  service: 'attendance-system',
  method: 'GET',
  url: '/current-status?_t=1772432575185',
  statusCode: 200,
  duration: '29ms',
  contentLength: '102',
  level: 'info',
  message: 'Response',
  timestamp: '2026-03-02 11:52:55'
}
{
  service: 'attendance-system',
  method: 'GET',
  url: '/api/announcements',
  ip: '127.0.0.1',
  userAgent: 'Mozilla/5.0 (Windows NT 10.0; Win64; x64) AppleWebKit/537.36 (KHTML, like Gecko) Chrome/145.0.0.0 Safari/537.36 Edg/145.0.0.0',
  timestamp: '2026-03-02 11:52:55',
  level: 'info',
  message: 'Request'
}
{
  service: 'attendance-system',
  method: 'GET',
  url: '/api/announcements',
  ip: '127.0.0.1',
  userAgent: 'Mozilla/5.0 (Windows NT 10.0; Win64; x64) AppleWebKit/537.36 (KHTML, like Gecko) Chrome/145.0.0.0 Safari/537.36 Edg/145.0.0.0',
  timestamp: '2026-03-02 11:52:55',
  level: 'info',
  message: 'Request'
}
{
  service: 'attendance-system',
  method: 'GET',
  url: '/',
  statusCode: 200,
  duration: '18ms',
  contentLength: '2',
  level: 'info',
  message: 'Response',
  timestamp: '2026-03-02 11:52:55'
}
{
  service: 'attendance-system',
  method: 'GET',
  url: '/api/announcements',
  ip: '127.0.0.1',
  userAgent: 'Mozilla/5.0 (Windows NT 10.0; Win64; x64) AppleWebKit/537.36 (KHTML, like Gecko) Chrome/145.0.0.0 Safari/537.36 Edg/145.0.0.0',
  timestamp: '2026-03-02 11:52:55',
  level: 'info',
  message: 'Request'
}
{
  service: 'attendance-system',
  method: 'GET',
  url: '/',
  statusCode: 200,
  duration: '2ms',
  contentLength: '2',
  level: 'info',
  message: 'Response',
  timestamp: '2026-03-02 11:52:55'
}
{
  service: 'attendance-system',
  method: 'GET',
  url: '/',
  statusCode: 200,
  duration: '15ms',
  contentLength: '2',
  level: 'info',
  message: 'Response',
  timestamp: '2026-03-02 11:52:55'
}
{
  service: 'attendance-system',
  method: 'GET',
  url: '/',
  statusCode: 200,
  duration: '56ms',
  contentLength: '27070',
  level: 'info',
  message: 'Response',
  timestamp: '2026-03-02 11:52:55'
}
{
  service: 'attendance-system',
  method: 'GET',
  url: '/api/analytics/attendance?startDate=2026-03-01&endDate=2026-03-02&page=1&limit=50',
  ip: '127.0.0.1',
  userAgent: 'Mozilla/5.0 (Windows NT 10.0; Win64; x64) AppleWebKit/537.36 (KHTML, like Gecko) Chrome/145.0.0.0 Safari/537.36 Edg/145.0.0.0',
  timestamp: '2026-03-02 11:52:55',
  level: 'info',
  message: 'Request'
}
{
  service: 'attendance-system',
  method: 'GET',
  url: '/attendance?startDate=2026-03-01&endDate=2026-03-02&page=1&limit=50',
  statusCode: 304,
  duration: '5ms',
  contentLength: 0,
  level: 'info',
  message: 'Response',
  timestamp: '2026-03-02 11:52:55'
}
{
  service: 'attendance-system',
  method: 'GET',
  url: '/api/admin/dashboard-summary?includePendingLeaves=true',
  ip: '127.0.0.1',
  userAgent: 'Mozilla/5.0 (Windows NT 10.0; Win64; x64) AppleWebKit/537.36 (KHTML, like Gecko) Chrome/145.0.0.0 Safari/537.36 Edg/145.0.0.0',
  timestamp: '2026-03-02 11:53:16',
  level: 'info',
  message: 'Request'
}
{
  service: 'attendance-system',
  method: 'GET',
  url: '/dashboard-summary?includePendingLeaves=true',
  statusCode: 304,
  duration: '205ms',
  contentLength: 0,
  level: 'info',
  message: 'Response',
  timestamp: '2026-03-02 11:53:16'
}
{
  service: 'attendance-system',
  method: 'GET',
  url: '/api/admin/dashboard-summary?includePendingLeaves=true',
  ip: '127.0.0.1',
  userAgent: 'Mozilla/5.0 (Windows NT 10.0; Win64; x64) AppleWebKit/537.36 (KHTML, like Gecko) Chrome/145.0.0.0 Safari/537.36 Edg/145.0.0.0',
  timestamp: '2026-03-02 11:53:16',
  level: 'info',
  message: 'Request'
}
{
  service: 'attendance-system',
  method: 'GET',
  url: '/dashboard-summary?includePendingLeaves=true',
  statusCode: 304,
  duration: '38ms',
  contentLength: 0,
  level: 'info',
  message: 'Response',
  timestamp: '2026-03-02 11:53:16'
}
{
  service: 'attendance-system',
  method: 'GET',
  url: '/api/admin/employees?all=true&slim=true&_t=1772432609091',
  ip: '127.0.0.1',
  userAgent: 'Mozilla/5.0 (Windows NT 10.0; Win64; x64) AppleWebKit/537.36 (KHTML, like Gecko) Chrome/145.0.0.0 Safari/537.36 Edg/145.0.0.0',
  timestamp: '2026-03-02 11:53:29',
  level: 'info',
  message: 'Request'
}
{
  service: 'attendance-system',
  method: 'GET',
  url: '/?all=true&slim=true&_t=1772432609091',
  statusCode: 200,
  duration: '25ms',
  contentLength: '12280',
  level: 'info',
  message: 'Response',
  timestamp: '2026-03-02 11:53:29'
}
{
  service: 'attendance-system',
  method: 'GET',
  url: '/api/admin/employees?all=true&slim=true&_t=1772432609091',
  ip: '127.0.0.1',
  userAgent: 'Mozilla/5.0 (Windows NT 10.0; Win64; x64) AppleWebKit/537.36 (KHTML, like Gecko) Chrome/145.0.0.0 Safari/537.36 Edg/145.0.0.0',
  timestamp: '2026-03-02 11:53:29',
  level: 'info',
  message: 'Request'
}
{
  service: 'attendance-system',
  method: 'GET',
  url: '/?all=true&slim=true&_t=1772432609091',
  statusCode: 304,
  duration: '25ms',
  contentLength: 0,
  level: 'info',
  message: 'Response',
  timestamp: '2026-03-02 11:53:29'
}
{
  service: 'attendance-system',
  method: 'GET',
  url: '/api/attendance/summary?startDate=2026-03-01&endDate=2026-03-07&userId=68bea78806b7a7115f2e1962&includeHolidays=true',
  ip: '127.0.0.1',
  userAgent: 'Mozilla/5.0 (Windows NT 10.0; Win64; x64) AppleWebKit/537.36 (KHTML, like Gecko) Chrome/145.0.0.0 Safari/537.36 Edg/145.0.0.0',
  timestamp: '2026-03-02 11:53:30',
  level: 'info',
  message: 'Request'
}
{
  service: 'attendance-system',
  method: 'GET',
  url: '/summary?startDate=2026-03-01&endDate=2026-03-07&userId=68bea78806b7a7115f2e1962&includeHolidays=true',
  statusCode: 200,
  duration: '28ms',
  contentLength: '6082',
  level: 'info',
  message: 'Response',
  timestamp: '2026-03-02 11:53:30'
}
{
  service: 'attendance-system',
  method: 'GET',
  url: '/api/attendance/summary?startDate=2026-03-01&endDate=2026-03-07&userId=699e80bdeec803ff379c9bc9&includeHolidays=true',
  ip: '127.0.0.1',
  userAgent: 'Mozilla/5.0 (Windows NT 10.0; Win64; x64) AppleWebKit/537.36 (KHTML, like Gecko) Chrome/145.0.0.0 Safari/537.36 Edg/145.0.0.0',
  timestamp: '2026-03-02 11:53:32',
  level: 'info',
  message: 'Request'
}
{
  service: 'attendance-system',
  method: 'GET',
  url: '/summary?startDate=2026-03-01&endDate=2026-03-07&userId=699e80bdeec803ff379c9bc9&includeHolidays=true',
  statusCode: 200,
  duration: '40ms',
  contentLength: '6165',
  level: 'info',
  message: 'Response',
  timestamp: '2026-03-02 11:53:32'
}
{
  service: 'attendance-system',
  method: 'GET',
  url: '/api/attendance/summary?startDate=2026-03-01&endDate=2026-03-07&userId=68d29f4cce5f5ad421bb6f93&includeHolidays=true',
  ip: '127.0.0.1',
  userAgent: 'Mozilla/5.0 (Windows NT 10.0; Win64; x64) AppleWebKit/537.36 (KHTML, like Gecko) Chrome/145.0.0.0 Safari/537.36 Edg/145.0.0.0',
  timestamp: '2026-03-02 11:53:34',
  level: 'info',
  message: 'Request'
}
{
  service: 'attendance-system',
  method: 'GET',
  url: '/summary?startDate=2026-03-01&endDate=2026-03-07&userId=68d29f4cce5f5ad421bb6f93&includeHolidays=true',
  statusCode: 200,
  duration: '41ms',
  contentLength: '6176',
  level: 'info',
  message: 'Response',
  timestamp: '2026-03-02 11:53:34'
}
{
  service: 'attendance-system',
  method: 'GET',
  url: '/api/attendance/summary?startDate=2026-03-01&endDate=2026-03-31&userId=68d29f4cce5f5ad421bb6f93&includeHolidays=true',
  ip: '127.0.0.1',
  userAgent: 'Mozilla/5.0 (Windows NT 10.0; Win64; x64) AppleWebKit/537.36 (KHTML, like Gecko) Chrome/145.0.0.0 Safari/537.36 Edg/145.0.0.0',
  timestamp: '2026-03-02 11:53:39',
  level: 'info',
  message: 'Request'
}
{
  service: 'attendance-system',
  method: 'GET',
  url: '/summary?startDate=2026-03-01&endDate=2026-03-31&userId=68d29f4cce5f5ad421bb6f93&includeHolidays=true',
  statusCode: 200,
  duration: '58ms',
  contentLength: '29767',
  level: 'info',
  message: 'Response',
  timestamp: '2026-03-02 11:53:39'
}
{
  service: 'attendance-system',
  method: 'GET',
  url: '/api/attendance/summary?startDate=2026-02-01&endDate=2026-02-28&userId=68d29f4cce5f5ad421bb6f93&includeHolidays=true',
  ip: '127.0.0.1',
  userAgent: 'Mozilla/5.0 (Windows NT 10.0; Win64; x64) AppleWebKit/537.36 (KHTML, like Gecko) Chrome/145.0.0.0 Safari/537.36 Edg/145.0.0.0',
  timestamp: '2026-03-02 11:53:41',
  level: 'info',
  message: 'Request'
}
{
  service: 'attendance-system',
  method: 'GET',
  url: '/summary?startDate=2026-02-01&endDate=2026-02-28&userId=68d29f4cce5f5ad421bb6f93&includeHolidays=true',
  statusCode: 200,
  duration: '85ms',
  contentLength: '30203',
  level: 'info',
  message: 'Response',
  timestamp: '2026-03-02 11:53:41'
}
{
  service: 'attendance-system',
  method: 'GET',
  url: '/api/attendance/summary?startDate=2026-02-01&endDate=2026-02-28&userId=699e80bdeec803ff379c9bc9&includeHolidays=true',
  ip: '127.0.0.1',
  userAgent: 'Mozilla/5.0 (Windows NT 10.0; Win64; x64) AppleWebKit/537.36 (KHTML, like Gecko) Chrome/145.0.0.0 Safari/537.36 Edg/145.0.0.0',
  timestamp: '2026-03-02 11:54:05',
  level: 'info',
  message: 'Request'
}
{
  service: 'attendance-system',
  method: 'GET',
  url: '/summary?startDate=2026-02-01&endDate=2026-02-28&userId=699e80bdeec803ff379c9bc9&includeHolidays=true',
  statusCode: 200,
  duration: '54ms',
  contentLength: '24429',
  level: 'info',
  message: 'Response',
  timestamp: '2026-03-02 11:54:05'
}
{
  service: 'attendance-system',
  method: 'GET',
  url: '/api/attendance/summary?startDate=2026-02-01&endDate=2026-02-28&userId=693d39a2da051f96635ac9ad&includeHolidays=true',
  ip: '127.0.0.1',
  userAgent: 'Mozilla/5.0 (Windows NT 10.0; Win64; x64) AppleWebKit/537.36 (KHTML, like Gecko) Chrome/145.0.0.0 Safari/537.36 Edg/145.0.0.0',
  timestamp: '2026-03-02 11:54:09',
  level: 'info',
  message: 'Request'
}
{
  service: 'attendance-system',
  method: 'GET',
  url: '/summary?startDate=2026-02-01&endDate=2026-02-28&userId=693d39a2da051f96635ac9ad&includeHolidays=true',
  statusCode: 200,
  duration: '68ms',
  contentLength: '30349',
  level: 'info',
  message: 'Response',
  timestamp: '2026-03-02 11:54:09'
}
{
  service: 'attendance-system',
  method: 'GET',
  url: '/api/attendance/summary?startDate=2026-02-01&endDate=2026-02-28&userId=69411c40ba2a6021f52cc281&includeHolidays=true',
  ip: '127.0.0.1',
  userAgent: 'Mozilla/5.0 (Windows NT 10.0; Win64; x64) AppleWebKit/537.36 (KHTML, like Gecko) Chrome/145.0.0.0 Safari/537.36 Edg/145.0.0.0',
  timestamp: '2026-03-02 11:54:14',
  level: 'info',
  message: 'Request'
}
{
  service: 'attendance-system',
  method: 'GET',
  url: '/summary?startDate=2026-02-01&endDate=2026-02-28&userId=69411c40ba2a6021f52cc281&includeHolidays=true',
  statusCode: 200,
  duration: '84ms',
  contentLength: '33702',
  level: 'info',
  message: 'Response',
  timestamp: '2026-03-02 11:54:14'
}
{
  service: 'attendance-system',
  method: 'GET',
  url: '/api/attendance/summary?startDate=2026-02-01&endDate=2026-02-28&userId=6941045980ae214ab2b6b606&includeHolidays=true',
  ip: '127.0.0.1',
  userAgent: 'Mozilla/5.0 (Windows NT 10.0; Win64; x64) AppleWebKit/537.36 (KHTML, like Gecko) Chrome/145.0.0.0 Safari/537.36 Edg/145.0.0.0',
  timestamp: '2026-03-02 11:54:17',
  level: 'info',
  message: 'Request'
}
{
  service: 'attendance-system',
  method: 'GET',
  url: '/summary?startDate=2026-02-01&endDate=2026-02-28&userId=6941045980ae214ab2b6b606&includeHolidays=true',
  statusCode: 200,
  duration: '132ms',
  contentLength: '30839',
  level: 'info',
  message: 'Response',
  timestamp: '2026-03-02 11:54:17'
}
{
  service: 'attendance-system',
  method: 'GET',
  url: '/api/attendance/summary?startDate=2026-02-01&endDate=2026-02-28&userId=699e8129eec803ff379c9ce8&includeHolidays=true',
  ip: '127.0.0.1',
  userAgent: 'Mozilla/5.0 (Windows NT 10.0; Win64; x64) AppleWebKit/537.36 (KHTML, like Gecko) Chrome/145.0.0.0 Safari/537.36 Edg/145.0.0.0',
  timestamp: '2026-03-02 11:54:28',
  level: 'info',
  message: 'Request'
}
{
  service: 'attendance-system',
  method: 'GET',
  url: '/summary?startDate=2026-02-01&endDate=2026-02-28&userId=699e8129eec803ff379c9ce8&includeHolidays=true',
  statusCode: 200,
  duration: '52ms',
  contentLength: '24010',
  level: 'info',
  message: 'Response',
  timestamp: '2026-03-02 11:54:28'
}
{
  service: 'attendance-system',
  method: 'GET',
  url: '/api/attendance/summary?startDate=2026-02-01&endDate=2026-02-28&userId=690b551dab52086e45b50d84&includeHolidays=true',
  ip: '127.0.0.1',
  userAgent: 'Mozilla/5.0 (Windows NT 10.0; Win64; x64) AppleWebKit/537.36 (KHTML, like Gecko) Chrome/145.0.0.0 Safari/537.36 Edg/145.0.0.0',
  timestamp: '2026-03-02 11:54:31',
  level: 'info',
  message: 'Request'
}
{
  service: 'attendance-system',
  method: 'GET',
  url: '/summary?startDate=2026-02-01&endDate=2026-02-28&userId=690b551dab52086e45b50d84&includeHolidays=true',
  statusCode: 200,
  duration: '70ms',
  contentLength: '29984',
  level: 'info',
  message: 'Response',
  timestamp: '2026-03-02 11:54:31'
}
{
  service: 'attendance-system',
  method: 'GET',
  url: '/api/attendance/summary?startDate=2026-02-01&endDate=2026-02-28&userId=687f797fcac0a473f5b46e07&includeHolidays=true',
  ip: '127.0.0.1',
  userAgent: 'Mozilla/5.0 (Windows NT 10.0; Win64; x64) AppleWebKit/537.36 (KHTML, like Gecko) Chrome/145.0.0.0 Safari/537.36 Edg/145.0.0.0',
  timestamp: '2026-03-02 11:54:50',
  level: 'info',
  message: 'Request'
}
{
  service: 'attendance-system',
  method: 'GET',
  url: '/summary?startDate=2026-02-01&endDate=2026-02-28&userId=687f797fcac0a473f5b46e07&includeHolidays=true',
  statusCode: 304,
  duration: '82ms',
  contentLength: 0,
  level: 'info',
  message: 'Response',
  timestamp: '2026-03-02 11:54:50'
}
{
  service: 'attendance-system',
  method: 'GET',
  url: '/api/attendance/summary?startDate=2026-02-01&endDate=2026-02-28&userId=689c3e0088765df0f95b5807&includeHolidays=true',
  ip: '127.0.0.1',
  userAgent: 'Mozilla/5.0 (Windows NT 10.0; Win64; x64) AppleWebKit/537.36 (KHTML, like Gecko) Chrome/145.0.0.0 Safari/537.36 Edg/145.0.0.0',
  timestamp: '2026-03-02 11:55:15',
  level: 'info',
  message: 'Request'
}
{
  service: 'attendance-system',
  method: 'GET',
  url: '/summary?startDate=2026-02-01&endDate=2026-02-28&userId=689c3e0088765df0f95b5807&includeHolidays=true',
  statusCode: 200,
  duration: '72ms',
  contentLength: '30114',
  level: 'info',
  message: 'Response',
  timestamp: '2026-03-02 11:55:15'
}
{
  service: 'attendance-system',
  method: 'GET',
  url: '/api/attendance/summary?startDate=2026-02-01&endDate=2026-02-28&userId=695b46534ac1620473c44c18&includeHolidays=true',
  ip: '127.0.0.1',
  userAgent: 'Mozilla/5.0 (Windows NT 10.0; Win64; x64) AppleWebKit/537.36 (KHTML, like Gecko) Chrome/145.0.0.0 Safari/537.36 Edg/145.0.0.0',
  timestamp: '2026-03-02 11:55:19',
  level: 'info',
  message: 'Request'
}
{
  service: 'attendance-system',
  method: 'GET',
  url: '/summary?startDate=2026-02-01&endDate=2026-02-28&userId=695b46534ac1620473c44c18&includeHolidays=true',
  statusCode: 200,
  duration: '73ms',
  contentLength: '29627',
  level: 'info',
  message: 'Response',
  timestamp: '2026-03-02 11:55:19'
}
{
  service: 'attendance-system',
  method: 'GET',
  url: '/api/attendance/summary?startDate=2026-02-01&endDate=2026-02-28&userId=696878fc2110792cfcbd78df&includeHolidays=true',
  ip: '127.0.0.1',
  userAgent: 'Mozilla/5.0 (Windows NT 10.0; Win64; x64) AppleWebKit/537.36 (KHTML, like Gecko) Chrome/145.0.0.0 Safari/537.36 Edg/145.0.0.0',
  timestamp: '2026-03-02 11:55:23',
  level: 'info',
  message: 'Request'
}
{
  service: 'attendance-system',
  method: 'GET',
  url: '/summary?startDate=2026-02-01&endDate=2026-02-28&userId=696878fc2110792cfcbd78df&includeHolidays=true',
  statusCode: 200,
  duration: '56ms',
  contentLength: '27006',
  level: 'info',
  message: 'Response',
  timestamp: '2026-03-02 11:55:23'
}
{
  service: 'attendance-system',
  method: 'GET',
  url: '/api/attendance/summary?startDate=2026-02-01&endDate=2026-02-28&userId=691af3d1469c22f64733dcf2&includeHolidays=true',
  ip: '127.0.0.1',
  userAgent: 'Mozilla/5.0 (Windows NT 10.0; Win64; x64) AppleWebKit/537.36 (KHTML, like Gecko) Chrome/145.0.0.0 Safari/537.36 Edg/145.0.0.0',
  timestamp: '2026-03-02 11:55:27',
  level: 'info',
  message: 'Request'
}
{
  service: 'attendance-system',
  method: 'GET',
  url: '/summary?startDate=2026-02-01&endDate=2026-02-28&userId=691af3d1469c22f64733dcf2&includeHolidays=true',
  statusCode: 200,
  duration: '92ms',
  contentLength: '31387',
  level: 'info',
  message: 'Response',
  timestamp: '2026-03-02 11:55:27'
}
{
  service: 'attendance-system',
  method: 'GET',
  url: '/api/attendance/summary?startDate=2026-02-01&endDate=2026-02-28&userId=691177e10f3bc7c194c6c990&includeHolidays=true',
  ip: '127.0.0.1',
  userAgent: 'Mozilla/5.0 (Windows NT 10.0; Win64; x64) AppleWebKit/537.36 (KHTML, like Gecko) Chrome/145.0.0.0 Safari/537.36 Edg/145.0.0.0',
  timestamp: '2026-03-02 11:55:29',
  level: 'info',
  message: 'Request'
}
{
  service: 'attendance-system',
  method: 'GET',
  url: '/summary?startDate=2026-02-01&endDate=2026-02-28&userId=691177e10f3bc7c194c6c990&includeHolidays=true',
  statusCode: 200,
  duration: '55ms',
  contentLength: '28074',
  level: 'info',
  message: 'Response',
  timestamp: '2026-03-02 11:55:29'
}
{
  service: 'attendance-system',
  method: 'GET',
  url: '/api/attendance/summary?startDate=2026-02-01&endDate=2026-02-28&userId=693d3a77da051f96635ac9dc&includeHolidays=true',
  ip: '127.0.0.1',
  userAgent: 'Mozilla/5.0 (Windows NT 10.0; Win64; x64) AppleWebKit/537.36 (KHTML, like Gecko) Chrome/145.0.0.0 Safari/537.36 Edg/145.0.0.0',
  timestamp: '2026-03-02 11:55:32',
  level: 'info',
  message: 'Request'
}
{
  service: 'attendance-system',
  method: 'GET',
  url: '/summary?startDate=2026-02-01&endDate=2026-02-28&userId=693d3a77da051f96635ac9dc&includeHolidays=true',
  statusCode: 200,
  duration: '75ms',
  contentLength: '31386',
  level: 'info',
  message: 'Response',
  timestamp: '2026-03-02 11:55:32'
}
{
  service: 'attendance-system',
  method: 'GET',
  url: '/api/admin/dashboard-summary?includePendingLeaves=true',
  ip: '127.0.0.1',
  userAgent: 'Mozilla/5.0 (Windows NT 10.0; Win64; x64) AppleWebKit/537.36 (KHTML, like Gecko) Chrome/145.0.0.0 Safari/537.36 Edg/145.0.0.0',
  timestamp: '2026-03-02 11:56:02',
  level: 'info',
  message: 'Request'
}
{
  service: 'attendance-system',
  method: 'GET',
  url: '/dashboard-summary?includePendingLeaves=true',
  statusCode: 304,
  duration: '223ms',
  contentLength: 0,
  level: 'info',
  message: 'Response',
  timestamp: '2026-03-02 11:56:03'
}
{
  service: 'attendance-system',
  method: 'GET',
  url: '/api/admin/dashboard-summary?includePendingLeaves=true',
  ip: '127.0.0.1',
  userAgent: 'Mozilla/5.0 (Windows NT 10.0; Win64; x64) AppleWebKit/537.36 (KHTML, like Gecko) Chrome/145.0.0.0 Safari/537.36 Edg/145.0.0.0',
  timestamp: '2026-03-02 11:56:03',
  level: 'info',
  message: 'Request'
}
{
  service: 'attendance-system',
  method: 'GET',
  url: '/dashboard-summary?includePendingLeaves=true',
  statusCode: 304,
  duration: '28ms',
  contentLength: 0,
  level: 'info',
  message: 'Response',
  timestamp: '2026-03-02 11:56:03'
}
{
  service: 'attendance-system',
  method: 'GET',
  url: '/api/admin/dashboard-summary?includePendingLeaves=true',
  ip: '127.0.0.1',
  userAgent: 'Mozilla/5.0 (Windows NT 10.0; Win64; x64) AppleWebKit/537.36 (KHTML, like Gecko) Chrome/145.0.0.0 Safari/537.36 Edg/145.0.0.0',
  timestamp: '2026-03-02 12:46:28',
  level: 'info',
  message: 'Request'
}
{
  service: 'attendance-system',
  method: 'GET',
  url: '/dashboard-summary?includePendingLeaves=true',
  statusCode: 200,
  duration: '230ms',
  contentLength: '24326',
  level: 'info',
  message: 'Response',
  timestamp: '2026-03-02 12:46:28'
}
{
  service: 'attendance-system',
  method: 'GET',
  url: '/api/admin/dashboard-summary?includePendingLeaves=true',
  ip: '127.0.0.1',
  userAgent: 'Mozilla/5.0 (Windows NT 10.0; Win64; x64) AppleWebKit/537.36 (KHTML, like Gecko) Chrome/145.0.0.0 Safari/537.36 Edg/145.0.0.0',
  timestamp: '2026-03-02 14:14:34',
  level: 'info',
  message: 'Request'
}
{
  service: 'attendance-system',
  method: 'GET',
  url: '/dashboard-summary?includePendingLeaves=true',
  statusCode: 200,
  duration: '206ms',
  contentLength: '24876',
  level: 'info',
  message: 'Response',
  timestamp: '2026-03-02 14:14:34'
}
{
  service: 'attendance-system',
  method: 'GET',
  url: '/api/analytics/attendance?startDate=2026-03-01&endDate=2026-03-02&page=1&limit=50',
  ip: '127.0.0.1',
  userAgent: 'Mozilla/5.0 (Windows NT 10.0; Win64; x64) AppleWebKit/537.36 (KHTML, like Gecko) Chrome/145.0.0.0 Safari/537.36 Edg/145.0.0.0',
  timestamp: '2026-03-02 14:14:36',
  level: 'info',
  message: 'Request'
}
{
  service: 'attendance-system',
  method: 'GET',
  url: '/attendance?startDate=2026-03-01&endDate=2026-03-02&page=1&limit=50',
  statusCode: 200,
  duration: '805ms',
  contentLength: '13358',
  level: 'info',
  message: 'Response',
  timestamp: '2026-03-02 14:14:37'
}
{
  service: 'attendance-system',
  method: 'GET',
  url: '/api/admin/leave-years/active',
  ip: '127.0.0.1',
  userAgent: 'Mozilla/5.0 (Windows NT 10.0; Win64; x64) AppleWebKit/537.36 (KHTML, like Gecko) Chrome/145.0.0.0 Safari/537.36 Edg/145.0.0.0',
  timestamp: '2026-03-02 14:14:53',
  level: 'info',
  message: 'Request'
}
{
  service: 'attendance-system',
  method: 'GET',
  url: '/api/auth/me',
  ip: '127.0.0.1',
  userAgent: 'Mozilla/5.0 (Windows NT 10.0; Win64; x64) AppleWebKit/537.36 (KHTML, like Gecko) Chrome/145.0.0.0 Safari/537.36 Edg/145.0.0.0',
  timestamp: '2026-03-02 14:14:53',
  level: 'info',
  message: 'Request'
}
{
  service: 'attendance-system',
  method: 'GET',
  url: '/active',
  statusCode: 304,
  duration: '23ms',
  contentLength: 0,
  level: 'info',
  message: 'Response',
  timestamp: '2026-03-02 14:14:53'
}
{
  service: 'attendance-system',
  method: 'GET',
  url: '/api/admin/leave-years/active',
  ip: '127.0.0.1',
  userAgent: 'Mozilla/5.0 (Windows NT 10.0; Win64; x64) AppleWebKit/537.36 (KHTML, like Gecko) Chrome/145.0.0.0 Safari/537.36 Edg/145.0.0.0',
  timestamp: '2026-03-02 14:14:53',
  level: 'info',
  message: 'Request'
}
{
  service: 'attendance-system',
  method: 'GET',
  url: '/active',
  statusCode: 304,
  duration: '15ms',
  contentLength: 0,
  level: 'info',
  message: 'Response',
  timestamp: '2026-03-02 14:14:53'
}
{
  service: 'attendance-system',
  method: 'GET',
  url: '/me',
  statusCode: 304,
  duration: '35ms',
  contentLength: 0,
  level: 'info',
  message: 'Response',
  timestamp: '2026-03-02 14:14:53'
}
{
  service: 'attendance-system',
  method: 'GET',
  url: '/api/announcements/last-read',
  ip: '127.0.0.1',
  userAgent: 'Mozilla/5.0 (Windows NT 10.0; Win64; x64) AppleWebKit/537.36 (KHTML, like Gecko) Chrome/145.0.0.0 Safari/537.36 Edg/145.0.0.0',
  timestamp: '2026-03-02 14:14:53',
  level: 'info',
  message: 'Request'
}
{
  service: 'attendance-system',
  method: 'GET',
  url: '/api/attendance/current-status?_t=1772441093749',
  ip: '127.0.0.1',
  userAgent: 'Mozilla/5.0 (Windows NT 10.0; Win64; x64) AppleWebKit/537.36 (KHTML, like Gecko) Chrome/145.0.0.0 Safari/537.36 Edg/145.0.0.0',
  timestamp: '2026-03-02 14:14:53',
  level: 'info',
  message: 'Request'
}
{
  service: 'attendance-system',
  method: 'GET',
  url: '/api/new-notifications',
  ip: '127.0.0.1',
  userAgent: 'Mozilla/5.0 (Windows NT 10.0; Win64; x64) AppleWebKit/537.36 (KHTML, like Gecko) Chrome/145.0.0.0 Safari/537.36 Edg/145.0.0.0',
  timestamp: '2026-03-02 14:14:53',
  level: 'info',
  message: 'Request'
}
{
  service: 'attendance-system',
  method: 'GET',
  url: '/last-read',
  statusCode: 304,
  duration: '32ms',
  contentLength: 0,
  level: 'info',
  message: 'Response',
  timestamp: '2026-03-02 14:14:53'
}
{
  service: 'attendance-system',
  method: 'GET',
  url: '/api/announcements/last-read',
  ip: '127.0.0.1',
  userAgent: 'Mozilla/5.0 (Windows NT 10.0; Win64; x64) AppleWebKit/537.36 (KHTML, like Gecko) Chrome/145.0.0.0 Safari/537.36 Edg/145.0.0.0',
  timestamp: '2026-03-02 14:14:53',
  level: 'info',
  message: 'Request'
}
{
  service: 'attendance-system',
  method: 'GET',
  url: '/current-status?_t=1772441093749',
  statusCode: 200,
  duration: '38ms',
  contentLength: '102',
  level: 'info',
  message: 'Response',
  timestamp: '2026-03-02 14:14:53'
}
{
  service: 'attendance-system',
  method: 'GET',
  url: '/last-read',
  statusCode: 304,
  duration: '23ms',
  contentLength: 0,
  level: 'info',
  message: 'Response',
  timestamp: '2026-03-02 14:14:53'
}
{
  service: 'attendance-system',
  method: 'GET',
  url: '/',
  statusCode: 200,
  duration: '45ms',
  contentLength: '26993',
  level: 'info',
  message: 'Response',
  timestamp: '2026-03-02 14:14:53'
}
{
  service: 'attendance-system',
  method: 'GET',
  url: '/api/announcements/last-read',
  ip: '127.0.0.1',
  userAgent: 'Mozilla/5.0 (Windows NT 10.0; Win64; x64) AppleWebKit/537.36 (KHTML, like Gecko) Chrome/145.0.0.0 Safari/537.36 Edg/145.0.0.0',
  timestamp: '2026-03-02 14:14:53',
  level: 'info',
  message: 'Request'
}
{
  service: 'attendance-system',
  method: 'GET',
  url: '/api/announcements',
  ip: '127.0.0.1',
  userAgent: 'Mozilla/5.0 (Windows NT 10.0; Win64; x64) AppleWebKit/537.36 (KHTML, like Gecko) Chrome/145.0.0.0 Safari/537.36 Edg/145.0.0.0',
  timestamp: '2026-03-02 14:14:53',
  level: 'info',
  message: 'Request'
}
{
  service: 'attendance-system',
  method: 'GET',
  url: '/last-read',
  statusCode: 304,
  duration: '19ms',
  contentLength: 0,
  level: 'info',
  message: 'Response',
  timestamp: '2026-03-02 14:14:53'
}
{
  service: 'attendance-system',
  method: 'GET',
  url: '/',
  statusCode: 304,
  duration: '16ms',
  contentLength: 0,
  level: 'info',
  message: 'Response',
  timestamp: '2026-03-02 14:14:53'
}
{
  service: 'attendance-system',
  method: 'GET',
  url: '/api/analytics/attendance?startDate=2026-03-01&endDate=2026-03-02&page=1&limit=50',
  ip: '127.0.0.1',
  userAgent: 'Mozilla/5.0 (Windows NT 10.0; Win64; x64) AppleWebKit/537.36 (KHTML, like Gecko) Chrome/145.0.0.0 Safari/537.36 Edg/145.0.0.0',
  timestamp: '2026-03-02 14:14:54',
  level: 'info',
  message: 'Request'
}
{
  service: 'attendance-system',
  method: 'GET',
  url: '/attendance?startDate=2026-03-01&endDate=2026-03-02&page=1&limit=50',
  statusCode: 304,
  duration: '1532ms',
  contentLength: 0,
  level: 'info',
  message: 'Response',
  timestamp: '2026-03-02 14:14:55'
}
{
  service: 'attendance-system',
  method: 'GET',
  url: '/api/admin/employees?all=true&slim=true&_t=1772441120095',
  ip: '127.0.0.1',
  userAgent: 'Mozilla/5.0 (Windows NT 10.0; Win64; x64) AppleWebKit/537.36 (KHTML, like Gecko) Chrome/145.0.0.0 Safari/537.36 Edg/145.0.0.0',
  timestamp: '2026-03-02 14:15:20',
  level: 'info',
  message: 'Request'
}
{
  service: 'attendance-system',
  method: 'GET',
  url: '/?all=true&slim=true&_t=1772441120095',
  statusCode: 200,
  duration: '37ms',
  contentLength: '12280',
  level: 'info',
  message: 'Response',
  timestamp: '2026-03-02 14:15:20'
}
{
  service: 'attendance-system',
  method: 'GET',
  url: '/api/admin/employees?all=true&slim=true&_t=1772441120095',
  ip: '127.0.0.1',
  userAgent: 'Mozilla/5.0 (Windows NT 10.0; Win64; x64) AppleWebKit/537.36 (KHTML, like Gecko) Chrome/145.0.0.0 Safari/537.36 Edg/145.0.0.0',
  timestamp: '2026-03-02 14:15:20',
  level: 'info',
  message: 'Request'
}
{
  service: 'attendance-system',
  method: 'GET',
  url: '/?all=true&slim=true&_t=1772441120095',
  statusCode: 304,
  duration: '28ms',
  contentLength: 0,
  level: 'info',
  message: 'Response',
  timestamp: '2026-03-02 14:15:20'
}
{
  service: 'attendance-system',
  method: 'GET',
  url: '/api/admin/dashboard-summary?includePendingLeaves=true',
  ip: '127.0.0.1',
  userAgent: 'Mozilla/5.0 (Windows NT 10.0; Win64; x64) AppleWebKit/537.36 (KHTML, like Gecko) Chrome/145.0.0.0 Safari/537.36 Edg/145.0.0.0',
  timestamp: '2026-03-02 14:15:20',
  level: 'info',
  message: 'Request'
}
{
  service: 'attendance-system',
  method: 'GET',
  url: '/dashboard-summary?includePendingLeaves=true',
  statusCode: 200,
  duration: '222ms',
  contentLength: '24876',
  level: 'info',
  message: 'Response',
  timestamp: '2026-03-02 14:15:20'
}
{
  service: 'attendance-system',
  method: 'GET',
  url: '/api/admin/dashboard-summary?includePendingLeaves=true',
  ip: '127.0.0.1',
  userAgent: 'Mozilla/5.0 (Windows NT 10.0; Win64; x64) AppleWebKit/537.36 (KHTML, like Gecko) Chrome/145.0.0.0 Safari/537.36 Edg/145.0.0.0',
  timestamp: '2026-03-02 14:15:20',
  level: 'info',
  message: 'Request'
}
{
  service: 'attendance-system',
  method: 'GET',
  url: '/dashboard-summary?includePendingLeaves=true',
  statusCode: 304,
  duration: '62ms',
  contentLength: 0,
  level: 'info',
  message: 'Response',
  timestamp: '2026-03-02 14:15:20'
}
{
  service: 'attendance-system',
  method: 'GET',
  url: '/api/admin/dashboard-employees/present?page=1&limit=50',
  ip: '127.0.0.1',
  userAgent: 'Mozilla/5.0 (Windows NT 10.0; Win64; x64) AppleWebKit/537.36 (KHTML, like Gecko) Chrome/145.0.0.0 Safari/537.36 Edg/145.0.0.0',
  timestamp: '2026-03-02 14:15:21',
  level: 'info',
  message: 'Request'
}
{
  service: 'attendance-system',
  method: 'GET',
  url: '/dashboard-employees/present?page=1&limit=50',
  statusCode: 200,
  duration: '35ms',
  contentLength: '7607',
  level: 'info',
  message: 'Response',
  timestamp: '2026-03-02 14:15:21'
}
{
  service: 'attendance-system',
  method: 'GET',
  url: '/api/admin/dashboard-employees/total?page=1&limit=50',
  ip: '127.0.0.1',
  userAgent: 'Mozilla/5.0 (Windows NT 10.0; Win64; x64) AppleWebKit/537.36 (KHTML, like Gecko) Chrome/145.0.0.0 Safari/537.36 Edg/145.0.0.0',
  timestamp: '2026-03-02 14:15:32',
  level: 'info',
  message: 'Request'
}
{
  service: 'attendance-system',
  method: 'GET',
  url: '/dashboard-employees/total?page=1&limit=50',
  statusCode: 200,
  duration: '33ms',
  contentLength: '9199',
  level: 'info',
  message: 'Response',
  timestamp: '2026-03-02 14:15:33'
}
{
  service: 'attendance-system',
  method: 'GET',
  url: '/api/admin/employees?all=true&slim=true&_t=1772441139567',
  ip: '127.0.0.1',
  userAgent: 'Mozilla/5.0 (Windows NT 10.0; Win64; x64) AppleWebKit/537.36 (KHTML, like Gecko) Chrome/145.0.0.0 Safari/537.36 Edg/145.0.0.0',
  timestamp: '2026-03-02 14:15:39',
  level: 'info',
  message: 'Request'
}
{
  service: 'attendance-system',
  method: 'GET',
  url: '/?all=true&slim=true&_t=1772441139567',
  statusCode: 200,
  duration: '37ms',
  contentLength: '12280',
  level: 'info',
  message: 'Response',
  timestamp: '2026-03-02 14:15:39'
}
{
  service: 'attendance-system',
  method: 'GET',
  url: '/api/admin/employees?all=true&slim=true&_t=1772441139567',
  ip: '127.0.0.1',
  userAgent: 'Mozilla/5.0 (Windows NT 10.0; Win64; x64) AppleWebKit/537.36 (KHTML, like Gecko) Chrome/145.0.0.0 Safari/537.36 Edg/145.0.0.0',
  timestamp: '2026-03-02 14:15:39',
  level: 'info',
  message: 'Request'
}
{
  service: 'attendance-system',
  method: 'GET',
  url: '/?all=true&slim=true&_t=1772441139567',
  statusCode: 304,
  duration: '23ms',
  contentLength: 0,
  level: 'info',
  message: 'Response',
  timestamp: '2026-03-02 14:15:39'
}
{
  service: 'attendance-system',
  method: 'GET',
  url: '/api/admin/employees?all=true&slim=true&_t=1772441150603',
  ip: '127.0.0.1',
  userAgent: 'Mozilla/5.0 (Windows NT 10.0; Win64; x64) AppleWebKit/537.36 (KHTML, like Gecko) Chrome/145.0.0.0 Safari/537.36 Edg/145.0.0.0',
  timestamp: '2026-03-02 14:15:50',
  level: 'info',
  message: 'Request'
}
{
  service: 'attendance-system',
  method: 'GET',
  url: '/?all=true&slim=true&_t=1772441150603',
  statusCode: 200,
  duration: '23ms',
  contentLength: '12280',
  level: 'info',
  message: 'Response',
  timestamp: '2026-03-02 14:15:50'
}
{
  service: 'attendance-system',
  method: 'GET',
  url: '/api/admin/employees?all=true&slim=true&_t=1772441150603',
  ip: '127.0.0.1',
  userAgent: 'Mozilla/5.0 (Windows NT 10.0; Win64; x64) AppleWebKit/537.36 (KHTML, like Gecko) Chrome/145.0.0.0 Safari/537.36 Edg/145.0.0.0',
  timestamp: '2026-03-02 14:15:50',
  level: 'info',
  message: 'Request'
}
{
  service: 'attendance-system',
  method: 'GET',
  url: '/?all=true&slim=true&_t=1772441150603',
  statusCode: 304,
  duration: '19ms',
  contentLength: 0,
  level: 'info',
  message: 'Response',
  timestamp: '2026-03-02 14:15:50'
}
{
  service: 'attendance-system',
  method: 'GET',
  url: '/api/admin/employees?page=1&limit=10&status=active&_t=1772441151578',
  ip: '127.0.0.1',
  userAgent: 'Mozilla/5.0 (Windows NT 10.0; Win64; x64) AppleWebKit/537.36 (KHTML, like Gecko) Chrome/145.0.0.0 Safari/537.36 Edg/145.0.0.0',
  timestamp: '2026-03-02 14:15:51',
  level: 'info',
  message: 'Request'
}
{
  service: 'attendance-system',
  method: 'GET',
  url: '/api/admin/shifts?_t=1772441151578',
  ip: '127.0.0.1',
  userAgent: 'Mozilla/5.0 (Windows NT 10.0; Win64; x64) AppleWebKit/537.36 (KHTML, like Gecko) Chrome/145.0.0.0 Safari/537.36 Edg/145.0.0.0',
  timestamp: '2026-03-02 14:15:51',
  level: 'info',
  message: 'Request'
}
{
  service: 'attendance-system',
  method: 'GET',
  url: '/?_t=1772441151578',
  statusCode: 200,
  duration: '28ms',
  contentLength: '802',
  level: 'info',
  message: 'Response',
  timestamp: '2026-03-02 14:15:51'
}
{
  service: 'attendance-system',
  method: 'GET',
  url: '/?page=1&limit=10&status=active&_t=1772441151578',
  statusCode: 200,
  duration: '36ms',
  contentLength: '8609',
  level: 'info',
  message: 'Response',
  timestamp: '2026-03-02 14:15:51'
}
{
  service: 'attendance-system',
  method: 'GET',
  url: '/api/admin/shifts?_t=1772441151578',
  ip: '127.0.0.1',
  userAgent: 'Mozilla/5.0 (Windows NT 10.0; Win64; x64) AppleWebKit/537.36 (KHTML, like Gecko) Chrome/145.0.0.0 Safari/537.36 Edg/145.0.0.0',
  timestamp: '2026-03-02 14:15:51',
  level: 'info',
  message: 'Request'
}
{
  service: 'attendance-system',
  method: 'GET',
  url: '/api/admin/employees?page=1&limit=10&status=active&_t=1772441151578',
  ip: '127.0.0.1',
  userAgent: 'Mozilla/5.0 (Windows NT 10.0; Win64; x64) AppleWebKit/537.36 (KHTML, like Gecko) Chrome/145.0.0.0 Safari/537.36 Edg/145.0.0.0',
  timestamp: '2026-03-02 14:15:51',
  level: 'info',
  message: 'Request'
}
{
  service: 'attendance-system',
  method: 'GET',
  url: '/?_t=1772441151578',
  statusCode: 304,
  duration: '21ms',
  contentLength: 0,
  level: 'info',
  message: 'Response',
  timestamp: '2026-03-02 14:15:51'
}
{
  service: 'attendance-system',
  method: 'GET',
  url: '/?page=1&limit=10&status=active&_t=1772441151578',
  statusCode: 304,
  duration: '23ms',
  contentLength: 0,
  level: 'info',
  message: 'Response',
  timestamp: '2026-03-02 14:15:51'
}
{
  service: 'attendance-system',
  method: 'GET',
  url: '/api/admin/employees?all=true&slim=true&_t=1772441152809',
  ip: '127.0.0.1',
  userAgent: 'Mozilla/5.0 (Windows NT 10.0; Win64; x64) AppleWebKit/537.36 (KHTML, like Gecko) Chrome/145.0.0.0 Safari/537.36 Edg/145.0.0.0',
  timestamp: '2026-03-02 14:15:52',
  level: 'info',
  message: 'Request'
}
{
  service: 'attendance-system',
  method: 'GET',
  url: '/?all=true&slim=true&_t=1772441152809',
  statusCode: 200,
  duration: '27ms',
  contentLength: '12280',
  level: 'info',
  message: 'Response',
  timestamp: '2026-03-02 14:15:52'
}
{
  service: 'attendance-system',
  method: 'GET',
  url: '/api/admin/employees?all=true&slim=true&_t=1772441152809',
  ip: '127.0.0.1',
  userAgent: 'Mozilla/5.0 (Windows NT 10.0; Win64; x64) AppleWebKit/537.36 (KHTML, like Gecko) Chrome/145.0.0.0 Safari/537.36 Edg/145.0.0.0',
  timestamp: '2026-03-02 14:15:52',
  level: 'info',
  message: 'Request'
}
{
  service: 'attendance-system',
  method: 'GET',
  url: '/?all=true&slim=true&_t=1772441152809',
  statusCode: 304,
  duration: '21ms',
  contentLength: 0,
  level: 'info',
  message: 'Response',
  timestamp: '2026-03-02 14:15:52'
}
{
  service: 'attendance-system',
  method: 'GET',
  url: '/api/attendance/summary?startDate=2026-03-01&endDate=2026-03-07&userId=69411e1cba2a6021f52cce7b&includeHolidays=true',
  ip: '127.0.0.1',
  userAgent: 'Mozilla/5.0 (Windows NT 10.0; Win64; x64) AppleWebKit/537.36 (KHTML, like Gecko) Chrome/145.0.0.0 Safari/537.36 Edg/145.0.0.0',
  timestamp: '2026-03-02 14:15:58',
  level: 'info',
  message: 'Request'
}
{
  service: 'attendance-system',
  method: 'GET',
  url: '/summary?startDate=2026-03-01&endDate=2026-03-07&userId=69411e1cba2a6021f52cce7b&includeHolidays=true',
  statusCode: 200,
  duration: '41ms',
  contentLength: '6181',
  level: 'info',
  message: 'Response',
  timestamp: '2026-03-02 14:15:59'
}
{
  service: 'attendance-system',
  method: 'GET',
  url: '/api/admin/dashboard-summary?includePendingLeaves=true',
  ip: '127.0.0.1',
  userAgent: 'Mozilla/5.0 (Windows NT 10.0; Win64; x64) AppleWebKit/537.36 (KHTML, like Gecko) Chrome/145.0.0.0 Safari/537.36 Edg/145.0.0.0',
  timestamp: '2026-03-02 14:16:55',
  level: 'info',
  message: 'Request'
}
{
  service: 'attendance-system',
  method: 'GET',
  url: '/dashboard-summary?includePendingLeaves=true',
  statusCode: 304,
  duration: '27ms',
  contentLength: 0,
  level: 'info',
  message: 'Response',
  timestamp: '2026-03-02 14:16:55'
}
{
  service: 'attendance-system',
  method: 'GET',
  url: '/api/admin/employees?all=true&slim=true&_t=1772441236443',
  ip: '127.0.0.1',
  userAgent: 'Mozilla/5.0 (Windows NT 10.0; Win64; x64) AppleWebKit/537.36 (KHTML, like Gecko) Chrome/145.0.0.0 Safari/537.36 Edg/145.0.0.0',
  timestamp: '2026-03-02 14:17:16',
  level: 'info',
  message: 'Request'
}
{
  service: 'attendance-system',
  method: 'GET',
  url: '/?all=true&slim=true&_t=1772441236443',
  statusCode: 200,
  duration: '23ms',
  contentLength: '12280',
  level: 'info',
  message: 'Response',
  timestamp: '2026-03-02 14:17:16'
}
{
  service: 'attendance-system',
  method: 'GET',
  url: '/api/admin/employees?all=true&slim=true&_t=1772441236443',
  ip: '127.0.0.1',
  userAgent: 'Mozilla/5.0 (Windows NT 10.0; Win64; x64) AppleWebKit/537.36 (KHTML, like Gecko) Chrome/145.0.0.0 Safari/537.36 Edg/145.0.0.0',
  timestamp: '2026-03-02 14:17:16',
  level: 'info',
  message: 'Request'
}
{
  service: 'attendance-system',
  method: 'GET',
  url: '/?all=true&slim=true&_t=1772441236443',
  statusCode: 304,
  duration: '26ms',
  contentLength: 0,
  level: 'info',
  message: 'Response',
  timestamp: '2026-03-02 14:17:16'
}
{
  service: 'attendance-system',
  method: 'GET',
  url: '/api/admin/shifts?_t=1772441237510',
  ip: '127.0.0.1',
  userAgent: 'Mozilla/5.0 (Windows NT 10.0; Win64; x64) AppleWebKit/537.36 (KHTML, like Gecko) Chrome/145.0.0.0 Safari/537.36 Edg/145.0.0.0',
  timestamp: '2026-03-02 14:17:17',
  level: 'info',
  message: 'Request'
}
{
  service: 'attendance-system',
  method: 'GET',
  url: '/api/admin/employees?page=1&limit=10&status=active&_t=1772441237510',
  ip: '127.0.0.1',
  userAgent: 'Mozilla/5.0 (Windows NT 10.0; Win64; x64) AppleWebKit/537.36 (KHTML, like Gecko) Chrome/145.0.0.0 Safari/537.36 Edg/145.0.0.0',
  timestamp: '2026-03-02 14:17:17',
  level: 'info',
  message: 'Request'
}
{
  service: 'attendance-system',
  method: 'GET',
  url: '/?_t=1772441237510',
  statusCode: 200,
  duration: '21ms',
  contentLength: '802',
  level: 'info',
  message: 'Response',
  timestamp: '2026-03-02 14:17:17'
}
{
  service: 'attendance-system',
  method: 'GET',
  url: '/api/admin/shifts?_t=1772441237510',
  ip: '127.0.0.1',
  userAgent: 'Mozilla/5.0 (Windows NT 10.0; Win64; x64) AppleWebKit/537.36 (KHTML, like Gecko) Chrome/145.0.0.0 Safari/537.36 Edg/145.0.0.0',
  timestamp: '2026-03-02 14:17:17',
  level: 'info',
  message: 'Request'
}
{
  service: 'attendance-system',
  method: 'GET',
  url: '/?page=1&limit=10&status=active&_t=1772441237510',
  statusCode: 200,
  duration: '28ms',
  contentLength: '8609',
  level: 'info',
  message: 'Response',
  timestamp: '2026-03-02 14:17:17'
}
{
  service: 'attendance-system',
  method: 'GET',
  url: '/api/admin/employees?page=1&limit=10&status=active&_t=1772441237510',
  ip: '127.0.0.1',
  userAgent: 'Mozilla/5.0 (Windows NT 10.0; Win64; x64) AppleWebKit/537.36 (KHTML, like Gecko) Chrome/145.0.0.0 Safari/537.36 Edg/145.0.0.0',
  timestamp: '2026-03-02 14:17:17',
  level: 'info',
  message: 'Request'
}
{
  service: 'attendance-system',
  method: 'GET',
  url: '/?_t=1772441237510',
  statusCode: 304,
  duration: '26ms',
  contentLength: 0,
  level: 'info',
  message: 'Response',
  timestamp: '2026-03-02 14:17:17'
}
{
  service: 'attendance-system',
  method: 'GET',
  url: '/?page=1&limit=10&status=active&_t=1772441237510',
  statusCode: 304,
  duration: '24ms',
  contentLength: 0,
  level: 'info',
  message: 'Response',
  timestamp: '2026-03-02 14:17:17'
}
{
  service: 'attendance-system',
  method: 'GET',
  url: '/api/admin/office-locations?_t=1772441239608',
  ip: '127.0.0.1',
  userAgent: 'Mozilla/5.0 (Windows NT 10.0; Win64; x64) AppleWebKit/537.36 (KHTML, like Gecko) Chrome/145.0.0.0 Safari/537.36 Edg/145.0.0.0',
  timestamp: '2026-03-02 14:17:19',
  level: 'info',
  message: 'Request'
}
{
  service: 'attendance-system',
  method: 'GET',
  url: '/api/admin/shifts?page=1&limit=10&_t=1772441239608',
  ip: '127.0.0.1',
  userAgent: 'Mozilla/5.0 (Windows NT 10.0; Win64; x64) AppleWebKit/537.36 (KHTML, like Gecko) Chrome/145.0.0.0 Safari/537.36 Edg/145.0.0.0',
  timestamp: '2026-03-02 14:17:19',
  level: 'info',
  message: 'Request'
}
{
  service: 'attendance-system',
  method: 'GET',
  url: '/?_t=1772441239608',
  statusCode: 200,
  duration: '13ms',
  contentLength: '323',
  level: 'info',
  message: 'Response',
  timestamp: '2026-03-02 14:17:19'
}
{
  service: 'attendance-system',
  method: 'GET',
  url: '/api/admin/office-locations?_t=1772441239608',
  ip: '127.0.0.1',
  userAgent: 'Mozilla/5.0 (Windows NT 10.0; Win64; x64) AppleWebKit/537.36 (KHTML, like Gecko) Chrome/145.0.0.0 Safari/537.36 Edg/145.0.0.0',
  timestamp: '2026-03-02 14:17:19',
  level: 'info',
  message: 'Request'
}
{
  service: 'attendance-system',
  method: 'GET',
  url: '/?page=1&limit=10&_t=1772441239608',
  statusCode: 200,
  duration: '20ms',
  contentLength: '802',
  level: 'info',
  message: 'Response',
  timestamp: '2026-03-02 14:17:19'
}
{
  service: 'attendance-system',
  method: 'GET',
  url: '/api/admin/shifts?page=1&limit=10&_t=1772441239608',
  ip: '127.0.0.1',
  userAgent: 'Mozilla/5.0 (Windows NT 10.0; Win64; x64) AppleWebKit/537.36 (KHTML, like Gecko) Chrome/145.0.0.0 Safari/537.36 Edg/145.0.0.0',
  timestamp: '2026-03-02 14:17:19',
  level: 'info',
  message: 'Request'
}
{
  service: 'attendance-system',
  method: 'GET',
  url: '/?_t=1772441239608',
  statusCode: 304,
  duration: '12ms',
  contentLength: 0,
  level: 'info',
  message: 'Response',
  timestamp: '2026-03-02 14:17:19'
}
{
  service: 'attendance-system',
  method: 'GET',
  url: '/?page=1&limit=10&_t=1772441239608',
  statusCode: 304,
  duration: '17ms',
  contentLength: 0,
  level: 'info',
  message: 'Response',
  timestamp: '2026-03-02 14:17:19'
}
{
  service: 'attendance-system',
  method: 'GET',
  url: '/api/policies-gridfs?_t=1772441243038',
  ip: '127.0.0.1',
  userAgent: 'Mozilla/5.0 (Windows NT 10.0; Win64; x64) AppleWebKit/537.36 (KHTML, like Gecko) Chrome/145.0.0.0 Safari/537.36 Edg/145.0.0.0',
  timestamp: '2026-03-02 14:17:23',
  level: 'info',
  message: 'Request'
}
{
  service: 'attendance-system',
  method: 'GET',
  url: '/api/policies/anonymous-feedback?_t=1772441243038',
  ip: '127.0.0.1',
  userAgent: 'Mozilla/5.0 (Windows NT 10.0; Win64; x64) AppleWebKit/537.36 (KHTML, like Gecko) Chrome/145.0.0.0 Safari/537.36 Edg/145.0.0.0',
  timestamp: '2026-03-02 14:17:23',
  level: 'info',
  message: 'Request'
}
{
  service: 'attendance-system',
  method: 'GET',
  url: '/?_t=1772441243038',
  statusCode: 200,
  duration: '17ms',
  contentLength: '401',
  level: 'info',
  message: 'Response',
  timestamp: '2026-03-02 14:17:23'
}
{
  service: 'attendance-system',
  method: 'GET',
  url: '/anonymous-feedback?_t=1772441243038',
  statusCode: 200,
  duration: '14ms',
  contentLength: '15',
  level: 'info',
  message: 'Response',
  timestamp: '2026-03-02 14:17:23'
}
{
  service: 'attendance-system',
  method: 'GET',
  url: '/api/policies-gridfs?_t=1772441243038',
  ip: '127.0.0.1',
  userAgent: 'Mozilla/5.0 (Windows NT 10.0; Win64; x64) AppleWebKit/537.36 (KHTML, like Gecko) Chrome/145.0.0.0 Safari/537.36 Edg/145.0.0.0',
  timestamp: '2026-03-02 14:17:23',
  level: 'info',
  message: 'Request'
}
{
  service: 'attendance-system',
  method: 'GET',
  url: '/api/policies/anonymous-feedback?_t=1772441243038',
  ip: '127.0.0.1',
  userAgent: 'Mozilla/5.0 (Windows NT 10.0; Win64; x64) AppleWebKit/537.36 (KHTML, like Gecko) Chrome/145.0.0.0 Safari/537.36 Edg/145.0.0.0',
  timestamp: '2026-03-02 14:17:23',
  level: 'info',
  message: 'Request'
}
{
  service: 'attendance-system',
  method: 'GET',
  url: '/?_t=1772441243038',
  statusCode: 304,
  duration: '12ms',
  contentLength: 0,
  level: 'info',
  message: 'Response',
  timestamp: '2026-03-02 14:17:23'
}
{
  service: 'attendance-system',
  method: 'GET',
  url: '/anonymous-feedback?_t=1772441243038',
  statusCode: 304,
  duration: '11ms',
  contentLength: 0,
  level: 'info',
  message: 'Response',
  timestamp: '2026-03-02 14:17:23'
}
{
  service: 'attendance-system',
  method: 'GET',
  url: '/api/admin/manage?_t=1772441245646',
  ip: '127.0.0.1',
  userAgent: 'Mozilla/5.0 (Windows NT 10.0; Win64; x64) AppleWebKit/537.36 (KHTML, like Gecko) Chrome/145.0.0.0 Safari/537.36 Edg/145.0.0.0',
  timestamp: '2026-03-02 14:17:25',
  level: 'info',
  message: 'Request'
}
{
  service: 'attendance-system',
  method: 'GET',
  url: '/api/analytics/late-grace-settings',
  ip: '127.0.0.1',
  userAgent: 'Mozilla/5.0 (Windows NT 10.0; Win64; x64) AppleWebKit/537.36 (KHTML, like Gecko) Chrome/145.0.0.0 Safari/537.36 Edg/145.0.0.0',
  timestamp: '2026-03-02 14:17:25',
  level: 'info',
  message: 'Request'
}
{
  service: 'attendance-system',
  method: 'GET',
  url: '/analytics/late-grace-settings',
  statusCode: 404,
  duration: '1ms',
  contentLength: '86',
  level: 'info',
  message: 'Response',
  timestamp: '2026-03-02 14:17:25'
}
{
  service: 'attendance-system',
  method: 'GET',
  url: '/api/analytics/late-grace-settings',
  ip: '127.0.0.1',
  userAgent: 'Mozilla/5.0 (Windows NT 10.0; Win64; x64) AppleWebKit/537.36 (KHTML, like Gecko) Chrome/145.0.0.0 Safari/537.36 Edg/145.0.0.0',
  timestamp: '2026-03-02 14:17:25',
  level: 'info',
  message: 'Request'
}
{
  service: 'attendance-system',
  method: 'GET',
  url: '/analytics/late-grace-settings',
  statusCode: 404,
  duration: '1ms',
  contentLength: '86',
  level: 'info',
  message: 'Response',
  timestamp: '2026-03-02 14:17:25'
}
{
  service: 'attendance-system',
  method: 'GET',
  url: '/?_t=1772441245646',
  statusCode: 200,
  duration: '26ms',
  contentLength: '31543',
  level: 'info',
  message: 'Response',
  timestamp: '2026-03-02 14:17:25'
}
{
  service: 'attendance-system',
  method: 'GET',
  url: '/api/admin/manage?_t=1772441245646',
  ip: '127.0.0.1',
  userAgent: 'Mozilla/5.0 (Windows NT 10.0; Win64; x64) AppleWebKit/537.36 (KHTML, like Gecko) Chrome/145.0.0.0 Safari/537.36 Edg/145.0.0.0',
  timestamp: '2026-03-02 14:17:25',
  level: 'info',
  message: 'Request'
}
{
  service: 'attendance-system',
  method: 'GET',
  url: '/?_t=1772441245646',
  statusCode: 304,
  duration: '25ms',
  contentLength: 0,
  level: 'info',
  message: 'Response',
  timestamp: '2026-03-02 14:17:25'
}
{
  service: 'attendance-system',
  method: 'GET',
  url: '/api/attendance/current-status?_t=1772448600961',
  ip: '127.0.0.1',
  userAgent: 'Mozilla/5.0 (Windows NT 10.0; Win64; x64) AppleWebKit/537.36 (KHTML, like Gecko) Chrome/145.0.0.0 Safari/537.36 Edg/145.0.0.0',
  timestamp: '2026-03-02 16:20:00',
  level: 'info',
  message: 'Request'
}
{
  service: 'attendance-system',
  method: 'GET',
  url: '/api/announcements',
  ip: '127.0.0.1',
  userAgent: 'Mozilla/5.0 (Windows NT 10.0; Win64; x64) AppleWebKit/537.36 (KHTML, like Gecko) Chrome/145.0.0.0 Safari/537.36 Edg/145.0.0.0',
  timestamp: '2026-03-02 16:20:01',
  level: 'info',
  message: 'Request'
}
{
  service: 'attendance-system',
  method: 'GET',
  url: '/api/admin/manage?_t=1772448601001',
  ip: '127.0.0.1',
  userAgent: 'Mozilla/5.0 (Windows NT 10.0; Win64; x64) AppleWebKit/537.36 (KHTML, like Gecko) Chrome/145.0.0.0 Safari/537.36 Edg/145.0.0.0',
  timestamp: '2026-03-02 16:20:01',
  level: 'info',
  message: 'Request'
}
{
  service: 'attendance-system',
  method: 'GET',
  url: '/api/analytics/late-grace-settings',
  ip: '127.0.0.1',
  userAgent: 'Mozilla/5.0 (Windows NT 10.0; Win64; x64) AppleWebKit/537.36 (KHTML, like Gecko) Chrome/145.0.0.0 Safari/537.36 Edg/145.0.0.0',
  timestamp: '2026-03-02 16:20:01',
  level: 'info',
  message: 'Request'
}
{
  service: 'attendance-system',
  method: 'GET',
  url: '/analytics/late-grace-settings',
  statusCode: 404,
  duration: '3ms',
  contentLength: '86',
  level: 'info',
  message: 'Response',
  timestamp: '2026-03-02 16:20:01'
}
{
  service: 'attendance-system',
  method: 'GET',
  url: '/',
  statusCode: 200,
  duration: '57ms',
  contentLength: '2',
  level: 'info',
  message: 'Response',
  timestamp: '2026-03-02 16:20:01'
}
{
  service: 'attendance-system',
  method: 'GET',
  url: '/current-status?_t=1772448600961',
  statusCode: 200,
  duration: '92ms',
  contentLength: '102',
  level: 'info',
  message: 'Response',
  timestamp: '2026-03-02 16:20:01'
}
{
  service: 'attendance-system',
  method: 'GET',
  url: '/?_t=1772448601001',
  statusCode: 200,
  duration: '46ms',
  contentLength: '31543',
  level: 'info',
  message: 'Response',
  timestamp: '2026-03-02 16:20:01'
}
{
  service: 'attendance-system',
  method: 'GET',
  url: '/api/analytics/late-grace-settings',
  ip: '127.0.0.1',
  userAgent: 'Mozilla/5.0 (Windows NT 10.0; Win64; x64) AppleWebKit/537.36 (KHTML, like Gecko) Chrome/145.0.0.0 Safari/537.36 Edg/145.0.0.0',
  timestamp: '2026-03-02 16:20:01',
  level: 'info',
  message: 'Request'
}
{
  service: 'attendance-system',
  method: 'GET',
  url: '/analytics/late-grace-settings',
  statusCode: 404,
  duration: '4ms',
  contentLength: '86',
  level: 'info',
  message: 'Response',
  timestamp: '2026-03-02 16:20:01'
}
{
  service: 'attendance-system',
  method: 'GET',
  url: '/api/admin/manage?_t=1772448601001',
  ip: '127.0.0.1',
  userAgent: 'Mozilla/5.0 (Windows NT 10.0; Win64; x64) AppleWebKit/537.36 (KHTML, like Gecko) Chrome/145.0.0.0 Safari/537.36 Edg/145.0.0.0',
  timestamp: '2026-03-02 16:20:01',
  level: 'info',
  message: 'Request'
}
{
  service: 'attendance-system',
  method: 'GET',
  url: '/?_t=1772448601001',
  statusCode: 304,
  duration: '17ms',
  contentLength: 0,
  level: 'info',
  message: 'Response',
  timestamp: '2026-03-02 16:20:01'
}
{
  service: 'attendance-system',
  method: 'GET',
  url: '/api/admin/leave-years/active',
  ip: '127.0.0.1',
  userAgent: 'Mozilla/5.0 (Windows NT 10.0; Win64; x64) AppleWebKit/537.36 (KHTML, like Gecko) Chrome/145.0.0.0 Safari/537.36 Edg/145.0.0.0',
  timestamp: '2026-03-02 16:20:03',
  level: 'info',
  message: 'Request'
}
{
  service: 'attendance-system',
  method: 'GET',
  url: '/api/auth/me',
  ip: '127.0.0.1',
  userAgent: 'Mozilla/5.0 (Windows NT 10.0; Win64; x64) AppleWebKit/537.36 (KHTML, like Gecko) Chrome/145.0.0.0 Safari/537.36 Edg/145.0.0.0',
  timestamp: '2026-03-02 16:20:03',
  level: 'info',
  message: 'Request'
}
{
  service: 'attendance-system',
  method: 'GET',
  url: '/api/admin/leave-years/active',
  ip: '127.0.0.1',
  userAgent: 'Mozilla/5.0 (Windows NT 10.0; Win64; x64) AppleWebKit/537.36 (KHTML, like Gecko) Chrome/145.0.0.0 Safari/537.36 Edg/145.0.0.0',
  timestamp: '2026-03-02 16:20:03',
  level: 'info',
  message: 'Request'
}
{
  service: 'attendance-system',
  method: 'GET',
  url: '/active',
  statusCode: 200,
  duration: '27ms',
  contentLength: '194',
  level: 'info',
  message: 'Response',
  timestamp: '2026-03-02 16:20:03'
}
{
  service: 'attendance-system',
  method: 'GET',
  url: '/active',
  statusCode: 200,
  duration: '12ms',
  contentLength: '194',
  level: 'info',
  message: 'Response',
  timestamp: '2026-03-02 16:20:03'
}
{
  service: 'attendance-system',
  method: 'GET',
  url: '/me',
  statusCode: 200,
  duration: '27ms',
  contentLength: '1282',
  level: 'info',
  message: 'Response',
  timestamp: '2026-03-02 16:20:03'
}
{
  service: 'attendance-system',
  method: 'GET',
  url: '/api/announcements/last-read',
  ip: '127.0.0.1',
  userAgent: 'Mozilla/5.0 (Windows NT 10.0; Win64; x64) AppleWebKit/537.36 (KHTML, like Gecko) Chrome/145.0.0.0 Safari/537.36 Edg/145.0.0.0',
  timestamp: '2026-03-02 16:20:04',
  level: 'info',
  message: 'Request'
}
{
  service: 'attendance-system',
  method: 'GET',
  url: '/api/attendance/current-status?_t=1772448604016',
  ip: '127.0.0.1',
  userAgent: 'Mozilla/5.0 (Windows NT 10.0; Win64; x64) AppleWebKit/537.36 (KHTML, like Gecko) Chrome/145.0.0.0 Safari/537.36 Edg/145.0.0.0',
  timestamp: '2026-03-02 16:20:04',
  level: 'info',
  message: 'Request'
}
{
  service: 'attendance-system',
  method: 'GET',
  url: '/api/new-notifications',
  ip: '127.0.0.1',
  userAgent: 'Mozilla/5.0 (Windows NT 10.0; Win64; x64) AppleWebKit/537.36 (KHTML, like Gecko) Chrome/145.0.0.0 Safari/537.36 Edg/145.0.0.0',
  timestamp: '2026-03-02 16:20:04',
  level: 'info',
  message: 'Request'
}
{
  service: 'attendance-system',
  method: 'GET',
  url: '/api/announcements/last-read',
  ip: '127.0.0.1',
  userAgent: 'Mozilla/5.0 (Windows NT 10.0; Win64; x64) AppleWebKit/537.36 (KHTML, like Gecko) Chrome/145.0.0.0 Safari/537.36 Edg/145.0.0.0',
  timestamp: '2026-03-02 16:20:04',
  level: 'info',
  message: 'Request'
}
{
  service: 'attendance-system',
  method: 'GET',
  url: '/api/announcements/last-read',
  ip: '127.0.0.1',
  userAgent: 'Mozilla/5.0 (Windows NT 10.0; Win64; x64) AppleWebKit/537.36 (KHTML, like Gecko) Chrome/145.0.0.0 Safari/537.36 Edg/145.0.0.0',
  timestamp: '2026-03-02 16:20:04',
  level: 'info',
  message: 'Request'
}
{
  service: 'attendance-system',
  method: 'GET',
  url: '/last-read',
  statusCode: 200,
  duration: '81ms',
  contentLength: '43',
  level: 'info',
  message: 'Response',
  timestamp: '2026-03-02 16:20:04'
}
{
  service: 'attendance-system',
  method: 'GET',
  url: '/last-read',
  statusCode: 200,
  duration: '30ms',
  contentLength: '43',
  level: 'info',
  message: 'Response',
  timestamp: '2026-03-02 16:20:04'
}
{
  service: 'attendance-system',
  method: 'GET',
  url: '/last-read',
  statusCode: 200,
  duration: '27ms',
  contentLength: '43',
  level: 'info',
  message: 'Response',
  timestamp: '2026-03-02 16:20:04'
}
{
  service: 'attendance-system',
  method: 'GET',
  url: '/current-status?_t=1772448604016',
  statusCode: 200,
  duration: '77ms',
  contentLength: '102',
  level: 'info',
  message: 'Response',
  timestamp: '2026-03-02 16:20:04'
}
{
  service: 'attendance-system',
  method: 'GET',
  url: '/',
  statusCode: 200,
  duration: '65ms',
  contentLength: '26967',
  level: 'info',
  message: 'Response',
  timestamp: '2026-03-02 16:20:04'
}
{
  service: 'attendance-system',
  method: 'GET',
  url: '/api/admin/manage?_t=1772448604199',
  ip: '127.0.0.1',
  userAgent: 'Mozilla/5.0 (Windows NT 10.0; Win64; x64) AppleWebKit/537.36 (KHTML, like Gecko) Chrome/145.0.0.0 Safari/537.36 Edg/145.0.0.0',
  timestamp: '2026-03-02 16:20:04',
  level: 'info',
  message: 'Request'
}
{
  service: 'attendance-system',
  method: 'GET',
  url: '/api/analytics/late-grace-settings',
  ip: '127.0.0.1',
  userAgent: 'Mozilla/5.0 (Windows NT 10.0; Win64; x64) AppleWebKit/537.36 (KHTML, like Gecko) Chrome/145.0.0.0 Safari/537.36 Edg/145.0.0.0',
  timestamp: '2026-03-02 16:20:04',
  level: 'info',
  message: 'Request'
}
{
  service: 'attendance-system',
  method: 'GET',
  url: '/analytics/late-grace-settings',
  statusCode: 404,
  duration: '2ms',
  contentLength: '86',
  level: 'info',
  message: 'Response',
  timestamp: '2026-03-02 16:20:04'
}
{
  service: 'attendance-system',
  method: 'GET',
  url: '/?_t=1772448604199',
  statusCode: 200,
  duration: '22ms',
  contentLength: '31543',
  level: 'info',
  message: 'Response',
  timestamp: '2026-03-02 16:20:04'
}
{
  service: 'attendance-system',
  method: 'GET',
  url: '/api/analytics/late-grace-settings',
  ip: '127.0.0.1',
  userAgent: 'Mozilla/5.0 (Windows NT 10.0; Win64; x64) AppleWebKit/537.36 (KHTML, like Gecko) Chrome/145.0.0.0 Safari/537.36 Edg/145.0.0.0',
  timestamp: '2026-03-02 16:20:04',
  level: 'info',
  message: 'Request'
}
{
  service: 'attendance-system',
  method: 'GET',
  url: '/analytics/late-grace-settings',
  statusCode: 404,
  duration: '2ms',
  contentLength: '86',
  level: 'info',
  message: 'Response',
  timestamp: '2026-03-02 16:20:04'
}
{
  service: 'attendance-system',
  method: 'GET',
  url: '/api/admin/manage?_t=1772448604199',
  ip: '127.0.0.1',
  userAgent: 'Mozilla/5.0 (Windows NT 10.0; Win64; x64) AppleWebKit/537.36 (KHTML, like Gecko) Chrome/145.0.0.0 Safari/537.36 Edg/145.0.0.0',
  timestamp: '2026-03-02 16:20:04',
  level: 'info',
  message: 'Request'
}
{
  service: 'attendance-system',
  method: 'GET',
  url: '/?_t=1772448604199',
  statusCode: 304,
  duration: '22ms',
  contentLength: 0,
  level: 'info',
  message: 'Response',
  timestamp: '2026-03-02 16:20:04'
}
{
  service: 'attendance-system',
  method: 'GET',
  url: '/api/analytics/attendance?startDate=2026-03-01&endDate=2026-03-02&page=1&limit=50',
  ip: '127.0.0.1',
  userAgent: 'Mozilla/5.0 (Windows NT 10.0; Win64; x64) AppleWebKit/537.36 (KHTML, like Gecko) Chrome/145.0.0.0 Safari/537.36 Edg/145.0.0.0',
  timestamp: '2026-03-02 16:20:07',
  level: 'info',
  message: 'Request'
}
{
  service: 'attendance-system',
  method: 'GET',
  url: '/attendance?startDate=2026-03-01&endDate=2026-03-02&page=1&limit=50',
  statusCode: 200,
  duration: '1149ms',
  contentLength: '13360',
  level: 'info',
  message: 'Response',
  timestamp: '2026-03-02 16:20:08'
}
{
  service: 'attendance-system',
  method: 'GET',
  url: '/api/admin/dashboard-summary?includePendingLeaves=true',
  ip: '127.0.0.1',
  userAgent: 'Mozilla/5.0 (Windows NT 10.0; Win64; x64) AppleWebKit/537.36 (KHTML, like Gecko) Chrome/145.0.0.0 Safari/537.36 Edg/145.0.0.0',
  timestamp: '2026-03-02 16:25:44',
  level: 'info',
  message: 'Request'
}
{
  service: 'attendance-system',
  method: 'GET',
  url: '/dashboard-summary?includePendingLeaves=true',
  statusCode: 200,
  duration: '159ms',
  contentLength: '25784',
  level: 'info',
  message: 'Response',
  timestamp: '2026-03-02 16:25:44'
}
{
  service: 'attendance-system',
  method: 'GET',
  url: '/api/admin/dashboard-summary?includePendingLeaves=true',
  ip: '127.0.0.1',
  userAgent: 'Mozilla/5.0 (Windows NT 10.0; Win64; x64) AppleWebKit/537.36 (KHTML, like Gecko) Chrome/145.0.0.0 Safari/537.36 Edg/145.0.0.0',
  timestamp: '2026-03-02 16:25:44',
  level: 'info',
  message: 'Request'
}
{
  service: 'attendance-system',
  method: 'GET',
  url: '/dashboard-summary?includePendingLeaves=true',
  statusCode: 304,
  duration: '22ms',
  contentLength: 0,
  level: 'info',
  message: 'Response',
  timestamp: '2026-03-02 16:25:44'
}
{
  service: 'attendance-system',
  method: 'GET',
  url: '/api/admin/employees?all=true&slim=true&_t=1772448944777',
  ip: '127.0.0.1',
  userAgent: 'Mozilla/5.0 (Windows NT 10.0; Win64; x64) AppleWebKit/537.36 (KHTML, like Gecko) Chrome/145.0.0.0 Safari/537.36 Edg/145.0.0.0',
  timestamp: '2026-03-02 16:25:44',
  level: 'info',
  message: 'Request'
}
{
  service: 'attendance-system',
  method: 'GET',
  url: '/?all=true&slim=true&_t=1772448944777',
  statusCode: 200,
  duration: '18ms',
  contentLength: '12280',
  level: 'info',
  message: 'Response',
  timestamp: '2026-03-02 16:25:44'
}
{
  service: 'attendance-system',
  method: 'GET',
  url: '/api/admin/employees?all=true&slim=true&_t=1772448944777',
  ip: '127.0.0.1',
  userAgent: 'Mozilla/5.0 (Windows NT 10.0; Win64; x64) AppleWebKit/537.36 (KHTML, like Gecko) Chrome/145.0.0.0 Safari/537.36 Edg/145.0.0.0',
  timestamp: '2026-03-02 16:25:44',
  level: 'info',
  message: 'Request'
}
{
  service: 'attendance-system',
  method: 'GET',
  url: '/?all=true&slim=true&_t=1772448944777',
  statusCode: 304,
  duration: '12ms',
  contentLength: 0,
  level: 'info',
  message: 'Response',
  timestamp: '2026-03-02 16:25:44'
}
{
  service: 'attendance-system',
  method: 'GET',
  url: '/api/admin/leave-years/active',
  ip: '127.0.0.1',
  userAgent: 'Mozilla/5.0 (Windows NT 10.0; Win64; x64) AppleWebKit/537.36 (KHTML, like Gecko) Chrome/145.0.0.0 Safari/537.36 Edg/145.0.0.0',
  timestamp: '2026-03-02 16:34:35',
  level: 'info',
  message: 'Request'
}
{
  service: 'attendance-system',
  method: 'GET',
  url: '/api/auth/me',
  ip: '127.0.0.1',
  userAgent: 'Mozilla/5.0 (Windows NT 10.0; Win64; x64) AppleWebKit/537.36 (KHTML, like Gecko) Chrome/145.0.0.0 Safari/537.36 Edg/145.0.0.0',
  timestamp: '2026-03-02 16:34:35',
  level: 'info',
  message: 'Request'
}
{
  service: 'attendance-system',
  method: 'GET',
  url: '/api/admin/leave-years/active',
  ip: '127.0.0.1',
  userAgent: 'Mozilla/5.0 (Windows NT 10.0; Win64; x64) AppleWebKit/537.36 (KHTML, like Gecko) Chrome/145.0.0.0 Safari/537.36 Edg/145.0.0.0',
  timestamp: '2026-03-02 16:34:35',
  level: 'info',
  message: 'Request'
}
{
  service: 'attendance-system',
  method: 'GET',
  url: '/active',
  statusCode: 200,
  duration: '40ms',
  contentLength: '194',
  level: 'info',
  message: 'Response',
  timestamp: '2026-03-02 16:34:35'
}
{
  service: 'attendance-system',
  method: 'GET',
  url: '/active',
  statusCode: 200,
  duration: '31ms',
  contentLength: '194',
  level: 'info',
  message: 'Response',
  timestamp: '2026-03-02 16:34:35'
}
{
  service: 'attendance-system',
  method: 'GET',
  url: '/me',
  statusCode: 200,
  duration: '53ms',
  contentLength: '1282',
  level: 'info',
  message: 'Response',
  timestamp: '2026-03-02 16:34:35'
}
{
  service: 'attendance-system',
  method: 'GET',
  url: '/api/announcements/last-read',
  ip: '127.0.0.1',
  userAgent: 'Mozilla/5.0 (Windows NT 10.0; Win64; x64) AppleWebKit/537.36 (KHTML, like Gecko) Chrome/145.0.0.0 Safari/537.36 Edg/145.0.0.0',
  timestamp: '2026-03-02 16:34:35',
  level: 'info',
  message: 'Request'
}
{
  service: 'attendance-system',
  method: 'GET',
  url: '/api/attendance/current-status?_t=1772449475936',
  ip: '127.0.0.1',
  userAgent: 'Mozilla/5.0 (Windows NT 10.0; Win64; x64) AppleWebKit/537.36 (KHTML, like Gecko) Chrome/145.0.0.0 Safari/537.36 Edg/145.0.0.0',
  timestamp: '2026-03-02 16:34:35',
  level: 'info',
  message: 'Request'
}
{
  service: 'attendance-system',
  method: 'GET',
  url: '/api/new-notifications',
  ip: '127.0.0.1',
  userAgent: 'Mozilla/5.0 (Windows NT 10.0; Win64; x64) AppleWebKit/537.36 (KHTML, like Gecko) Chrome/145.0.0.0 Safari/537.36 Edg/145.0.0.0',
  timestamp: '2026-03-02 16:34:35',
  level: 'info',
  message: 'Request'
}
{
  service: 'attendance-system',
  method: 'GET',
  url: '/last-read',
  statusCode: 304,
  duration: '31ms',
  contentLength: 0,
  level: 'info',
  message: 'Response',
  timestamp: '2026-03-02 16:34:35'
}
{
  service: 'attendance-system',
  method: 'GET',
  url: '/current-status?_t=1772449475936',
  statusCode: 200,
  duration: '35ms',
  contentLength: '102',
  level: 'info',
  message: 'Response',
  timestamp: '2026-03-02 16:34:35'
}
{
  service: 'attendance-system',
  method: 'GET',
  url: '/api/announcements/last-read',
  ip: '127.0.0.1',
  userAgent: 'Mozilla/5.0 (Windows NT 10.0; Win64; x64) AppleWebKit/537.36 (KHTML, like Gecko) Chrome/145.0.0.0 Safari/537.36 Edg/145.0.0.0',
  timestamp: '2026-03-02 16:34:35',
  level: 'info',
  message: 'Request'
}
{
  service: 'attendance-system',
  method: 'GET',
  url: '/api/admin/dashboard-summary?includePendingLeaves=true',
  ip: '127.0.0.1',
  userAgent: 'Mozilla/5.0 (Windows NT 10.0; Win64; x64) AppleWebKit/537.36 (KHTML, like Gecko) Chrome/145.0.0.0 Safari/537.36 Edg/145.0.0.0',
  timestamp: '2026-03-02 16:34:36',
  level: 'info',
  message: 'Request'
}
{
  service: 'attendance-system',
  method: 'GET',
  url: '/',
  statusCode: 304,
  duration: '58ms',
  contentLength: 0,
  level: 'info',
  message: 'Response',
  timestamp: '2026-03-02 16:34:36'
}
{
  service: 'attendance-system',
  method: 'GET',
  url: '/last-read',
  statusCode: 304,
  duration: '30ms',
  contentLength: 0,
  level: 'info',
  message: 'Response',
  timestamp: '2026-03-02 16:34:36'
}
{
  service: 'attendance-system',
  method: 'GET',
  url: '/api/announcements',
  ip: '127.0.0.1',
  userAgent: 'Mozilla/5.0 (Windows NT 10.0; Win64; x64) AppleWebKit/537.36 (KHTML, like Gecko) Chrome/145.0.0.0 Safari/537.36 Edg/145.0.0.0',
  timestamp: '2026-03-02 16:34:36',
  level: 'info',
  message: 'Request'
}
{
  service: 'attendance-system',
  method: 'GET',
  url: '/',
  statusCode: 304,
  duration: '35ms',
  contentLength: 0,
  level: 'info',
  message: 'Response',
  timestamp: '2026-03-02 16:34:36'
}
{
  service: 'attendance-system',
  method: 'GET',
  url: '/api/announcements/last-read',
  ip: '127.0.0.1',
  userAgent: 'Mozilla/5.0 (Windows NT 10.0; Win64; x64) AppleWebKit/537.36 (KHTML, like Gecko) Chrome/145.0.0.0 Safari/537.36 Edg/145.0.0.0',
  timestamp: '2026-03-02 16:34:36',
  level: 'info',
  message: 'Request'
}
{
  service: 'attendance-system',
  method: 'GET',
  url: '/last-read',
  statusCode: 304,
  duration: '18ms',
  contentLength: 0,
  level: 'info',
  message: 'Response',
  timestamp: '2026-03-02 16:34:36'
}
{
  service: 'attendance-system',
  method: 'GET',
  url: '/dashboard-summary?includePendingLeaves=true',
  statusCode: 200,
  duration: '374ms',
  contentLength: '25784',
  level: 'info',
  message: 'Response',
  timestamp: '2026-03-02 16:34:36'
}
{
  service: 'attendance-system',
  method: 'GET',
  url: '/api/admin/dashboard-summary?includePendingLeaves=true',
  ip: '127.0.0.1',
  userAgent: 'Mozilla/5.0 (Windows NT 10.0; Win64; x64) AppleWebKit/537.36 (KHTML, like Gecko) Chrome/145.0.0.0 Safari/537.36 Edg/145.0.0.0',
  timestamp: '2026-03-02 16:34:36',
  level: 'info',
  message: 'Request'
}
{
  service: 'attendance-system',
  method: 'GET',
  url: '/dashboard-summary?includePendingLeaves=true',
  statusCode: 304,
  duration: '71ms',
  contentLength: 0,
  level: 'info',
  message: 'Response',
  timestamp: '2026-03-02 16:34:36'
}
{
  service: 'attendance-system',
  method: 'GET',
  url: '/api/admin/dashboard-summary?includePendingLeaves=true',
  ip: '127.0.0.1',
  userAgent: 'Mozilla/5.0 (Windows NT 10.0; Win64; x64) AppleWebKit/537.36 (KHTML, like Gecko) Chrome/145.0.0.0 Safari/537.36 Edg/145.0.0.0',
  timestamp: '2026-03-02 16:37:26',
  level: 'info',
  message: 'Request'
}
{
  service: 'attendance-system',
  method: 'GET',
  url: '/dashboard-summary?includePendingLeaves=true',
  statusCode: 304,
  duration: '154ms',
  contentLength: 0,
  level: 'info',
  message: 'Response',
  timestamp: '2026-03-02 16:37:27'
}
{
  service: 'attendance-system',
  method: 'GET',
  url: '/api/admin/dashboard-summary?includePendingLeaves=true',
  ip: '127.0.0.1',
  userAgent: 'Mozilla/5.0 (Windows NT 10.0; Win64; x64) AppleWebKit/537.36 (KHTML, like Gecko) Chrome/145.0.0.0 Safari/537.36 Edg/145.0.0.0',
  timestamp: '2026-03-02 17:20:38',
  level: 'info',
  message: 'Request'
}
{
  service: 'attendance-system',
  method: 'GET',
  url: '/dashboard-summary?includePendingLeaves=true',
  statusCode: 200,
  duration: '324ms',
  contentLength: '25784',
  level: 'info',
  message: 'Response',
  timestamp: '2026-03-02 17:20:38'
}
{
  service: 'attendance-system',
  method: 'GET',
  url: '/api/admin/leave-years/active',
  ip: '127.0.0.1',
  userAgent: 'Mozilla/5.0 (Windows NT 10.0; Win64; x64) AppleWebKit/537.36 (KHTML, like Gecko) Chrome/145.0.0.0 Safari/537.36 Edg/145.0.0.0',
  timestamp: '2026-03-02 17:20:39',
  level: 'info',
  message: 'Request'
}
{
  service: 'attendance-system',
  method: 'GET',
  url: '/api/auth/me',
  ip: '127.0.0.1',
  userAgent: 'Mozilla/5.0 (Windows NT 10.0; Win64; x64) AppleWebKit/537.36 (KHTML, like Gecko) Chrome/145.0.0.0 Safari/537.36 Edg/145.0.0.0',
  timestamp: '2026-03-02 17:20:39',
  level: 'info',
  message: 'Request'
}
{
  service: 'attendance-system',
  method: 'GET',
  url: '/api/admin/leave-years/active',
  ip: '127.0.0.1',
  userAgent: 'Mozilla/5.0 (Windows NT 10.0; Win64; x64) AppleWebKit/537.36 (KHTML, like Gecko) Chrome/145.0.0.0 Safari/537.36 Edg/145.0.0.0',
  timestamp: '2026-03-02 17:20:39',
  level: 'info',
  message: 'Request'
}
{
  service: 'attendance-system',
  method: 'GET',
  url: '/active',
  statusCode: 200,
  duration: '39ms',
  contentLength: '194',
  level: 'info',
  message: 'Response',
  timestamp: '2026-03-02 17:20:39'
}
{
  service: 'attendance-system',
  method: 'GET',
  url: '/active',
  statusCode: 200,
  duration: '14ms',
  contentLength: '194',
  level: 'info',
  message: 'Response',
  timestamp: '2026-03-02 17:20:39'
}
{
  service: 'attendance-system',
  method: 'GET',
  url: '/me',
  statusCode: 200,
  duration: '37ms',
  contentLength: '1282',
  level: 'info',
  message: 'Response',
  timestamp: '2026-03-02 17:20:39'
}
{
  service: 'attendance-system',
  method: 'GET',
  url: '/api/announcements/last-read',
  ip: '127.0.0.1',
  userAgent: 'Mozilla/5.0 (Windows NT 10.0; Win64; x64) AppleWebKit/537.36 (KHTML, like Gecko) Chrome/145.0.0.0 Safari/537.36 Edg/145.0.0.0',
  timestamp: '2026-03-02 17:20:39',
  level: 'info',
  message: 'Request'
}
{
  service: 'attendance-system',
  method: 'GET',
  url: '/api/attendance/current-status?_t=1772452239986',
  ip: '127.0.0.1',
  userAgent: 'Mozilla/5.0 (Windows NT 10.0; Win64; x64) AppleWebKit/537.36 (KHTML, like Gecko) Chrome/145.0.0.0 Safari/537.36 Edg/145.0.0.0',
  timestamp: '2026-03-02 17:20:39',
  level: 'info',
  message: 'Request'
}
{
  service: 'attendance-system',
  method: 'GET',
  url: '/api/new-notifications',
  ip: '127.0.0.1',
  userAgent: 'Mozilla/5.0 (Windows NT 10.0; Win64; x64) AppleWebKit/537.36 (KHTML, like Gecko) Chrome/145.0.0.0 Safari/537.36 Edg/145.0.0.0',
  timestamp: '2026-03-02 17:20:40',
  level: 'info',
  message: 'Request'
}
{
  service: 'attendance-system',
  method: 'GET',
  url: '/last-read',
  statusCode: 304,
  duration: '28ms',
  contentLength: 0,
  level: 'info',
  message: 'Response',
  timestamp: '2026-03-02 17:20:40'
}
{
  service: 'attendance-system',
  method: 'GET',
  url: '/api/announcements/last-read',
  ip: '127.0.0.1',
  userAgent: 'Mozilla/5.0 (Windows NT 10.0; Win64; x64) AppleWebKit/537.36 (KHTML, like Gecko) Chrome/145.0.0.0 Safari/537.36 Edg/145.0.0.0',
  timestamp: '2026-03-02 17:20:40',
  level: 'info',
  message: 'Request'
}
{
  service: 'attendance-system',
  method: 'GET',
  url: '/current-status?_t=1772452239986',
  statusCode: 200,
  duration: '31ms',
  contentLength: '102',
  level: 'info',
  message: 'Response',
  timestamp: '2026-03-02 17:20:40'
}
{
  service: 'attendance-system',
  method: 'GET',
  url: '/last-read',
  statusCode: 304,
  duration: '27ms',
  contentLength: 0,
  level: 'info',
  message: 'Response',
  timestamp: '2026-03-02 17:20:40'
}
{
  service: 'attendance-system',
  method: 'GET',
  url: '/api/admin/dashboard-summary?includePendingLeaves=true',
  ip: '127.0.0.1',
  userAgent: 'Mozilla/5.0 (Windows NT 10.0; Win64; x64) AppleWebKit/537.36 (KHTML, like Gecko) Chrome/145.0.0.0 Safari/537.36 Edg/145.0.0.0',
  timestamp: '2026-03-02 17:20:40',
  level: 'info',
  message: 'Request'
}
{
  service: 'attendance-system',
  method: 'GET',
  url: '/api/announcements',
  ip: '127.0.0.1',
  userAgent: 'Mozilla/5.0 (Windows NT 10.0; Win64; x64) AppleWebKit/537.36 (KHTML, like Gecko) Chrome/145.0.0.0 Safari/537.36 Edg/145.0.0.0',
  timestamp: '2026-03-02 17:20:40',
  level: 'info',
  message: 'Request'
}
{
  service: 'attendance-system',
  method: 'GET',
  url: '/',
  statusCode: 304,
  duration: '58ms',
  contentLength: 0,
  level: 'info',
  message: 'Response',
  timestamp: '2026-03-02 17:20:40'
}
{
  service: 'attendance-system',
  method: 'GET',
  url: '/api/announcements/last-read',
  ip: '127.0.0.1',
  userAgent: 'Mozilla/5.0 (Windows NT 10.0; Win64; x64) AppleWebKit/537.36 (KHTML, like Gecko) Chrome/145.0.0.0 Safari/537.36 Edg/145.0.0.0',
  timestamp: '2026-03-02 17:20:40',
  level: 'info',
  message: 'Request'
}
{
  service: 'attendance-system',
  method: 'GET',
  url: '/',
  statusCode: 304,
  duration: '22ms',
  contentLength: 0,
  level: 'info',
  message: 'Response',
  timestamp: '2026-03-02 17:20:40'
}
{
  service: 'attendance-system',
  method: 'GET',
  url: '/dashboard-summary?includePendingLeaves=true',
  statusCode: 304,
  duration: '37ms',
  contentLength: 0,
  level: 'info',
  message: 'Response',
  timestamp: '2026-03-02 17:20:40'
}
{
  service: 'attendance-system',
  method: 'GET',
  url: '/last-read',
  statusCode: 304,
  duration: '18ms',
  contentLength: 0,
  level: 'info',
  message: 'Response',
  timestamp: '2026-03-02 17:20:40'
}
{
  service: 'attendance-system',
  method: 'GET',
  url: '/api/admin/dashboard-summary?includePendingLeaves=true',
  ip: '127.0.0.1',
  userAgent: 'Mozilla/5.0 (Windows NT 10.0; Win64; x64) AppleWebKit/537.36 (KHTML, like Gecko) Chrome/145.0.0.0 Safari/537.36 Edg/145.0.0.0',
  timestamp: '2026-03-02 17:20:40',
  level: 'info',
  message: 'Request'
}
{
  service: 'attendance-system',
  method: 'GET',
  url: '/dashboard-summary?includePendingLeaves=true',
  statusCode: 304,
  duration: '24ms',
  contentLength: 0,
  level: 'info',
  message: 'Response',
  timestamp: '2026-03-02 17:20:40'
}
{
  service: 'attendance-system',
  method: 'GET',
  url: '/api/analytics/attendance?startDate=2026-03-01&endDate=2026-03-02&page=1&limit=50',
  ip: '127.0.0.1',
  userAgent: 'Mozilla/5.0 (Windows NT 10.0; Win64; x64) AppleWebKit/537.36 (KHTML, like Gecko) Chrome/145.0.0.0 Safari/537.36 Edg/145.0.0.0',
  timestamp: '2026-03-02 17:20:42',
  level: 'info',
  message: 'Request'
}
{
  service: 'attendance-system',
  method: 'GET',
  url: '/attendance?startDate=2026-03-01&endDate=2026-03-02&page=1&limit=50',
  statusCode: 200,
  duration: '1122ms',
  contentLength: '13361',
  level: 'info',
  message: 'Response',
  timestamp: '2026-03-02 17:20:43'
}
{
  service: 'attendance-system',
  method: 'GET',
  url: '/api/analytics/attendance?startDate=2026-03-01&endDate=2026-03-02&search=RJ&page=1&limit=50',
  ip: '127.0.0.1',
  userAgent: 'Mozilla/5.0 (Windows NT 10.0; Win64; x64) AppleWebKit/537.36 (KHTML, like Gecko) Chrome/145.0.0.0 Safari/537.36 Edg/145.0.0.0',
  timestamp: '2026-03-02 17:20:45',
  level: 'info',
  message: 'Request'
}
{
  service: 'attendance-system',
  method: 'GET',
  url: '/attendance?startDate=2026-03-01&endDate=2026-03-02&search=RJ&page=1&limit=50',
  statusCode: 200,
  duration: '32ms',
  contentLength: '738',
  level: 'info',
  message: 'Response',
  timestamp: '2026-03-02 17:20:45'
}
{
  service: 'attendance-system',
  method: 'GET',
  url: '/api/analytics/attendance?startDate=2026-02-01&endDate=2026-02-28&page=1&limit=50',
  ip: '127.0.0.1',
  userAgent: 'Mozilla/5.0 (Windows NT 10.0; Win64; x64) AppleWebKit/537.36 (KHTML, like Gecko) Chrome/145.0.0.0 Safari/537.36 Edg/145.0.0.0',
  timestamp: '2026-03-02 17:20:54',
  level: 'info',
  message: 'Request'
}
{
  service: 'attendance-system',
  method: 'GET',
  url: '/attendance?startDate=2026-02-01&endDate=2026-02-28&page=1&limit=50',
  statusCode: 200,
  duration: '2029ms',
  contentLength: '13857',
  level: 'info',
  message: 'Response',
  timestamp: '2026-03-02 17:20:56'
}
{
  service: 'attendance-system',
  method: 'GET',
  url: '/api/analytics/attendance?startDate=2026-02-01&endDate=2026-02-28&search=RJ&page=1&limit=50',
  ip: '127.0.0.1',
  userAgent: 'Mozilla/5.0 (Windows NT 10.0; Win64; x64) AppleWebKit/537.36 (KHTML, like Gecko) Chrome/145.0.0.0 Safari/537.36 Edg/145.0.0.0',
  timestamp: '2026-03-02 17:20:59',
  level: 'info',
  message: 'Request'
}
{
  service: 'attendance-system',
  method: 'GET',
  url: '/attendance?startDate=2026-02-01&endDate=2026-02-28&search=RJ&page=1&limit=50',
  statusCode: 200,
  duration: '59ms',
  contentLength: '762',
  level: 'info',
  message: 'Response',
  timestamp: '2026-03-02 17:20:59'
}
{
  service: 'attendance-system',
  method: 'GET',
  url: '/api/analytics/employee/687f797fcac0a473f5b46e07?month=02&year=2026',
  ip: '127.0.0.1',
  userAgent: 'Mozilla/5.0 (Windows NT 10.0; Win64; x64) AppleWebKit/537.36 (KHTML, like Gecko) Chrome/145.0.0.0 Safari/537.36 Edg/145.0.0.0',
  timestamp: '2026-03-02 17:21:08',
  level: 'info',
  message: 'Request'
}
{
  service: 'attendance-system',
  method: 'GET',
  url: '/employee/687f797fcac0a473f5b46e07?month=02&year=2026',
  statusCode: 304,
  duration: '72ms',
  contentLength: 0,
  level: 'info',
  message: 'Response',
  timestamp: '2026-03-02 17:21:08'
}
{
  service: 'attendance-system',
  method: 'GET',
  url: '/api/analytics/attendance?startDate=2026-01-01&endDate=2026-01-31&page=1&limit=50',
  ip: '127.0.0.1',
  userAgent: 'Mozilla/5.0 (Windows NT 10.0; Win64; x64) AppleWebKit/537.36 (KHTML, like Gecko) Chrome/145.0.0.0 Safari/537.36 Edg/145.0.0.0',
  timestamp: '2026-03-02 17:23:18',
  level: 'info',
  message: 'Request'
}
{
  service: 'attendance-system',
  method: 'GET',
  url: '/attendance?startDate=2026-01-01&endDate=2026-01-31&page=1&limit=50',
  statusCode: 200,
  duration: '1590ms',
  contentLength: '13818',
  level: 'info',
  message: 'Response',
  timestamp: '2026-03-02 17:23:19'
}
{
  service: 'attendance-system',
  method: 'GET',
  url: '/api/analytics/attendance?startDate=2026-06-01&endDate=2026-06-30&page=1&limit=50',
  ip: '127.0.0.1',
  userAgent: 'Mozilla/5.0 (Windows NT 10.0; Win64; x64) AppleWebKit/537.36 (KHTML, like Gecko) Chrome/145.0.0.0 Safari/537.36 Edg/145.0.0.0',
  timestamp: '2026-03-02 17:23:25',
  level: 'info',
  message: 'Request'
}
{
  service: 'attendance-system',
  method: 'GET',
  url: '/attendance?startDate=2026-06-01&endDate=2026-06-30&page=1&limit=50',
  statusCode: 200,
  duration: '1730ms',
  contentLength: '13331',
  level: 'info',
  message: 'Response',
  timestamp: '2026-03-02 17:23:27'
}
{
  service: 'attendance-system',
  method: 'GET',
  url: '/api/analytics/attendance?startDate=2025-11-01&endDate=2025-11-30&page=1&limit=50',
  ip: '127.0.0.1',
  userAgent: 'Mozilla/5.0 (Windows NT 10.0; Win64; x64) AppleWebKit/537.36 (KHTML, like Gecko) Chrome/145.0.0.0 Safari/537.36 Edg/145.0.0.0',
  timestamp: '2026-03-02 17:23:39',
  level: 'info',
  message: 'Request'
}
{
  service: 'attendance-system',
  method: 'GET',
  url: '/attendance?startDate=2025-11-01&endDate=2025-11-30&page=1&limit=50',
  statusCode: 200,
  duration: '1690ms',
  contentLength: '13578',
  level: 'info',
  message: 'Response',
  timestamp: '2026-03-02 17:23:41'
}
{
  service: 'attendance-system',
  method: 'GET',
  url: '/api/analytics/attendance?startDate=2025-12-01&endDate=2025-12-31&page=1&limit=50',
  ip: '127.0.0.1',
  userAgent: 'Mozilla/5.0 (Windows NT 10.0; Win64; x64) AppleWebKit/537.36 (KHTML, like Gecko) Chrome/145.0.0.0 Safari/537.36 Edg/145.0.0.0',
  timestamp: '2026-03-02 17:24:11',
  level: 'info',
  message: 'Request'
}
{
  service: 'attendance-system',
  method: 'GET',
  url: '/attendance?startDate=2025-12-01&endDate=2025-12-31&page=1&limit=50',
  statusCode: 200,
  duration: '1386ms',
  contentLength: '13755',
  level: 'info',
  message: 'Response',
  timestamp: '2026-03-02 17:24:13'
}
{
  service: 'attendance-system',
  method: 'GET',
  url: '/api/admin/dashboard-summary?includePendingLeaves=true',
  ip: '127.0.0.1',
  userAgent: 'Mozilla/5.0 (Windows NT 10.0; Win64; x64) AppleWebKit/537.36 (KHTML, like Gecko) Chrome/145.0.0.0 Safari/537.36 Edg/145.0.0.0',
  timestamp: '2026-03-02 17:24:14',
  level: 'info',
  message: 'Request'
}
{
  service: 'attendance-system',
  method: 'GET',
  url: '/dashboard-summary?includePendingLeaves=true',
  statusCode: 304,
  duration: '168ms',
  contentLength: 0,
  level: 'info',
  message: 'Response',
  timestamp: '2026-03-02 17:24:14'
}
{
  service: 'attendance-system',
  method: 'GET',
  url: '/api/admin/dashboard-summary?includePendingLeaves=true',
  ip: '127.0.0.1',
  userAgent: 'Mozilla/5.0 (Windows NT 10.0; Win64; x64) AppleWebKit/537.36 (KHTML, like Gecko) Chrome/145.0.0.0 Safari/537.36 Edg/145.0.0.0',
  timestamp: '2026-03-02 17:24:14',
  level: 'info',
  message: 'Request'
}
{
  service: 'attendance-system',
  method: 'GET',
  url: '/dashboard-summary?includePendingLeaves=true',
  statusCode: 304,
  duration: '29ms',
  contentLength: 0,
  level: 'info',
  message: 'Response',
  timestamp: '2026-03-02 17:24:14'
}
{
  service: 'attendance-system',
  method: 'GET',
  url: '/api/analytics/attendance?startDate=2026-03-01&endDate=2026-03-02&page=1&limit=50',
  ip: '127.0.0.1',
  userAgent: 'Mozilla/5.0 (Windows NT 10.0; Win64; x64) AppleWebKit/537.36 (KHTML, like Gecko) Chrome/145.0.0.0 Safari/537.36 Edg/145.0.0.0',
  timestamp: '2026-03-02 17:24:19',
  level: 'info',
  message: 'Request'
}
{
  service: 'attendance-system',
  method: 'GET',
  url: '/attendance?startDate=2026-03-01&endDate=2026-03-02&page=1&limit=50',
  statusCode: 200,
  duration: '11ms',
  contentLength: '13360',
  level: 'info',
  message: 'Response',
  timestamp: '2026-03-02 17:24:19'
}
{
  service: 'attendance-system',
  method: 'GET',
  url: '/api/analytics/employee/687ddeb737735aa0fc5be0b7?month=03&year=2026',
  ip: '127.0.0.1',
  userAgent: 'Mozilla/5.0 (Windows NT 10.0; Win64; x64) AppleWebKit/537.36 (KHTML, like Gecko) Chrome/145.0.0.0 Safari/537.36 Edg/145.0.0.0',
  timestamp: '2026-03-02 17:24:24',
  level: 'info',
  message: 'Request'
}
{
  service: 'attendance-system',
  method: 'GET',
  url: '/employee/687ddeb737735aa0fc5be0b7?month=03&year=2026',
  statusCode: 200,
  duration: '77ms',
  contentLength: '7375',
  level: 'info',
  message: 'Response',
  timestamp: '2026-03-02 17:24:24'
}
{
  service: 'attendance-system',
  method: 'GET',
  url: '/api/admin/leave-years/active',
  ip: '127.0.0.1',
  userAgent: 'Mozilla/5.0 (Windows NT 10.0; Win64; x64) AppleWebKit/537.36 (KHTML, like Gecko) Chrome/145.0.0.0 Safari/537.36 Edg/145.0.0.0',
  timestamp: '2026-03-02 17:25:02',
  level: 'info',
  message: 'Request'
}
{
  service: 'attendance-system',
  method: 'GET',
  url: '/api/auth/me',
  ip: '127.0.0.1',
  userAgent: 'Mozilla/5.0 (Windows NT 10.0; Win64; x64) AppleWebKit/537.36 (KHTML, like Gecko) Chrome/145.0.0.0 Safari/537.36 Edg/145.0.0.0',
  timestamp: '2026-03-02 17:25:02',
  level: 'info',
  message: 'Request'
}
{
  service: 'attendance-system',
  method: 'GET',
  url: '/active',
  statusCode: 200,
  duration: '400ms',
  contentLength: '194',
  level: 'info',
  message: 'Response',
  timestamp: '2026-03-02 17:25:03'
}
{
  service: 'attendance-system',
  method: 'GET',
  url: '/me',
  statusCode: 200,
  duration: '394ms',
  contentLength: '1282',
  level: 'info',
  message: 'Response',
  timestamp: '2026-03-02 17:25:03'
}
{
  service: 'attendance-system',
  method: 'GET',
  url: '/api/admin/leave-years/active',
  ip: '127.0.0.1',
  userAgent: 'Mozilla/5.0 (Windows NT 10.0; Win64; x64) AppleWebKit/537.36 (KHTML, like Gecko) Chrome/145.0.0.0 Safari/537.36 Edg/145.0.0.0',
  timestamp: '2026-03-02 17:25:03',
  level: 'info',
  message: 'Request'
}
{
  service: 'attendance-system',
  method: 'GET',
  url: '/active',
  statusCode: 304,
  duration: '12ms',
  contentLength: 0,
  level: 'info',
  message: 'Response',
  timestamp: '2026-03-02 17:25:03'
}
{
  service: 'attendance-system',
  method: 'GET',
  url: '/api/attendance/current-status?_t=1772452503299',
  ip: '127.0.0.1',
  userAgent: 'Mozilla/5.0 (Windows NT 10.0; Win64; x64) AppleWebKit/537.36 (KHTML, like Gecko) Chrome/145.0.0.0 Safari/537.36 Edg/145.0.0.0',
  timestamp: '2026-03-02 17:25:03',
  level: 'info',
  message: 'Request'
}
{
  service: 'attendance-system',
  method: 'GET',
  url: '/api/announcements/last-read',
  ip: '127.0.0.1',
  userAgent: 'Mozilla/5.0 (Windows NT 10.0; Win64; x64) AppleWebKit/537.36 (KHTML, like Gecko) Chrome/145.0.0.0 Safari/537.36 Edg/145.0.0.0',
  timestamp: '2026-03-02 17:25:03',
  level: 'info',
  message: 'Request'
}
{
  service: 'attendance-system',
  method: 'GET',
  url: '/api/new-notifications',
  ip: '127.0.0.1',
  userAgent: 'Mozilla/5.0 (Windows NT 10.0; Win64; x64) AppleWebKit/537.36 (KHTML, like Gecko) Chrome/145.0.0.0 Safari/537.36 Edg/145.0.0.0',
  timestamp: '2026-03-02 17:25:03',
  level: 'info',
  message: 'Request'
}
{
  service: 'attendance-system',
  method: 'GET',
  url: '/last-read',
  statusCode: 304,
  duration: '18ms',
  contentLength: 0,
  level: 'info',
  message: 'Response',
  timestamp: '2026-03-02 17:25:03'
}
{
  service: 'attendance-system',
  method: 'GET',
  url: '/current-status?_t=1772452503299',
  statusCode: 200,
  duration: '38ms',
  contentLength: '102',
  level: 'info',
  message: 'Response',
  timestamp: '2026-03-02 17:25:03'
}
{
  service: 'attendance-system',
  method: 'GET',
  url: '/api/announcements/last-read',
  ip: '127.0.0.1',
  userAgent: 'Mozilla/5.0 (Windows NT 10.0; Win64; x64) AppleWebKit/537.36 (KHTML, like Gecko) Chrome/145.0.0.0 Safari/537.36 Edg/145.0.0.0',
  timestamp: '2026-03-02 17:25:03',
  level: 'info',
  message: 'Request'
}
{
  service: 'attendance-system',
  method: 'GET',
  url: '/',
  statusCode: 304,
  duration: '40ms',
  contentLength: 0,
  level: 'info',
  message: 'Response',
  timestamp: '2026-03-02 17:25:03'
}
{
  service: 'attendance-system',
  method: 'GET',
  url: '/last-read',
  statusCode: 304,
  duration: '21ms',
  contentLength: 0,
  level: 'info',
  message: 'Response',
  timestamp: '2026-03-02 17:25:03'
}
{
  service: 'attendance-system',
  method: 'GET',
  url: '/api/announcements',
  ip: '127.0.0.1',
  userAgent: 'Mozilla/5.0 (Windows NT 10.0; Win64; x64) AppleWebKit/537.36 (KHTML, like Gecko) Chrome/145.0.0.0 Safari/537.36 Edg/145.0.0.0',
  timestamp: '2026-03-02 17:25:03',
  level: 'info',
  message: 'Request'
}
{
  service: 'attendance-system',
  method: 'GET',
  url: '/api/announcements/last-read',
  ip: '127.0.0.1',
  userAgent: 'Mozilla/5.0 (Windows NT 10.0; Win64; x64) AppleWebKit/537.36 (KHTML, like Gecko) Chrome/145.0.0.0 Safari/537.36 Edg/145.0.0.0',
  timestamp: '2026-03-02 17:25:03',
  level: 'info',
  message: 'Request'
}
{
  service: 'attendance-system',
  method: 'GET',
  url: '/',
  statusCode: 304,
  duration: '14ms',
  contentLength: 0,
  level: 'info',
  message: 'Response',
  timestamp: '2026-03-02 17:25:03'
}
{
  service: 'attendance-system',
  method: 'GET',
  url: '/last-read',
  statusCode: 304,
  duration: '9ms',
  contentLength: 0,
  level: 'info',
  message: 'Response',
  timestamp: '2026-03-02 17:25:03'
}
{
  service: 'attendance-system',
  method: 'GET',
  url: '/api/analytics/employee/687ddeb737735aa0fc5be0b7?month=03&year=2026',
  ip: '127.0.0.1',
  userAgent: 'Mozilla/5.0 (Windows NT 10.0; Win64; x64) AppleWebKit/537.36 (KHTML, like Gecko) Chrome/145.0.0.0 Safari/537.36 Edg/145.0.0.0',
  timestamp: '2026-03-02 17:25:03',
  level: 'info',
  message: 'Request'
}
{
  service: 'attendance-system',
  method: 'GET',
  url: '/employee/687ddeb737735aa0fc5be0b7?month=03&year=2026',
  statusCode: 304,
  duration: '108ms',
  contentLength: 0,
  level: 'info',
  message: 'Response',
  timestamp: '2026-03-02 17:25:03'
}
{
  service: 'attendance-system',
  method: 'GET',
  url: '/api/analytics/attendance?startDate=2026-03-01&endDate=2026-03-02&page=1&limit=50',
  ip: '127.0.0.1',
  userAgent: 'Mozilla/5.0 (Windows NT 10.0; Win64; x64) AppleWebKit/537.36 (KHTML, like Gecko) Chrome/145.0.0.0 Safari/537.36 Edg/145.0.0.0',
  timestamp: '2026-03-02 17:25:10',
  level: 'info',
  message: 'Request'
}
{
  service: 'attendance-system',
  method: 'GET',
  url: '/attendance?startDate=2026-03-01&endDate=2026-03-02&page=1&limit=50',
  statusCode: 200,
  duration: '776ms',
  contentLength: '13360',
  level: 'info',
  message: 'Response',
  timestamp: '2026-03-02 17:25:11'
}
{
  service: 'attendance-system',
  method: 'GET',
  url: '/api/analytics/attendance?startDate=2026-02-01&endDate=2026-02-28&page=1&limit=50',
  ip: '127.0.0.1',
  userAgent: 'Mozilla/5.0 (Windows NT 10.0; Win64; x64) AppleWebKit/537.36 (KHTML, like Gecko) Chrome/145.0.0.0 Safari/537.36 Edg/145.0.0.0',
  timestamp: '2026-03-02 17:25:19',
  level: 'info',
  message: 'Request'
}
{
  service: 'attendance-system',
  method: 'GET',
  url: '/attendance?startDate=2026-02-01&endDate=2026-02-28&page=1&limit=50',
  statusCode: 200,
  duration: '1815ms',
  contentLength: '13862',
  level: 'info',
  message: 'Response',
  timestamp: '2026-03-02 17:25:21'
}
{
  service: 'attendance-system',
  method: 'GET',
  url: '/api/analytics/employee/691177970f3bc7c194c6c8bc?month=02&year=2026',
  ip: '127.0.0.1',
  userAgent: 'Mozilla/5.0 (Windows NT 10.0; Win64; x64) AppleWebKit/537.36 (KHTML, like Gecko) Chrome/145.0.0.0 Safari/537.36 Edg/145.0.0.0',
  timestamp: '2026-03-02 17:25:33',
  level: 'info',
  message: 'Request'
}
{
  service: 'attendance-system',
  method: 'GET',
  url: '/employee/691177970f3bc7c194c6c8bc?month=02&year=2026',
  statusCode: 304,
  duration: '61ms',
  contentLength: 0,
  level: 'info',
  message: 'Response',
  timestamp: '2026-03-02 17:25:33'
}
{
  service: 'attendance-system',
  method: 'GET',
  url: '/api/admin/dashboard-summary?includePendingLeaves=true',
  ip: '127.0.0.1',
  userAgent: 'Mozilla/5.0 (Windows NT 10.0; Win64; x64) AppleWebKit/537.36 (KHTML, like Gecko) Chrome/145.0.0.0 Safari/537.36 Edg/145.0.0.0',
  timestamp: '2026-03-02 17:26:46',
  level: 'info',
  message: 'Request'
}
{
  service: 'attendance-system',
  method: 'GET',
  url: '/dashboard-summary?includePendingLeaves=true',
  statusCode: 304,
  duration: '257ms',
  contentLength: 0,
  level: 'info',
  message: 'Response',
  timestamp: '2026-03-02 17:26:47'
}
{
  service: 'attendance-system',
  method: 'GET',
  url: '/api/admin/dashboard-summary?includePendingLeaves=true',
  ip: '127.0.0.1',
  userAgent: 'Mozilla/5.0 (Windows NT 10.0; Win64; x64) AppleWebKit/537.36 (KHTML, like Gecko) Chrome/145.0.0.0 Safari/537.36 Edg/145.0.0.0',
  timestamp: '2026-03-02 17:26:47',
  level: 'info',
  message: 'Request'
}
{
  service: 'attendance-system',
  method: 'GET',
  url: '/dashboard-summary?includePendingLeaves=true',
  statusCode: 304,
  duration: '21ms',
  contentLength: 0,
  level: 'info',
  message: 'Response',
  timestamp: '2026-03-02 17:26:47'
}
{
  service: 'attendance-system',
  method: 'GET',
  url: '/api/admin/dashboard-summary?includePendingLeaves=true',
  ip: '127.0.0.1',
  userAgent: 'Mozilla/5.0 (Windows NT 10.0; Win64; x64) AppleWebKit/537.36 (KHTML, like Gecko) Chrome/145.0.0.0 Safari/537.36 Edg/145.0.0.0',
  timestamp: '2026-03-02 17:28:43',
  level: 'info',
  message: 'Request'
}
{
  service: 'attendance-system',
  method: 'GET',
  url: '/dashboard-summary?includePendingLeaves=true',
  statusCode: 304,
  duration: '196ms',
  contentLength: 0,
  level: 'info',
  message: 'Response',
  timestamp: '2026-03-02 17:28:44'
}
{
  service: 'attendance-system',
  method: 'GET',
  url: '/api/admin/leave-years/active',
  ip: '127.0.0.1',
  userAgent: 'Mozilla/5.0 (Windows NT 10.0; Win64; x64) AppleWebKit/537.36 (KHTML, like Gecko) Chrome/145.0.0.0 Safari/537.36 Edg/145.0.0.0',
  timestamp: '2026-03-02 17:28:45',
  level: 'info',
  message: 'Request'
}
{
  service: 'attendance-system',
  method: 'GET',
  url: '/api/admin/leave-years/active',
  ip: '127.0.0.1',
  userAgent: 'Mozilla/5.0 (Windows NT 10.0; Win64; x64) AppleWebKit/537.36 (KHTML, like Gecko) Chrome/145.0.0.0 Safari/537.36 Edg/145.0.0.0',
  timestamp: '2026-03-02 17:28:45',
  level: 'info',
  message: 'Request'
}
{
  service: 'attendance-system',
  method: 'GET',
  url: '/api/auth/me',
  ip: '127.0.0.1',
  userAgent: 'Mozilla/5.0 (Windows NT 10.0; Win64; x64) AppleWebKit/537.36 (KHTML, like Gecko) Chrome/145.0.0.0 Safari/537.36 Edg/145.0.0.0',
  timestamp: '2026-03-02 17:28:45',
  level: 'info',
  message: 'Request'
}
{
  service: 'attendance-system',
  method: 'GET',
  url: '/active',
  statusCode: 200,
  duration: '30ms',
  contentLength: '194',
  level: 'info',
  message: 'Response',
  timestamp: '2026-03-02 17:28:45'
}
{
  service: 'attendance-system',
  method: 'GET',
  url: '/active',
  statusCode: 200,
  duration: '24ms',
  contentLength: '194',
  level: 'info',
  message: 'Response',
  timestamp: '2026-03-02 17:28:45'
}
{
  service: 'attendance-system',
  method: 'GET',
  url: '/me',
  statusCode: 200,
  duration: '22ms',
  contentLength: '1282',
  level: 'info',
  message: 'Response',
  timestamp: '2026-03-02 17:28:45'
}
{
  service: 'attendance-system',
  method: 'GET',
  url: '/api/announcements/last-read',
  ip: '127.0.0.1',
  userAgent: 'Mozilla/5.0 (Windows NT 10.0; Win64; x64) AppleWebKit/537.36 (KHTML, like Gecko) Chrome/145.0.0.0 Safari/537.36 Edg/145.0.0.0',
  timestamp: '2026-03-02 17:28:45',
  level: 'info',
  message: 'Request'
}
{
  service: 'attendance-system',
  method: 'GET',
  url: '/api/attendance/current-status?_t=1772452725265',
  ip: '127.0.0.1',
  userAgent: 'Mozilla/5.0 (Windows NT 10.0; Win64; x64) AppleWebKit/537.36 (KHTML, like Gecko) Chrome/145.0.0.0 Safari/537.36 Edg/145.0.0.0',
  timestamp: '2026-03-02 17:28:45',
  level: 'info',
  message: 'Request'
}
{
  service: 'attendance-system',
  method: 'GET',
  url: '/api/new-notifications',
  ip: '127.0.0.1',
  userAgent: 'Mozilla/5.0 (Windows NT 10.0; Win64; x64) AppleWebKit/537.36 (KHTML, like Gecko) Chrome/145.0.0.0 Safari/537.36 Edg/145.0.0.0',
  timestamp: '2026-03-02 17:28:45',
  level: 'info',
  message: 'Request'
}
{
  service: 'attendance-system',
  method: 'GET',
  url: '/last-read',
  statusCode: 304,
  duration: '22ms',
  contentLength: 0,
  level: 'info',
  message: 'Response',
  timestamp: '2026-03-02 17:28:45'
}
{
  service: 'attendance-system',
  method: 'GET',
  url: '/api/announcements/last-read',
  ip: '127.0.0.1',
  userAgent: 'Mozilla/5.0 (Windows NT 10.0; Win64; x64) AppleWebKit/537.36 (KHTML, like Gecko) Chrome/145.0.0.0 Safari/537.36 Edg/145.0.0.0',
  timestamp: '2026-03-02 17:28:45',
  level: 'info',
  message: 'Request'
}
{
  service: 'attendance-system',
  method: 'GET',
  url: '/current-status?_t=1772452725265',
  statusCode: 200,
  duration: '30ms',
  contentLength: '102',
  level: 'info',
  message: 'Response',
  timestamp: '2026-03-02 17:28:45'
}
{
  service: 'attendance-system',
  method: 'GET',
  url: '/last-read',
  statusCode: 304,
  duration: '23ms',
  contentLength: 0,
  level: 'info',
  message: 'Response',
  timestamp: '2026-03-02 17:28:45'
}
{
  service: 'attendance-system',
  method: 'GET',
  url: '/',
  statusCode: 304,
  duration: '44ms',
  contentLength: 0,
  level: 'info',
  message: 'Response',
  timestamp: '2026-03-02 17:28:45'
}
{
  service: 'attendance-system',
  method: 'GET',
  url: '/api/announcements',
  ip: '127.0.0.1',
  userAgent: 'Mozilla/5.0 (Windows NT 10.0; Win64; x64) AppleWebKit/537.36 (KHTML, like Gecko) Chrome/145.0.0.0 Safari/537.36 Edg/145.0.0.0',
  timestamp: '2026-03-02 17:28:45',
  level: 'info',
  message: 'Request'
}
{
  service: 'attendance-system',
  method: 'GET',
  url: '/api/admin/dashboard-summary?includePendingLeaves=true',
  ip: '127.0.0.1',
  userAgent: 'Mozilla/5.0 (Windows NT 10.0; Win64; x64) AppleWebKit/537.36 (KHTML, like Gecko) Chrome/145.0.0.0 Safari/537.36 Edg/145.0.0.0',
  timestamp: '2026-03-02 17:28:45',
  level: 'info',
  message: 'Request'
}
{
  service: 'attendance-system',
  method: 'GET',
  url: '/api/announcements/last-read',
  ip: '127.0.0.1',
  userAgent: 'Mozilla/5.0 (Windows NT 10.0; Win64; x64) AppleWebKit/537.36 (KHTML, like Gecko) Chrome/145.0.0.0 Safari/537.36 Edg/145.0.0.0',
  timestamp: '2026-03-02 17:28:45',
  level: 'info',
  message: 'Request'
}
{
  service: 'attendance-system',
  method: 'GET',
  url: '/',
  statusCode: 304,
  duration: '27ms',
  contentLength: 0,
  level: 'info',
  message: 'Response',
  timestamp: '2026-03-02 17:28:45'
}
{
  service: 'attendance-system',
  method: 'GET',
  url: '/last-read',
  statusCode: 304,
  duration: '11ms',
  contentLength: 0,
  level: 'info',
  message: 'Response',
  timestamp: '2026-03-02 17:28:45'
}
{
  service: 'attendance-system',
  method: 'GET',
  url: '/dashboard-summary?includePendingLeaves=true',
  statusCode: 304,
  duration: '26ms',
  contentLength: 0,
  level: 'info',
  message: 'Response',
  timestamp: '2026-03-02 17:28:45'
}
{
  service: 'attendance-system',
  method: 'GET',
  url: '/api/admin/dashboard-summary?includePendingLeaves=true',
  ip: '127.0.0.1',
  userAgent: 'Mozilla/5.0 (Windows NT 10.0; Win64; x64) AppleWebKit/537.36 (KHTML, like Gecko) Chrome/145.0.0.0 Safari/537.36 Edg/145.0.0.0',
  timestamp: '2026-03-02 17:28:45',
  level: 'info',
  message: 'Request'
}
{
  service: 'attendance-system',
  method: 'GET',
  url: '/dashboard-summary?includePendingLeaves=true',
  statusCode: 304,
  duration: '24ms',
  contentLength: 0,
  level: 'info',
  message: 'Response',
  timestamp: '2026-03-02 17:28:45'
}
{
  service: 'attendance-system',
  method: 'GET',
  url: '/api/admin/dashboard-employees/present?page=1&limit=50',
  ip: '127.0.0.1',
  userAgent: 'Mozilla/5.0 (Windows NT 10.0; Win64; x64) AppleWebKit/537.36 (KHTML, like Gecko) Chrome/145.0.0.0 Safari/537.36 Edg/145.0.0.0',
  timestamp: '2026-03-02 17:28:50',
  level: 'info',
  message: 'Request'
}
{
  service: 'attendance-system',
  method: 'GET',
  url: '/dashboard-employees/present?page=1&limit=50',
  statusCode: 200,
  duration: '30ms',
  contentLength: '7843',
  level: 'info',
  message: 'Response',
  timestamp: '2026-03-02 17:28:50'
}
{
  service: 'attendance-system',
  method: 'GET',
  url: '/api/admin/dashboard-employees/total?page=1&limit=50',
  ip: '127.0.0.1',
  userAgent: 'Mozilla/5.0 (Windows NT 10.0; Win64; x64) AppleWebKit/537.36 (KHTML, like Gecko) Chrome/145.0.0.0 Safari/537.36 Edg/145.0.0.0',
  timestamp: '2026-03-02 17:28:52',
  level: 'info',
  message: 'Request'
}
{
  service: 'attendance-system',
  method: 'GET',
  url: '/dashboard-employees/total?page=1&limit=50',
  statusCode: 304,
  duration: '17ms',
  contentLength: 0,
  level: 'info',
  message: 'Response',
  timestamp: '2026-03-02 17:28:52'
}
{
  service: 'attendance-system',
  method: 'GET',
  url: '/api/admin/dashboard-employees/late?page=1&limit=50',
  ip: '127.0.0.1',
  userAgent: 'Mozilla/5.0 (Windows NT 10.0; Win64; x64) AppleWebKit/537.36 (KHTML, like Gecko) Chrome/145.0.0.0 Safari/537.36 Edg/145.0.0.0',
  timestamp: '2026-03-02 17:29:18',
  level: 'info',
  message: 'Request'
}
{
  service: 'attendance-system',
  method: 'GET',
  url: '/dashboard-employees/late?page=1&limit=50',
  statusCode: 304,
  duration: '33ms',
  contentLength: 0,
  level: 'info',
  message: 'Response',
  timestamp: '2026-03-02 17:29:18'
}
{
  service: 'attendance-system',
  method: 'GET',
  url: '/api/admin/dashboard-employees/total?page=1&limit=50',
  ip: '127.0.0.1',
  userAgent: 'Mozilla/5.0 (Windows NT 10.0; Win64; x64) AppleWebKit/537.36 (KHTML, like Gecko) Chrome/145.0.0.0 Safari/537.36 Edg/145.0.0.0',
  timestamp: '2026-03-02 17:29:21',
  level: 'info',
  message: 'Request'
}
{
  service: 'attendance-system',
  method: 'GET',
  url: '/dashboard-employees/total?page=1&limit=50',
  statusCode: 304,
  duration: '17ms',
  contentLength: 0,
  level: 'info',
  message: 'Response',
  timestamp: '2026-03-02 17:29:21'
}
{
  service: 'attendance-system',
  method: 'GET',
  url: '/api/admin/employees?all=true&slim=true&_t=1772452787126',
  ip: '127.0.0.1',
  userAgent: 'Mozilla/5.0 (Windows NT 10.0; Win64; x64) AppleWebKit/537.36 (KHTML, like Gecko) Chrome/145.0.0.0 Safari/537.36 Edg/145.0.0.0',
  timestamp: '2026-03-02 17:29:47',
  level: 'info',
  message: 'Request'
}
{
  service: 'attendance-system',
  method: 'GET',
  url: '/?all=true&slim=true&_t=1772452787126',
  statusCode: 200,
  duration: '35ms',
  contentLength: '12280',
  level: 'info',
  message: 'Response',
  timestamp: '2026-03-02 17:29:47'
}
{
  service: 'attendance-system',
  method: 'GET',
  url: '/api/admin/employees?all=true&slim=true&_t=1772452787126',
  ip: '127.0.0.1',
  userAgent: 'Mozilla/5.0 (Windows NT 10.0; Win64; x64) AppleWebKit/537.36 (KHTML, like Gecko) Chrome/145.0.0.0 Safari/537.36 Edg/145.0.0.0',
  timestamp: '2026-03-02 17:29:47',
  level: 'info',
  message: 'Request'
}
{
  service: 'attendance-system',
  method: 'GET',
  url: '/?all=true&slim=true&_t=1772452787126',
  statusCode: 304,
  duration: '17ms',
  contentLength: 0,
  level: 'info',
  message: 'Response',
  timestamp: '2026-03-02 17:29:47'
}
{
  service: 'attendance-system',
  method: 'GET',
  url: '/api/admin/dashboard-summary?includePendingLeaves=true',
  ip: '127.0.0.1',
  userAgent: 'Mozilla/5.0 (Windows NT 10.0; Win64; x64) AppleWebKit/537.36 (KHTML, like Gecko) Chrome/145.0.0.0 Safari/537.36 Edg/145.0.0.0',
  timestamp: '2026-03-02 17:29:48',
  level: 'info',
  message: 'Request'
}
{
  service: 'attendance-system',
  method: 'GET',
  url: '/dashboard-summary?includePendingLeaves=true',
  statusCode: 304,
  duration: '28ms',
  contentLength: 0,
  level: 'info',
  message: 'Response',
  timestamp: '2026-03-02 17:29:48'
}
{
  service: 'attendance-system',
  method: 'GET',
  url: '/api/admin/dashboard-summary?includePendingLeaves=true',
  ip: '127.0.0.1',
  userAgent: 'Mozilla/5.0 (Windows NT 10.0; Win64; x64) AppleWebKit/537.36 (KHTML, like Gecko) Chrome/145.0.0.0 Safari/537.36 Edg/145.0.0.0',
  timestamp: '2026-03-02 17:29:48',
  level: 'info',
  message: 'Request'
}
{
  service: 'attendance-system',
  method: 'GET',
  url: '/dashboard-summary?includePendingLeaves=true',
  statusCode: 304,
  duration: '27ms',
  contentLength: 0,
  level: 'info',
  message: 'Response',
  timestamp: '2026-03-02 17:29:48'
}
{
  service: 'attendance-system',
  method: 'GET',
  url: '/api/admin/employees?all=true&slim=true&_t=1772452788920',
  ip: '127.0.0.1',
  userAgent: 'Mozilla/5.0 (Windows NT 10.0; Win64; x64) AppleWebKit/537.36 (KHTML, like Gecko) Chrome/145.0.0.0 Safari/537.36 Edg/145.0.0.0',
  timestamp: '2026-03-02 17:29:48',
  level: 'info',
  message: 'Request'
}
{
  service: 'attendance-system',
  method: 'GET',
  url: '/?all=true&slim=true&_t=1772452788920',
  statusCode: 200,
  duration: '18ms',
  contentLength: '12280',
  level: 'info',
  message: 'Response',
  timestamp: '2026-03-02 17:29:48'
}
{
  service: 'attendance-system',
  method: 'GET',
  url: '/api/admin/employees?all=true&slim=true&_t=1772452788920',
  ip: '127.0.0.1',
  userAgent: 'Mozilla/5.0 (Windows NT 10.0; Win64; x64) AppleWebKit/537.36 (KHTML, like Gecko) Chrome/145.0.0.0 Safari/537.36 Edg/145.0.0.0',
  timestamp: '2026-03-02 17:29:48',
  level: 'info',
  message: 'Request'
}
{
  service: 'attendance-system',
  method: 'GET',
  url: '/?all=true&slim=true&_t=1772452788920',
  statusCode: 304,
  duration: '15ms',
  contentLength: 0,
  level: 'info',
  message: 'Response',
  timestamp: '2026-03-02 17:29:48'
}
{
  service: 'attendance-system',
  method: 'GET',
  url: '/api/admin/shifts?_t=1772452789856',
  ip: '127.0.0.1',
  userAgent: 'Mozilla/5.0 (Windows NT 10.0; Win64; x64) AppleWebKit/537.36 (KHTML, like Gecko) Chrome/145.0.0.0 Safari/537.36 Edg/145.0.0.0',
  timestamp: '2026-03-02 17:29:49',
  level: 'info',
  message: 'Request'
}
{
  service: 'attendance-system',
  method: 'GET',
  url: '/api/admin/employees?page=1&limit=10&status=active&_t=1772452789856',
  ip: '127.0.0.1',
  userAgent: 'Mozilla/5.0 (Windows NT 10.0; Win64; x64) AppleWebKit/537.36 (KHTML, like Gecko) Chrome/145.0.0.0 Safari/537.36 Edg/145.0.0.0',
  timestamp: '2026-03-02 17:29:49',
  level: 'info',
  message: 'Request'
}
{
  service: 'attendance-system',
  method: 'GET',
  url: '/?_t=1772452789856',
  statusCode: 200,
  duration: '19ms',
  contentLength: '802',
  level: 'info',
  message: 'Response',
  timestamp: '2026-03-02 17:29:49'
}
{
  service: 'attendance-system',
  method: 'GET',
  url: '/?page=1&limit=10&status=active&_t=1772452789856',
  statusCode: 200,
  duration: '19ms',
  contentLength: '8609',
  level: 'info',
  message: 'Response',
  timestamp: '2026-03-02 17:29:49'
}
{
  service: 'attendance-system',
  method: 'GET',
  url: '/api/admin/shifts?_t=1772452789856',
  ip: '127.0.0.1',
  userAgent: 'Mozilla/5.0 (Windows NT 10.0; Win64; x64) AppleWebKit/537.36 (KHTML, like Gecko) Chrome/145.0.0.0 Safari/537.36 Edg/145.0.0.0',
  timestamp: '2026-03-02 17:29:49',
  level: 'info',
  message: 'Request'
}
{
  service: 'attendance-system',
  method: 'GET',
  url: '/api/admin/employees?page=1&limit=10&status=active&_t=1772452789856',
  ip: '127.0.0.1',
  userAgent: 'Mozilla/5.0 (Windows NT 10.0; Win64; x64) AppleWebKit/537.36 (KHTML, like Gecko) Chrome/145.0.0.0 Safari/537.36 Edg/145.0.0.0',
  timestamp: '2026-03-02 17:29:49',
  level: 'info',
  message: 'Request'
}
{
  service: 'attendance-system',
  method: 'GET',
  url: '/?_t=1772452789856',
  statusCode: 304,
  duration: '24ms',
  contentLength: 0,
  level: 'info',
  message: 'Response',
  timestamp: '2026-03-02 17:29:49'
}
{
  service: 'attendance-system',
  method: 'GET',
  url: '/?page=1&limit=10&status=active&_t=1772452789856',
  statusCode: 304,
  duration: '36ms',
  contentLength: 0,
  level: 'info',
  message: 'Response',
  timestamp: '2026-03-02 17:29:49'
}
{
  service: 'attendance-system',
  method: 'GET',
  url: '/api/admin/office-locations?_t=1772452792681',
  ip: '127.0.0.1',
  userAgent: 'Mozilla/5.0 (Windows NT 10.0; Win64; x64) AppleWebKit/537.36 (KHTML, like Gecko) Chrome/145.0.0.0 Safari/537.36 Edg/145.0.0.0',
  timestamp: '2026-03-02 17:29:52',
  level: 'info',
  message: 'Request'
}
{
  service: 'attendance-system',
  method: 'GET',
  url: '/api/admin/shifts?page=1&limit=10&_t=1772452792681',
  ip: '127.0.0.1',
  userAgent: 'Mozilla/5.0 (Windows NT 10.0; Win64; x64) AppleWebKit/537.36 (KHTML, like Gecko) Chrome/145.0.0.0 Safari/537.36 Edg/145.0.0.0',
  timestamp: '2026-03-02 17:29:52',
  level: 'info',
  message: 'Request'
}
{
  service: 'attendance-system',
  method: 'GET',
  url: '/?_t=1772452792681',
  statusCode: 200,
  duration: '11ms',
  contentLength: '323',
  level: 'info',
  message: 'Response',
  timestamp: '2026-03-02 17:29:52'
}
{
  service: 'attendance-system',
  method: 'GET',
  url: '/api/admin/office-locations?_t=1772452792681',
  ip: '127.0.0.1',
  userAgent: 'Mozilla/5.0 (Windows NT 10.0; Win64; x64) AppleWebKit/537.36 (KHTML, like Gecko) Chrome/145.0.0.0 Safari/537.36 Edg/145.0.0.0',
  timestamp: '2026-03-02 17:29:52',
  level: 'info',
  message: 'Request'
}
{
  service: 'attendance-system',
  method: 'GET',
  url: '/?page=1&limit=10&_t=1772452792681',
  statusCode: 200,
  duration: '18ms',
  contentLength: '802',
  level: 'info',
  message: 'Response',
  timestamp: '2026-03-02 17:29:52'
}
{
  service: 'attendance-system',
  method: 'GET',
  url: '/api/admin/shifts?page=1&limit=10&_t=1772452792681',
  ip: '127.0.0.1',
  userAgent: 'Mozilla/5.0 (Windows NT 10.0; Win64; x64) AppleWebKit/537.36 (KHTML, like Gecko) Chrome/145.0.0.0 Safari/537.36 Edg/145.0.0.0',
  timestamp: '2026-03-02 17:29:52',
  level: 'info',
  message: 'Request'
}
{
  service: 'attendance-system',
  method: 'GET',
  url: '/?_t=1772452792681',
  statusCode: 304,
  duration: '13ms',
  contentLength: 0,
  level: 'info',
  message: 'Response',
  timestamp: '2026-03-02 17:29:52'
}
{
  service: 'attendance-system',
  method: 'GET',
  url: '/?page=1&limit=10&_t=1772452792681',
  statusCode: 304,
  duration: '12ms',
  contentLength: 0,
  level: 'info',
  message: 'Response',
  timestamp: '2026-03-02 17:29:52'
}
{
  service: 'attendance-system',
  method: 'GET',
  url: '/api/policies-gridfs?_t=1772452793641',
  ip: '127.0.0.1',
  userAgent: 'Mozilla/5.0 (Windows NT 10.0; Win64; x64) AppleWebKit/537.36 (KHTML, like Gecko) Chrome/145.0.0.0 Safari/537.36 Edg/145.0.0.0',
  timestamp: '2026-03-02 17:29:53',
  level: 'info',
  message: 'Request'
}
{
  service: 'attendance-system',
  method: 'GET',
  url: '/api/policies/anonymous-feedback?_t=1772452793641',
  ip: '127.0.0.1',
  userAgent: 'Mozilla/5.0 (Windows NT 10.0; Win64; x64) AppleWebKit/537.36 (KHTML, like Gecko) Chrome/145.0.0.0 Safari/537.36 Edg/145.0.0.0',
  timestamp: '2026-03-02 17:29:53',
  level: 'info',
  message: 'Request'
}
{
  service: 'attendance-system',
  method: 'GET',
  url: '/?_t=1772452793641',
  statusCode: 200,
  duration: '15ms',
  contentLength: '401',
  level: 'info',
  message: 'Response',
  timestamp: '2026-03-02 17:29:53'
}
{
  service: 'attendance-system',
  method: 'GET',
  url: '/anonymous-feedback?_t=1772452793641',
  statusCode: 200,
  duration: '11ms',
  contentLength: '15',
  level: 'info',
  message: 'Response',
  timestamp: '2026-03-02 17:29:53'
}
{
  service: 'attendance-system',
  method: 'GET',
  url: '/api/policies-gridfs?_t=1772452793641',
  ip: '127.0.0.1',
  userAgent: 'Mozilla/5.0 (Windows NT 10.0; Win64; x64) AppleWebKit/537.36 (KHTML, like Gecko) Chrome/145.0.0.0 Safari/537.36 Edg/145.0.0.0',
  timestamp: '2026-03-02 17:29:53',
  level: 'info',
  message: 'Request'
}
{
  service: 'attendance-system',
  method: 'GET',
  url: '/api/policies/anonymous-feedback?_t=1772452793641',
  ip: '127.0.0.1',
  userAgent: 'Mozilla/5.0 (Windows NT 10.0; Win64; x64) AppleWebKit/537.36 (KHTML, like Gecko) Chrome/145.0.0.0 Safari/537.36 Edg/145.0.0.0',
  timestamp: '2026-03-02 17:29:53',
  level: 'info',
  message: 'Request'
}
{
  service: 'attendance-system',
  method: 'GET',
  url: '/?_t=1772452793641',
  statusCode: 304,
  duration: '11ms',
  contentLength: 0,
  level: 'info',
  message: 'Response',
  timestamp: '2026-03-02 17:29:53'
}
{
  service: 'attendance-system',
  method: 'GET',
  url: '/anonymous-feedback?_t=1772452793641',
  statusCode: 304,
  duration: '8ms',
  contentLength: 0,
  level: 'info',
  message: 'Response',
  timestamp: '2026-03-02 17:29:53'
}
{
  service: 'attendance-system',
  method: 'GET',
  url: '/api/admin/manage?_t=1772452794294',
  ip: '127.0.0.1',
  userAgent: 'Mozilla/5.0 (Windows NT 10.0; Win64; x64) AppleWebKit/537.36 (KHTML, like Gecko) Chrome/145.0.0.0 Safari/537.36 Edg/145.0.0.0',
  timestamp: '2026-03-02 17:29:54',
  level: 'info',
  message: 'Request'
}
{
  service: 'attendance-system',
  method: 'GET',
  url: '/api/analytics/late-grace-settings',
  ip: '127.0.0.1',
  userAgent: 'Mozilla/5.0 (Windows NT 10.0; Win64; x64) AppleWebKit/537.36 (KHTML, like Gecko) Chrome/145.0.0.0 Safari/537.36 Edg/145.0.0.0',
  timestamp: '2026-03-02 17:29:54',
  level: 'info',
  message: 'Request'
}
{
  service: 'attendance-system',
  method: 'GET',
  url: '/analytics/late-grace-settings',
  statusCode: 404,
  duration: '1ms',
  contentLength: '86',
  level: 'info',
  message: 'Response',
  timestamp: '2026-03-02 17:29:54'
}
{
  service: 'attendance-system',
  method: 'GET',
  url: '/api/analytics/late-grace-settings',
  ip: '127.0.0.1',
  userAgent: 'Mozilla/5.0 (Windows NT 10.0; Win64; x64) AppleWebKit/537.36 (KHTML, like Gecko) Chrome/145.0.0.0 Safari/537.36 Edg/145.0.0.0',
  timestamp: '2026-03-02 17:29:54',
  level: 'info',
  message: 'Request'
}
{
  service: 'attendance-system',
  method: 'GET',
  url: '/analytics/late-grace-settings',
  statusCode: 404,
  duration: '1ms',
  contentLength: '86',
  level: 'info',
  message: 'Response',
  timestamp: '2026-03-02 17:29:54'
}
{
  service: 'attendance-system',
  method: 'GET',
  url: '/?_t=1772452794294',
  statusCode: 200,
  duration: '21ms',
  contentLength: '31543',
  level: 'info',
  message: 'Response',
  timestamp: '2026-03-02 17:29:54'
}
{
  service: 'attendance-system',
  method: 'GET',
  url: '/api/admin/manage?_t=1772452794294',
  ip: '127.0.0.1',
  userAgent: 'Mozilla/5.0 (Windows NT 10.0; Win64; x64) AppleWebKit/537.36 (KHTML, like Gecko) Chrome/145.0.0.0 Safari/537.36 Edg/145.0.0.0',
  timestamp: '2026-03-02 17:29:54',
  level: 'info',
  message: 'Request'
}
{
  service: 'attendance-system',
  method: 'GET',
  url: '/?_t=1772452794294',
  statusCode: 304,
  duration: '13ms',
  contentLength: 0,
  level: 'info',
  message: 'Response',
  timestamp: '2026-03-02 17:29:54'
}
{
  service: 'attendance-system',
  method: 'GET',
  url: '/api/policies-gridfs?_t=1772452795101',
  ip: '127.0.0.1',
  userAgent: 'Mozilla/5.0 (Windows NT 10.0; Win64; x64) AppleWebKit/537.36 (KHTML, like Gecko) Chrome/145.0.0.0 Safari/537.36 Edg/145.0.0.0',
  timestamp: '2026-03-02 17:29:55',
  level: 'info',
  message: 'Request'
}
{
  service: 'attendance-system',
  method: 'GET',
  url: '/api/policies/anonymous-feedback?_t=1772452795101',
  ip: '127.0.0.1',
  userAgent: 'Mozilla/5.0 (Windows NT 10.0; Win64; x64) AppleWebKit/537.36 (KHTML, like Gecko) Chrome/145.0.0.0 Safari/537.36 Edg/145.0.0.0',
  timestamp: '2026-03-02 17:29:55',
  level: 'info',
  message: 'Request'
}
{
  service: 'attendance-system',
  method: 'GET',
  url: '/?_t=1772452795101',
  statusCode: 200,
  duration: '9ms',
  contentLength: '401',
  level: 'info',
  message: 'Response',
  timestamp: '2026-03-02 17:29:55'
}
{
  service: 'attendance-system',
  method: 'GET',
  url: '/anonymous-feedback?_t=1772452795101',
  statusCode: 200,
  duration: '8ms',
  contentLength: '15',
  level: 'info',
  message: 'Response',
  timestamp: '2026-03-02 17:29:55'
}
{
  service: 'attendance-system',
  method: 'GET',
  url: '/api/policies-gridfs?_t=1772452795101',
  ip: '127.0.0.1',
  userAgent: 'Mozilla/5.0 (Windows NT 10.0; Win64; x64) AppleWebKit/537.36 (KHTML, like Gecko) Chrome/145.0.0.0 Safari/537.36 Edg/145.0.0.0',
  timestamp: '2026-03-02 17:29:55',
  level: 'info',
  message: 'Request'
}
{
  service: 'attendance-system',
  method: 'GET',
  url: '/api/policies/anonymous-feedback?_t=1772452795101',
  ip: '127.0.0.1',
  userAgent: 'Mozilla/5.0 (Windows NT 10.0; Win64; x64) AppleWebKit/537.36 (KHTML, like Gecko) Chrome/145.0.0.0 Safari/537.36 Edg/145.0.0.0',
  timestamp: '2026-03-02 17:29:55',
  level: 'info',
  message: 'Request'
}
{
  service: 'attendance-system',
  method: 'GET',
  url: '/?_t=1772452795101',
  statusCode: 304,
  duration: '8ms',
  contentLength: 0,
  level: 'info',
  message: 'Response',
  timestamp: '2026-03-02 17:29:55'
}
{
  service: 'attendance-system',
  method: 'GET',
  url: '/anonymous-feedback?_t=1772452795101',
  statusCode: 304,
  duration: '8ms',
  contentLength: 0,
  level: 'info',
  message: 'Response',
  timestamp: '2026-03-02 17:29:55'
}
{
  service: 'attendance-system',
  method: 'GET',
  url: '/api/admin/office-locations?_t=1772452795539',
  ip: '127.0.0.1',
  userAgent: 'Mozilla/5.0 (Windows NT 10.0; Win64; x64) AppleWebKit/537.36 (KHTML, like Gecko) Chrome/145.0.0.0 Safari/537.36 Edg/145.0.0.0',
  timestamp: '2026-03-02 17:29:55',
  level: 'info',
  message: 'Request'
}
{
  service: 'attendance-system',
  method: 'GET',
  url: '/api/admin/shifts?page=1&limit=10&_t=1772452795539',
  ip: '127.0.0.1',
  userAgent: 'Mozilla/5.0 (Windows NT 10.0; Win64; x64) AppleWebKit/537.36 (KHTML, like Gecko) Chrome/145.0.0.0 Safari/537.36 Edg/145.0.0.0',
  timestamp: '2026-03-02 17:29:55',
  level: 'info',
  message: 'Request'
}
{
  service: 'attendance-system',
  method: 'GET',
  url: '/?_t=1772452795539',
  statusCode: 200,
  duration: '8ms',
  contentLength: '323',
  level: 'info',
  message: 'Response',
  timestamp: '2026-03-02 17:29:55'
}
{
  service: 'attendance-system',
  method: 'GET',
  url: '/api/admin/office-locations?_t=1772452795539',
  ip: '127.0.0.1',
  userAgent: 'Mozilla/5.0 (Windows NT 10.0; Win64; x64) AppleWebKit/537.36 (KHTML, like Gecko) Chrome/145.0.0.0 Safari/537.36 Edg/145.0.0.0',
  timestamp: '2026-03-02 17:29:55',
  level: 'info',
  message: 'Request'
}
{
  service: 'attendance-system',
  method: 'GET',
  url: '/?page=1&limit=10&_t=1772452795539',
  statusCode: 200,
  duration: '15ms',
  contentLength: '802',
  level: 'info',
  message: 'Response',
  timestamp: '2026-03-02 17:29:55'
}
{
  service: 'attendance-system',
  method: 'GET',
  url: '/?_t=1772452795539',
  statusCode: 304,
  duration: '10ms',
  contentLength: 0,
  level: 'info',
  message: 'Response',
  timestamp: '2026-03-02 17:29:55'
}
{
  service: 'attendance-system',
  method: 'GET',
  url: '/api/admin/shifts?page=1&limit=10&_t=1772452795539',
  ip: '127.0.0.1',
  userAgent: 'Mozilla/5.0 (Windows NT 10.0; Win64; x64) AppleWebKit/537.36 (KHTML, like Gecko) Chrome/145.0.0.0 Safari/537.36 Edg/145.0.0.0',
  timestamp: '2026-03-02 17:29:55',
  level: 'info',
  message: 'Request'
}
{
  service: 'attendance-system',
  method: 'GET',
  url: '/?page=1&limit=10&_t=1772452795539',
  statusCode: 304,
  duration: '12ms',
  contentLength: 0,
  level: 'info',
  message: 'Response',
  timestamp: '2026-03-02 17:29:55'
}
{
  service: 'attendance-system',
  method: 'GET',
  url: '/api/probation/tracker',
  ip: '127.0.0.1',
  userAgent: 'Mozilla/5.0 (Windows NT 10.0; Win64; x64) AppleWebKit/537.36 (KHTML, like Gecko) Chrome/145.0.0.0 Safari/537.36 Edg/145.0.0.0',
  timestamp: '2026-03-02 17:29:57',
  level: 'info',
  message: 'Request'
}
{
  service: 'attendance-system',
  method: 'GET',
  url: '/tracker',
  statusCode: 304,
  duration: '1988ms',
  contentLength: 0,
  level: 'info',
  message: 'Response',
  timestamp: '2026-03-02 17:29:59'
}
{
  service: 'attendance-system',
  method: 'GET',
  url: '/api/probation/tracker',
  ip: '127.0.0.1',
  userAgent: 'Mozilla/5.0 (Windows NT 10.0; Win64; x64) AppleWebKit/537.36 (KHTML, like Gecko) Chrome/145.0.0.0 Safari/537.36 Edg/145.0.0.0',
  timestamp: '2026-03-02 17:29:59',
  level: 'info',
  message: 'Request'
}
{
  service: 'attendance-system',
  method: 'GET',
  url: '/tracker',
  statusCode: 304,
  duration: '5ms',
  contentLength: 0,
  level: 'info',
  message: 'Response',
  timestamp: '2026-03-02 17:29:59'
}
{
  service: 'attendance-system',
  method: 'GET',
  url: '/api/admin/shifts?_t=1772452840765',
  ip: '127.0.0.1',
  userAgent: 'Mozilla/5.0 (Windows NT 10.0; Win64; x64) AppleWebKit/537.36 (KHTML, like Gecko) Chrome/145.0.0.0 Safari/537.36 Edg/145.0.0.0',
  timestamp: '2026-03-02 17:30:40',
  level: 'info',
  message: 'Request'
}
{
  service: 'attendance-system',
  method: 'GET',
  url: '/api/admin/employees?page=1&limit=10&status=active&_t=1772452840765',
  ip: '127.0.0.1',
  userAgent: 'Mozilla/5.0 (Windows NT 10.0; Win64; x64) AppleWebKit/537.36 (KHTML, like Gecko) Chrome/145.0.0.0 Safari/537.36 Edg/145.0.0.0',
  timestamp: '2026-03-02 17:30:40',
  level: 'info',
  message: 'Request'
}
{
  service: 'attendance-system',
  method: 'GET',
  url: '/?_t=1772452840765',
  statusCode: 200,
  duration: '15ms',
  contentLength: '802',
  level: 'info',
  message: 'Response',
  timestamp: '2026-03-02 17:30:40'
}
{
  service: 'attendance-system',
  method: 'GET',
  url: '/api/admin/shifts?_t=1772452840765',
  ip: '127.0.0.1',
  userAgent: 'Mozilla/5.0 (Windows NT 10.0; Win64; x64) AppleWebKit/537.36 (KHTML, like Gecko) Chrome/145.0.0.0 Safari/537.36 Edg/145.0.0.0',
  timestamp: '2026-03-02 17:30:40',
  level: 'info',
  message: 'Request'
}
{
  service: 'attendance-system',
  method: 'GET',
  url: '/?page=1&limit=10&status=active&_t=1772452840765',
  statusCode: 200,
  duration: '19ms',
  contentLength: '8609',
  level: 'info',
  message: 'Response',
  timestamp: '2026-03-02 17:30:40'
}
{
  service: 'attendance-system',
  method: 'GET',
  url: '/api/admin/employees?page=1&limit=10&status=active&_t=1772452840765',
  ip: '127.0.0.1',
  userAgent: 'Mozilla/5.0 (Windows NT 10.0; Win64; x64) AppleWebKit/537.36 (KHTML, like Gecko) Chrome/145.0.0.0 Safari/537.36 Edg/145.0.0.0',
  timestamp: '2026-03-02 17:30:40',
  level: 'info',
  message: 'Request'
}
{
  service: 'attendance-system',
  method: 'GET',
  url: '/?_t=1772452840765',
  statusCode: 304,
  duration: '41ms',
  contentLength: 0,
  level: 'info',
  message: 'Response',
  timestamp: '2026-03-02 17:30:40'
}
{
  service: 'attendance-system',
  method: 'GET',
  url: '/?page=1&limit=10&status=active&_t=1772452840765',
  statusCode: 304,
  duration: '35ms',
  contentLength: 0,
  level: 'info',
  message: 'Response',
  timestamp: '2026-03-02 17:30:40'
}
{
  service: 'attendance-system',
  method: 'GET',
  url: '/api/admin/employees?all=true&slim=true&_t=1772452841827',
  ip: '127.0.0.1',
  userAgent: 'Mozilla/5.0 (Windows NT 10.0; Win64; x64) AppleWebKit/537.36 (KHTML, like Gecko) Chrome/145.0.0.0 Safari/537.36 Edg/145.0.0.0',
  timestamp: '2026-03-02 17:30:41',
  level: 'info',
  message: 'Request'
}
{
  service: 'attendance-system',
  method: 'GET',
  url: '/?all=true&slim=true&_t=1772452841827',
  statusCode: 200,
  duration: '15ms',
  contentLength: '12280',
  level: 'info',
  message: 'Response',
  timestamp: '2026-03-02 17:30:41'
}
{
  service: 'attendance-system',
  method: 'GET',
  url: '/api/admin/employees?all=true&slim=true&_t=1772452841827',
  ip: '127.0.0.1',
  userAgent: 'Mozilla/5.0 (Windows NT 10.0; Win64; x64) AppleWebKit/537.36 (KHTML, like Gecko) Chrome/145.0.0.0 Safari/537.36 Edg/145.0.0.0',
  timestamp: '2026-03-02 17:30:41',
  level: 'info',
  message: 'Request'
}
{
  service: 'attendance-system',
  method: 'GET',
  url: '/?all=true&slim=true&_t=1772452841827',
  statusCode: 304,
  duration: '13ms',
  contentLength: 0,
  level: 'info',
  message: 'Response',
  timestamp: '2026-03-02 17:30:41'
}
{
  service: 'attendance-system',
  method: 'GET',
  url: '/api/admin/office-locations?_t=1772452843006',
  ip: '127.0.0.1',
  userAgent: 'Mozilla/5.0 (Windows NT 10.0; Win64; x64) AppleWebKit/537.36 (KHTML, like Gecko) Chrome/145.0.0.0 Safari/537.36 Edg/145.0.0.0',
  timestamp: '2026-03-02 17:30:43',
  level: 'info',
  message: 'Request'
}
{
  service: 'attendance-system',
  method: 'GET',
  url: '/api/admin/shifts?page=1&limit=10&_t=1772452843006',
  ip: '127.0.0.1',
  userAgent: 'Mozilla/5.0 (Windows NT 10.0; Win64; x64) AppleWebKit/537.36 (KHTML, like Gecko) Chrome/145.0.0.0 Safari/537.36 Edg/145.0.0.0',
  timestamp: '2026-03-02 17:30:43',
  level: 'info',
  message: 'Request'
}
{
  service: 'attendance-system',
  method: 'GET',
  url: '/?_t=1772452843006',
  statusCode: 200,
  duration: '9ms',
  contentLength: '323',
  level: 'info',
  message: 'Response',
  timestamp: '2026-03-02 17:30:43'
}
{
  service: 'attendance-system',
  method: 'GET',
  url: '/api/admin/office-locations?_t=1772452843006',
  ip: '127.0.0.1',
  userAgent: 'Mozilla/5.0 (Windows NT 10.0; Win64; x64) AppleWebKit/537.36 (KHTML, like Gecko) Chrome/145.0.0.0 Safari/537.36 Edg/145.0.0.0',
  timestamp: '2026-03-02 17:30:43',
  level: 'info',
  message: 'Request'
}
{
  service: 'attendance-system',
  method: 'GET',
  url: '/?page=1&limit=10&_t=1772452843006',
  statusCode: 200,
  duration: '12ms',
  contentLength: '802',
  level: 'info',
  message: 'Response',
  timestamp: '2026-03-02 17:30:43'
}
{
  service: 'attendance-system',
  method: 'GET',
  url: '/api/admin/shifts?page=1&limit=10&_t=1772452843006',
  ip: '127.0.0.1',
  userAgent: 'Mozilla/5.0 (Windows NT 10.0; Win64; x64) AppleWebKit/537.36 (KHTML, like Gecko) Chrome/145.0.0.0 Safari/537.36 Edg/145.0.0.0',
  timestamp: '2026-03-02 17:30:43',
  level: 'info',
  message: 'Request'
}
{
  service: 'attendance-system',
  method: 'GET',
  url: '/?_t=1772452843006',
  statusCode: 304,
  duration: '19ms',
  contentLength: 0,
  level: 'info',
  message: 'Response',
  timestamp: '2026-03-02 17:30:43'
}
{
  service: 'attendance-system',
  method: 'GET',
  url: '/?page=1&limit=10&_t=1772452843006',
  statusCode: 304,
  duration: '24ms',
  contentLength: 0,
  level: 'info',
  message: 'Response',
  timestamp: '2026-03-02 17:30:43'
}
{
  service: 'attendance-system',
  method: 'GET',
  url: '/api/admin/shifts?_t=1772452843599',
  ip: '127.0.0.1',
  userAgent: 'Mozilla/5.0 (Windows NT 10.0; Win64; x64) AppleWebKit/537.36 (KHTML, like Gecko) Chrome/145.0.0.0 Safari/537.36 Edg/145.0.0.0',
  timestamp: '2026-03-02 17:30:43',
  level: 'info',
  message: 'Request'
}
{
  service: 'attendance-system',
  method: 'GET',
  url: '/api/admin/employees?page=1&limit=10&status=active&_t=1772452843599',
  ip: '127.0.0.1',
  userAgent: 'Mozilla/5.0 (Windows NT 10.0; Win64; x64) AppleWebKit/537.36 (KHTML, like Gecko) Chrome/145.0.0.0 Safari/537.36 Edg/145.0.0.0',
  timestamp: '2026-03-02 17:30:43',
  level: 'info',
  message: 'Request'
}
{
  service: 'attendance-system',
  method: 'GET',
  url: '/?_t=1772452843599',
  statusCode: 200,
  duration: '13ms',
  contentLength: '802',
  level: 'info',
  message: 'Response',
  timestamp: '2026-03-02 17:30:43'
}
{
  service: 'attendance-system',
  method: 'GET',
  url: '/?page=1&limit=10&status=active&_t=1772452843599',
  statusCode: 200,
  duration: '15ms',
  contentLength: '8609',
  level: 'info',
  message: 'Response',
  timestamp: '2026-03-02 17:30:43'
}
{
  service: 'attendance-system',
  method: 'GET',
  url: '/api/admin/shifts?_t=1772452843599',
  ip: '127.0.0.1',
  userAgent: 'Mozilla/5.0 (Windows NT 10.0; Win64; x64) AppleWebKit/537.36 (KHTML, like Gecko) Chrome/145.0.0.0 Safari/537.36 Edg/145.0.0.0',
  timestamp: '2026-03-02 17:30:43',
  level: 'info',
  message: 'Request'
}
{
  service: 'attendance-system',
  method: 'GET',
  url: '/api/admin/employees?page=1&limit=10&status=active&_t=1772452843599',
  ip: '127.0.0.1',
  userAgent: 'Mozilla/5.0 (Windows NT 10.0; Win64; x64) AppleWebKit/537.36 (KHTML, like Gecko) Chrome/145.0.0.0 Safari/537.36 Edg/145.0.0.0',
  timestamp: '2026-03-02 17:30:43',
  level: 'info',
  message: 'Request'
}
{
  service: 'attendance-system',
  method: 'GET',
  url: '/?_t=1772452843599',
  statusCode: 304,
  duration: '15ms',
  contentLength: 0,
  level: 'info',
  message: 'Response',
  timestamp: '2026-03-02 17:30:43'
}
{
  service: 'attendance-system',
  method: 'GET',
  url: '/?page=1&limit=10&status=active&_t=1772452843599',
  statusCode: 304,
  duration: '14ms',
  contentLength: 0,
  level: 'info',
  message: 'Response',
  timestamp: '2026-03-02 17:30:43'
}
{
  service: 'attendance-system',
  method: 'GET',
  url: '/api/admin/employees?all=true&slim=true&_t=1772452844146',
  ip: '127.0.0.1',
  userAgent: 'Mozilla/5.0 (Windows NT 10.0; Win64; x64) AppleWebKit/537.36 (KHTML, like Gecko) Chrome/145.0.0.0 Safari/537.36 Edg/145.0.0.0',
  timestamp: '2026-03-02 17:30:44',
  level: 'info',
  message: 'Request'
}
{
  service: 'attendance-system',
  method: 'GET',
  url: '/?all=true&slim=true&_t=1772452844146',
  statusCode: 200,
  duration: '14ms',
  contentLength: '12280',
  level: 'info',
  message: 'Response',
  timestamp: '2026-03-02 17:30:44'
}
{
  service: 'attendance-system',
  method: 'GET',
  url: '/api/admin/employees?all=true&slim=true&_t=1772452844146',
  ip: '127.0.0.1',
  userAgent: 'Mozilla/5.0 (Windows NT 10.0; Win64; x64) AppleWebKit/537.36 (KHTML, like Gecko) Chrome/145.0.0.0 Safari/537.36 Edg/145.0.0.0',
  timestamp: '2026-03-02 17:30:44',
  level: 'info',
  message: 'Request'
}
{
  service: 'attendance-system',
  method: 'GET',
  url: '/?all=true&slim=true&_t=1772452844146',
  statusCode: 304,
  duration: '14ms',
  contentLength: 0,
  level: 'info',
  message: 'Response',
  timestamp: '2026-03-02 17:30:44'
}
{
  service: 'attendance-system',
  method: 'GET',
  url: '/api/attendance/summary?startDate=2026-03-01&endDate=2026-03-07&userId=68bea78806b7a7115f2e1962&includeHolidays=true',
  ip: '127.0.0.1',
  userAgent: 'Mozilla/5.0 (Windows NT 10.0; Win64; x64) AppleWebKit/537.36 (KHTML, like Gecko) Chrome/145.0.0.0 Safari/537.36 Edg/145.0.0.0',
  timestamp: '2026-03-02 17:30:46',
  level: 'info',
  message: 'Request'
}
{
  service: 'attendance-system',
  method: 'GET',
  url: '/summary?startDate=2026-03-01&endDate=2026-03-07&userId=68bea78806b7a7115f2e1962&includeHolidays=true',
  statusCode: 304,
  duration: '27ms',
  contentLength: 0,
  level: 'info',
  message: 'Response',
  timestamp: '2026-03-02 17:30:46'
}
{
  service: 'attendance-system',
  method: 'GET',
  url: '/api/attendance/summary?startDate=2026-03-01&endDate=2026-03-31&userId=68bea78806b7a7115f2e1962&includeHolidays=true',
  ip: '127.0.0.1',
  userAgent: 'Mozilla/5.0 (Windows NT 10.0; Win64; x64) AppleWebKit/537.36 (KHTML, like Gecko) Chrome/145.0.0.0 Safari/537.36 Edg/145.0.0.0',
  timestamp: '2026-03-02 17:30:48',
  level: 'info',
  message: 'Request'
}
{
  service: 'attendance-system',
  method: 'GET',
  url: '/summary?startDate=2026-03-01&endDate=2026-03-31&userId=68bea78806b7a7115f2e1962&includeHolidays=true',
  statusCode: 200,
  duration: '49ms',
  contentLength: '26176',
  level: 'info',
  message: 'Response',
  timestamp: '2026-03-02 17:30:48'
}
{
  service: 'attendance-system',
  method: 'GET',
  url: '/api/attendance/summary?startDate=2026-04-01&endDate=2026-04-30&userId=68bea78806b7a7115f2e1962&includeHolidays=true',
  ip: '127.0.0.1',
  userAgent: 'Mozilla/5.0 (Windows NT 10.0; Win64; x64) AppleWebKit/537.36 (KHTML, like Gecko) Chrome/145.0.0.0 Safari/537.36 Edg/145.0.0.0',
  timestamp: '2026-03-02 17:30:57',
  level: 'info',
  message: 'Request'
}
{
  service: 'attendance-system',
  method: 'GET',
  url: '/summary?startDate=2026-04-01&endDate=2026-04-30&userId=68bea78806b7a7115f2e1962&includeHolidays=true',
  statusCode: 200,
  duration: '42ms',
  contentLength: '25134',
  level: 'info',
  message: 'Response',
  timestamp: '2026-03-02 17:30:57'
}
{
  service: 'attendance-system',
  method: 'GET',
  url: '/api/attendance/summary?startDate=2026-05-01&endDate=2026-05-31&userId=68bea78806b7a7115f2e1962&includeHolidays=true',
  ip: '127.0.0.1',
  userAgent: 'Mozilla/5.0 (Windows NT 10.0; Win64; x64) AppleWebKit/537.36 (KHTML, like Gecko) Chrome/145.0.0.0 Safari/537.36 Edg/145.0.0.0',
  timestamp: '2026-03-02 17:30:57',
  level: 'info',
  message: 'Request'
}
{
  service: 'attendance-system',
  method: 'GET',
  url: '/summary?startDate=2026-05-01&endDate=2026-05-31&userId=68bea78806b7a7115f2e1962&includeHolidays=true',
  statusCode: 200,
  duration: '50ms',
  contentLength: '26209',
  level: 'info',
  message: 'Response',
  timestamp: '2026-03-02 17:30:57'
}
{
  service: 'attendance-system',
  method: 'GET',
  url: '/api/attendance/summary?startDate=2026-06-01&endDate=2026-06-30&userId=68bea78806b7a7115f2e1962&includeHolidays=true',
  ip: '127.0.0.1',
  userAgent: 'Mozilla/5.0 (Windows NT 10.0; Win64; x64) AppleWebKit/537.36 (KHTML, like Gecko) Chrome/145.0.0.0 Safari/537.36 Edg/145.0.0.0',
  timestamp: '2026-03-02 17:30:58',
  level: 'info',
  message: 'Request'
}
{
  service: 'attendance-system',
  method: 'GET',
  url: '/summary?startDate=2026-06-01&endDate=2026-06-30&userId=68bea78806b7a7115f2e1962&includeHolidays=true',
  statusCode: 200,
  duration: '41ms',
  contentLength: '25134',
  level: 'info',
  message: 'Response',
  timestamp: '2026-03-02 17:30:58'
}
{
  service: 'attendance-system',
  method: 'GET',
  url: '/api/attendance/summary?startDate=2026-05-01&endDate=2026-05-31&userId=68bea78806b7a7115f2e1962&includeHolidays=true',
  ip: '127.0.0.1',
  userAgent: 'Mozilla/5.0 (Windows NT 10.0; Win64; x64) AppleWebKit/537.36 (KHTML, like Gecko) Chrome/145.0.0.0 Safari/537.36 Edg/145.0.0.0',
  timestamp: '2026-03-02 17:30:59',
  level: 'info',
  message: 'Request'
}
{
  service: 'attendance-system',
  method: 'GET',
  url: '/summary?startDate=2026-05-01&endDate=2026-05-31&userId=68bea78806b7a7115f2e1962&includeHolidays=true',
  statusCode: 304,
  duration: '46ms',
  contentLength: 0,
  level: 'info',
  message: 'Response',
  timestamp: '2026-03-02 17:30:59'
}
{
  service: 'attendance-system',
  method: 'GET',
  url: '/api/attendance/summary?startDate=2026-06-01&endDate=2026-06-30&userId=68bea78806b7a7115f2e1962&includeHolidays=true',
  ip: '127.0.0.1',
  userAgent: 'Mozilla/5.0 (Windows NT 10.0; Win64; x64) AppleWebKit/537.36 (KHTML, like Gecko) Chrome/145.0.0.0 Safari/537.36 Edg/145.0.0.0',
  timestamp: '2026-03-02 17:31:02',
  level: 'info',
  message: 'Request'
}
{
  service: 'attendance-system',
  method: 'GET',
  url: '/summary?startDate=2026-06-01&endDate=2026-06-30&userId=68bea78806b7a7115f2e1962&includeHolidays=true',
  statusCode: 304,
  duration: '45ms',
  contentLength: 0,
  level: 'info',
  message: 'Response',
  timestamp: '2026-03-02 17:31:02'
}
{
  service: 'attendance-system',
  method: 'GET',
  url: '/api/attendance/summary?startDate=2026-07-01&endDate=2026-07-31&userId=68bea78806b7a7115f2e1962&includeHolidays=true',
  ip: '127.0.0.1',
  userAgent: 'Mozilla/5.0 (Windows NT 10.0; Win64; x64) AppleWebKit/537.36 (KHTML, like Gecko) Chrome/145.0.0.0 Safari/537.36 Edg/145.0.0.0',
  timestamp: '2026-03-02 17:31:03',
  level: 'info',
  message: 'Request'
}
{
  service: 'attendance-system',
  method: 'GET',
  url: '/summary?startDate=2026-07-01&endDate=2026-07-31&userId=68bea78806b7a7115f2e1962&includeHolidays=true',
  statusCode: 200,
  duration: '53ms',
  contentLength: '25970',
  level: 'info',
  message: 'Response',
  timestamp: '2026-03-02 17:31:03'
}
{
  service: 'attendance-system',
  method: 'GET',
  url: '/api/attendance/summary?startDate=2026-08-01&endDate=2026-08-31&userId=68bea78806b7a7115f2e1962&includeHolidays=true',
  ip: '127.0.0.1',
  userAgent: 'Mozilla/5.0 (Windows NT 10.0; Win64; x64) AppleWebKit/537.36 (KHTML, like Gecko) Chrome/145.0.0.0 Safari/537.36 Edg/145.0.0.0',
  timestamp: '2026-03-02 17:31:03',
  level: 'info',
  message: 'Request'
}
{
  service: 'attendance-system',
  method: 'GET',
  url: '/summary?startDate=2026-08-01&endDate=2026-08-31&userId=68bea78806b7a7115f2e1962&includeHolidays=true',
  statusCode: 200,
  duration: '36ms',
  contentLength: '26212',
  level: 'info',
  message: 'Response',
  timestamp: '2026-03-02 17:31:03'
}
{
  service: 'attendance-system',
  method: 'GET',
  url: '/api/attendance/summary?startDate=2026-09-01&endDate=2026-09-30&userId=68bea78806b7a7115f2e1962&includeHolidays=true',
  ip: '127.0.0.1',
  userAgent: 'Mozilla/5.0 (Windows NT 10.0; Win64; x64) AppleWebKit/537.36 (KHTML, like Gecko) Chrome/145.0.0.0 Safari/537.36 Edg/145.0.0.0',
  timestamp: '2026-03-02 17:31:04',
  level: 'info',
  message: 'Request'
}
{
  service: 'attendance-system',
  method: 'GET',
  url: '/summary?startDate=2026-09-01&endDate=2026-09-30&userId=68bea78806b7a7115f2e1962&includeHolidays=true',
  statusCode: 200,
  duration: '51ms',
  contentLength: '25366',
  level: 'info',
  message: 'Response',
  timestamp: '2026-03-02 17:31:04'
}
{
  service: 'attendance-system',
  method: 'GET',
  url: '/api/attendance/summary?startDate=2026-10-01&endDate=2026-10-31&userId=68bea78806b7a7115f2e1962&includeHolidays=true',
  ip: '127.0.0.1',
  userAgent: 'Mozilla/5.0 (Windows NT 10.0; Win64; x64) AppleWebKit/537.36 (KHTML, like Gecko) Chrome/145.0.0.0 Safari/537.36 Edg/145.0.0.0',
  timestamp: '2026-03-02 17:31:10',
  level: 'info',
  message: 'Request'
}
{
  service: 'attendance-system',
  method: 'GET',
  url: '/summary?startDate=2026-10-01&endDate=2026-10-31&userId=68bea78806b7a7115f2e1962&includeHolidays=true',
  statusCode: 200,
  duration: '46ms',
  contentLength: '26423',
  level: 'info',
  message: 'Response',
  timestamp: '2026-03-02 17:31:10'
}
{
  service: 'attendance-system',
  method: 'GET',
  url: '/api/attendance/summary?startDate=2026-11-01&endDate=2026-11-30&userId=68bea78806b7a7115f2e1962&includeHolidays=true',
  ip: '127.0.0.1',
  userAgent: 'Mozilla/5.0 (Windows NT 10.0; Win64; x64) AppleWebKit/537.36 (KHTML, like Gecko) Chrome/145.0.0.0 Safari/537.36 Edg/145.0.0.0',
  timestamp: '2026-03-02 17:31:15',
  level: 'info',
  message: 'Request'
}
{
  service: 'attendance-system',
  method: 'GET',
  url: '/summary?startDate=2026-11-01&endDate=2026-11-30&userId=68bea78806b7a7115f2e1962&includeHolidays=true',
  statusCode: 200,
  duration: '38ms',
  contentLength: '25144',
  level: 'info',
  message: 'Response',
  timestamp: '2026-03-02 17:31:15'
}
{
  service: 'attendance-system',
  method: 'GET',
  url: '/api/attendance/summary?startDate=2026-12-01&endDate=2026-12-31&userId=68bea78806b7a7115f2e1962&includeHolidays=true',
  ip: '127.0.0.1',
  userAgent: 'Mozilla/5.0 (Windows NT 10.0; Win64; x64) AppleWebKit/537.36 (KHTML, like Gecko) Chrome/145.0.0.0 Safari/537.36 Edg/145.0.0.0',
  timestamp: '2026-03-02 17:31:16',
  level: 'info',
  message: 'Request'
}
{
  service: 'attendance-system',
  method: 'GET',
  url: '/summary?startDate=2026-12-01&endDate=2026-12-31&userId=68bea78806b7a7115f2e1962&includeHolidays=true',
  statusCode: 200,
  duration: '45ms',
  contentLength: '26181',
  level: 'info',
  message: 'Response',
  timestamp: '2026-03-02 17:31:17'
}
{
  service: 'attendance-system',
  method: 'GET',
  url: '/api/attendance/summary?startDate=2027-01-01&endDate=2027-01-31&userId=68bea78806b7a7115f2e1962&includeHolidays=true',
  ip: '127.0.0.1',
  userAgent: 'Mozilla/5.0 (Windows NT 10.0; Win64; x64) AppleWebKit/537.36 (KHTML, like Gecko) Chrome/145.0.0.0 Safari/537.36 Edg/145.0.0.0',
  timestamp: '2026-03-02 17:31:18',
  level: 'info',
  message: 'Request'
}
{
  service: 'attendance-system',
  method: 'GET',
  url: '/summary?startDate=2027-01-01&endDate=2027-01-31&userId=68bea78806b7a7115f2e1962&includeHolidays=true',
  statusCode: 200,
  duration: '45ms',
  contentLength: '25980',
  level: 'info',
  message: 'Response',
  timestamp: '2026-03-02 17:31:18'
}
{
  service: 'attendance-system',
  method: 'GET',
  url: '/api/attendance/summary?startDate=2026-12-01&endDate=2026-12-31&userId=68bea78806b7a7115f2e1962&includeHolidays=true',
  ip: '127.0.0.1',
  userAgent: 'Mozilla/5.0 (Windows NT 10.0; Win64; x64) AppleWebKit/537.36 (KHTML, like Gecko) Chrome/145.0.0.0 Safari/537.36 Edg/145.0.0.0',
  timestamp: '2026-03-02 17:31:19',
  level: 'info',
  message: 'Request'
}
{
  service: 'attendance-system',
  method: 'GET',
  url: '/summary?startDate=2026-12-01&endDate=2026-12-31&userId=68bea78806b7a7115f2e1962&includeHolidays=true',
  statusCode: 304,
  duration: '46ms',
  contentLength: 0,
  level: 'info',
  message: 'Response',
  timestamp: '2026-03-02 17:31:19'
}
{
  service: 'attendance-system',
  method: 'GET',
  url: '/api/attendance/summary?startDate=2027-01-01&endDate=2027-01-31&userId=68bea78806b7a7115f2e1962&includeHolidays=true',
  ip: '127.0.0.1',
  userAgent: 'Mozilla/5.0 (Windows NT 10.0; Win64; x64) AppleWebKit/537.36 (KHTML, like Gecko) Chrome/145.0.0.0 Safari/537.36 Edg/145.0.0.0',
  timestamp: '2026-03-02 17:31:21',
  level: 'info',
  message: 'Request'
}
{
  service: 'attendance-system',
  method: 'GET',
  url: '/summary?startDate=2027-01-01&endDate=2027-01-31&userId=68bea78806b7a7115f2e1962&includeHolidays=true',
  statusCode: 304,
  duration: '41ms',
  contentLength: 0,
  level: 'info',
  message: 'Response',
  timestamp: '2026-03-02 17:31:21'
}
{
  service: 'attendance-system',
  method: 'GET',
  url: '/api/attendance/summary?startDate=2027-02-01&endDate=2027-02-28&userId=68bea78806b7a7115f2e1962&includeHolidays=true',
  ip: '127.0.0.1',
  userAgent: 'Mozilla/5.0 (Windows NT 10.0; Win64; x64) AppleWebKit/537.36 (KHTML, like Gecko) Chrome/145.0.0.0 Safari/537.36 Edg/145.0.0.0',
  timestamp: '2026-03-02 17:31:21',
  level: 'info',
  message: 'Request'
}
{
  service: 'attendance-system',
  method: 'GET',
  url: '/summary?startDate=2027-02-01&endDate=2027-02-28&userId=68bea78806b7a7115f2e1962&includeHolidays=true',
  statusCode: 200,
  duration: '44ms',
  contentLength: '23462',
  level: 'info',
  message: 'Response',
  timestamp: '2026-03-02 17:31:21'
}
{
  service: 'attendance-system',
  method: 'GET',
  url: '/api/attendance/summary?startDate=2027-03-01&endDate=2027-03-31&userId=68bea78806b7a7115f2e1962&includeHolidays=true',
  ip: '127.0.0.1',
  userAgent: 'Mozilla/5.0 (Windows NT 10.0; Win64; x64) AppleWebKit/537.36 (KHTML, like Gecko) Chrome/145.0.0.0 Safari/537.36 Edg/145.0.0.0',
  timestamp: '2026-03-02 17:31:21',
  level: 'info',
  message: 'Request'
}
{
  service: 'attendance-system',
  method: 'GET',
  url: '/summary?startDate=2027-03-01&endDate=2027-03-31&userId=68bea78806b7a7115f2e1962&includeHolidays=true',
  statusCode: 200,
  duration: '45ms',
  contentLength: '25970',
  level: 'info',
  message: 'Response',
  timestamp: '2026-03-02 17:31:21'
}
{
  service: 'attendance-system',
  method: 'GET',
  url: '/api/attendance/summary?startDate=2027-04-01&endDate=2027-04-30&userId=68bea78806b7a7115f2e1962&includeHolidays=true',
  ip: '127.0.0.1',
  userAgent: 'Mozilla/5.0 (Windows NT 10.0; Win64; x64) AppleWebKit/537.36 (KHTML, like Gecko) Chrome/145.0.0.0 Safari/537.36 Edg/145.0.0.0',
  timestamp: '2026-03-02 17:31:22',
  level: 'info',
  message: 'Request'
}
{
  service: 'attendance-system',
  method: 'GET',
  url: '/summary?startDate=2027-04-01&endDate=2027-04-30&userId=68bea78806b7a7115f2e1962&includeHolidays=true',
  statusCode: 200,
  duration: '36ms',
  contentLength: '25134',
  level: 'info',
  message: 'Response',
  timestamp: '2026-03-02 17:31:22'
}
{
  service: 'attendance-system',
  method: 'GET',
  url: '/api/attendance/summary?startDate=2027-03-01&endDate=2027-03-31&userId=68bea78806b7a7115f2e1962&includeHolidays=true',
  ip: '127.0.0.1',
  userAgent: 'Mozilla/5.0 (Windows NT 10.0; Win64; x64) AppleWebKit/537.36 (KHTML, like Gecko) Chrome/145.0.0.0 Safari/537.36 Edg/145.0.0.0',
  timestamp: '2026-03-02 17:31:23',
  level: 'info',
  message: 'Request'
}
{
  service: 'attendance-system',
  method: 'GET',
  url: '/summary?startDate=2027-03-01&endDate=2027-03-31&userId=68bea78806b7a7115f2e1962&includeHolidays=true',
  statusCode: 304,
  duration: '39ms',
  contentLength: 0,
  level: 'info',
  message: 'Response',
  timestamp: '2026-03-02 17:31:23'
}
{
  service: 'attendance-system',
  method: 'GET',
  url: '/api/attendance/summary?startDate=2027-02-01&endDate=2027-02-28&userId=68bea78806b7a7115f2e1962&includeHolidays=true',
  ip: '127.0.0.1',
  userAgent: 'Mozilla/5.0 (Windows NT 10.0; Win64; x64) AppleWebKit/537.36 (KHTML, like Gecko) Chrome/145.0.0.0 Safari/537.36 Edg/145.0.0.0',
  timestamp: '2026-03-02 17:31:24',
  level: 'info',
  message: 'Request'
}
{
  service: 'attendance-system',
  method: 'GET',
  url: '/summary?startDate=2027-02-01&endDate=2027-02-28&userId=68bea78806b7a7115f2e1962&includeHolidays=true',
  statusCode: 304,
  duration: '37ms',
  contentLength: 0,
  level: 'info',
  message: 'Response',
  timestamp: '2026-03-02 17:31:24'
}
{
  service: 'attendance-system',
  method: 'GET',
  url: '/api/attendance/summary?startDate=2027-01-01&endDate=2027-01-31&userId=68bea78806b7a7115f2e1962&includeHolidays=true',
  ip: '127.0.0.1',
  userAgent: 'Mozilla/5.0 (Windows NT 10.0; Win64; x64) AppleWebKit/537.36 (KHTML, like Gecko) Chrome/145.0.0.0 Safari/537.36 Edg/145.0.0.0',
  timestamp: '2026-03-02 17:31:24',
  level: 'info',
  message: 'Request'
}
{
  service: 'attendance-system',
  method: 'GET',
  url: '/summary?startDate=2027-01-01&endDate=2027-01-31&userId=68bea78806b7a7115f2e1962&includeHolidays=true',
  statusCode: 304,
  duration: '41ms',
  contentLength: 0,
  level: 'info',
  message: 'Response',
  timestamp: '2026-03-02 17:31:24'
}
{
  service: 'attendance-system',
  method: 'GET',
  url: '/api/attendance/summary?startDate=2026-12-01&endDate=2026-12-31&userId=68bea78806b7a7115f2e1962&includeHolidays=true',
  ip: '127.0.0.1',
  userAgent: 'Mozilla/5.0 (Windows NT 10.0; Win64; x64) AppleWebKit/537.36 (KHTML, like Gecko) Chrome/145.0.0.0 Safari/537.36 Edg/145.0.0.0',
  timestamp: '2026-03-02 17:31:24',
  level: 'info',
  message: 'Request'
}
{
  service: 'attendance-system',
  method: 'GET',
  url: '/summary?startDate=2026-12-01&endDate=2026-12-31&userId=68bea78806b7a7115f2e1962&includeHolidays=true',
  statusCode: 304,
  duration: '42ms',
  contentLength: 0,
  level: 'info',
  message: 'Response',
  timestamp: '2026-03-02 17:31:24'
}
{
  service: 'attendance-system',
  method: 'GET',
  url: '/api/attendance/summary?startDate=2026-11-01&endDate=2026-11-30&userId=68bea78806b7a7115f2e1962&includeHolidays=true',
  ip: '127.0.0.1',
  userAgent: 'Mozilla/5.0 (Windows NT 10.0; Win64; x64) AppleWebKit/537.36 (KHTML, like Gecko) Chrome/145.0.0.0 Safari/537.36 Edg/145.0.0.0',
  timestamp: '2026-03-02 17:31:24',
  level: 'info',
  message: 'Request'
}
{
  service: 'attendance-system',
  method: 'GET',
  url: '/summary?startDate=2026-11-01&endDate=2026-11-30&userId=68bea78806b7a7115f2e1962&includeHolidays=true',
  statusCode: 304,
  duration: '45ms',
  contentLength: 0,
  level: 'info',
  message: 'Response',
  timestamp: '2026-03-02 17:31:24'
}
{
  service: 'attendance-system',
  method: 'GET',
  url: '/api/attendance/summary?startDate=2026-10-01&endDate=2026-10-31&userId=68bea78806b7a7115f2e1962&includeHolidays=true',
  ip: '127.0.0.1',
  userAgent: 'Mozilla/5.0 (Windows NT 10.0; Win64; x64) AppleWebKit/537.36 (KHTML, like Gecko) Chrome/145.0.0.0 Safari/537.36 Edg/145.0.0.0',
  timestamp: '2026-03-02 17:31:25',
  level: 'info',
  message: 'Request'
}
{
  service: 'attendance-system',
  method: 'GET',
  url: '/summary?startDate=2026-10-01&endDate=2026-10-31&userId=68bea78806b7a7115f2e1962&includeHolidays=true',
  statusCode: 304,
  duration: '45ms',
  contentLength: 0,
  level: 'info',
  message: 'Response',
  timestamp: '2026-03-02 17:31:25'
}
{
  service: 'attendance-system',
  method: 'GET',
  url: '/api/attendance/summary?startDate=2026-09-01&endDate=2026-09-30&userId=68bea78806b7a7115f2e1962&includeHolidays=true',
  ip: '127.0.0.1',
  userAgent: 'Mozilla/5.0 (Windows NT 10.0; Win64; x64) AppleWebKit/537.36 (KHTML, like Gecko) Chrome/145.0.0.0 Safari/537.36 Edg/145.0.0.0',
  timestamp: '2026-03-02 17:31:25',
  level: 'info',
  message: 'Request'
}
{
  service: 'attendance-system',
  method: 'GET',
  url: '/summary?startDate=2026-09-01&endDate=2026-09-30&userId=68bea78806b7a7115f2e1962&includeHolidays=true',
  statusCode: 304,
  duration: '40ms',
  contentLength: 0,
  level: 'info',
  message: 'Response',
  timestamp: '2026-03-02 17:31:25'
}
{
  service: 'attendance-system',
  method: 'GET',
  url: '/api/attendance/summary?startDate=2026-08-01&endDate=2026-08-31&userId=68bea78806b7a7115f2e1962&includeHolidays=true',
  ip: '127.0.0.1',
  userAgent: 'Mozilla/5.0 (Windows NT 10.0; Win64; x64) AppleWebKit/537.36 (KHTML, like Gecko) Chrome/145.0.0.0 Safari/537.36 Edg/145.0.0.0',
  timestamp: '2026-03-02 17:31:25',
  level: 'info',
  message: 'Request'
}
{
  service: 'attendance-system',
  method: 'GET',
  url: '/summary?startDate=2026-08-01&endDate=2026-08-31&userId=68bea78806b7a7115f2e1962&includeHolidays=true',
  statusCode: 304,
  duration: '43ms',
  contentLength: 0,
  level: 'info',
  message: 'Response',
  timestamp: '2026-03-02 17:31:25'
}
{
  service: 'attendance-system',
  method: 'GET',
  url: '/api/attendance/summary?startDate=2026-07-01&endDate=2026-07-31&userId=68bea78806b7a7115f2e1962&includeHolidays=true',
  ip: '127.0.0.1',
  userAgent: 'Mozilla/5.0 (Windows NT 10.0; Win64; x64) AppleWebKit/537.36 (KHTML, like Gecko) Chrome/145.0.0.0 Safari/537.36 Edg/145.0.0.0',
  timestamp: '2026-03-02 17:31:25',
  level: 'info',
  message: 'Request'
}
{
  service: 'attendance-system',
  method: 'GET',
  url: '/summary?startDate=2026-07-01&endDate=2026-07-31&userId=68bea78806b7a7115f2e1962&includeHolidays=true',
  statusCode: 304,
  duration: '43ms',
  contentLength: 0,
  level: 'info',
  message: 'Response',
  timestamp: '2026-03-02 17:31:25'
}
{
  service: 'attendance-system',
  method: 'GET',
  url: '/api/attendance/summary?startDate=2026-06-01&endDate=2026-06-30&userId=68bea78806b7a7115f2e1962&includeHolidays=true',
  ip: '127.0.0.1',
  userAgent: 'Mozilla/5.0 (Windows NT 10.0; Win64; x64) AppleWebKit/537.36 (KHTML, like Gecko) Chrome/145.0.0.0 Safari/537.36 Edg/145.0.0.0',
  timestamp: '2026-03-02 17:31:25',
  level: 'info',
  message: 'Request'
}
{
  service: 'attendance-system',
  method: 'GET',
  url: '/summary?startDate=2026-06-01&endDate=2026-06-30&userId=68bea78806b7a7115f2e1962&includeHolidays=true',
  statusCode: 304,
  duration: '31ms',
  contentLength: 0,
  level: 'info',
  message: 'Response',
  timestamp: '2026-03-02 17:31:25'
}
{
  service: 'attendance-system',
  method: 'GET',
  url: '/api/attendance/summary?startDate=2026-05-01&endDate=2026-05-31&userId=68bea78806b7a7115f2e1962&includeHolidays=true',
  ip: '127.0.0.1',
  userAgent: 'Mozilla/5.0 (Windows NT 10.0; Win64; x64) AppleWebKit/537.36 (KHTML, like Gecko) Chrome/145.0.0.0 Safari/537.36 Edg/145.0.0.0',
  timestamp: '2026-03-02 17:31:25',
  level: 'info',
  message: 'Request'
}
{
  service: 'attendance-system',
  method: 'GET',
  url: '/summary?startDate=2026-05-01&endDate=2026-05-31&userId=68bea78806b7a7115f2e1962&includeHolidays=true',
  statusCode: 304,
  duration: '47ms',
  contentLength: 0,
  level: 'info',
  message: 'Response',
  timestamp: '2026-03-02 17:31:25'
}
{
  service: 'attendance-system',
  method: 'GET',
  url: '/api/attendance/summary?startDate=2026-04-01&endDate=2026-04-30&userId=68bea78806b7a7115f2e1962&includeHolidays=true',
  ip: '127.0.0.1',
  userAgent: 'Mozilla/5.0 (Windows NT 10.0; Win64; x64) AppleWebKit/537.36 (KHTML, like Gecko) Chrome/145.0.0.0 Safari/537.36 Edg/145.0.0.0',
  timestamp: '2026-03-02 17:31:26',
  level: 'info',
  message: 'Request'
}
{
  service: 'attendance-system',
  method: 'GET',
  url: '/summary?startDate=2026-04-01&endDate=2026-04-30&userId=68bea78806b7a7115f2e1962&includeHolidays=true',
  statusCode: 304,
  duration: '38ms',
  contentLength: 0,
  level: 'info',
  message: 'Response',
  timestamp: '2026-03-02 17:31:26'
}
{
  service: 'attendance-system',
  method: 'GET',
  url: '/api/attendance/summary?startDate=2026-03-01&endDate=2026-03-31&userId=68bea78806b7a7115f2e1962&includeHolidays=true',
  ip: '127.0.0.1',
  userAgent: 'Mozilla/5.0 (Windows NT 10.0; Win64; x64) AppleWebKit/537.36 (KHTML, like Gecko) Chrome/145.0.0.0 Safari/537.36 Edg/145.0.0.0',
  timestamp: '2026-03-02 17:31:26',
  level: 'info',
  message: 'Request'
}
{
  service: 'attendance-system',
  method: 'GET',
  url: '/summary?startDate=2026-03-01&endDate=2026-03-31&userId=68bea78806b7a7115f2e1962&includeHolidays=true',
  statusCode: 304,
  duration: '39ms',
  contentLength: 0,
  level: 'info',
  message: 'Response',
  timestamp: '2026-03-02 17:31:26'
}
{
  service: 'attendance-system',
  method: 'GET',
  url: '/api/attendance/summary?startDate=2026-02-01&endDate=2026-02-28&userId=68bea78806b7a7115f2e1962&includeHolidays=true',
  ip: '127.0.0.1',
  userAgent: 'Mozilla/5.0 (Windows NT 10.0; Win64; x64) AppleWebKit/537.36 (KHTML, like Gecko) Chrome/145.0.0.0 Safari/537.36 Edg/145.0.0.0',
  timestamp: '2026-03-02 17:31:26',
  level: 'info',
  message: 'Request'
}
{
  service: 'attendance-system',
  method: 'GET',
  url: '/summary?startDate=2026-02-01&endDate=2026-02-28&userId=68bea78806b7a7115f2e1962&includeHolidays=true',
  statusCode: 200,
  duration: '44ms',
  contentLength: '28424',
  level: 'info',
  message: 'Response',
  timestamp: '2026-03-02 17:31:26'
}
{
  service: 'attendance-system',
  method: 'GET',
  url: '/api/attendance/summary?startDate=2026-01-01&endDate=2026-01-31&userId=68bea78806b7a7115f2e1962&includeHolidays=true',
  ip: '127.0.0.1',
  userAgent: 'Mozilla/5.0 (Windows NT 10.0; Win64; x64) AppleWebKit/537.36 (KHTML, like Gecko) Chrome/145.0.0.0 Safari/537.36 Edg/145.0.0.0',
  timestamp: '2026-03-02 17:31:26',
  level: 'info',
  message: 'Request'
}
{
  service: 'attendance-system',
  method: 'GET',
  url: '/summary?startDate=2026-01-01&endDate=2026-01-31&userId=68bea78806b7a7115f2e1962&includeHolidays=true',
  statusCode: 200,
  duration: '71ms',
  contentLength: '33347',
  level: 'info',
  message: 'Response',
  timestamp: '2026-03-02 17:31:26'
}
{
  service: 'attendance-system',
  method: 'GET',
  url: '/api/attendance/summary?startDate=2025-12-01&endDate=2025-12-31&userId=68bea78806b7a7115f2e1962&includeHolidays=true',
  ip: '127.0.0.1',
  userAgent: 'Mozilla/5.0 (Windows NT 10.0; Win64; x64) AppleWebKit/537.36 (KHTML, like Gecko) Chrome/145.0.0.0 Safari/537.36 Edg/145.0.0.0',
  timestamp: '2026-03-02 17:31:26',
  level: 'info',
  message: 'Request'
}
{
  service: 'attendance-system',
  method: 'GET',
  url: '/summary?startDate=2025-12-01&endDate=2025-12-31&userId=68bea78806b7a7115f2e1962&includeHolidays=true',
  statusCode: 200,
  duration: '60ms',
  contentLength: '33164',
  level: 'info',
  message: 'Response',
  timestamp: '2026-03-02 17:31:26'
}
{
  service: 'attendance-system',
  method: 'GET',
  url: '/api/attendance/summary?startDate=2025-11-01&endDate=2025-11-30&userId=68bea78806b7a7115f2e1962&includeHolidays=true',
  ip: '127.0.0.1',
  userAgent: 'Mozilla/5.0 (Windows NT 10.0; Win64; x64) AppleWebKit/537.36 (KHTML, like Gecko) Chrome/145.0.0.0 Safari/537.36 Edg/145.0.0.0',
  timestamp: '2026-03-02 17:31:26',
  level: 'info',
  message: 'Request'
}
{
  service: 'attendance-system',
  method: 'GET',
  url: '/summary?startDate=2025-11-01&endDate=2025-11-30&userId=68bea78806b7a7115f2e1962&includeHolidays=true',
  statusCode: 200,
  duration: '56ms',
  contentLength: '32579',
  level: 'info',
  message: 'Response',
  timestamp: '2026-03-02 17:31:26'
}
{
  service: 'attendance-system',
  method: 'GET',
  url: '/api/attendance/summary?startDate=2025-12-01&endDate=2025-12-31&userId=68bea78806b7a7115f2e1962&includeHolidays=true',
  ip: '127.0.0.1',
  userAgent: 'Mozilla/5.0 (Windows NT 10.0; Win64; x64) AppleWebKit/537.36 (KHTML, like Gecko) Chrome/145.0.0.0 Safari/537.36 Edg/145.0.0.0',
  timestamp: '2026-03-02 17:31:29',
  level: 'info',
  message: 'Request'
}
{
  service: 'attendance-system',
  method: 'GET',
  url: '/summary?startDate=2025-12-01&endDate=2025-12-31&userId=68bea78806b7a7115f2e1962&includeHolidays=true',
  statusCode: 304,
  duration: '58ms',
  contentLength: 0,
  level: 'info',
  message: 'Response',
  timestamp: '2026-03-02 17:31:30'
}
{
  service: 'attendance-system',
  method: 'GET',
  url: '/api/attendance/summary?startDate=2026-01-01&endDate=2026-01-31&userId=68bea78806b7a7115f2e1962&includeHolidays=true',
  ip: '127.0.0.1',
  userAgent: 'Mozilla/5.0 (Windows NT 10.0; Win64; x64) AppleWebKit/537.36 (KHTML, like Gecko) Chrome/145.0.0.0 Safari/537.36 Edg/145.0.0.0',
  timestamp: '2026-03-02 17:31:33',
  level: 'info',
  message: 'Request'
}
{
  service: 'attendance-system',
  method: 'GET',
  url: '/summary?startDate=2026-01-01&endDate=2026-01-31&userId=68bea78806b7a7115f2e1962&includeHolidays=true',
  statusCode: 304,
  duration: '62ms',
  contentLength: 0,
  level: 'info',
  message: 'Response',
  timestamp: '2026-03-02 17:31:34'
}
{
  service: 'attendance-system',
  method: 'GET',
  url: '/api/attendance/summary?startDate=2026-02-01&endDate=2026-02-28&userId=68bea78806b7a7115f2e1962&includeHolidays=true',
  ip: '127.0.0.1',
  userAgent: 'Mozilla/5.0 (Windows NT 10.0; Win64; x64) AppleWebKit/537.36 (KHTML, like Gecko) Chrome/145.0.0.0 Safari/537.36 Edg/145.0.0.0',
  timestamp: '2026-03-02 17:31:35',
  level: 'info',
  message: 'Request'
}
{
  service: 'attendance-system',
  method: 'GET',
  url: '/summary?startDate=2026-02-01&endDate=2026-02-28&userId=68bea78806b7a7115f2e1962&includeHolidays=true',
  statusCode: 304,
  duration: '43ms',
  contentLength: 0,
  level: 'info',
  message: 'Response',
  timestamp: '2026-03-02 17:31:35'
}
{
  service: 'attendance-system',
  method: 'GET',
  url: '/api/attendance/summary?startDate=2026-01-01&endDate=2026-01-31&userId=68bea78806b7a7115f2e1962&includeHolidays=true',
  ip: '127.0.0.1',
  userAgent: 'Mozilla/5.0 (Windows NT 10.0; Win64; x64) AppleWebKit/537.36 (KHTML, like Gecko) Chrome/145.0.0.0 Safari/537.36 Edg/145.0.0.0',
  timestamp: '2026-03-02 17:31:37',
  level: 'info',
  message: 'Request'
}
{
  service: 'attendance-system',
  method: 'GET',
  url: '/summary?startDate=2026-01-01&endDate=2026-01-31&userId=68bea78806b7a7115f2e1962&includeHolidays=true',
  statusCode: 304,
  duration: '63ms',
  contentLength: 0,
  level: 'info',
  message: 'Response',
  timestamp: '2026-03-02 17:31:37'
}
{
  service: 'attendance-system',
  method: 'GET',
  url: '/api/attendance/summary?startDate=2026-02-01&endDate=2026-02-28&userId=68bea78806b7a7115f2e1962&includeHolidays=true',
  ip: '127.0.0.1',
  userAgent: 'Mozilla/5.0 (Windows NT 10.0; Win64; x64) AppleWebKit/537.36 (KHTML, like Gecko) Chrome/145.0.0.0 Safari/537.36 Edg/145.0.0.0',
  timestamp: '2026-03-02 17:31:41',
  level: 'info',
  message: 'Request'
}
{
  service: 'attendance-system',
  method: 'GET',
  url: '/summary?startDate=2026-02-01&endDate=2026-02-28&userId=68bea78806b7a7115f2e1962&includeHolidays=true',
  statusCode: 304,
  duration: '46ms',
  contentLength: 0,
  level: 'info',
  message: 'Response',
  timestamp: '2026-03-02 17:31:41'
}
{
  service: 'attendance-system',
  method: 'GET',
  url: '/api/analytics/attendance?startDate=2026-03-01&endDate=2026-03-02&page=1&limit=50',
  ip: '127.0.0.1',
  userAgent: 'Mozilla/5.0 (Windows NT 10.0; Win64; x64) AppleWebKit/537.36 (KHTML, like Gecko) Chrome/145.0.0.0 Safari/537.36 Edg/145.0.0.0',
  timestamp: '2026-03-02 17:34:24',
  level: 'info',
  message: 'Request'
}
{
  service: 'attendance-system',
  method: 'GET',
  url: '/attendance?startDate=2026-03-01&endDate=2026-03-02&page=1&limit=50',
  statusCode: 200,
  duration: '929ms',
  contentLength: '13363',
  level: 'info',
  message: 'Response',
  timestamp: '2026-03-02 17:34:25'
}
{
  service: 'attendance-system',
  method: 'GET',
  url: '/api/analytics/employee/693d3a77da051f96635ac9dc?month=03&year=2026',
  ip: '127.0.0.1',
  userAgent: 'Mozilla/5.0 (Windows NT 10.0; Win64; x64) AppleWebKit/537.36 (KHTML, like Gecko) Chrome/145.0.0.0 Safari/537.36 Edg/145.0.0.0',
  timestamp: '2026-03-02 17:34:30',
  level: 'info',
  message: 'Request'
}
{
  service: 'attendance-system',
  method: 'GET',
  url: '/employee/693d3a77da051f96635ac9dc?month=03&year=2026',
  statusCode: 200,
  duration: '75ms',
  contentLength: '7479',
  level: 'info',
  message: 'Response',
  timestamp: '2026-03-02 17:34:30'
}
{
  service: 'attendance-system',
  method: 'GET',
  url: '/api/analytics/employee/689ddd2e35a11aee6a182009?month=03&year=2026',
  ip: '127.0.0.1',
  userAgent: 'Mozilla/5.0 (Windows NT 10.0; Win64; x64) AppleWebKit/537.36 (KHTML, like Gecko) Chrome/145.0.0.0 Safari/537.36 Edg/145.0.0.0',
  timestamp: '2026-03-02 17:34:35',
  level: 'info',
  message: 'Request'
}
{
  service: 'attendance-system',
  method: 'GET',
  url: '/employee/689ddd2e35a11aee6a182009?month=03&year=2026',
  statusCode: 200,
  duration: '82ms',
  contentLength: '7318',
  level: 'info',
  message: 'Response',
  timestamp: '2026-03-02 17:34:35'
}
{
  service: 'attendance-system',
  method: 'GET',
  url: '/api/analytics/attendance?startDate=2026-02-01&endDate=2026-02-28&page=1&limit=50',
  ip: '127.0.0.1',
  userAgent: 'Mozilla/5.0 (Windows NT 10.0; Win64; x64) AppleWebKit/537.36 (KHTML, like Gecko) Chrome/145.0.0.0 Safari/537.36 Edg/145.0.0.0',
  timestamp: '2026-03-02 17:34:40',
  level: 'info',
  message: 'Request'
}
{
  service: 'attendance-system',
  method: 'GET',
  url: '/attendance?startDate=2026-02-01&endDate=2026-02-28&page=1&limit=50',
  statusCode: 304,
  duration: '1921ms',
  contentLength: 0,
  level: 'info',
  message: 'Response',
  timestamp: '2026-03-02 17:34:42'
}
{
  service: 'attendance-system',
  method: 'GET',
  url: '/api/analytics/attendance?startDate=2026-02-01&endDate=2026-02-28&search=shiv&page=1&limit=50',
  ip: '127.0.0.1',
  userAgent: 'Mozilla/5.0 (Windows NT 10.0; Win64; x64) AppleWebKit/537.36 (KHTML, like Gecko) Chrome/145.0.0.0 Safari/537.36 Edg/145.0.0.0',
  timestamp: '2026-03-02 17:34:46',
  level: 'info',
  message: 'Request'
}
{
  service: 'attendance-system',
  method: 'GET',
  url: '/attendance?startDate=2026-02-01&endDate=2026-02-28&search=shiv&page=1&limit=50',
  statusCode: 200,
  duration: '71ms',
  contentLength: '778',
  level: 'info',
  message: 'Response',
  timestamp: '2026-03-02 17:34:46'
}
{
  service: 'attendance-system',
  method: 'GET',
  url: '/api/analytics/attendance?startDate=2026-02-01&endDate=2026-02-28&search=shivam&page=1&limit=50',
  ip: '127.0.0.1',
  userAgent: 'Mozilla/5.0 (Windows NT 10.0; Win64; x64) AppleWebKit/537.36 (KHTML, like Gecko) Chrome/145.0.0.0 Safari/537.36 Edg/145.0.0.0',
  timestamp: '2026-03-02 17:34:47',
  level: 'info',
  message: 'Request'
}
{
  service: 'attendance-system',
  method: 'GET',
  url: '/attendance?startDate=2026-02-01&endDate=2026-02-28&search=shivam&page=1&limit=50',
  statusCode: 200,
  duration: '52ms',
  contentLength: '778',
  level: 'info',
  message: 'Response',
  timestamp: '2026-03-02 17:34:47'
}
{
  service: 'attendance-system',
  method: 'GET',
  url: '/api/analytics/employee/689ddd2e35a11aee6a182009?month=02&year=2026',
  ip: '127.0.0.1',
  userAgent: 'Mozilla/5.0 (Windows NT 10.0; Win64; x64) AppleWebKit/537.36 (KHTML, like Gecko) Chrome/145.0.0.0 Safari/537.36 Edg/145.0.0.0',
  timestamp: '2026-03-02 17:34:50',
  level: 'info',
  message: 'Request'
}
{
  service: 'attendance-system',
  method: 'GET',
  url: '/employee/689ddd2e35a11aee6a182009?month=02&year=2026',
  statusCode: 200,
  duration: '72ms',
  contentLength: '8813',
  level: 'info',
  message: 'Response',
  timestamp: '2026-03-02 17:34:50'
}
{
  service: 'attendance-system',
  method: 'GET',
  url: '/api/analytics/export/employee/689ddd2e35a11aee6a182009?month=02&year=2026&format=pdf',
  ip: '127.0.0.1',
  userAgent: 'Mozilla/5.0 (Windows NT 10.0; Win64; x64) AppleWebKit/537.36 (KHTML, like Gecko) Chrome/145.0.0.0 Safari/537.36 Edg/145.0.0.0',
  timestamp: '2026-03-02 17:35:08',
  level: 'info',
  message: 'Request'
}
{
  service: 'attendance-system',
  method: 'GET',
  url: '/export/employee/689ddd2e35a11aee6a182009?month=02&year=2026&format=pdf',
  statusCode: 500,
  duration: '161ms',
  contentLength: '141',
  level: 'info',
  message: 'Response',
  timestamp: '2026-03-02 17:35:08'
}
{
  service: 'attendance-system',
  method: 'GET',
  url: '/api/admin/dashboard-summary?includePendingLeaves=true',
  ip: '127.0.0.1',
  userAgent: 'Mozilla/5.0 (Windows NT 10.0; Win64; x64) AppleWebKit/537.36 (KHTML, like Gecko) Chrome/145.0.0.0 Safari/537.36 Edg/145.0.0.0',
  timestamp: '2026-03-02 17:35:54',
  level: 'info',
  message: 'Request'
}
{
  service: 'attendance-system',
  method: 'GET',
  url: '/dashboard-summary?includePendingLeaves=true',
  statusCode: 200,
  duration: '258ms',
  contentLength: '23167',
  level: 'info',
  message: 'Response',
  timestamp: '2026-03-02 17:35:54'
}
{
  service: 'attendance-system',
  method: 'GET',
  url: '/api/admin/dashboard-summary?includePendingLeaves=true',
  ip: '127.0.0.1',
  userAgent: 'Mozilla/5.0 (Windows NT 10.0; Win64; x64) AppleWebKit/537.36 (KHTML, like Gecko) Chrome/145.0.0.0 Safari/537.36 Edg/145.0.0.0',
  timestamp: '2026-03-02 17:35:54',
  level: 'info',
  message: 'Request'
}
{
  service: 'attendance-system',
  method: 'GET',
  url: '/dashboard-summary?includePendingLeaves=true',
  statusCode: 304,
  duration: '38ms',
  contentLength: 0,
  level: 'info',
  message: 'Response',
  timestamp: '2026-03-02 17:35:54'
}
{
  service: 'attendance-system',
  method: 'GET',
  url: '/api/admin/employees?all=true&slim=true&_t=1772453208929',
  ip: '127.0.0.1',
  userAgent: 'Mozilla/5.0 (Windows NT 10.0; Win64; x64) AppleWebKit/537.36 (KHTML, like Gecko) Chrome/145.0.0.0 Safari/537.36 Edg/145.0.0.0',
  timestamp: '2026-03-02 17:36:48',
  level: 'info',
  message: 'Request'
}
{
  service: 'attendance-system',
  method: 'GET',
  url: '/?all=true&slim=true&_t=1772453208929',
  statusCode: 200,
  duration: '14ms',
  contentLength: '12280',
  level: 'info',
  message: 'Response',
  timestamp: '2026-03-02 17:36:48'
}
{
  service: 'attendance-system',
  method: 'GET',
  url: '/api/admin/employees?all=true&slim=true&_t=1772453208929',
  ip: '127.0.0.1',
  userAgent: 'Mozilla/5.0 (Windows NT 10.0; Win64; x64) AppleWebKit/537.36 (KHTML, like Gecko) Chrome/145.0.0.0 Safari/537.36 Edg/145.0.0.0',
  timestamp: '2026-03-02 17:36:48',
  level: 'info',
  message: 'Request'
}
{
  service: 'attendance-system',
  method: 'GET',
  url: '/?all=true&slim=true&_t=1772453208929',
  statusCode: 304,
  duration: '14ms',
  contentLength: 0,
  level: 'info',
  message: 'Response',
  timestamp: '2026-03-02 17:36:48'
}
{
  service: 'attendance-system',
  method: 'GET',
  url: '/api/admin/employees?all=true&_t=1772453448208',
  ip: '127.0.0.1',
  userAgent: 'Mozilla/5.0 (Windows NT 10.0; Win64; x64) AppleWebKit/537.36 (KHTML, like Gecko) Chrome/145.0.0.0 Safari/537.36 Edg/145.0.0.0',
  timestamp: '2026-03-02 17:40:48',
  level: 'info',
  message: 'Request'
}
{
  service: 'attendance-system',
  method: 'GET',
  url: '/api/admin/leaves/all?page=1&limit=10',
  ip: '127.0.0.1',
  userAgent: 'Mozilla/5.0 (Windows NT 10.0; Win64; x64) AppleWebKit/537.36 (KHTML, like Gecko) Chrome/145.0.0.0 Safari/537.36 Edg/145.0.0.0',
  timestamp: '2026-03-02 17:40:48',
  level: 'info',
  message: 'Request'
}
{
  service: 'attendance-system',
  method: 'GET',
  url: '/leaves/all?page=1&limit=10',
  statusCode: 200,
  duration: '23ms',
  contentLength: '7123',
  level: 'info',
  message: 'Response',
  timestamp: '2026-03-02 17:40:48'
}
{
  service: 'attendance-system',
  method: 'GET',
  url: '/?all=true&_t=1772453448208',
  statusCode: 200,
  duration: '30ms',
  contentLength: '29004',
  level: 'info',
  message: 'Response',
  timestamp: '2026-03-02 17:40:48'
}
{
  service: 'attendance-system',
  method: 'GET',
  url: '/api/analytics/monthly-context-settings',
  ip: '127.0.0.1',
  userAgent: 'Mozilla/5.0 (Windows NT 10.0; Win64; x64) AppleWebKit/537.36 (KHTML, like Gecko) Chrome/145.0.0.0 Safari/537.36 Edg/145.0.0.0',
  timestamp: '2026-03-02 17:40:48',
  level: 'info',
  message: 'Request'
}
{
  service: 'attendance-system',
  method: 'GET',
  url: '/analytics/monthly-context-settings',
  statusCode: 404,
  duration: '1ms',
  contentLength: '91',
  level: 'info',
  message: 'Response',
  timestamp: '2026-03-02 17:40:48'
}
{
  service: 'attendance-system',
  method: 'GET',
  url: '/api/analytics/monthly-context-settings',
  ip: '127.0.0.1',
  userAgent: 'Mozilla/5.0 (Windows NT 10.0; Win64; x64) AppleWebKit/537.36 (KHTML, like Gecko) Chrome/145.0.0.0 Safari/537.36 Edg/145.0.0.0',
  timestamp: '2026-03-02 17:40:48',
  level: 'info',
  message: 'Request'
}
{
  service: 'attendance-system',
  method: 'GET',
  url: '/analytics/monthly-context-settings',
  statusCode: 404,
  duration: '1ms',
  contentLength: '91',
  level: 'info',
  message: 'Response',
  timestamp: '2026-03-02 17:40:48'
}
{
  service: 'attendance-system',
  method: 'GET',
  url: '/api/admin/leaves/analytics/counts?month=3&year=2026&role=Employee',
  ip: '127.0.0.1',
  userAgent: 'Mozilla/5.0 (Windows NT 10.0; Win64; x64) AppleWebKit/537.36 (KHTML, like Gecko) Chrome/145.0.0.0 Safari/537.36 Edg/145.0.0.0',
  timestamp: '2026-03-02 17:40:48',
  level: 'info',
  message: 'Request'
}
{
  service: 'attendance-system',
  method: 'GET',
  url: '/api/admin/leaves/analytics/counts?month=3&year=2026&role=Intern',
  ip: '127.0.0.1',
  userAgent: 'Mozilla/5.0 (Windows NT 10.0; Win64; x64) AppleWebKit/537.36 (KHTML, like Gecko) Chrome/145.0.0.0 Safari/537.36 Edg/145.0.0.0',
  timestamp: '2026-03-02 17:40:48',
  level: 'info',
  message: 'Request'
}
{
  service: 'attendance-system',
  method: 'GET',
  url: '/api/analytics/monthly-context-settings',
  ip: '127.0.0.1',
  userAgent: 'Mozilla/5.0 (Windows NT 10.0; Win64; x64) AppleWebKit/537.36 (KHTML, like Gecko) Chrome/145.0.0.0 Safari/537.36 Edg/145.0.0.0',
  timestamp: '2026-03-02 17:40:48',
  level: 'info',
  message: 'Request'
}
{
  service: 'attendance-system',
  method: 'GET',
  url: '/analytics/monthly-context-settings',
  statusCode: 404,
  duration: '0ms',
  contentLength: '91',
  level: 'info',
  message: 'Response',
  timestamp: '2026-03-02 17:40:48'
}
{
  service: 'attendance-system',
  method: 'GET',
  url: '/api/analytics/monthly-context-settings',
  ip: '127.0.0.1',
  userAgent: 'Mozilla/5.0 (Windows NT 10.0; Win64; x64) AppleWebKit/537.36 (KHTML, like Gecko) Chrome/145.0.0.0 Safari/537.36 Edg/145.0.0.0',
  timestamp: '2026-03-02 17:40:48',
  level: 'info',
  message: 'Request'
}
{
  service: 'attendance-system',
  method: 'GET',
  url: '/analytics/monthly-context-settings',
  statusCode: 404,
  duration: '1ms',
  contentLength: '91',
  level: 'info',
  message: 'Response',
  timestamp: '2026-03-02 17:40:48'
}
{
  service: 'attendance-system',
  method: 'GET',
  url: '/leaves/analytics/counts?month=3&year=2026&role=Employee',
  statusCode: 200,
  duration: '20ms',
  contentLength: '2299',
  level: 'info',
  message: 'Response',
  timestamp: '2026-03-02 17:40:48'
}
{
  service: 'attendance-system',
  method: 'GET',
  url: '/leaves/analytics/counts?month=3&year=2026&role=Intern',
  statusCode: 304,
  duration: '17ms',
  contentLength: 0,
  level: 'info',
  message: 'Response',
  timestamp: '2026-03-02 17:40:48'
}
{
  service: 'attendance-system',
  method: 'GET',
  url: '/api/attendance/actual-work-days?month=3&year=2026&_t=1772453448420',
  ip: '127.0.0.1',
  userAgent: 'Mozilla/5.0 (Windows NT 10.0; Win64; x64) AppleWebKit/537.36 (KHTML, like Gecko) Chrome/145.0.0.0 Safari/537.36 Edg/145.0.0.0',
  timestamp: '2026-03-02 17:40:48',
  level: 'info',
  message: 'Request'
}
{
  service: 'attendance-system',
  method: 'GET',
  url: '/api/attendance/actual-work-days?month=3&year=2026&_t=1772453448449',
  ip: '127.0.0.1',
  userAgent: 'Mozilla/5.0 (Windows NT 10.0; Win64; x64) AppleWebKit/537.36 (KHTML, like Gecko) Chrome/145.0.0.0 Safari/537.36 Edg/145.0.0.0',
  timestamp: '2026-03-02 17:40:48',
  level: 'info',
  message: 'Request'
}
{
  service: 'attendance-system',
  method: 'GET',
  url: '/actual-work-days?month=3&year=2026&_t=1772453448420',
  statusCode: 200,
  duration: '38ms',
  contentLength: '6495',
  level: 'info',
  message: 'Response',
  timestamp: '2026-03-02 17:40:48'
}
{
  service: 'attendance-system',
  method: 'GET',
  url: '/actual-work-days?month=3&year=2026&_t=1772453448449',
  statusCode: 200,
  duration: '57ms',
  contentLength: '6495',
  level: 'info',
  message: 'Response',
  timestamp: '2026-03-02 17:40:48'
}
{
  service: 'attendance-system',
  method: 'GET',
  url: '/api/admin/manage?_t=1772453449094',
  ip: '127.0.0.1',
  userAgent: 'Mozilla/5.0 (Windows NT 10.0; Win64; x64) AppleWebKit/537.36 (KHTML, like Gecko) Chrome/145.0.0.0 Safari/537.36 Edg/145.0.0.0',
  timestamp: '2026-03-02 17:40:49',
  level: 'info',
  message: 'Request'
}
{
  service: 'attendance-system',
  method: 'GET',
  url: '/api/analytics/late-grace-settings',
  ip: '127.0.0.1',
  userAgent: 'Mozilla/5.0 (Windows NT 10.0; Win64; x64) AppleWebKit/537.36 (KHTML, like Gecko) Chrome/145.0.0.0 Safari/537.36 Edg/145.0.0.0',
  timestamp: '2026-03-02 17:40:49',
  level: 'info',
  message: 'Request'
}
{
  service: 'attendance-system',
  method: 'GET',
  url: '/analytics/late-grace-settings',
  statusCode: 404,
  duration: '2ms',
  contentLength: '86',
  level: 'info',
  message: 'Response',
  timestamp: '2026-03-02 17:40:49'
}
{
  service: 'attendance-system',
  method: 'GET',
  url: '/?_t=1772453449094',
  statusCode: 200,
  duration: '274ms',
  contentLength: '31543',
  level: 'info',
  message: 'Response',
  timestamp: '2026-03-02 17:40:49'
}
{
  service: 'attendance-system',
  method: 'GET',
  url: '/api/analytics/late-grace-settings',
  ip: '127.0.0.1',
  userAgent: 'Mozilla/5.0 (Windows NT 10.0; Win64; x64) AppleWebKit/537.36 (KHTML, like Gecko) Chrome/145.0.0.0 Safari/537.36 Edg/145.0.0.0',
  timestamp: '2026-03-02 17:40:49',
  level: 'info',
  message: 'Request'
}
{
  service: 'attendance-system',
  method: 'GET',
  url: '/analytics/late-grace-settings',
  statusCode: 404,
  duration: '1ms',
  contentLength: '86',
  level: 'info',
  message: 'Response',
  timestamp: '2026-03-02 17:40:49'
}
{
  service: 'attendance-system',
  method: 'GET',
  url: '/api/admin/manage?_t=1772453449094',
  ip: '127.0.0.1',
  userAgent: 'Mozilla/5.0 (Windows NT 10.0; Win64; x64) AppleWebKit/537.36 (KHTML, like Gecko) Chrome/145.0.0.0 Safari/537.36 Edg/145.0.0.0',
  timestamp: '2026-03-02 17:40:49',
  level: 'info',
  message: 'Request'
}
{
  service: 'attendance-system',
  method: 'GET',
  url: '/?_t=1772453449094',
  statusCode: 304,
  duration: '18ms',
  contentLength: 0,
  level: 'info',
  message: 'Response',
  timestamp: '2026-03-02 17:40:49'
}
{
  service: 'attendance-system',
  method: 'GET',
  url: '/api/admin/settings/teams-webhook',
  ip: '127.0.0.1',
  userAgent: 'Mozilla/5.0 (Windows NT 10.0; Win64; x64) AppleWebKit/537.36 (KHTML, like Gecko) Chrome/145.0.0.0 Safari/537.36 Edg/145.0.0.0',
  timestamp: '2026-03-02 17:40:51',
  level: 'info',
  message: 'Request'
}
{
  service: 'attendance-system',
  method: 'GET',
  url: '/teams-webhook',
  statusCode: 200,
  duration: '10ms',
  contentLength: '499',
  level: 'info',
  message: 'Response',
  timestamp: '2026-03-02 17:40:51'
}
{
  service: 'attendance-system',
  method: 'GET',
  url: '/api/admin/settings/teams-preview?scope=morning',
  ip: '127.0.0.1',
  userAgent: 'Mozilla/5.0 (Windows NT 10.0; Win64; x64) AppleWebKit/537.36 (KHTML, like Gecko) Chrome/145.0.0.0 Safari/537.36 Edg/145.0.0.0',
  timestamp: '2026-03-02 17:40:52',
  level: 'info',
  message: 'Request'
}
{
  service: 'attendance-system',
  method: 'GET',
  url: '/teams-preview?scope=morning',
  statusCode: 200,
  duration: '50ms',
  contentLength: '5407',
  level: 'info',
  message: 'Response',
  timestamp: '2026-03-02 17:40:52'
}
{
  service: 'attendance-system',
  method: 'POST',
  url: '/api/admin/settings/teams-report-config',
  ip: '127.0.0.1',
  userAgent: 'Mozilla/5.0 (Windows NT 10.0; Win64; x64) AppleWebKit/537.36 (KHTML, like Gecko) Chrome/145.0.0.0 Safari/537.36 Edg/145.0.0.0',
  timestamp: '2026-03-02 17:41:04',
  level: 'info',
  message: 'Request'
}
{
  service: 'attendance-system',
  method: 'POST',
  url: '/teams-report-config',
  statusCode: 200,
  duration: '38ms',
  contentLength: '294',
  level: 'info',
  message: 'Response',
  timestamp: '2026-03-02 17:41:04'
}
{
  service: 'attendance-system',
  method: 'GET',
  url: '/api/admin/settings/teams-preview?scope=morning',
  ip: '127.0.0.1',
  userAgent: 'Mozilla/5.0 (Windows NT 10.0; Win64; x64) AppleWebKit/537.36 (KHTML, like Gecko) Chrome/145.0.0.0 Safari/537.36 Edg/145.0.0.0',
  timestamp: '2026-03-02 17:41:04',
  level: 'info',
  message: 'Request'
}
{
  service: 'attendance-system',
  method: 'GET',
  url: '/teams-preview?scope=morning',
  statusCode: 200,
  duration: '46ms',
  contentLength: '5409',
  level: 'info',
  message: 'Response',
  timestamp: '2026-03-02 17:41:04'
}
{
  service: 'attendance-system',
  method: 'POST',
  url: '/api/admin/settings/teams-report-config',
  ip: '127.0.0.1',
  userAgent: 'Mozilla/5.0 (Windows NT 10.0; Win64; x64) AppleWebKit/537.36 (KHTML, like Gecko) Chrome/145.0.0.0 Safari/537.36 Edg/145.0.0.0',
  timestamp: '2026-03-02 17:41:38',
  level: 'info',
  message: 'Request'
}
{
  service: 'attendance-system',
  method: 'POST',
  url: '/teams-report-config',
  statusCode: 200,
  duration: '25ms',
  contentLength: '294',
  level: 'info',
  message: 'Response',
  timestamp: '2026-03-02 17:41:38'
}
{
  service: 'attendance-system',
  method: 'GET',
  url: '/api/admin/settings/teams-preview?scope=morning',
  ip: '127.0.0.1',
  userAgent: 'Mozilla/5.0 (Windows NT 10.0; Win64; x64) AppleWebKit/537.36 (KHTML, like Gecko) Chrome/145.0.0.0 Safari/537.36 Edg/145.0.0.0',
  timestamp: '2026-03-02 17:41:38',
  level: 'info',
  message: 'Request'
}
{
  service: 'attendance-system',
  method: 'GET',
  url: '/teams-preview?scope=morning',
  statusCode: 304,
  duration: '50ms',
  contentLength: 0,
  level: 'info',
  message: 'Response',
  timestamp: '2026-03-02 17:41:38'
}
{
  service: 'attendance-system',
  method: 'POST',
  url: '/api/admin/settings/teams-report-config',
  ip: '127.0.0.1',
  userAgent: 'Mozilla/5.0 (Windows NT 10.0; Win64; x64) AppleWebKit/537.36 (KHTML, like Gecko) Chrome/145.0.0.0 Safari/537.36 Edg/145.0.0.0',
  timestamp: '2026-03-02 17:41:39',
  level: 'info',
  message: 'Request'
}
{
  service: 'attendance-system',
  method: 'POST',
  url: '/teams-report-config',
  statusCode: 200,
  duration: '12ms',
  contentLength: '294',
  level: 'info',
  message: 'Response',
  timestamp: '2026-03-02 17:41:39'
}
{
  service: 'attendance-system',
  method: 'GET',
  url: '/api/admin/settings/teams-preview?scope=morning',
  ip: '127.0.0.1',
  userAgent: 'Mozilla/5.0 (Windows NT 10.0; Win64; x64) AppleWebKit/537.36 (KHTML, like Gecko) Chrome/145.0.0.0 Safari/537.36 Edg/145.0.0.0',
  timestamp: '2026-03-02 17:41:39',
  level: 'info',
  message: 'Request'
}
{
  service: 'attendance-system',
  method: 'GET',
  url: '/teams-preview?scope=morning',
  statusCode: 304,
  duration: '60ms',
  contentLength: 0,
  level: 'info',
  message: 'Response',
  timestamp: '2026-03-02 17:41:39'
}
{
  service: 'attendance-system',
  method: 'POST',
  url: '/api/admin/settings/teams-report-config',
  ip: '127.0.0.1',
  userAgent: 'Mozilla/5.0 (Windows NT 10.0; Win64; x64) AppleWebKit/537.36 (KHTML, like Gecko) Chrome/145.0.0.0 Safari/537.36 Edg/145.0.0.0',
  timestamp: '2026-03-02 17:41:39',
  level: 'info',
  message: 'Request'
}
{
  service: 'attendance-system',
  method: 'POST',
  url: '/teams-report-config',
  statusCode: 200,
  duration: '12ms',
  contentLength: '294',
  level: 'info',
  message: 'Response',
  timestamp: '2026-03-02 17:41:39'
}
{
  service: 'attendance-system',
  method: 'GET',
  url: '/api/admin/settings/teams-preview?scope=morning',
  ip: '127.0.0.1',
  userAgent: 'Mozilla/5.0 (Windows NT 10.0; Win64; x64) AppleWebKit/537.36 (KHTML, like Gecko) Chrome/145.0.0.0 Safari/537.36 Edg/145.0.0.0',
  timestamp: '2026-03-02 17:41:39',
  level: 'info',
  message: 'Request'
}
{
  service: 'attendance-system',
  method: 'GET',
  url: '/teams-preview?scope=morning',
  statusCode: 304,
  duration: '49ms',
  contentLength: 0,
  level: 'info',
  message: 'Response',
  timestamp: '2026-03-02 17:41:39'
}
{
  service: 'attendance-system',
  method: 'POST',
  url: '/api/admin/settings/teams-report-config',
  ip: '127.0.0.1',
  userAgent: 'Mozilla/5.0 (Windows NT 10.0; Win64; x64) AppleWebKit/537.36 (KHTML, like Gecko) Chrome/145.0.0.0 Safari/537.36 Edg/145.0.0.0',
  timestamp: '2026-03-02 17:41:40',
  level: 'info',
  message: 'Request'
}
{
  service: 'attendance-system',
  method: 'POST',
  url: '/teams-report-config',
  statusCode: 200,
  duration: '16ms',
  contentLength: '294',
  level: 'info',
  message: 'Response',
  timestamp: '2026-03-02 17:41:40'
}
{
  service: 'attendance-system',
  method: 'GET',
  url: '/api/admin/settings/teams-preview?scope=morning',
  ip: '127.0.0.1',
  userAgent: 'Mozilla/5.0 (Windows NT 10.0; Win64; x64) AppleWebKit/537.36 (KHTML, like Gecko) Chrome/145.0.0.0 Safari/537.36 Edg/145.0.0.0',
  timestamp: '2026-03-02 17:41:40',
  level: 'info',
  message: 'Request'
}
{
  service: 'attendance-system',
  method: 'GET',
  url: '/teams-preview?scope=morning',
  statusCode: 304,
  duration: '57ms',
  contentLength: 0,
  level: 'info',
  message: 'Response',
  timestamp: '2026-03-02 17:41:40'
}
{
  service: 'attendance-system',
  method: 'POST',
  url: '/api/admin/settings/teams-report-config',
  ip: '127.0.0.1',
  userAgent: 'Mozilla/5.0 (Windows NT 10.0; Win64; x64) AppleWebKit/537.36 (KHTML, like Gecko) Chrome/145.0.0.0 Safari/537.36 Edg/145.0.0.0',
  timestamp: '2026-03-02 17:41:40',
  level: 'info',
  message: 'Request'
}
{
  service: 'attendance-system',
  method: 'POST',
  url: '/teams-report-config',
  statusCode: 200,
  duration: '12ms',
  contentLength: '294',
  level: 'info',
  message: 'Response',
  timestamp: '2026-03-02 17:41:40'
}
{
  service: 'attendance-system',
  method: 'GET',
  url: '/api/admin/settings/teams-preview?scope=morning',
  ip: '127.0.0.1',
  userAgent: 'Mozilla/5.0 (Windows NT 10.0; Win64; x64) AppleWebKit/537.36 (KHTML, like Gecko) Chrome/145.0.0.0 Safari/537.36 Edg/145.0.0.0',
  timestamp: '2026-03-02 17:41:40',
  level: 'info',
  message: 'Request'
}
{
  service: 'attendance-system',
  method: 'GET',
  url: '/teams-preview?scope=morning',
  statusCode: 304,
  duration: '46ms',
  contentLength: 0,
  level: 'info',
  message: 'Response',
  timestamp: '2026-03-02 17:41:40'
}
{
  service: 'attendance-system',
  method: 'POST',
  url: '/api/admin/settings/teams-report-config',
  ip: '127.0.0.1',
  userAgent: 'Mozilla/5.0 (Windows NT 10.0; Win64; x64) AppleWebKit/537.36 (KHTML, like Gecko) Chrome/145.0.0.0 Safari/537.36 Edg/145.0.0.0',
  timestamp: '2026-03-02 17:41:40',
  level: 'info',
  message: 'Request'
}
{
  service: 'attendance-system',
  method: 'POST',
  url: '/teams-report-config',
  statusCode: 200,
  duration: '11ms',
  contentLength: '294',
  level: 'info',
  message: 'Response',
  timestamp: '2026-03-02 17:41:40'
}
{
  service: 'attendance-system',
  method: 'GET',
  url: '/api/admin/settings/teams-preview?scope=morning',
  ip: '127.0.0.1',
  userAgent: 'Mozilla/5.0 (Windows NT 10.0; Win64; x64) AppleWebKit/537.36 (KHTML, like Gecko) Chrome/145.0.0.0 Safari/537.36 Edg/145.0.0.0',
  timestamp: '2026-03-02 17:41:40',
  level: 'info',
  message: 'Request'
}
{
  service: 'attendance-system',
  method: 'GET',
  url: '/teams-preview?scope=morning',
  statusCode: 304,
  duration: '43ms',
  contentLength: 0,
  level: 'info',
  message: 'Response',
  timestamp: '2026-03-02 17:41:40'
}
{
  service: 'attendance-system',
  method: 'POST',
  url: '/api/admin/settings/teams-report-config',
  ip: '127.0.0.1',
  userAgent: 'Mozilla/5.0 (Windows NT 10.0; Win64; x64) AppleWebKit/537.36 (KHTML, like Gecko) Chrome/145.0.0.0 Safari/537.36 Edg/145.0.0.0',
  timestamp: '2026-03-02 17:41:41',
  level: 'info',
  message: 'Request'
}
{
  service: 'attendance-system',
  method: 'POST',
  url: '/teams-report-config',
  statusCode: 200,
  duration: '11ms',
  contentLength: '294',
  level: 'info',
  message: 'Response',
  timestamp: '2026-03-02 17:41:41'
}
{
  service: 'attendance-system',
  method: 'GET',
  url: '/api/admin/settings/teams-preview?scope=morning',
  ip: '127.0.0.1',
  userAgent: 'Mozilla/5.0 (Windows NT 10.0; Win64; x64) AppleWebKit/537.36 (KHTML, like Gecko) Chrome/145.0.0.0 Safari/537.36 Edg/145.0.0.0',
  timestamp: '2026-03-02 17:41:41',
  level: 'info',
  message: 'Request'
}
{
  service: 'attendance-system',
  method: 'GET',
  url: '/teams-preview?scope=morning',
  statusCode: 304,
  duration: '58ms',
  contentLength: 0,
  level: 'info',
  message: 'Response',
  timestamp: '2026-03-02 17:41:41'
}
{
  service: 'attendance-system',
  method: 'POST',
  url: '/api/admin/settings/teams-report-config',
  ip: '127.0.0.1',
  userAgent: 'Mozilla/5.0 (Windows NT 10.0; Win64; x64) AppleWebKit/537.36 (KHTML, like Gecko) Chrome/145.0.0.0 Safari/537.36 Edg/145.0.0.0',
  timestamp: '2026-03-02 17:41:41',
  level: 'info',
  message: 'Request'
}
{
  service: 'attendance-system',
  method: 'POST',
  url: '/teams-report-config',
  statusCode: 200,
  duration: '11ms',
  contentLength: '294',
  level: 'info',
  message: 'Response',
  timestamp: '2026-03-02 17:41:41'
}
{
  service: 'attendance-system',
  method: 'GET',
  url: '/api/admin/settings/teams-preview?scope=morning',
  ip: '127.0.0.1',
  userAgent: 'Mozilla/5.0 (Windows NT 10.0; Win64; x64) AppleWebKit/537.36 (KHTML, like Gecko) Chrome/145.0.0.0 Safari/537.36 Edg/145.0.0.0',
  timestamp: '2026-03-02 17:41:41',
  level: 'info',
  message: 'Request'
}
{
  service: 'attendance-system',
  method: 'GET',
  url: '/teams-preview?scope=morning',
  statusCode: 304,
  duration: '46ms',
  contentLength: 0,
  level: 'info',
  message: 'Response',
  timestamp: '2026-03-02 17:41:41'
}
{
  service: 'attendance-system',
  method: 'POST',
  url: '/api/admin/settings/teams-report-config',
  ip: '127.0.0.1',
  userAgent: 'Mozilla/5.0 (Windows NT 10.0; Win64; x64) AppleWebKit/537.36 (KHTML, like Gecko) Chrome/145.0.0.0 Safari/537.36 Edg/145.0.0.0',
  timestamp: '2026-03-02 17:41:41',
  level: 'info',
  message: 'Request'
}
{
  service: 'attendance-system',
  method: 'POST',
  url: '/teams-report-config',
  statusCode: 200,
  duration: '10ms',
  contentLength: '294',
  level: 'info',
  message: 'Response',
  timestamp: '2026-03-02 17:41:41'
}
{
  service: 'attendance-system',
  method: 'GET',
  url: '/api/admin/settings/teams-preview?scope=morning',
  ip: '127.0.0.1',
  userAgent: 'Mozilla/5.0 (Windows NT 10.0; Win64; x64) AppleWebKit/537.36 (KHTML, like Gecko) Chrome/145.0.0.0 Safari/537.36 Edg/145.0.0.0',
  timestamp: '2026-03-02 17:41:41',
  level: 'info',
  message: 'Request'
}
{
  service: 'attendance-system',
  method: 'GET',
  url: '/teams-preview?scope=morning',
  statusCode: 304,
  duration: '41ms',
  contentLength: 0,
  level: 'info',
  message: 'Response',
  timestamp: '2026-03-02 17:41:41'
}
{
  service: 'attendance-system',
  method: 'POST',
  url: '/api/admin/settings/teams-report-config',
  ip: '127.0.0.1',
  userAgent: 'Mozilla/5.0 (Windows NT 10.0; Win64; x64) AppleWebKit/537.36 (KHTML, like Gecko) Chrome/145.0.0.0 Safari/537.36 Edg/145.0.0.0',
  timestamp: '2026-03-02 17:41:41',
  level: 'info',
  message: 'Request'
}
{
  service: 'attendance-system',
  method: 'POST',
  url: '/teams-report-config',
  statusCode: 200,
  duration: '11ms',
  contentLength: '294',
  level: 'info',
  message: 'Response',
  timestamp: '2026-03-02 17:41:41'
}
{
  service: 'attendance-system',
  method: 'GET',
  url: '/api/admin/settings/teams-preview?scope=morning',
  ip: '127.0.0.1',
  userAgent: 'Mozilla/5.0 (Windows NT 10.0; Win64; x64) AppleWebKit/537.36 (KHTML, like Gecko) Chrome/145.0.0.0 Safari/537.36 Edg/145.0.0.0',
  timestamp: '2026-03-02 17:41:41',
  level: 'info',
  message: 'Request'
}
{
  service: 'attendance-system',
  method: 'GET',
  url: '/teams-preview?scope=morning',
  statusCode: 304,
  duration: '52ms',
  contentLength: 0,
  level: 'info',
  message: 'Response',
  timestamp: '2026-03-02 17:41:41'
}
{
  service: 'attendance-system',
  method: 'POST',
  url: '/api/admin/settings/teams-report-config',
  ip: '127.0.0.1',
  userAgent: 'Mozilla/5.0 (Windows NT 10.0; Win64; x64) AppleWebKit/537.36 (KHTML, like Gecko) Chrome/145.0.0.0 Safari/537.36 Edg/145.0.0.0',
  timestamp: '2026-03-02 17:41:42',
  level: 'info',
  message: 'Request'
}
{
  service: 'attendance-system',
  method: 'POST',
  url: '/teams-report-config',
  statusCode: 200,
  duration: '11ms',
  contentLength: '294',
  level: 'info',
  message: 'Response',
  timestamp: '2026-03-02 17:41:42'
}
{
  service: 'attendance-system',
  method: 'GET',
  url: '/api/admin/settings/teams-preview?scope=morning',
  ip: '127.0.0.1',
  userAgent: 'Mozilla/5.0 (Windows NT 10.0; Win64; x64) AppleWebKit/537.36 (KHTML, like Gecko) Chrome/145.0.0.0 Safari/537.36 Edg/145.0.0.0',
  timestamp: '2026-03-02 17:41:42',
  level: 'info',
  message: 'Request'
}
{
  service: 'attendance-system',
  method: 'GET',
  url: '/teams-preview?scope=morning',
  statusCode: 304,
  duration: '41ms',
  contentLength: 0,
  level: 'info',
  message: 'Response',
  timestamp: '2026-03-02 17:41:42'
}
{
  service: 'attendance-system',
  method: 'GET',
  url: '/api/admin/settings/teams-status-overrides?date=2026-03-02',
  ip: '127.0.0.1',
  userAgent: 'Mozilla/5.0 (Windows NT 10.0; Win64; x64) AppleWebKit/537.36 (KHTML, like Gecko) Chrome/145.0.0.0 Safari/537.36 Edg/145.0.0.0',
  timestamp: '2026-03-02 17:41:51',
  level: 'info',
  message: 'Request'
}
{
  service: 'attendance-system',
  method: 'GET',
  url: '/teams-status-overrides?date=2026-03-02',
  statusCode: 200,
  duration: '9ms',
  contentLength: '16',
  level: 'info',
  message: 'Response',
  timestamp: '2026-03-02 17:41:51'
}
{
  service: 'attendance-system',
  method: 'GET',
  url: '/api/admin/settings/teams-upcoming-leaves?weeks=2',
  ip: '127.0.0.1',
  userAgent: 'Mozilla/5.0 (Windows NT 10.0; Win64; x64) AppleWebKit/537.36 (KHTML, like Gecko) Chrome/145.0.0.0 Safari/537.36 Edg/145.0.0.0',
  timestamp: '2026-03-02 17:41:56',
  level: 'info',
  message: 'Request'
}
{
  service: 'attendance-system',
  method: 'GET',
  url: '/teams-upcoming-leaves?weeks=2',
  statusCode: 200,
  duration: '29ms',
  contentLength: '1677',
  level: 'info',
  message: 'Response',
  timestamp: '2026-03-02 17:41:56'
}
{
  service: 'attendance-system',
  method: 'GET',
  url: '/api/admin/leave-years/active',
  ip: '127.0.0.1',
  userAgent: 'Mozilla/5.0 (Windows NT 10.0; Win64; x64) AppleWebKit/537.36 (KHTML, like Gecko) Chrome/145.0.0.0 Safari/537.36 Edg/145.0.0.0',
  timestamp: '2026-03-02 17:43:59',
  level: 'info',
  message: 'Request'
}
{
  service: 'attendance-system',
  method: 'GET',
  url: '/api/auth/me',
  ip: '127.0.0.1',
  userAgent: 'Mozilla/5.0 (Windows NT 10.0; Win64; x64) AppleWebKit/537.36 (KHTML, like Gecko) Chrome/145.0.0.0 Safari/537.36 Edg/145.0.0.0',
  timestamp: '2026-03-02 17:43:59',
  level: 'info',
  message: 'Request'
}
{
  service: 'attendance-system',
  method: 'GET',
  url: '/api/admin/leave-years/active',
  ip: '127.0.0.1',
  userAgent: 'Mozilla/5.0 (Windows NT 10.0; Win64; x64) AppleWebKit/537.36 (KHTML, like Gecko) Chrome/145.0.0.0 Safari/537.36 Edg/145.0.0.0',
  timestamp: '2026-03-02 17:43:59',
  level: 'info',
  message: 'Request'
}
{
  service: 'attendance-system',
  method: 'GET',
  url: '/active',
  statusCode: 200,
  duration: '23ms',
  contentLength: '194',
  level: 'info',
  message: 'Response',
  timestamp: '2026-03-02 17:43:59'
}
{
  service: 'attendance-system',
  method: 'GET',
  url: '/active',
  statusCode: 200,
  duration: '12ms',
  contentLength: '194',
  level: 'info',
  message: 'Response',
  timestamp: '2026-03-02 17:43:59'
}
{
  service: 'attendance-system',
  method: 'GET',
  url: '/me',
  statusCode: 200,
  duration: '30ms',
  contentLength: '1282',
  level: 'info',
  message: 'Response',
  timestamp: '2026-03-02 17:43:59'
}
{
  service: 'attendance-system',
  method: 'GET',
  url: '/api/announcements/last-read',
  ip: '127.0.0.1',
  userAgent: 'Mozilla/5.0 (Windows NT 10.0; Win64; x64) AppleWebKit/537.36 (KHTML, like Gecko) Chrome/145.0.0.0 Safari/537.36 Edg/145.0.0.0',
  timestamp: '2026-03-02 17:43:59',
  level: 'info',
  message: 'Request'
}
{
  service: 'attendance-system',
  method: 'GET',
  url: '/api/attendance/current-status?_t=1772453639780',
  ip: '127.0.0.1',
  userAgent: 'Mozilla/5.0 (Windows NT 10.0; Win64; x64) AppleWebKit/537.36 (KHTML, like Gecko) Chrome/145.0.0.0 Safari/537.36 Edg/145.0.0.0',
  timestamp: '2026-03-02 17:43:59',
  level: 'info',
  message: 'Request'
}
{
  service: 'attendance-system',
  method: 'GET',
  url: '/api/new-notifications',
  ip: '127.0.0.1',
  userAgent: 'Mozilla/5.0 (Windows NT 10.0; Win64; x64) AppleWebKit/537.36 (KHTML, like Gecko) Chrome/145.0.0.0 Safari/537.36 Edg/145.0.0.0',
  timestamp: '2026-03-02 17:43:59',
  level: 'info',
  message: 'Request'
}
{
  service: 'attendance-system',
  method: 'GET',
  url: '/last-read',
  statusCode: 304,
  duration: '34ms',
  contentLength: 0,
  level: 'info',
  message: 'Response',
  timestamp: '2026-03-02 17:43:59'
}
{
  service: 'attendance-system',
  method: 'GET',
  url: '/api/admin/manage?_t=1772453639798',
  ip: '127.0.0.1',
  userAgent: 'Mozilla/5.0 (Windows NT 10.0; Win64; x64) AppleWebKit/537.36 (KHTML, like Gecko) Chrome/145.0.0.0 Safari/537.36 Edg/145.0.0.0',
  timestamp: '2026-03-02 17:43:59',
  level: 'info',
  message: 'Request'
}
{
  service: 'attendance-system',
  method: 'GET',
  url: '/api/analytics/late-grace-settings',
  ip: '127.0.0.1',
  userAgent: 'Mozilla/5.0 (Windows NT 10.0; Win64; x64) AppleWebKit/537.36 (KHTML, like Gecko) Chrome/145.0.0.0 Safari/537.36 Edg/145.0.0.0',
  timestamp: '2026-03-02 17:43:59',
  level: 'info',
  message: 'Request'
}
{
  service: 'attendance-system',
  method: 'GET',
  url: '/analytics/late-grace-settings',
  statusCode: 404,
  duration: '1ms',
  contentLength: '86',
  level: 'info',
  message: 'Response',
  timestamp: '2026-03-02 17:43:59'
}
{
  service: 'attendance-system',
  method: 'GET',
  url: '/current-status?_t=1772453639780',
  statusCode: 200,
  duration: '114ms',
  contentLength: '102',
  level: 'info',
  message: 'Response',
  timestamp: '2026-03-02 17:43:59'
}
{
  service: 'attendance-system',
  method: 'GET',
  url: '/?_t=1772453639798',
  statusCode: 200,
  duration: '99ms',
  contentLength: '31543',
  level: 'info',
  message: 'Response',
  timestamp: '2026-03-02 17:43:59'
}
{
  service: 'attendance-system',
  method: 'GET',
  url: '/',
  statusCode: 200,
  duration: '122ms',
  contentLength: '27235',
  level: 'info',
  message: 'Response',
  timestamp: '2026-03-02 17:43:59'
}
{
  service: 'attendance-system',
  method: 'GET',
  url: '/api/announcements/last-read',
  ip: '127.0.0.1',
  userAgent: 'Mozilla/5.0 (Windows NT 10.0; Win64; x64) AppleWebKit/537.36 (KHTML, like Gecko) Chrome/145.0.0.0 Safari/537.36 Edg/145.0.0.0',
  timestamp: '2026-03-02 17:43:59',
  level: 'info',
  message: 'Request'
}
{
  service: 'attendance-system',
  method: 'GET',
  url: '/api/announcements',
  ip: '127.0.0.1',
  userAgent: 'Mozilla/5.0 (Windows NT 10.0; Win64; x64) AppleWebKit/537.36 (KHTML, like Gecko) Chrome/145.0.0.0 Safari/537.36 Edg/145.0.0.0',
  timestamp: '2026-03-02 17:43:59',
  level: 'info',
  message: 'Request'
}
{
  service: 'attendance-system',
  method: 'GET',
  url: '/api/analytics/late-grace-settings',
  ip: '127.0.0.1',
  userAgent: 'Mozilla/5.0 (Windows NT 10.0; Win64; x64) AppleWebKit/537.36 (KHTML, like Gecko) Chrome/145.0.0.0 Safari/537.36 Edg/145.0.0.0',
  timestamp: '2026-03-02 17:43:59',
  level: 'info',
  message: 'Request'
}
{
  service: 'attendance-system',
  method: 'GET',
  url: '/analytics/late-grace-settings',
  statusCode: 404,
  duration: '0ms',
  contentLength: '86',
  level: 'info',
  message: 'Response',
  timestamp: '2026-03-02 17:43:59'
}
{
  service: 'attendance-system',
  method: 'GET',
  url: '/last-read',
  statusCode: 304,
  duration: '16ms',
  contentLength: 0,
  level: 'info',
  message: 'Response',
  timestamp: '2026-03-02 17:43:59'
}
{
  service: 'attendance-system',
  method: 'GET',
  url: '/',
  statusCode: 304,
  duration: '15ms',
  contentLength: 0,
  level: 'info',
  message: 'Response',
  timestamp: '2026-03-02 17:43:59'
}
{
  service: 'attendance-system',
  method: 'GET',
  url: '/api/admin/manage?_t=1772453639798',
  ip: '127.0.0.1',
  userAgent: 'Mozilla/5.0 (Windows NT 10.0; Win64; x64) AppleWebKit/537.36 (KHTML, like Gecko) Chrome/145.0.0.0 Safari/537.36 Edg/145.0.0.0',
  timestamp: '2026-03-02 17:43:59',
  level: 'info',
  message: 'Request'
}
{
  service: 'attendance-system',
  method: 'GET',
  url: '/api/announcements/last-read',
  ip: '127.0.0.1',
  userAgent: 'Mozilla/5.0 (Windows NT 10.0; Win64; x64) AppleWebKit/537.36 (KHTML, like Gecko) Chrome/145.0.0.0 Safari/537.36 Edg/145.0.0.0',
  timestamp: '2026-03-02 17:43:59',
  level: 'info',
  message: 'Request'
}
{
  service: 'attendance-system',
  method: 'GET',
  url: '/?_t=1772453639798',
  statusCode: 304,
  duration: '16ms',
  contentLength: 0,
  level: 'info',
  message: 'Response',
  timestamp: '2026-03-02 17:43:59'
}
{
  service: 'attendance-system',
  method: 'GET',
  url: '/last-read',
  statusCode: 304,
  duration: '13ms',
  contentLength: 0,
  level: 'info',
  message: 'Response',
  timestamp: '2026-03-02 17:43:59'
}
{
  service: 'attendance-system',
  method: 'GET',
  url: '/api/admin/leave-years/active',
  ip: '127.0.0.1',
  userAgent: 'Mozilla/5.0 (Windows NT 10.0; Win64; x64) AppleWebKit/537.36 (KHTML, like Gecko) Chrome/145.0.0.0 Safari/537.36 Edg/145.0.0.0',
  timestamp: '2026-03-02 17:44:08',
  level: 'info',
  message: 'Request'
}
{
  service: 'attendance-system',
  method: 'GET',
  url: '/api/auth/me',
  ip: '127.0.0.1',
  userAgent: 'Mozilla/5.0 (Windows NT 10.0; Win64; x64) AppleWebKit/537.36 (KHTML, like Gecko) Chrome/145.0.0.0 Safari/537.36 Edg/145.0.0.0',
  timestamp: '2026-03-02 17:44:08',
  level: 'info',
  message: 'Request'
}
{
  service: 'attendance-system',
  method: 'GET',
  url: '/me',
  statusCode: 200,
  duration: '5ms',
  contentLength: '1282',
  level: 'info',
  message: 'Response',
  timestamp: '2026-03-02 17:44:08'
}
{
  service: 'attendance-system',
  method: 'GET',
  url: '/api/admin/leave-years/active',
  ip: '127.0.0.1',
  userAgent: 'Mozilla/5.0 (Windows NT 10.0; Win64; x64) AppleWebKit/537.36 (KHTML, like Gecko) Chrome/145.0.0.0 Safari/537.36 Edg/145.0.0.0',
  timestamp: '2026-03-02 17:44:08',
  level: 'info',
  message: 'Request'
}
{
  service: 'attendance-system',
  method: 'GET',
  url: '/active',
  statusCode: 200,
  duration: '17ms',
  contentLength: '194',
  level: 'info',
  message: 'Response',
  timestamp: '2026-03-02 17:44:08'
}
{
  service: 'attendance-system',
  method: 'GET',
  url: '/active',
  statusCode: 200,
  duration: '12ms',
  contentLength: '194',
  level: 'info',
  message: 'Response',
  timestamp: '2026-03-02 17:44:08'
}
{
  service: 'attendance-system',
  method: 'GET',
  url: '/api/announcements/last-read',
  ip: '127.0.0.1',
  userAgent: 'Mozilla/5.0 (Windows NT 10.0; Win64; x64) AppleWebKit/537.36 (KHTML, like Gecko) Chrome/145.0.0.0 Safari/537.36 Edg/145.0.0.0',
  timestamp: '2026-03-02 17:44:08',
  level: 'info',
  message: 'Request'
}
{
  service: 'attendance-system',
  method: 'GET',
  url: '/api/attendance/current-status?_t=1772453648252',
  ip: '127.0.0.1',
  userAgent: 'Mozilla/5.0 (Windows NT 10.0; Win64; x64) AppleWebKit/537.36 (KHTML, like Gecko) Chrome/145.0.0.0 Safari/537.36 Edg/145.0.0.0',
  timestamp: '2026-03-02 17:44:08',
  level: 'info',
  message: 'Request'
}
{
  service: 'attendance-system',
  method: 'GET',
  url: '/api/new-notifications',
  ip: '127.0.0.1',
  userAgent: 'Mozilla/5.0 (Windows NT 10.0; Win64; x64) AppleWebKit/537.36 (KHTML, like Gecko) Chrome/145.0.0.0 Safari/537.36 Edg/145.0.0.0',
  timestamp: '2026-03-02 17:44:08',
  level: 'info',
  message: 'Request'
}
{
  service: 'attendance-system',
  method: 'GET',
  url: '/api/announcements/last-read',
  ip: '127.0.0.1',
  userAgent: 'Mozilla/5.0 (Windows NT 10.0; Win64; x64) AppleWebKit/537.36 (KHTML, like Gecko) Chrome/145.0.0.0 Safari/537.36 Edg/145.0.0.0',
  timestamp: '2026-03-02 17:44:08',
  level: 'info',
  message: 'Request'
}
{
  service: 'attendance-system',
  method: 'GET',
  url: '/api/announcements/last-read',
  ip: '127.0.0.1',
  userAgent: 'Mozilla/5.0 (Windows NT 10.0; Win64; x64) AppleWebKit/537.36 (KHTML, like Gecko) Chrome/145.0.0.0 Safari/537.36 Edg/145.0.0.0',
  timestamp: '2026-03-02 17:44:08',
  level: 'info',
  message: 'Request'
}
{
  service: 'attendance-system',
  method: 'GET',
  url: '/last-read',
  statusCode: 200,
  duration: '24ms',
  contentLength: '43',
  level: 'info',
  message: 'Response',
  timestamp: '2026-03-02 17:44:08'
}
{
  service: 'attendance-system',
  method: 'GET',
  url: '/last-read',
  statusCode: 200,
  duration: '15ms',
  contentLength: '43',
  level: 'info',
  message: 'Response',
  timestamp: '2026-03-02 17:44:08'
}
{
  service: 'attendance-system',
  method: 'GET',
  url: '/last-read',
  statusCode: 200,
  duration: '13ms',
  contentLength: '43',
  level: 'info',
  message: 'Response',
  timestamp: '2026-03-02 17:44:08'
}
{
  service: 'attendance-system',
  method: 'GET',
  url: '/current-status?_t=1772453648252',
  statusCode: 200,
  duration: '32ms',
  contentLength: '102',
  level: 'info',
  message: 'Response',
  timestamp: '2026-03-02 17:44:08'
}
{
  service: 'attendance-system',
  method: 'GET',
  url: '/',
  statusCode: 200,
  duration: '30ms',
  contentLength: '27235',
  level: 'info',
  message: 'Response',
  timestamp: '2026-03-02 17:44:08'
}
{
  service: 'attendance-system',
  method: 'GET',
  url: '/api/admin/manage?_t=1772453648284',
  ip: '127.0.0.1',
  userAgent: 'Mozilla/5.0 (Windows NT 10.0; Win64; x64) AppleWebKit/537.36 (KHTML, like Gecko) Chrome/145.0.0.0 Safari/537.36 Edg/145.0.0.0',
  timestamp: '2026-03-02 17:44:08',
  level: 'info',
  message: 'Request'
}
{
  service: 'attendance-system',
  method: 'GET',
  url: '/api/analytics/late-grace-settings',
  ip: '127.0.0.1',
  userAgent: 'Mozilla/5.0 (Windows NT 10.0; Win64; x64) AppleWebKit/537.36 (KHTML, like Gecko) Chrome/145.0.0.0 Safari/537.36 Edg/145.0.0.0',
  timestamp: '2026-03-02 17:44:08',
  level: 'info',
  message: 'Request'
}
{
  service: 'attendance-system',
  method: 'GET',
  url: '/analytics/late-grace-settings',
  statusCode: 404,
  duration: '1ms',
  contentLength: '86',
  level: 'info',
  message: 'Response',
  timestamp: '2026-03-02 17:44:08'
}
{
  service: 'attendance-system',
  method: 'GET',
  url: '/?_t=1772453648284',
  statusCode: 200,
  duration: '12ms',
  contentLength: '31543',
  level: 'info',
  message: 'Response',
  timestamp: '2026-03-02 17:44:08'
}
{
  service: 'attendance-system',
  method: 'GET',
  url: '/api/analytics/late-grace-settings',
  ip: '127.0.0.1',
  userAgent: 'Mozilla/5.0 (Windows NT 10.0; Win64; x64) AppleWebKit/537.36 (KHTML, like Gecko) Chrome/145.0.0.0 Safari/537.36 Edg/145.0.0.0',
  timestamp: '2026-03-02 17:44:08',
  level: 'info',
  message: 'Request'
}
{
  service: 'attendance-system',
  method: 'GET',
  url: '/analytics/late-grace-settings',
  statusCode: 404,
  duration: '1ms',
  contentLength: '86',
  level: 'info',
  message: 'Response',
  timestamp: '2026-03-02 17:44:08'
}
{
  service: 'attendance-system',
  method: 'GET',
  url: '/api/admin/manage?_t=1772453648284',
  ip: '127.0.0.1',
  userAgent: 'Mozilla/5.0 (Windows NT 10.0; Win64; x64) AppleWebKit/537.36 (KHTML, like Gecko) Chrome/145.0.0.0 Safari/537.36 Edg/145.0.0.0',
  timestamp: '2026-03-02 17:44:08',
  level: 'info',
  message: 'Request'
}
{
  service: 'attendance-system',
  method: 'GET',
  url: '/?_t=1772453648284',
  statusCode: 304,
  duration: '9ms',
  contentLength: 0,
  level: 'info',
  message: 'Response',
  timestamp: '2026-03-02 17:44:08'
}
{
  service: 'attendance-system',
  method: 'GET',
  url: '/api/auth/me',
  ip: '127.0.0.1',
  userAgent: 'Mozilla/5.0 (Windows NT 10.0; Win64; x64) AppleWebKit/537.36 (KHTML, like Gecko) Chrome/145.0.0.0 Safari/537.36 Edg/145.0.0.0',
  timestamp: '2026-03-02 17:45:15',
  level: 'info',
  message: 'Request'
}
{
  service: 'attendance-system',
  method: 'GET',
  url: '/me',
  statusCode: 304,
  duration: '2ms',
  contentLength: 0,
  level: 'info',
  message: 'Response',
  timestamp: '2026-03-02 17:45:15'
}
{
  service: 'attendance-system',
  method: 'GET',
  url: '/api/admin/leave-years/active',
  ip: '127.0.0.1',
  userAgent: 'Mozilla/5.0 (Windows NT 10.0; Win64; x64) AppleWebKit/537.36 (KHTML, like Gecko) Chrome/145.0.0.0 Safari/537.36 Edg/145.0.0.0',
  timestamp: '2026-03-02 17:45:15',
  level: 'info',
  message: 'Request'
}
{
  service: 'attendance-system',
  method: 'GET',
  url: '/active',
  statusCode: 304,
  duration: '6ms',
  contentLength: 0,
  level: 'info',
  message: 'Response',
  timestamp: '2026-03-02 17:45:15'
}
{
  service: 'attendance-system',
  method: 'GET',
  url: '/api/admin/leave-years/active',
  ip: '127.0.0.1',
  userAgent: 'Mozilla/5.0 (Windows NT 10.0; Win64; x64) AppleWebKit/537.36 (KHTML, like Gecko) Chrome/145.0.0.0 Safari/537.36 Edg/145.0.0.0',
  timestamp: '2026-03-02 17:45:15',
  level: 'info',
  message: 'Request'
}
{
  service: 'attendance-system',
  method: 'GET',
  url: '/active',
  statusCode: 304,
  duration: '7ms',
  contentLength: 0,
  level: 'info',
  message: 'Response',
  timestamp: '2026-03-02 17:45:15'
}
{
  service: 'attendance-system',
  method: 'GET',
  url: '/api/announcements/last-read',
  ip: '127.0.0.1',
  userAgent: 'Mozilla/5.0 (Windows NT 10.0; Win64; x64) AppleWebKit/537.36 (KHTML, like Gecko) Chrome/145.0.0.0 Safari/537.36 Edg/145.0.0.0',
  timestamp: '2026-03-02 17:45:15',
  level: 'info',
  message: 'Request'
}
{
  service: 'attendance-system',
  method: 'GET',
  url: '/api/attendance/current-status?_t=1772453715531',
  ip: '127.0.0.1',
  userAgent: 'Mozilla/5.0 (Windows NT 10.0; Win64; x64) AppleWebKit/537.36 (KHTML, like Gecko) Chrome/145.0.0.0 Safari/537.36 Edg/145.0.0.0',
  timestamp: '2026-03-02 17:45:15',
  level: 'info',
  message: 'Request'
}
{
  service: 'attendance-system',
  method: 'GET',
  url: '/api/new-notifications',
  ip: '127.0.0.1',
  userAgent: 'Mozilla/5.0 (Windows NT 10.0; Win64; x64) AppleWebKit/537.36 (KHTML, like Gecko) Chrome/145.0.0.0 Safari/537.36 Edg/145.0.0.0',
  timestamp: '2026-03-02 17:45:15',
  level: 'info',
  message: 'Request'
}
{
  service: 'attendance-system',
  method: 'GET',
  url: '/last-read',
  statusCode: 304,
  duration: '7ms',
  contentLength: 0,
  level: 'info',
  message: 'Response',
  timestamp: '2026-03-02 17:45:15'
}
{
  service: 'attendance-system',
  method: 'GET',
  url: '/api/announcements/last-read',
  ip: '127.0.0.1',
  userAgent: 'Mozilla/5.0 (Windows NT 10.0; Win64; x64) AppleWebKit/537.36 (KHTML, like Gecko) Chrome/145.0.0.0 Safari/537.36 Edg/145.0.0.0',
  timestamp: '2026-03-02 17:45:15',
  level: 'info',
  message: 'Request'
}
{
  service: 'attendance-system',
  method: 'GET',
  url: '/current-status?_t=1772453715531',
  statusCode: 200,
  duration: '11ms',
  contentLength: '102',
  level: 'info',
  message: 'Response',
  timestamp: '2026-03-02 17:45:15'
}
{
  service: 'attendance-system',
  method: 'GET',
  url: '/last-read',
  statusCode: 304,
  duration: '8ms',
  contentLength: 0,
  level: 'info',
  message: 'Response',
  timestamp: '2026-03-02 17:45:15'
}
{
  service: 'attendance-system',
  method: 'GET',
  url: '/api/announcements',
  ip: '127.0.0.1',
  userAgent: 'Mozilla/5.0 (Windows NT 10.0; Win64; x64) AppleWebKit/537.36 (KHTML, like Gecko) Chrome/145.0.0.0 Safari/537.36 Edg/145.0.0.0',
  timestamp: '2026-03-02 17:45:15',
  level: 'info',
  message: 'Request'
}
{
  service: 'attendance-system',
  method: 'GET',
  url: '/api/announcements/last-read',
  ip: '127.0.0.1',
  userAgent: 'Mozilla/5.0 (Windows NT 10.0; Win64; x64) AppleWebKit/537.36 (KHTML, like Gecko) Chrome/145.0.0.0 Safari/537.36 Edg/145.0.0.0',
  timestamp: '2026-03-02 17:45:15',
  level: 'info',
  message: 'Request'
}
{
  service: 'attendance-system',
  method: 'GET',
  url: '/',
  statusCode: 304,
  duration: '25ms',
  contentLength: 0,
  level: 'info',
  message: 'Response',
  timestamp: '2026-03-02 17:45:15'
}
{
  service: 'attendance-system',
  method: 'GET',
  url: '/',
  statusCode: 304,
  duration: '10ms',
  contentLength: 0,
  level: 'info',
  message: 'Response',
  timestamp: '2026-03-02 17:45:15'
}
{
  service: 'attendance-system',
  method: 'GET',
  url: '/last-read',
  statusCode: 304,
  duration: '9ms',
  contentLength: 0,
  level: 'info',
  message: 'Response',
  timestamp: '2026-03-02 17:45:15'
}
{
  service: 'attendance-system',
  method: 'GET',
  url: '/api/admin/manage?_t=1772453715605',
  ip: '127.0.0.1',
  userAgent: 'Mozilla/5.0 (Windows NT 10.0; Win64; x64) AppleWebKit/537.36 (KHTML, like Gecko) Chrome/145.0.0.0 Safari/537.36 Edg/145.0.0.0',
  timestamp: '2026-03-02 17:45:15',
  level: 'info',
  message: 'Request'
}
{
  service: 'attendance-system',
  method: 'GET',
  url: '/api/analytics/late-grace-settings',
  ip: '127.0.0.1',
  userAgent: 'Mozilla/5.0 (Windows NT 10.0; Win64; x64) AppleWebKit/537.36 (KHTML, like Gecko) Chrome/145.0.0.0 Safari/537.36 Edg/145.0.0.0',
  timestamp: '2026-03-02 17:45:15',
  level: 'info',
  message: 'Request'
}
{
  service: 'attendance-system',
  method: 'GET',
  url: '/analytics/late-grace-settings',
  statusCode: 404,
  duration: '0ms',
  contentLength: '86',
  level: 'info',
  message: 'Response',
  timestamp: '2026-03-02 17:45:15'
}
{
  service: 'attendance-system',
  method: 'GET',
  url: '/api/analytics/late-grace-settings',
  ip: '127.0.0.1',
  userAgent: 'Mozilla/5.0 (Windows NT 10.0; Win64; x64) AppleWebKit/537.36 (KHTML, like Gecko) Chrome/145.0.0.0 Safari/537.36 Edg/145.0.0.0',
  timestamp: '2026-03-02 17:45:15',
  level: 'info',
  message: 'Request'
}
{
  service: 'attendance-system',
  method: 'GET',
  url: '/analytics/late-grace-settings',
  statusCode: 404,
  duration: '1ms',
  contentLength: '86',
  level: 'info',
  message: 'Response',
  timestamp: '2026-03-02 17:45:15'
}
{
  service: 'attendance-system',
  method: 'GET',
  url: '/?_t=1772453715605',
  statusCode: 200,
  duration: '12ms',
  contentLength: '31543',
  level: 'info',
  message: 'Response',
  timestamp: '2026-03-02 17:45:15'
}
{
  service: 'attendance-system',
  method: 'GET',
  url: '/api/admin/manage?_t=1772453715605',
  ip: '127.0.0.1',
  userAgent: 'Mozilla/5.0 (Windows NT 10.0; Win64; x64) AppleWebKit/537.36 (KHTML, like Gecko) Chrome/145.0.0.0 Safari/537.36 Edg/145.0.0.0',
  timestamp: '2026-03-02 17:45:15',
  level: 'info',
  message: 'Request'
}
{
  service: 'attendance-system',
  method: 'GET',
  url: '/?_t=1772453715605',
  statusCode: 304,
  duration: '10ms',
  contentLength: 0,
  level: 'info',
  message: 'Response',
  timestamp: '2026-03-02 17:45:15'
}
{
  service: 'attendance-system',
  method: 'GET',
  url: '/api/admin/leave-years/active',
  ip: '127.0.0.1',
  userAgent: 'Mozilla/5.0 (Windows NT 10.0; Win64; x64) AppleWebKit/537.36 (KHTML, like Gecko) Chrome/145.0.0.0 Safari/537.36 Edg/145.0.0.0',
  timestamp: '2026-03-02 17:45:17',
  level: 'info',
  message: 'Request'
}
{
  service: 'attendance-system',
  method: 'GET',
  url: '/api/auth/me',
  ip: '127.0.0.1',
  userAgent: 'Mozilla/5.0 (Windows NT 10.0; Win64; x64) AppleWebKit/537.36 (KHTML, like Gecko) Chrome/145.0.0.0 Safari/537.36 Edg/145.0.0.0',
  timestamp: '2026-03-02 17:45:17',
  level: 'info',
  message: 'Request'
}
{
  service: 'attendance-system',
  method: 'GET',
  url: '/me',
  statusCode: 200,
  duration: '5ms',
  contentLength: '1282',
  level: 'info',
  message: 'Response',
  timestamp: '2026-03-02 17:45:17'
}
{
  service: 'attendance-system',
  method: 'GET',
  url: '/api/admin/leave-years/active',
  ip: '127.0.0.1',
  userAgent: 'Mozilla/5.0 (Windows NT 10.0; Win64; x64) AppleWebKit/537.36 (KHTML, like Gecko) Chrome/145.0.0.0 Safari/537.36 Edg/145.0.0.0',
  timestamp: '2026-03-02 17:45:17',
  level: 'info',
  message: 'Request'
}
{
  service: 'attendance-system',
  method: 'GET',
  url: '/active',
  statusCode: 200,
  duration: '15ms',
  contentLength: '194',
  level: 'info',
  message: 'Response',
  timestamp: '2026-03-02 17:45:17'
}
{
  service: 'attendance-system',
  method: 'GET',
  url: '/active',
  statusCode: 200,
  duration: '10ms',
  contentLength: '194',
  level: 'info',
  message: 'Response',
  timestamp: '2026-03-02 17:45:17'
}
{
  service: 'attendance-system',
  method: 'GET',
  url: '/api/announcements/last-read',
  ip: '127.0.0.1',
  userAgent: 'Mozilla/5.0 (Windows NT 10.0; Win64; x64) AppleWebKit/537.36 (KHTML, like Gecko) Chrome/145.0.0.0 Safari/537.36 Edg/145.0.0.0',
  timestamp: '2026-03-02 17:45:17',
  level: 'info',
  message: 'Request'
}
{
  service: 'attendance-system',
  method: 'GET',
  url: '/api/announcements/last-read',
  ip: '127.0.0.1',
  userAgent: 'Mozilla/5.0 (Windows NT 10.0; Win64; x64) AppleWebKit/537.36 (KHTML, like Gecko) Chrome/145.0.0.0 Safari/537.36 Edg/145.0.0.0',
  timestamp: '2026-03-02 17:45:17',
  level: 'info',
  message: 'Request'
}
{
  service: 'attendance-system',
  method: 'GET',
  url: '/api/attendance/current-status?_t=1772453717338',
  ip: '127.0.0.1',
  userAgent: 'Mozilla/5.0 (Windows NT 10.0; Win64; x64) AppleWebKit/537.36 (KHTML, like Gecko) Chrome/145.0.0.0 Safari/537.36 Edg/145.0.0.0',
  timestamp: '2026-03-02 17:45:17',
  level: 'info',
  message: 'Request'
}
{
  service: 'attendance-system',
  method: 'GET',
  url: '/api/new-notifications',
  ip: '127.0.0.1',
  userAgent: 'Mozilla/5.0 (Windows NT 10.0; Win64; x64) AppleWebKit/537.36 (KHTML, like Gecko) Chrome/145.0.0.0 Safari/537.36 Edg/145.0.0.0',
  timestamp: '2026-03-02 17:45:17',
  level: 'info',
  message: 'Request'
}
{
  service: 'attendance-system',
  method: 'GET',
  url: '/api/announcements/last-read',
  ip: '127.0.0.1',
  userAgent: 'Mozilla/5.0 (Windows NT 10.0; Win64; x64) AppleWebKit/537.36 (KHTML, like Gecko) Chrome/145.0.0.0 Safari/537.36 Edg/145.0.0.0',
  timestamp: '2026-03-02 17:45:17',
  level: 'info',
  message: 'Request'
}
{
  service: 'attendance-system',
  method: 'GET',
  url: '/last-read',
  statusCode: 200,
  duration: '43ms',
  contentLength: '43',
  level: 'info',
  message: 'Response',
  timestamp: '2026-03-02 17:45:17'
}
{
  service: 'attendance-system',
  method: 'GET',
  url: '/last-read',
  statusCode: 200,
  duration: '35ms',
  contentLength: '43',
  level: 'info',
  message: 'Response',
  timestamp: '2026-03-02 17:45:17'
}
{
  service: 'attendance-system',
  method: 'GET',
  url: '/last-read',
  statusCode: 200,
  duration: '19ms',
  contentLength: '43',
  level: 'info',
  message: 'Response',
  timestamp: '2026-03-02 17:45:17'
}
{
  service: 'attendance-system',
  method: 'GET',
  url: '/current-status?_t=1772453717338',
  statusCode: 200,
  duration: '43ms',
  contentLength: '102',
  level: 'info',
  message: 'Response',
  timestamp: '2026-03-02 17:45:17'
}
{
  service: 'attendance-system',
  method: 'GET',
  url: '/',
  statusCode: 200,
  duration: '42ms',
  contentLength: '27235',
  level: 'info',
  message: 'Response',
  timestamp: '2026-03-02 17:45:17'
}
{
  service: 'attendance-system',
  method: 'GET',
  url: '/api/admin/manage?_t=1772453717396',
  ip: '127.0.0.1',
  userAgent: 'Mozilla/5.0 (Windows NT 10.0; Win64; x64) AppleWebKit/537.36 (KHTML, like Gecko) Chrome/145.0.0.0 Safari/537.36 Edg/145.0.0.0',
  timestamp: '2026-03-02 17:45:17',
  level: 'info',
  message: 'Request'
}
{
  service: 'attendance-system',
  method: 'GET',
  url: '/api/analytics/late-grace-settings',
  ip: '127.0.0.1',
  userAgent: 'Mozilla/5.0 (Windows NT 10.0; Win64; x64) AppleWebKit/537.36 (KHTML, like Gecko) Chrome/145.0.0.0 Safari/537.36 Edg/145.0.0.0',
  timestamp: '2026-03-02 17:45:17',
  level: 'info',
  message: 'Request'
}
{
  service: 'attendance-system',
  method: 'GET',
  url: '/analytics/late-grace-settings',
  statusCode: 404,
  duration: '0ms',
  contentLength: '86',
  level: 'info',
  message: 'Response',
  timestamp: '2026-03-02 17:45:17'
}
{
  service: 'attendance-system',
  method: 'GET',
  url: '/api/analytics/late-grace-settings',
  ip: '127.0.0.1',
  userAgent: 'Mozilla/5.0 (Windows NT 10.0; Win64; x64) AppleWebKit/537.36 (KHTML, like Gecko) Chrome/145.0.0.0 Safari/537.36 Edg/145.0.0.0',
  timestamp: '2026-03-02 17:45:17',
  level: 'info',
  message: 'Request'
}
{
  service: 'attendance-system',
  method: 'GET',
  url: '/analytics/late-grace-settings',
  statusCode: 404,
  duration: '1ms',
  contentLength: '86',
  level: 'info',
  message: 'Response',
  timestamp: '2026-03-02 17:45:17'
}
{
  service: 'attendance-system',
  method: 'GET',
  url: '/?_t=1772453717396',
  statusCode: 200,
  duration: '17ms',
  contentLength: '31543',
  level: 'info',
  message: 'Response',
  timestamp: '2026-03-02 17:45:17'
}
{
  service: 'attendance-system',
  method: 'GET',
  url: '/api/admin/manage?_t=1772453717396',
  ip: '127.0.0.1',
  userAgent: 'Mozilla/5.0 (Windows NT 10.0; Win64; x64) AppleWebKit/537.36 (KHTML, like Gecko) Chrome/145.0.0.0 Safari/537.36 Edg/145.0.0.0',
  timestamp: '2026-03-02 17:45:17',
  level: 'info',
  message: 'Request'
}
{
  service: 'attendance-system',
  method: 'GET',
  url: '/?_t=1772453717396',
  statusCode: 304,
  duration: '26ms',
  contentLength: 0,
  level: 'info',
  message: 'Response',
  timestamp: '2026-03-02 17:45:17'
}
{
  service: 'attendance-system',
  method: 'GET',
  url: '/api/admin/employees?all=true&slim=true&_t=1772453720119',
  ip: '127.0.0.1',
  userAgent: 'Mozilla/5.0 (Windows NT 10.0; Win64; x64) AppleWebKit/537.36 (KHTML, like Gecko) Chrome/145.0.0.0 Safari/537.36 Edg/145.0.0.0',
  timestamp: '2026-03-02 17:45:20',
  level: 'info',
  message: 'Request'
}
{
  service: 'attendance-system',
  method: 'GET',
  url: '/?all=true&slim=true&_t=1772453720119',
  statusCode: 200,
  duration: '35ms',
  contentLength: '12280',
  level: 'info',
  message: 'Response',
  timestamp: '2026-03-02 17:45:20'
}
{
  service: 'attendance-system',
  method: 'GET',
  url: '/api/admin/employees?all=true&slim=true&_t=1772453720119',
  ip: '127.0.0.1',
  userAgent: 'Mozilla/5.0 (Windows NT 10.0; Win64; x64) AppleWebKit/537.36 (KHTML, like Gecko) Chrome/145.0.0.0 Safari/537.36 Edg/145.0.0.0',
  timestamp: '2026-03-02 17:45:20',
  level: 'info',
  message: 'Request'
}
{
  service: 'attendance-system',
  method: 'GET',
  url: '/?all=true&slim=true&_t=1772453720119',
  statusCode: 304,
  duration: '15ms',
  contentLength: 0,
  level: 'info',
  message: 'Response',
  timestamp: '2026-03-02 17:45:20'
}
{
  service: 'attendance-system',
  method: 'GET',
  url: '/api/admin/leave-years/active',
  ip: '127.0.0.1',
  userAgent: 'Mozilla/5.0 (Windows NT 10.0; Win64; x64) AppleWebKit/537.36 (KHTML, like Gecko) Chrome/145.0.0.0 Safari/537.36 Edg/145.0.0.0',
  timestamp: '2026-03-02 17:45:23',
  level: 'info',
  message: 'Request'
}
{
  service: 'attendance-system',
  method: 'GET',
  url: '/api/auth/me',
  ip: '127.0.0.1',
  userAgent: 'Mozilla/5.0 (Windows NT 10.0; Win64; x64) AppleWebKit/537.36 (KHTML, like Gecko) Chrome/145.0.0.0 Safari/537.36 Edg/145.0.0.0',
  timestamp: '2026-03-02 17:45:23',
  level: 'info',
  message: 'Request'
}
{
  service: 'attendance-system',
  method: 'GET',
  url: '/me',
  statusCode: 200,
  duration: '4ms',
  contentLength: '1282',
  level: 'info',
  message: 'Response',
  timestamp: '2026-03-02 17:45:23'
}
{
  service: 'attendance-system',
  method: 'GET',
  url: '/api/admin/leave-years/active',
  ip: '127.0.0.1',
  userAgent: 'Mozilla/5.0 (Windows NT 10.0; Win64; x64) AppleWebKit/537.36 (KHTML, like Gecko) Chrome/145.0.0.0 Safari/537.36 Edg/145.0.0.0',
  timestamp: '2026-03-02 17:45:23',
  level: 'info',
  message: 'Request'
}
{
  service: 'attendance-system',
  method: 'GET',
  url: '/active',
  statusCode: 200,
  duration: '15ms',
  contentLength: '194',
  level: 'info',
  message: 'Response',
  timestamp: '2026-03-02 17:45:23'
}
{
  service: 'attendance-system',
  method: 'GET',
  url: '/active',
  statusCode: 200,
  duration: '9ms',
  contentLength: '194',
  level: 'info',
  message: 'Response',
  timestamp: '2026-03-02 17:45:23'
}
{
  service: 'attendance-system',
  method: 'GET',
  url: '/api/announcements/last-read',
  ip: '127.0.0.1',
  userAgent: 'Mozilla/5.0 (Windows NT 10.0; Win64; x64) AppleWebKit/537.36 (KHTML, like Gecko) Chrome/145.0.0.0 Safari/537.36 Edg/145.0.0.0',
  timestamp: '2026-03-02 17:45:23',
  level: 'info',
  message: 'Request'
}
{
  service: 'attendance-system',
  method: 'GET',
  url: '/api/attendance/current-status?_t=1772453723111',
  ip: '127.0.0.1',
  userAgent: 'Mozilla/5.0 (Windows NT 10.0; Win64; x64) AppleWebKit/537.36 (KHTML, like Gecko) Chrome/145.0.0.0 Safari/537.36 Edg/145.0.0.0',
  timestamp: '2026-03-02 17:45:23',
  level: 'info',
  message: 'Request'
}
{
  service: 'attendance-system',
  method: 'GET',
  url: '/api/new-notifications',
  ip: '127.0.0.1',
  userAgent: 'Mozilla/5.0 (Windows NT 10.0; Win64; x64) AppleWebKit/537.36 (KHTML, like Gecko) Chrome/145.0.0.0 Safari/537.36 Edg/145.0.0.0',
  timestamp: '2026-03-02 17:45:23',
  level: 'info',
  message: 'Request'
}
{
  service: 'attendance-system',
  method: 'GET',
  url: '/api/announcements/last-read',
  ip: '127.0.0.1',
  userAgent: 'Mozilla/5.0 (Windows NT 10.0; Win64; x64) AppleWebKit/537.36 (KHTML, like Gecko) Chrome/145.0.0.0 Safari/537.36 Edg/145.0.0.0',
  timestamp: '2026-03-02 17:45:23',
  level: 'info',
  message: 'Request'
}
{
  service: 'attendance-system',
  method: 'GET',
  url: '/api/announcements/last-read',
  ip: '127.0.0.1',
  userAgent: 'Mozilla/5.0 (Windows NT 10.0; Win64; x64) AppleWebKit/537.36 (KHTML, like Gecko) Chrome/145.0.0.0 Safari/537.36 Edg/145.0.0.0',
  timestamp: '2026-03-02 17:45:23',
  level: 'info',
  message: 'Request'
}
{
  service: 'attendance-system',
  method: 'GET',
  url: '/last-read',
  statusCode: 200,
  duration: '32ms',
  contentLength: '43',
  level: 'info',
  message: 'Response',
  timestamp: '2026-03-02 17:45:23'
}
{
  service: 'attendance-system',
  method: 'GET',
  url: '/last-read',
  statusCode: 200,
  duration: '17ms',
  contentLength: '43',
  level: 'info',
  message: 'Response',
  timestamp: '2026-03-02 17:45:23'
}
{
  service: 'attendance-system',
  method: 'GET',
  url: '/last-read',
  statusCode: 200,
  duration: '16ms',
  contentLength: '43',
  level: 'info',
  message: 'Response',
  timestamp: '2026-03-02 17:45:23'
}
{
  service: 'attendance-system',
  method: 'GET',
  url: '/current-status?_t=1772453723111',
  statusCode: 200,
  duration: '39ms',
  contentLength: '102',
  level: 'info',
  message: 'Response',
  timestamp: '2026-03-02 17:45:23'
}
{
  service: 'attendance-system',
  method: 'GET',
  url: '/',
  statusCode: 200,
  duration: '40ms',
  contentLength: '27235',
  level: 'info',
  message: 'Response',
  timestamp: '2026-03-02 17:45:23'
}
{
  service: 'attendance-system',
  method: 'GET',
  url: '/api/admin/employees?all=true&slim=true&_t=1772453723212',
  ip: '127.0.0.1',
  userAgent: 'Mozilla/5.0 (Windows NT 10.0; Win64; x64) AppleWebKit/537.36 (KHTML, like Gecko) Chrome/145.0.0.0 Safari/537.36 Edg/145.0.0.0',
  timestamp: '2026-03-02 17:45:23',
  level: 'info',
  message: 'Request'
}
{
  service: 'attendance-system',
  method: 'GET',
  url: '/?all=true&slim=true&_t=1772453723212',
  statusCode: 200,
  duration: '14ms',
  contentLength: '12280',
  level: 'info',
  message: 'Response',
  timestamp: '2026-03-02 17:45:23'
}
{
  service: 'attendance-system',
  method: 'GET',
  url: '/api/admin/employees?all=true&slim=true&_t=1772453723212',
  ip: '127.0.0.1',
  userAgent: 'Mozilla/5.0 (Windows NT 10.0; Win64; x64) AppleWebKit/537.36 (KHTML, like Gecko) Chrome/145.0.0.0 Safari/537.36 Edg/145.0.0.0',
  timestamp: '2026-03-02 17:45:23',
  level: 'info',
  message: 'Request'
}
{
  service: 'attendance-system',
  method: 'GET',
  url: '/?all=true&slim=true&_t=1772453723212',
  statusCode: 304,
  duration: '14ms',
  contentLength: 0,
  level: 'info',
  message: 'Response',
  timestamp: '2026-03-02 17:45:23'
}
{
  service: 'attendance-system',
  method: 'GET',
  url: '/api/admin/leave-years/active',
  ip: '127.0.0.1',
  userAgent: 'Mozilla/5.0 (Windows NT 10.0; Win64; x64) AppleWebKit/537.36 (KHTML, like Gecko) Chrome/145.0.0.0 Safari/537.36 Edg/145.0.0.0',
  timestamp: '2026-03-02 17:51:02',
  level: 'info',
  message: 'Request'
}
{
  service: 'attendance-system',
  method: 'GET',
  url: '/api/auth/me',
  ip: '127.0.0.1',
  userAgent: 'Mozilla/5.0 (Windows NT 10.0; Win64; x64) AppleWebKit/537.36 (KHTML, like Gecko) Chrome/145.0.0.0 Safari/537.36 Edg/145.0.0.0',
  timestamp: '2026-03-02 17:51:02',
  level: 'info',
  message: 'Request'
}
{
  service: 'attendance-system',
  method: 'GET',
  url: '/api/admin/leave-years/active',
  ip: '127.0.0.1',
  userAgent: 'Mozilla/5.0 (Windows NT 10.0; Win64; x64) AppleWebKit/537.36 (KHTML, like Gecko) Chrome/145.0.0.0 Safari/537.36 Edg/145.0.0.0',
  timestamp: '2026-03-02 17:51:02',
  level: 'info',
  message: 'Request'
}
{
  service: 'attendance-system',
  method: 'GET',
  url: '/active',
  statusCode: 200,
  duration: '30ms',
  contentLength: '194',
  level: 'info',
  message: 'Response',
  timestamp: '2026-03-02 17:51:02'
}
{
  service: 'attendance-system',
  method: 'GET',
  url: '/active',
  statusCode: 200,
  duration: '10ms',
  contentLength: '194',
  level: 'info',
  message: 'Response',
  timestamp: '2026-03-02 17:51:02'
}
{
  service: 'attendance-system',
  method: 'GET',
  url: '/me',
  statusCode: 200,
  duration: '29ms',
  contentLength: '1282',
  level: 'info',
  message: 'Response',
  timestamp: '2026-03-02 17:51:02'
}
{
  service: 'attendance-system',
  method: 'GET',
  url: '/api/announcements/last-read',
  ip: '127.0.0.1',
  userAgent: 'Mozilla/5.0 (Windows NT 10.0; Win64; x64) AppleWebKit/537.36 (KHTML, like Gecko) Chrome/145.0.0.0 Safari/537.36 Edg/145.0.0.0',
  timestamp: '2026-03-02 17:51:02',
  level: 'info',
  message: 'Request'
}
{
  service: 'attendance-system',
  method: 'GET',
  url: '/api/attendance/current-status?_t=1772454062644',
  ip: '127.0.0.1',
  userAgent: 'Mozilla/5.0 (Windows NT 10.0; Win64; x64) AppleWebKit/537.36 (KHTML, like Gecko) Chrome/145.0.0.0 Safari/537.36 Edg/145.0.0.0',
  timestamp: '2026-03-02 17:51:02',
  level: 'info',
  message: 'Request'
}
{
  service: 'attendance-system',
  method: 'GET',
  url: '/api/new-notifications',
  ip: '127.0.0.1',
  userAgent: 'Mozilla/5.0 (Windows NT 10.0; Win64; x64) AppleWebKit/537.36 (KHTML, like Gecko) Chrome/145.0.0.0 Safari/537.36 Edg/145.0.0.0',
  timestamp: '2026-03-02 17:51:02',
  level: 'info',
  message: 'Request'
}
{
  service: 'attendance-system',
  method: 'GET',
  url: '/last-read',
  statusCode: 304,
  duration: '26ms',
  contentLength: 0,
  level: 'info',
  message: 'Response',
  timestamp: '2026-03-02 17:51:02'
}
{
  service: 'attendance-system',
  method: 'GET',
  url: '/api/announcements/last-read',
  ip: '127.0.0.1',
  userAgent: 'Mozilla/5.0 (Windows NT 10.0; Win64; x64) AppleWebKit/537.36 (KHTML, like Gecko) Chrome/145.0.0.0 Safari/537.36 Edg/145.0.0.0',
  timestamp: '2026-03-02 17:51:02',
  level: 'info',
  message: 'Request'
}
{
  service: 'attendance-system',
  method: 'GET',
  url: '/current-status?_t=1772454062644',
  statusCode: 200,
  duration: '32ms',
  contentLength: '102',
  level: 'info',
  message: 'Response',
  timestamp: '2026-03-02 17:51:02'
}
{
  service: 'attendance-system',
  method: 'GET',
  url: '/last-read',
  statusCode: 304,
  duration: '20ms',
  contentLength: 0,
  level: 'info',
  message: 'Response',
  timestamp: '2026-03-02 17:51:02'
}
{
  service: 'attendance-system',
  method: 'GET',
  url: '/',
  statusCode: 304,
  duration: '38ms',
  contentLength: 0,
  level: 'info',
  message: 'Response',
  timestamp: '2026-03-02 17:51:02'
}
{
  service: 'attendance-system',
  method: 'GET',
  url: '/api/announcements',
  ip: '127.0.0.1',
  userAgent: 'Mozilla/5.0 (Windows NT 10.0; Win64; x64) AppleWebKit/537.36 (KHTML, like Gecko) Chrome/145.0.0.0 Safari/537.36 Edg/145.0.0.0',
  timestamp: '2026-03-02 17:51:02',
  level: 'info',
  message: 'Request'
}
{
  service: 'attendance-system',
  method: 'GET',
  url: '/api/announcements/last-read',
  ip: '127.0.0.1',
  userAgent: 'Mozilla/5.0 (Windows NT 10.0; Win64; x64) AppleWebKit/537.36 (KHTML, like Gecko) Chrome/145.0.0.0 Safari/537.36 Edg/145.0.0.0',
  timestamp: '2026-03-02 17:51:02',
  level: 'info',
  message: 'Request'
}
{
  service: 'attendance-system',
  method: 'GET',
  url: '/',
  statusCode: 304,
  duration: '21ms',
  contentLength: 0,
  level: 'info',
  message: 'Response',
  timestamp: '2026-03-02 17:51:02'
}
{
  service: 'attendance-system',
  method: 'GET',
  url: '/last-read',
  statusCode: 304,
  duration: '13ms',
  contentLength: 0,
  level: 'info',
  message: 'Response',
  timestamp: '2026-03-02 17:51:02'
}
{
  service: 'attendance-system',
  method: 'GET',
  url: '/api/admin/employees?all=true&slim=true&_t=1772454062765',
  ip: '127.0.0.1',
  userAgent: 'Mozilla/5.0 (Windows NT 10.0; Win64; x64) AppleWebKit/537.36 (KHTML, like Gecko) Chrome/145.0.0.0 Safari/537.36 Edg/145.0.0.0',
  timestamp: '2026-03-02 17:51:02',
  level: 'info',
  message: 'Request'
}
{
  service: 'attendance-system',
  method: 'GET',
  url: '/?all=true&slim=true&_t=1772454062765',
  statusCode: 200,
  duration: '17ms',
  contentLength: '12280',
  level: 'info',
  message: 'Response',
  timestamp: '2026-03-02 17:51:02'
}
{
  service: 'attendance-system',
  method: 'GET',
  url: '/api/admin/employees?all=true&slim=true&_t=1772454062765',
  ip: '127.0.0.1',
  userAgent: 'Mozilla/5.0 (Windows NT 10.0; Win64; x64) AppleWebKit/537.36 (KHTML, like Gecko) Chrome/145.0.0.0 Safari/537.36 Edg/145.0.0.0',
  timestamp: '2026-03-02 17:51:02',
  level: 'info',
  message: 'Request'
}
{
  service: 'attendance-system',
  method: 'GET',
  url: '/?all=true&slim=true&_t=1772454062765',
  statusCode: 304,
  duration: '15ms',
  contentLength: 0,
  level: 'info',
  message: 'Response',
  timestamp: '2026-03-02 17:51:02'
}
{
  service: 'attendance-system',
  method: 'GET',
  url: '/api/admin/dashboard-summary?includePendingLeaves=true',
  ip: '127.0.0.1',
  userAgent: 'Mozilla/5.0 (Windows NT 10.0; Win64; x64) AppleWebKit/537.36 (KHTML, like Gecko) Chrome/145.0.0.0 Safari/537.36 Edg/145.0.0.0',
  timestamp: '2026-03-02 17:54:47',
  level: 'info',
  message: 'Request'
}
{
  service: 'attendance-system',
  method: 'GET',
  url: '/dashboard-summary?includePendingLeaves=true',
  statusCode: 304,
  duration: '145ms',
  contentLength: 0,
  level: 'info',
  message: 'Response',
  timestamp: '2026-03-02 17:54:47'
}
{
  service: 'attendance-system',
  method: 'GET',
  url: '/api/admin/dashboard-summary?includePendingLeaves=true',
  ip: '127.0.0.1',
  userAgent: 'Mozilla/5.0 (Windows NT 10.0; Win64; x64) AppleWebKit/537.36 (KHTML, like Gecko) Chrome/145.0.0.0 Safari/537.36 Edg/145.0.0.0',
  timestamp: '2026-03-02 17:54:47',
  level: 'info',
  message: 'Request'
}
{
  service: 'attendance-system',
  method: 'GET',
  url: '/dashboard-summary?includePendingLeaves=true',
  statusCode: 304,
  duration: '23ms',
  contentLength: 0,
  level: 'info',
  message: 'Response',
  timestamp: '2026-03-02 17:54:47'
}
{
  service: 'attendance-system',
  method: 'GET',
  url: '/api/admin/employees?all=true&slim=true&_t=1772454293356',
  ip: '127.0.0.1',
  userAgent: 'Mozilla/5.0 (Windows NT 10.0; Win64; x64) AppleWebKit/537.36 (KHTML, like Gecko) Chrome/145.0.0.0 Safari/537.36 Edg/145.0.0.0',
  timestamp: '2026-03-02 17:54:53',
  level: 'info',
  message: 'Request'
}
{
  service: 'attendance-system',
  method: 'GET',
  url: '/?all=true&slim=true&_t=1772454293356',
  statusCode: 200,
  duration: '27ms',
  contentLength: '12280',
  level: 'info',
  message: 'Response',
  timestamp: '2026-03-02 17:54:53'
}
{
  service: 'attendance-system',
  method: 'GET',
  url: '/api/admin/employees?all=true&slim=true&_t=1772454293356',
  ip: '127.0.0.1',
  userAgent: 'Mozilla/5.0 (Windows NT 10.0; Win64; x64) AppleWebKit/537.36 (KHTML, like Gecko) Chrome/145.0.0.0 Safari/537.36 Edg/145.0.0.0',
  timestamp: '2026-03-02 17:54:53',
  level: 'info',
  message: 'Request'
}
{
  service: 'attendance-system',
  method: 'GET',
  url: '/?all=true&slim=true&_t=1772454293356',
  statusCode: 304,
  duration: '13ms',
  contentLength: 0,
  level: 'info',
  message: 'Response',
  timestamp: '2026-03-02 17:54:53'
}
{
  service: 'attendance-system',
  method: 'GET',
  url: '/api/admin/employees?page=1&limit=10&status=active&_t=1772454294306',
  ip: '127.0.0.1',
  userAgent: 'Mozilla/5.0 (Windows NT 10.0; Win64; x64) AppleWebKit/537.36 (KHTML, like Gecko) Chrome/145.0.0.0 Safari/537.36 Edg/145.0.0.0',
  timestamp: '2026-03-02 17:54:54',
  level: 'info',
  message: 'Request'
}
{
  service: 'attendance-system',
  method: 'GET',
  url: '/api/admin/shifts?_t=1772454294306',
  ip: '127.0.0.1',
  userAgent: 'Mozilla/5.0 (Windows NT 10.0; Win64; x64) AppleWebKit/537.36 (KHTML, like Gecko) Chrome/145.0.0.0 Safari/537.36 Edg/145.0.0.0',
  timestamp: '2026-03-02 17:54:54',
  level: 'info',
  message: 'Request'
}
{
  service: 'attendance-system',
  method: 'GET',
  url: '/?page=1&limit=10&status=active&_t=1772454294306',
  statusCode: 200,
  duration: '14ms',
  contentLength: '8609',
  level: 'info',
  message: 'Response',
  timestamp: '2026-03-02 17:54:54'
}
{
  service: 'attendance-system',
  method: 'GET',
  url: '/?_t=1772454294306',
  statusCode: 200,
  duration: '13ms',
  contentLength: '802',
  level: 'info',
  message: 'Response',
  timestamp: '2026-03-02 17:54:54'
}
{
  service: 'attendance-system',
  method: 'GET',
  url: '/api/admin/employees?page=1&limit=10&status=active&_t=1772454294306',
  ip: '127.0.0.1',
  userAgent: 'Mozilla/5.0 (Windows NT 10.0; Win64; x64) AppleWebKit/537.36 (KHTML, like Gecko) Chrome/145.0.0.0 Safari/537.36 Edg/145.0.0.0',
  timestamp: '2026-03-02 17:54:54',
  level: 'info',
  message: 'Request'
}
{
  service: 'attendance-system',
  method: 'GET',
  url: '/api/admin/shifts?_t=1772454294306',
  ip: '127.0.0.1',
  userAgent: 'Mozilla/5.0 (Windows NT 10.0; Win64; x64) AppleWebKit/537.36 (KHTML, like Gecko) Chrome/145.0.0.0 Safari/537.36 Edg/145.0.0.0',
  timestamp: '2026-03-02 17:54:54',
  level: 'info',
  message: 'Request'
}
{
  service: 'attendance-system',
  method: 'GET',
  url: '/?page=1&limit=10&status=active&_t=1772454294306',
  statusCode: 304,
  duration: '16ms',
  contentLength: 0,
  level: 'info',
  message: 'Response',
  timestamp: '2026-03-02 17:54:54'
}
{
  service: 'attendance-system',
  method: 'GET',
  url: '/?_t=1772454294306',
  statusCode: 304,
  duration: '13ms',
  contentLength: 0,
  level: 'info',
  message: 'Response',
  timestamp: '2026-03-02 17:54:54'
}
{
  service: 'attendance-system',
  method: 'GET',
  url: '/api/admin/employees?page=2&limit=10&status=active&_t=1772454297348',
  ip: '127.0.0.1',
  userAgent: 'Mozilla/5.0 (Windows NT 10.0; Win64; x64) AppleWebKit/537.36 (KHTML, like Gecko) Chrome/145.0.0.0 Safari/537.36 Edg/145.0.0.0',
  timestamp: '2026-03-02 17:54:57',
  level: 'info',
  message: 'Request'
}
{
  service: 'attendance-system',
  method: 'GET',
  url: '/?page=2&limit=10&status=active&_t=1772454297348',
  statusCode: 200,
  duration: '38ms',
  contentLength: '8488',
  level: 'info',
  message: 'Response',
  timestamp: '2026-03-02 17:54:57'
}
{
  service: 'attendance-system',
  method: 'GET',
  url: '/api/users/avatar/699969ddd2df503d96b61eb4',
  ip: '127.0.0.1',
  userAgent: 'Mozilla/5.0 (Windows NT 10.0; Win64; x64) AppleWebKit/537.36 (KHTML, like Gecko) Chrome/145.0.0.0 Safari/537.36 Edg/145.0.0.0',
  timestamp: '2026-03-02 17:54:57',
  level: 'info',
  message: 'Request'
}
{
  service: 'attendance-system',
  method: 'GET',
  url: '/api/users/avatar/6995899745bcb95176806a6f',
  ip: '127.0.0.1',
  userAgent: 'Mozilla/5.0 (Windows NT 10.0; Win64; x64) AppleWebKit/537.36 (KHTML, like Gecko) Chrome/145.0.0.0 Safari/537.36 Edg/145.0.0.0',
  timestamp: '2026-03-02 17:54:57',
  level: 'info',
  message: 'Request'
}
{
  service: 'attendance-system',
  method: 'GET',
  url: '/avatar/6995899745bcb95176806a6f',
  statusCode: 200,
  duration: '25ms',
  contentLength: '32174',
  level: 'info',
  message: 'Response',
  timestamp: '2026-03-02 17:54:57'
}
{
  service: 'attendance-system',
  method: 'GET',
  url: '/avatar/699969ddd2df503d96b61eb4',
  statusCode: 200,
  duration: '35ms',
  contentLength: '102036',
  level: 'info',
  message: 'Response',
  timestamp: '2026-03-02 17:54:57'
}
{
  service: 'attendance-system',
  method: 'GET',
  url: '/api/admin/employees?page=3&limit=10&status=active&_t=1772454299302',
  ip: '127.0.0.1',
  userAgent: 'Mozilla/5.0 (Windows NT 10.0; Win64; x64) AppleWebKit/537.36 (KHTML, like Gecko) Chrome/145.0.0.0 Safari/537.36 Edg/145.0.0.0',
  timestamp: '2026-03-02 17:54:59',
  level: 'info',
  message: 'Request'
}
{
  service: 'attendance-system',
  method: 'GET',
  url: '/?page=3&limit=10&status=active&_t=1772454299302',
  statusCode: 200,
  duration: '15ms',
  contentLength: '8437',
  level: 'info',
  message: 'Response',
  timestamp: '2026-03-02 17:54:59'
}
{
  service: 'attendance-system',
  method: 'GET',
  url: '/api/users/avatar/69985a20f53415ef1b977e53',
  ip: '127.0.0.1',
  userAgent: 'Mozilla/5.0 (Windows NT 10.0; Win64; x64) AppleWebKit/537.36 (KHTML, like Gecko) Chrome/145.0.0.0 Safari/537.36 Edg/145.0.0.0',
  timestamp: '2026-03-02 17:54:59',
  level: 'info',
  message: 'Request'
}
{
  service: 'attendance-system',
  method: 'GET',
  url: '/avatar/69985a20f53415ef1b977e53',
  statusCode: 200,
  duration: '72ms',
  contentLength: '1709439',
  level: 'info',
  message: 'Response',
  timestamp: '2026-03-02 17:54:59'
}
{
  service: 'attendance-system',
  method: 'GET',
  url: '/api/admin/employees?page=4&limit=10&status=active&_t=1772454301779',
  ip: '127.0.0.1',
  userAgent: 'Mozilla/5.0 (Windows NT 10.0; Win64; x64) AppleWebKit/537.36 (KHTML, like Gecko) Chrome/145.0.0.0 Safari/537.36 Edg/145.0.0.0',
  timestamp: '2026-03-02 17:55:01',
  level: 'info',
  message: 'Request'
}
{
  service: 'attendance-system',
  method: 'GET',
  url: '/?page=4&limit=10&status=active&_t=1772454301779',
  statusCode: 200,
  duration: '29ms',
  contentLength: '3717',
  level: 'info',
  message: 'Response',
  timestamp: '2026-03-02 17:55:01'
}
{
  service: 'attendance-system',
  method: 'GET',
  url: '/api/users/avatar/69986493f53415ef1b979855',
  ip: '127.0.0.1',
  userAgent: 'Mozilla/5.0 (Windows NT 10.0; Win64; x64) AppleWebKit/537.36 (KHTML, like Gecko) Chrome/145.0.0.0 Safari/537.36 Edg/145.0.0.0',
  timestamp: '2026-03-02 17:55:01',
  level: 'info',
  message: 'Request'
}
{
  service: 'attendance-system',
  method: 'GET',
  url: '/avatar/69986493f53415ef1b979855',
  statusCode: 200,
  duration: '24ms',
  contentLength: '52801',
  level: 'info',
  message: 'Response',
  timestamp: '2026-03-02 17:55:01'
}
{
  service: 'attendance-system',
  method: 'GET',
  url: '/api/admin/employees?page=3&limit=10&status=active&_t=1772454303943',
  ip: '127.0.0.1',
  userAgent: 'Mozilla/5.0 (Windows NT 10.0; Win64; x64) AppleWebKit/537.36 (KHTML, like Gecko) Chrome/145.0.0.0 Safari/537.36 Edg/145.0.0.0',
  timestamp: '2026-03-02 17:55:03',
  level: 'info',
  message: 'Request'
}
{
  service: 'attendance-system',
  method: 'GET',
  url: '/?page=3&limit=10&status=active&_t=1772454303943',
  statusCode: 200,
  duration: '16ms',
  contentLength: '8437',
  level: 'info',
  message: 'Response',
  timestamp: '2026-03-02 17:55:03'
}
{
  service: 'attendance-system',
  method: 'GET',
  url: '/api/admin/employees?page=2&limit=10&status=active&_t=1772454304796',
  ip: '127.0.0.1',
  userAgent: 'Mozilla/5.0 (Windows NT 10.0; Win64; x64) AppleWebKit/537.36 (KHTML, like Gecko) Chrome/145.0.0.0 Safari/537.36 Edg/145.0.0.0',
  timestamp: '2026-03-02 17:55:04',
  level: 'info',
  message: 'Request'
}
{
  service: 'attendance-system',
  method: 'GET',
  url: '/?page=2&limit=10&status=active&_t=1772454304796',
  statusCode: 200,
  duration: '29ms',
  contentLength: '8488',
  level: 'info',
  message: 'Response',
  timestamp: '2026-03-02 17:55:04'
}
{
  service: 'attendance-system',
  method: 'GET',
  url: '/api/admin/employees?page=1&limit=10&status=active&_t=1772454305274',
  ip: '127.0.0.1',
  userAgent: 'Mozilla/5.0 (Windows NT 10.0; Win64; x64) AppleWebKit/537.36 (KHTML, like Gecko) Chrome/145.0.0.0 Safari/537.36 Edg/145.0.0.0',
  timestamp: '2026-03-02 17:55:05',
  level: 'info',
  message: 'Request'
}
{
  service: 'attendance-system',
  method: 'GET',
  url: '/?page=1&limit=10&status=active&_t=1772454305274',
  statusCode: 200,
  duration: '13ms',
  contentLength: '8609',
  level: 'info',
  message: 'Response',
  timestamp: '2026-03-02 17:55:05'
}
{
  service: 'attendance-system',
  method: 'GET',
  url: '/api/policies-gridfs?_t=1772454308086',
  ip: '127.0.0.1',
  userAgent: 'Mozilla/5.0 (Windows NT 10.0; Win64; x64) AppleWebKit/537.36 (KHTML, like Gecko) Chrome/145.0.0.0 Safari/537.36 Edg/145.0.0.0',
  timestamp: '2026-03-02 17:55:08',
  level: 'info',
  message: 'Request'
}
{
  service: 'attendance-system',
  method: 'GET',
  url: '/?_t=1772454308086',
  statusCode: 200,
  duration: '9ms',
  contentLength: '401',
  level: 'info',
  message: 'Response',
  timestamp: '2026-03-02 17:55:08'
}
{
  service: 'attendance-system',
  method: 'GET',
  url: '/api/policies-gridfs?_t=1772454308086',
  ip: '127.0.0.1',
  userAgent: 'Mozilla/5.0 (Windows NT 10.0; Win64; x64) AppleWebKit/537.36 (KHTML, like Gecko) Chrome/145.0.0.0 Safari/537.36 Edg/145.0.0.0',
  timestamp: '2026-03-02 17:55:08',
  level: 'info',
  message: 'Request'
}
{
  service: 'attendance-system',
  method: 'GET',
  url: '/?_t=1772454308086',
  statusCode: 304,
  duration: '10ms',
  contentLength: 0,
  level: 'info',
  message: 'Response',
  timestamp: '2026-03-02 17:55:08'
}
{
  service: 'attendance-system',
  method: 'GET',
  url: '/api/policies-gridfs/69a17e9ede6e118491c4be0e/file',
  ip: '127.0.0.1',
  userAgent: 'Mozilla/5.0 (Windows NT 10.0; Win64; x64) AppleWebKit/537.36 (KHTML, like Gecko) Chrome/145.0.0.0 Safari/537.36 Edg/145.0.0.0',
  timestamp: '2026-03-02 17:55:16',
  level: 'info',
  message: 'Request'
}
{
  service: 'attendance-system',
  method: 'GET',
  url: '/69a17e9ede6e118491c4be0e/file',
  statusCode: 200,
  duration: '42ms',
  contentLength: 0,
  level: 'info',
  message: 'Response',
  timestamp: '2026-03-02 17:55:16'
}
{
  service: 'attendance-system',
  method: 'GET',
  url: '/api/policies-gridfs/69a17e9ede6e118491c4be0e/file',
  ip: '127.0.0.1',
  userAgent: 'Mozilla/5.0 (Windows NT 10.0; Win64; x64) AppleWebKit/537.36 (KHTML, like Gecko) Chrome/145.0.0.0 Safari/537.36 Edg/145.0.0.0',
  timestamp: '2026-03-02 17:55:16',
  level: 'info',
  message: 'Request'
}
{
  service: 'attendance-system',
  method: 'GET',
  url: '/69a17e9ede6e118491c4be0e/file',
  statusCode: 200,
  duration: '25ms',
  contentLength: 0,
  level: 'info',
  message: 'Response',
  timestamp: '2026-03-02 17:55:16'
}
{
  service: 'attendance-system',
  method: 'GET',
  url: '/api/announcements',
  ip: '127.0.0.1',
  userAgent: 'Mozilla/5.0 (Windows NT 10.0; Win64; x64) AppleWebKit/537.36 (KHTML, like Gecko) Chrome/145.0.0.0 Safari/537.36 Edg/145.0.0.0',
  timestamp: '2026-03-02 17:55:37',
  level: 'info',
  message: 'Request'
}
{
  service: 'attendance-system',
  method: 'GET',
  url: '/',
  statusCode: 304,
  duration: '9ms',
  contentLength: 0,
  level: 'info',
  message: 'Response',
  timestamp: '2026-03-02 17:55:37'
}
