{
  service: 'attendance-system',
  method: 'GET',
  url: '/api/announcements?_t=1770988511787',
  ip: '127.0.0.1',
  userAgent: 'Mozilla/5.0 (Windows NT 10.0; Win64; x64) AppleWebKit/537.36 (KHTML, like Gecko) Chrome/144.0.0.0 Safari/537.36 Edg/144.0.0.0',
  timestamp: '2026-02-13 18:45:38',
  level: 'info',
  message: 'Request'
}
{
  service: 'attendance-system',
  method: 'GET',
  url: '/api/announcements?_t=1770988511787',
  ip: '127.0.0.1',
  userAgent: 'Mozilla/5.0 (Windows NT 10.0; Win64; x64) AppleWebKit/537.36 (KHTML, like Gecko) Chrome/144.0.0.0 Safari/537.36 Edg/144.0.0.0',
  timestamp: '2026-02-13 18:45:38',
  level: 'info',
  message: 'Request'
}
{
  service: 'attendance-system',
  method: 'GET',
  url: '/api/announcements?_t=1770988511787',
  ip: '127.0.0.1',
  userAgent: 'Mozilla/5.0 (Windows NT 10.0; Win64; x64) AppleWebKit/537.36 (KHTML, like Gecko) Chrome/144.0.0.0 Safari/537.36 Edg/144.0.0.0',
  timestamp: '2026-02-13 18:45:38',
  level: 'info',
  message: 'Request'
}
{
  service: 'attendance-system',
  method: 'GET',
  url: '/?_t=1770988511787',
  statusCode: 200,
  duration: '33ms',
  contentLength: '459',
  level: 'info',
  message: 'Response',
  timestamp: '2026-02-13 18:45:38'
}
{
  service: 'attendance-system',
  method: 'GET',
  url: '/api/announcements?_t=1770988511787',
  ip: '127.0.0.1',
  userAgent: 'Mozilla/5.0 (Windows NT 10.0; Win64; x64) AppleWebKit/537.36 (KHTML, like Gecko) Chrome/144.0.0.0 Safari/537.36 Edg/144.0.0.0',
  timestamp: '2026-02-13 18:45:38',
  level: 'info',
  message: 'Request'
}
{
  service: 'attendance-system',
  method: 'GET',
  url: '/?_t=1770988511787',
  statusCode: 200,
  duration: '34ms',
  contentLength: '459',
  level: 'info',
  message: 'Response',
  timestamp: '2026-02-13 18:45:38'
}
{
  service: 'attendance-system',
  method: 'GET',
  url: '/?_t=1770988511787',
  statusCode: 200,
  duration: '28ms',
  contentLength: '459',
  level: 'info',
  message: 'Response',
  timestamp: '2026-02-13 18:45:38'
}
{
  service: 'attendance-system',
  method: 'GET',
  url: '/api/announcements?_t=1770988511787',
  ip: '127.0.0.1',
  userAgent: 'Mozilla/5.0 (Windows NT 10.0; Win64; x64) AppleWebKit/537.36 (KHTML, like Gecko) Chrome/144.0.0.0 Safari/537.36 Edg/144.0.0.0',
  timestamp: '2026-02-13 18:45:38',
  level: 'info',
  message: 'Request'
}
{
  service: 'attendance-system',
  method: 'GET',
  url: '/?_t=1770988511787',
  statusCode: 200,
  duration: '30ms',
  contentLength: '459',
  level: 'info',
  message: 'Response',
  timestamp: '2026-02-13 18:45:38'
}
{
  service: 'attendance-system',
  method: 'GET',
  url: '/?_t=1770988511787',
  statusCode: 200,
  duration: '28ms',
  contentLength: '459',
  level: 'info',
  message: 'Response',
  timestamp: '2026-02-13 18:45:38'
}
{
  service: 'attendance-system',
  method: 'GET',
  url: '/api/announcements?_t=1770988511787',
  ip: '127.0.0.1',
  userAgent: 'Mozilla/5.0 (Windows NT 10.0; Win64; x64) AppleWebKit/537.36 (KHTML, like Gecko) Chrome/144.0.0.0 Safari/537.36 Edg/144.0.0.0',
  timestamp: '2026-02-13 18:45:38',
  level: 'info',
  message: 'Request'
}
{
  service: 'attendance-system',
  method: 'GET',
  url: '/api/announcements?_t=1770988511787',
  ip: '127.0.0.1',
  userAgent: 'Mozilla/5.0 (Windows NT 10.0; Win64; x64) AppleWebKit/537.36 (KHTML, like Gecko) Chrome/144.0.0.0 Safari/537.36 Edg/144.0.0.0',
  timestamp: '2026-02-13 18:45:38',
  level: 'info',
  message: 'Request'
}
{
  service: 'attendance-system',
  method: 'GET',
  url: '/?_t=1770988511787',
  statusCode: 200,
  duration: '34ms',
  contentLength: '459',
  level: 'info',
  message: 'Response',
  timestamp: '2026-02-13 18:45:38'
}
{
  service: 'attendance-system',
  method: 'GET',
  url: '/api/announcements?_t=1770988511787',
  ip: '127.0.0.1',
  userAgent: 'Mozilla/5.0 (Windows NT 10.0; Win64; x64) AppleWebKit/537.36 (KHTML, like Gecko) Chrome/144.0.0.0 Safari/537.36 Edg/144.0.0.0',
  timestamp: '2026-02-13 18:45:38',
  level: 'info',
  message: 'Request'
}
{
  service: 'attendance-system',
  method: 'GET',
  url: '/api/announcements?_t=1770988511787',
  ip: '127.0.0.1',
  userAgent: 'Mozilla/5.0 (Windows NT 10.0; Win64; x64) AppleWebKit/537.36 (KHTML, like Gecko) Chrome/144.0.0.0 Safari/537.36 Edg/144.0.0.0',
  timestamp: '2026-02-13 18:45:38',
  level: 'info',
  message: 'Request'
}
{
  service: 'attendance-system',
  method: 'GET',
  url: '/?_t=1770988511787',
  statusCode: 200,
  duration: '37ms',
  contentLength: '459',
  level: 'info',
  message: 'Response',
  timestamp: '2026-02-13 18:45:38'
}
{
  service: 'attendance-system',
  method: 'GET',
  url: '/?_t=1770988511787',
  statusCode: 200,
  duration: '28ms',
  contentLength: '459',
  level: 'info',
  message: 'Response',
  timestamp: '2026-02-13 18:45:38'
}
{
  service: 'attendance-system',
  method: 'GET',
  url: '/api/announcements?_t=1770988511787',
  ip: '127.0.0.1',
  userAgent: 'Mozilla/5.0 (Windows NT 10.0; Win64; x64) AppleWebKit/537.36 (KHTML, like Gecko) Chrome/144.0.0.0 Safari/537.36 Edg/144.0.0.0',
  timestamp: '2026-02-13 18:45:38',
  level: 'info',
  message: 'Request'
}
{
  service: 'attendance-system',
  method: 'GET',
  url: '/?_t=1770988511787',
  statusCode: 200,
  duration: '33ms',
  contentLength: '459',
  level: 'info',
  message: 'Response',
  timestamp: '2026-02-13 18:45:38'
}
{
  service: 'attendance-system',
  method: 'GET',
  url: '/?_t=1770988511787',
  statusCode: 200,
  duration: '27ms',
  contentLength: '459',
  level: 'info',
  message: 'Response',
  timestamp: '2026-02-13 18:45:38'
}
{
  service: 'attendance-system',
  method: 'GET',
  url: '/api/announcements?_t=1770988511795',
  ip: '127.0.0.1',
  userAgent: 'Mozilla/5.0 (Windows NT 10.0; Win64; x64) AppleWebKit/537.36 (KHTML, like Gecko) Chrome/144.0.0.0 Safari/537.36 Edg/144.0.0.0',
  timestamp: '2026-02-13 18:45:38',
  level: 'info',
  message: 'Request'
}
{
  service: 'attendance-system',
  method: 'GET',
  url: '/api/announcements?_t=1770988511795',
  ip: '127.0.0.1',
  userAgent: 'Mozilla/5.0 (Windows NT 10.0; Win64; x64) AppleWebKit/537.36 (KHTML, like Gecko) Chrome/144.0.0.0 Safari/537.36 Edg/144.0.0.0',
  timestamp: '2026-02-13 18:45:38',
  level: 'info',
  message: 'Request'
}
{
  service: 'attendance-system',
  method: 'GET',
  url: '/?_t=1770988511787',
  statusCode: 200,
  duration: '33ms',
  contentLength: '459',
  level: 'info',
  message: 'Response',
  timestamp: '2026-02-13 18:45:38'
}
{
  service: 'attendance-system',
  method: 'GET',
  url: '/api/announcements?_t=1770988511795',
  ip: '127.0.0.1',
  userAgent: 'Mozilla/5.0 (Windows NT 10.0; Win64; x64) AppleWebKit/537.36 (KHTML, like Gecko) Chrome/144.0.0.0 Safari/537.36 Edg/144.0.0.0',
  timestamp: '2026-02-13 18:45:38',
  level: 'info',
  message: 'Request'
}
{
  service: 'attendance-system',
  method: 'GET',
  url: '/api/announcements?_t=1770988511795',
  ip: '127.0.0.1',
  userAgent: 'Mozilla/5.0 (Windows NT 10.0; Win64; x64) AppleWebKit/537.36 (KHTML, like Gecko) Chrome/144.0.0.0 Safari/537.36 Edg/144.0.0.0',
  timestamp: '2026-02-13 18:45:38',
  level: 'info',
  message: 'Request'
}
{
  service: 'attendance-system',
  method: 'GET',
  url: '/?_t=1770988511787',
  statusCode: 200,
  duration: '36ms',
  contentLength: '459',
  level: 'info',
  message: 'Response',
  timestamp: '2026-02-13 18:45:38'
}
{
  service: 'attendance-system',
  method: 'GET',
  url: '/?_t=1770988511795',
  statusCode: 200,
  duration: '29ms',
  contentLength: '459',
  level: 'info',
  message: 'Response',
  timestamp: '2026-02-13 18:45:38'
}
{
  service: 'attendance-system',
  method: 'GET',
  url: '/api/announcements?_t=1770988511795',
  ip: '127.0.0.1',
  userAgent: 'Mozilla/5.0 (Windows NT 10.0; Win64; x64) AppleWebKit/537.36 (KHTML, like Gecko) Chrome/144.0.0.0 Safari/537.36 Edg/144.0.0.0',
  timestamp: '2026-02-13 18:45:38',
  level: 'info',
  message: 'Request'
}
{
  service: 'attendance-system',
  method: 'GET',
  url: '/?_t=1770988511795',
  statusCode: 200,
  duration: '32ms',
  contentLength: '459',
  level: 'info',
  message: 'Response',
  timestamp: '2026-02-13 18:45:38'
}
{
  service: 'attendance-system',
  method: 'GET',
  url: '/?_t=1770988511795',
  statusCode: 200,
  duration: '25ms',
  contentLength: '459',
  level: 'info',
  message: 'Response',
  timestamp: '2026-02-13 18:45:38'
}
{
  service: 'attendance-system',
  method: 'GET',
  url: '/api/announcements?_t=1770988511795',
  ip: '127.0.0.1',
  userAgent: 'Mozilla/5.0 (Windows NT 10.0; Win64; x64) AppleWebKit/537.36 (KHTML, like Gecko) Chrome/144.0.0.0 Safari/537.36 Edg/144.0.0.0',
  timestamp: '2026-02-13 18:45:38',
  level: 'info',
  message: 'Request'
}
{
  service: 'attendance-system',
  method: 'GET',
  url: '/api/announcements?_t=1770988511795',
  ip: '127.0.0.1',
  userAgent: 'Mozilla/5.0 (Windows NT 10.0; Win64; x64) AppleWebKit/537.36 (KHTML, like Gecko) Chrome/144.0.0.0 Safari/537.36 Edg/144.0.0.0',
  timestamp: '2026-02-13 18:45:38',
  level: 'info',
  message: 'Request'
}
{
  service: 'attendance-system',
  method: 'GET',
  url: '/?_t=1770988511795',
  statusCode: 200,
  duration: '36ms',
  contentLength: '459',
  level: 'info',
  message: 'Response',
  timestamp: '2026-02-13 18:45:38'
}
{
  service: 'attendance-system',
  method: 'GET',
  url: '/api/announcements?_t=1770988511795',
  ip: '127.0.0.1',
  userAgent: 'Mozilla/5.0 (Windows NT 10.0; Win64; x64) AppleWebKit/537.36 (KHTML, like Gecko) Chrome/144.0.0.0 Safari/537.36 Edg/144.0.0.0',
  timestamp: '2026-02-13 18:45:38',
  level: 'info',
  message: 'Request'
}
{
  service: 'attendance-system',
  method: 'GET',
  url: '/api/announcements?_t=1770988511795',
  ip: '127.0.0.1',
  userAgent: 'Mozilla/5.0 (Windows NT 10.0; Win64; x64) AppleWebKit/537.36 (KHTML, like Gecko) Chrome/144.0.0.0 Safari/537.36 Edg/144.0.0.0',
  timestamp: '2026-02-13 18:45:38',
  level: 'info',
  message: 'Request'
}
{
  service: 'attendance-system',
  method: 'GET',
  url: '/?_t=1770988511795',
  statusCode: 200,
  duration: '38ms',
  contentLength: '459',
  level: 'info',
  message: 'Response',
  timestamp: '2026-02-13 18:45:38'
}
{
  service: 'attendance-system',
  method: 'GET',
  url: '/?_t=1770988511795',
  statusCode: 200,
  duration: '27ms',
  contentLength: '459',
  level: 'info',
  message: 'Response',
  timestamp: '2026-02-13 18:45:38'
}
{
  service: 'attendance-system',
  method: 'GET',
  url: '/api/announcements?_t=1770988511795',
  ip: '127.0.0.1',
  userAgent: 'Mozilla/5.0 (Windows NT 10.0; Win64; x64) AppleWebKit/537.36 (KHTML, like Gecko) Chrome/144.0.0.0 Safari/537.36 Edg/144.0.0.0',
  timestamp: '2026-02-13 18:45:38',
  level: 'info',
  message: 'Request'
}
{
  service: 'attendance-system',
  method: 'GET',
  url: '/api/announcements?_t=1770988511795',
  ip: '127.0.0.1',
  userAgent: 'Mozilla/5.0 (Windows NT 10.0; Win64; x64) AppleWebKit/537.36 (KHTML, like Gecko) Chrome/144.0.0.0 Safari/537.36 Edg/144.0.0.0',
  timestamp: '2026-02-13 18:45:38',
  level: 'info',
  message: 'Request'
}
{
  service: 'attendance-system',
  method: 'GET',
  url: '/api/announcements?_t=1770988511795',
  ip: '127.0.0.1',
  userAgent: 'Mozilla/5.0 (Windows NT 10.0; Win64; x64) AppleWebKit/537.36 (KHTML, like Gecko) Chrome/144.0.0.0 Safari/537.36 Edg/144.0.0.0',
  timestamp: '2026-02-13 18:45:38',
  level: 'info',
  message: 'Request'
}
{
  service: 'attendance-system',
  method: 'GET',
  url: '/?_t=1770988511795',
  statusCode: 200,
  duration: '619ms',
  contentLength: '459',
  level: 'info',
  message: 'Response',
  timestamp: '2026-02-13 18:45:39'
}
{
  service: 'attendance-system',
  method: 'GET',
  url: '/api/announcements?_t=1770988511795',
  ip: '127.0.0.1',
  userAgent: 'Mozilla/5.0 (Windows NT 10.0; Win64; x64) AppleWebKit/537.36 (KHTML, like Gecko) Chrome/144.0.0.0 Safari/537.36 Edg/144.0.0.0',
  timestamp: '2026-02-13 18:45:39',
  level: 'info',
  message: 'Request'
}
{
  service: 'attendance-system',
  method: 'GET',
  url: '/?_t=1770988511795',
  statusCode: 200,
  duration: '613ms',
  contentLength: '459',
  level: 'info',
  message: 'Response',
  timestamp: '2026-02-13 18:45:39'
}
{
  service: 'attendance-system',
  method: 'GET',
  url: '/?_t=1770988511795',
  statusCode: 200,
  duration: '610ms',
  contentLength: '459',
  level: 'info',
  message: 'Response',
  timestamp: '2026-02-13 18:45:39'
}
{
  service: 'attendance-system',
  method: 'GET',
  url: '/?_t=1770988511795',
  statusCode: 200,
  duration: '595ms',
  contentLength: '459',
  level: 'info',
  message: 'Response',
  timestamp: '2026-02-13 18:45:39'
}
{
  service: 'attendance-system',
  method: 'GET',
  url: '/?_t=1770988511795',
  statusCode: 200,
  duration: '610ms',
  contentLength: '459',
  level: 'info',
  message: 'Response',
  timestamp: '2026-02-13 18:45:39'
}
{
  service: 'attendance-system',
  method: 'GET',
  url: '/?_t=1770988511795',
  statusCode: 200,
  duration: '604ms',
  contentLength: '459',
  level: 'info',
  message: 'Response',
  timestamp: '2026-02-13 18:45:39'
}
{
  service: 'attendance-system',
  method: 'GET',
  url: '/api/announcements?_t=1770988511795',
  ip: '127.0.0.1',
  userAgent: 'Mozilla/5.0 (Windows NT 10.0; Win64; x64) AppleWebKit/537.36 (KHTML, like Gecko) Chrome/144.0.0.0 Safari/537.36 Edg/144.0.0.0',
  timestamp: '2026-02-13 18:45:39',
  level: 'info',
  message: 'Request'
}
{
  service: 'attendance-system',
  method: 'GET',
  url: '/api/announcements?_t=1770988511795',
  ip: '127.0.0.1',
  userAgent: 'Mozilla/5.0 (Windows NT 10.0; Win64; x64) AppleWebKit/537.36 (KHTML, like Gecko) Chrome/144.0.0.0 Safari/537.36 Edg/144.0.0.0',
  timestamp: '2026-02-13 18:45:39',
  level: 'info',
  message: 'Request'
}
{
  service: 'attendance-system',
  method: 'GET',
  url: '/?_t=1770988511795',
  statusCode: 200,
  duration: '28ms',
  contentLength: '459',
  level: 'info',
  message: 'Response',
  timestamp: '2026-02-13 18:45:39'
}
{
  service: 'attendance-system',
  method: 'GET',
  url: '/api/announcements?_t=1770988511803',
  ip: '127.0.0.1',
  userAgent: 'Mozilla/5.0 (Windows NT 10.0; Win64; x64) AppleWebKit/537.36 (KHTML, like Gecko) Chrome/144.0.0.0 Safari/537.36 Edg/144.0.0.0',
  timestamp: '2026-02-13 18:45:39',
  level: 'info',
  message: 'Request'
}
{
  service: 'attendance-system',
  method: 'GET',
  url: '/api/announcements?_t=1770988511803',
  ip: '127.0.0.1',
  userAgent: 'Mozilla/5.0 (Windows NT 10.0; Win64; x64) AppleWebKit/537.36 (KHTML, like Gecko) Chrome/144.0.0.0 Safari/537.36 Edg/144.0.0.0',
  timestamp: '2026-02-13 18:45:39',
  level: 'info',
  message: 'Request'
}
{
  service: 'attendance-system',
  method: 'GET',
  url: '/api/announcements?_t=1770988511803',
  ip: '127.0.0.1',
  userAgent: 'Mozilla/5.0 (Windows NT 10.0; Win64; x64) AppleWebKit/537.36 (KHTML, like Gecko) Chrome/144.0.0.0 Safari/537.36 Edg/144.0.0.0',
  timestamp: '2026-02-13 18:45:39',
  level: 'info',
  message: 'Request'
}
{
  service: 'attendance-system',
  method: 'GET',
  url: '/?_t=1770988511795',
  statusCode: 200,
  duration: '31ms',
  contentLength: '459',
  level: 'info',
  message: 'Response',
  timestamp: '2026-02-13 18:45:39'
}
{
  service: 'attendance-system',
  method: 'GET',
  url: '/api/announcements?_t=1770988511803',
  ip: '127.0.0.1',
  userAgent: 'Mozilla/5.0 (Windows NT 10.0; Win64; x64) AppleWebKit/537.36 (KHTML, like Gecko) Chrome/144.0.0.0 Safari/537.36 Edg/144.0.0.0',
  timestamp: '2026-02-13 18:45:39',
  level: 'info',
  message: 'Request'
}
{
  service: 'attendance-system',
  method: 'GET',
  url: '/?_t=1770988511795',
  statusCode: 200,
  duration: '33ms',
  contentLength: '459',
  level: 'info',
  message: 'Response',
  timestamp: '2026-02-13 18:45:39'
}
{
  service: 'attendance-system',
  method: 'GET',
  url: '/?_t=1770988511803',
  statusCode: 200,
  duration: '28ms',
  contentLength: '459',
  level: 'info',
  message: 'Response',
  timestamp: '2026-02-13 18:45:39'
}
{
  service: 'attendance-system',
  method: 'GET',
  url: '/?_t=1770988511803',
  statusCode: 200,
  duration: '26ms',
  contentLength: '459',
  level: 'info',
  message: 'Response',
  timestamp: '2026-02-13 18:45:39'
}
{
  service: 'attendance-system',
  method: 'GET',
  url: '/api/announcements?_t=1770988511803',
  ip: '127.0.0.1',
  userAgent: 'Mozilla/5.0 (Windows NT 10.0; Win64; x64) AppleWebKit/537.36 (KHTML, like Gecko) Chrome/144.0.0.0 Safari/537.36 Edg/144.0.0.0',
  timestamp: '2026-02-13 18:45:39',
  level: 'info',
  message: 'Request'
}
{
  service: 'attendance-system',
  method: 'GET',
  url: '/?_t=1770988511803',
  statusCode: 200,
  duration: '26ms',
  contentLength: '459',
  level: 'info',
  message: 'Response',
  timestamp: '2026-02-13 18:45:39'
}
{
  service: 'attendance-system',
  method: 'GET',
  url: '/api/announcements?_t=1770988511803',
  ip: '127.0.0.1',
  userAgent: 'Mozilla/5.0 (Windows NT 10.0; Win64; x64) AppleWebKit/537.36 (KHTML, like Gecko) Chrome/144.0.0.0 Safari/537.36 Edg/144.0.0.0',
  timestamp: '2026-02-13 18:45:39',
  level: 'info',
  message: 'Request'
}
{
  service: 'attendance-system',
  method: 'GET',
  url: '/api/announcements?_t=1770988511803',
  ip: '127.0.0.1',
  userAgent: 'Mozilla/5.0 (Windows NT 10.0; Win64; x64) AppleWebKit/537.36 (KHTML, like Gecko) Chrome/144.0.0.0 Safari/537.36 Edg/144.0.0.0',
  timestamp: '2026-02-13 18:45:39',
  level: 'info',
  message: 'Request'
}
{
  service: 'attendance-system',
  method: 'GET',
  url: '/api/announcements?_t=1770988511803',
  ip: '127.0.0.1',
  userAgent: 'Mozilla/5.0 (Windows NT 10.0; Win64; x64) AppleWebKit/537.36 (KHTML, like Gecko) Chrome/144.0.0.0 Safari/537.36 Edg/144.0.0.0',
  timestamp: '2026-02-13 18:45:39',
  level: 'info',
  message: 'Request'
}
{
  service: 'attendance-system',
  method: 'GET',
  url: '/?_t=1770988511803',
  statusCode: 200,
  duration: '40ms',
  contentLength: '459',
  level: 'info',
  message: 'Response',
  timestamp: '2026-02-13 18:45:39'
}
{
  service: 'attendance-system',
  method: 'GET',
  url: '/api/announcements?_t=1770988511803',
  ip: '127.0.0.1',
  userAgent: 'Mozilla/5.0 (Windows NT 10.0; Win64; x64) AppleWebKit/537.36 (KHTML, like Gecko) Chrome/144.0.0.0 Safari/537.36 Edg/144.0.0.0',
  timestamp: '2026-02-13 18:45:39',
  level: 'info',
  message: 'Request'
}
{
  service: 'attendance-system',
  method: 'GET',
  url: '/?_t=1770988511803',
  statusCode: 200,
  duration: '41ms',
  contentLength: '459',
  level: 'info',
  message: 'Response',
  timestamp: '2026-02-13 18:45:39'
}
{
  service: 'attendance-system',
  method: 'GET',
  url: '/?_t=1770988511803',
  statusCode: 200,
  duration: '36ms',
  contentLength: '459',
  level: 'info',
  message: 'Response',
  timestamp: '2026-02-13 18:45:39'
}
{
  service: 'attendance-system',
  method: 'GET',
  url: '/api/announcements?_t=1770988511803',
  ip: '127.0.0.1',
  userAgent: 'Mozilla/5.0 (Windows NT 10.0; Win64; x64) AppleWebKit/537.36 (KHTML, like Gecko) Chrome/144.0.0.0 Safari/537.36 Edg/144.0.0.0',
  timestamp: '2026-02-13 18:45:39',
  level: 'info',
  message: 'Request'
}
{
  service: 'attendance-system',
  method: 'GET',
  url: '/?_t=1770988511803',
  statusCode: 200,
  duration: '36ms',
  contentLength: '459',
  level: 'info',
  message: 'Response',
  timestamp: '2026-02-13 18:45:39'
}
{
  service: 'attendance-system',
  method: 'GET',
  url: '/?_t=1770988511803',
  statusCode: 200,
  duration: '35ms',
  contentLength: '459',
  level: 'info',
  message: 'Response',
  timestamp: '2026-02-13 18:45:39'
}
{
  service: 'attendance-system',
  method: 'GET',
  url: '/api/announcements?_t=1770988511803',
  ip: '127.0.0.1',
  userAgent: 'Mozilla/5.0 (Windows NT 10.0; Win64; x64) AppleWebKit/537.36 (KHTML, like Gecko) Chrome/144.0.0.0 Safari/537.36 Edg/144.0.0.0',
  timestamp: '2026-02-13 18:45:39',
  level: 'info',
  message: 'Request'
}
{
  service: 'attendance-system',
  method: 'GET',
  url: '/api/announcements?_t=1770988511803',
  ip: '127.0.0.1',
  userAgent: 'Mozilla/5.0 (Windows NT 10.0; Win64; x64) AppleWebKit/537.36 (KHTML, like Gecko) Chrome/144.0.0.0 Safari/537.36 Edg/144.0.0.0',
  timestamp: '2026-02-13 18:45:39',
  level: 'info',
  message: 'Request'
}
{
  service: 'attendance-system',
  method: 'GET',
  url: '/?_t=1770988511803',
  statusCode: 200,
  duration: '39ms',
  contentLength: '459',
  level: 'info',
  message: 'Response',
  timestamp: '2026-02-13 18:45:39'
}
{
  service: 'attendance-system',
  method: 'GET',
  url: '/api/announcements?_t=1770988511803',
  ip: '127.0.0.1',
  userAgent: 'Mozilla/5.0 (Windows NT 10.0; Win64; x64) AppleWebKit/537.36 (KHTML, like Gecko) Chrome/144.0.0.0 Safari/537.36 Edg/144.0.0.0',
  timestamp: '2026-02-13 18:45:39',
  level: 'info',
  message: 'Request'
}
{
  service: 'attendance-system',
  method: 'GET',
  url: '/api/announcements?_t=1770988511803',
  ip: '127.0.0.1',
  userAgent: 'Mozilla/5.0 (Windows NT 10.0; Win64; x64) AppleWebKit/537.36 (KHTML, like Gecko) Chrome/144.0.0.0 Safari/537.36 Edg/144.0.0.0',
  timestamp: '2026-02-13 18:45:39',
  level: 'info',
  message: 'Request'
}
{
  service: 'attendance-system',
  method: 'GET',
  url: '/?_t=1770988511803',
  statusCode: 200,
  duration: '40ms',
  contentLength: '459',
  level: 'info',
  message: 'Response',
  timestamp: '2026-02-13 18:45:39'
}
{
  service: 'attendance-system',
  method: 'GET',
  url: '/?_t=1770988511803',
  statusCode: 200,
  duration: '33ms',
  contentLength: '459',
  level: 'info',
  message: 'Response',
  timestamp: '2026-02-13 18:45:39'
}
{
  service: 'attendance-system',
  method: 'GET',
  url: '/api/announcements?_t=1770988511803',
  ip: '127.0.0.1',
  userAgent: 'Mozilla/5.0 (Windows NT 10.0; Win64; x64) AppleWebKit/537.36 (KHTML, like Gecko) Chrome/144.0.0.0 Safari/537.36 Edg/144.0.0.0',
  timestamp: '2026-02-13 18:45:39',
  level: 'info',
  message: 'Request'
}
{
  service: 'attendance-system',
  method: 'GET',
  url: '/?_t=1770988511803',
  statusCode: 200,
  duration: '35ms',
  contentLength: '459',
  level: 'info',
  message: 'Response',
  timestamp: '2026-02-13 18:45:39'
}
{
  service: 'attendance-system',
  method: 'GET',
  url: '/?_t=1770988511803',
  statusCode: 200,
  duration: '28ms',
  contentLength: '459',
  level: 'info',
  message: 'Response',
  timestamp: '2026-02-13 18:45:39'
}
{
  service: 'attendance-system',
  method: 'GET',
  url: '/api/announcements?_t=1770988511803',
  ip: '127.0.0.1',
  userAgent: 'Mozilla/5.0 (Windows NT 10.0; Win64; x64) AppleWebKit/537.36 (KHTML, like Gecko) Chrome/144.0.0.0 Safari/537.36 Edg/144.0.0.0',
  timestamp: '2026-02-13 18:45:39',
  level: 'info',
  message: 'Request'
}
{
  service: 'attendance-system',
  method: 'GET',
  url: '/api/announcements?_t=1770988511811',
  ip: '127.0.0.1',
  userAgent: 'Mozilla/5.0 (Windows NT 10.0; Win64; x64) AppleWebKit/537.36 (KHTML, like Gecko) Chrome/144.0.0.0 Safari/537.36 Edg/144.0.0.0',
  timestamp: '2026-02-13 18:45:39',
  level: 'info',
  message: 'Request'
}
{
  service: 'attendance-system',
  method: 'GET',
  url: '/?_t=1770988511803',
  statusCode: 200,
  duration: '31ms',
  contentLength: '459',
  level: 'info',
  message: 'Response',
  timestamp: '2026-02-13 18:45:39'
}
{
  service: 'attendance-system',
  method: 'GET',
  url: '/api/announcements?_t=1770988511811',
  ip: '127.0.0.1',
  userAgent: 'Mozilla/5.0 (Windows NT 10.0; Win64; x64) AppleWebKit/537.36 (KHTML, like Gecko) Chrome/144.0.0.0 Safari/537.36 Edg/144.0.0.0',
  timestamp: '2026-02-13 18:45:39',
  level: 'info',
  message: 'Request'
}
{
  service: 'attendance-system',
  method: 'GET',
  url: '/api/announcements?_t=1770988511811',
  ip: '127.0.0.1',
  userAgent: 'Mozilla/5.0 (Windows NT 10.0; Win64; x64) AppleWebKit/537.36 (KHTML, like Gecko) Chrome/144.0.0.0 Safari/537.36 Edg/144.0.0.0',
  timestamp: '2026-02-13 18:45:39',
  level: 'info',
  message: 'Request'
}
{
  service: 'attendance-system',
  method: 'GET',
  url: '/?_t=1770988511803',
  statusCode: 200,
  duration: '37ms',
  contentLength: '459',
  level: 'info',
  message: 'Response',
  timestamp: '2026-02-13 18:45:39'
}
{
  service: 'attendance-system',
  method: 'GET',
  url: '/?_t=1770988511803',
  statusCode: 200,
  duration: '28ms',
  contentLength: '459',
  level: 'info',
  message: 'Response',
  timestamp: '2026-02-13 18:45:39'
}
{
  service: 'attendance-system',
  method: 'GET',
  url: '/api/announcements?_t=1770988511811',
  ip: '127.0.0.1',
  userAgent: 'Mozilla/5.0 (Windows NT 10.0; Win64; x64) AppleWebKit/537.36 (KHTML, like Gecko) Chrome/144.0.0.0 Safari/537.36 Edg/144.0.0.0',
  timestamp: '2026-02-13 18:45:39',
  level: 'info',
  message: 'Request'
}
{
  service: 'attendance-system',
  method: 'GET',
  url: '/?_t=1770988511811',
  statusCode: 200,
  duration: '34ms',
  contentLength: '459',
  level: 'info',
  message: 'Response',
  timestamp: '2026-02-13 18:45:39'
}
{
  service: 'attendance-system',
  method: 'GET',
  url: '/?_t=1770988511811',
  statusCode: 200,
  duration: '25ms',
  contentLength: '459',
  level: 'info',
  message: 'Response',
  timestamp: '2026-02-13 18:45:39'
}
{
  service: 'attendance-system',
  method: 'GET',
  url: '/api/announcements?_t=1770988511811',
  ip: '127.0.0.1',
  userAgent: 'Mozilla/5.0 (Windows NT 10.0; Win64; x64) AppleWebKit/537.36 (KHTML, like Gecko) Chrome/144.0.0.0 Safari/537.36 Edg/144.0.0.0',
  timestamp: '2026-02-13 18:45:39',
  level: 'info',
  message: 'Request'
}
{
  service: 'attendance-system',
  method: 'GET',
  url: '/api/announcements?_t=1770988511811',
  ip: '127.0.0.1',
  userAgent: 'Mozilla/5.0 (Windows NT 10.0; Win64; x64) AppleWebKit/537.36 (KHTML, like Gecko) Chrome/144.0.0.0 Safari/537.36 Edg/144.0.0.0',
  timestamp: '2026-02-13 18:45:39',
  level: 'info',
  message: 'Request'
}
{
  service: 'attendance-system',
  method: 'GET',
  url: '/?_t=1770988511811',
  statusCode: 200,
  duration: '34ms',
  contentLength: '459',
  level: 'info',
  message: 'Response',
  timestamp: '2026-02-13 18:45:39'
}
{
  service: 'attendance-system',
  method: 'GET',
  url: '/api/announcements?_t=1770988511811',
  ip: '127.0.0.1',
  userAgent: 'Mozilla/5.0 (Windows NT 10.0; Win64; x64) AppleWebKit/537.36 (KHTML, like Gecko) Chrome/144.0.0.0 Safari/537.36 Edg/144.0.0.0',
  timestamp: '2026-02-13 18:45:39',
  level: 'info',
  message: 'Request'
}
{
  service: 'attendance-system',
  method: 'GET',
  url: '/api/announcements?_t=1770988511811',
  ip: '127.0.0.1',
  userAgent: 'Mozilla/5.0 (Windows NT 10.0; Win64; x64) AppleWebKit/537.36 (KHTML, like Gecko) Chrome/144.0.0.0 Safari/537.36 Edg/144.0.0.0',
  timestamp: '2026-02-13 18:45:39',
  level: 'info',
  message: 'Request'
}
{
  service: 'attendance-system',
  method: 'GET',
  url: '/?_t=1770988511811',
  statusCode: 200,
  duration: '36ms',
  contentLength: '459',
  level: 'info',
  message: 'Response',
  timestamp: '2026-02-13 18:45:39'
}
{
  service: 'attendance-system',
  method: 'GET',
  url: '/?_t=1770988511811',
  statusCode: 200,
  duration: '27ms',
  contentLength: '459',
  level: 'info',
  message: 'Response',
  timestamp: '2026-02-13 18:45:39'
}
{
  service: 'attendance-system',
  method: 'GET',
  url: '/api/announcements?_t=1770988511811',
  ip: '127.0.0.1',
  userAgent: 'Mozilla/5.0 (Windows NT 10.0; Win64; x64) AppleWebKit/537.36 (KHTML, like Gecko) Chrome/144.0.0.0 Safari/537.36 Edg/144.0.0.0',
  timestamp: '2026-02-13 18:45:39',
  level: 'info',
  message: 'Request'
}
{
  service: 'attendance-system',
  method: 'GET',
  url: '/?_t=1770988511811',
  statusCode: 200,
  duration: '33ms',
  contentLength: '459',
  level: 'info',
  message: 'Response',
  timestamp: '2026-02-13 18:45:39'
}
{
  service: 'attendance-system',
  method: 'GET',
  url: '/api/announcements?_t=1770988511811',
  ip: '127.0.0.1',
  userAgent: 'Mozilla/5.0 (Windows NT 10.0; Win64; x64) AppleWebKit/537.36 (KHTML, like Gecko) Chrome/144.0.0.0 Safari/537.36 Edg/144.0.0.0',
  timestamp: '2026-02-13 18:45:39',
  level: 'info',
  message: 'Request'
}
{
  service: 'attendance-system',
  method: 'GET',
  url: '/api/announcements?_t=1770988511811',
  ip: '127.0.0.1',
  userAgent: 'Mozilla/5.0 (Windows NT 10.0; Win64; x64) AppleWebKit/537.36 (KHTML, like Gecko) Chrome/144.0.0.0 Safari/537.36 Edg/144.0.0.0',
  timestamp: '2026-02-13 18:45:39',
  level: 'info',
  message: 'Request'
}
{
  service: 'attendance-system',
  method: 'GET',
  url: '/?_t=1770988511811',
  statusCode: 200,
  duration: '32ms',
  contentLength: '459',
  level: 'info',
  message: 'Response',
  timestamp: '2026-02-13 18:45:39'
}
{
  service: 'attendance-system',
  method: 'GET',
  url: '/?_t=1770988511811',
  statusCode: 200,
  duration: '39ms',
  contentLength: '459',
  level: 'info',
  message: 'Response',
  timestamp: '2026-02-13 18:45:39'
}
{
  service: 'attendance-system',
  method: 'GET',
  url: '/api/announcements?_t=1770988511811',
  ip: '127.0.0.1',
  userAgent: 'Mozilla/5.0 (Windows NT 10.0; Win64; x64) AppleWebKit/537.36 (KHTML, like Gecko) Chrome/144.0.0.0 Safari/537.36 Edg/144.0.0.0',
  timestamp: '2026-02-13 18:45:39',
  level: 'info',
  message: 'Request'
}
{
  service: 'attendance-system',
  method: 'GET',
  url: '/?_t=1770988511811',
  statusCode: 200,
  duration: '32ms',
  contentLength: '459',
  level: 'info',
  message: 'Response',
  timestamp: '2026-02-13 18:45:39'
}
{
  service: 'attendance-system',
  method: 'GET',
  url: '/?_t=1770988511811',
  statusCode: 200,
  duration: '22ms',
  contentLength: '459',
  level: 'info',
  message: 'Response',
  timestamp: '2026-02-13 18:45:39'
}
{
  service: 'attendance-system',
  method: 'GET',
  url: '/api/announcements?_t=1770988511811',
  ip: '127.0.0.1',
  userAgent: 'Mozilla/5.0 (Windows NT 10.0; Win64; x64) AppleWebKit/537.36 (KHTML, like Gecko) Chrome/144.0.0.0 Safari/537.36 Edg/144.0.0.0',
  timestamp: '2026-02-13 18:45:39',
  level: 'info',
  message: 'Request'
}
{
  service: 'attendance-system',
  method: 'GET',
  url: '/api/announcements?_t=1770988511811',
  ip: '127.0.0.1',
  userAgent: 'Mozilla/5.0 (Windows NT 10.0; Win64; x64) AppleWebKit/537.36 (KHTML, like Gecko) Chrome/144.0.0.0 Safari/537.36 Edg/144.0.0.0',
  timestamp: '2026-02-13 18:45:39',
  level: 'info',
  message: 'Request'
}
{
  service: 'attendance-system',
  method: 'GET',
  url: '/?_t=1770988511811',
  statusCode: 200,
  duration: '31ms',
  contentLength: '459',
  level: 'info',
  message: 'Response',
  timestamp: '2026-02-13 18:45:39'
}
{
  service: 'attendance-system',
  method: 'GET',
  url: '/api/announcements?_t=1770988511811',
  ip: '127.0.0.1',
  userAgent: 'Mozilla/5.0 (Windows NT 10.0; Win64; x64) AppleWebKit/537.36 (KHTML, like Gecko) Chrome/144.0.0.0 Safari/537.36 Edg/144.0.0.0',
  timestamp: '2026-02-13 18:45:39',
  level: 'info',
  message: 'Request'
}
{
  service: 'attendance-system',
  method: 'GET',
  url: '/api/announcements?_t=1770988511811',
  ip: '127.0.0.1',
  userAgent: 'Mozilla/5.0 (Windows NT 10.0; Win64; x64) AppleWebKit/537.36 (KHTML, like Gecko) Chrome/144.0.0.0 Safari/537.36 Edg/144.0.0.0',
  timestamp: '2026-02-13 18:45:39',
  level: 'info',
  message: 'Request'
}
{
  service: 'attendance-system',
  method: 'GET',
  url: '/?_t=1770988511811',
  statusCode: 200,
  duration: '35ms',
  contentLength: '459',
  level: 'info',
  message: 'Response',
  timestamp: '2026-02-13 18:45:39'
}
{
  service: 'attendance-system',
  method: 'GET',
  url: '/?_t=1770988511811',
  statusCode: 200,
  duration: '25ms',
  contentLength: '459',
  level: 'info',
  message: 'Response',
  timestamp: '2026-02-13 18:45:39'
}
{
  service: 'attendance-system',
  method: 'GET',
  url: '/api/announcements?_t=1770988511811',
  ip: '127.0.0.1',
  userAgent: 'Mozilla/5.0 (Windows NT 10.0; Win64; x64) AppleWebKit/537.36 (KHTML, like Gecko) Chrome/144.0.0.0 Safari/537.36 Edg/144.0.0.0',
  timestamp: '2026-02-13 18:45:39',
  level: 'info',
  message: 'Request'
}
{
  service: 'attendance-system',
  method: 'GET',
  url: '/?_t=1770988511811',
  statusCode: 200,
  duration: '31ms',
  contentLength: '459',
  level: 'info',
  message: 'Response',
  timestamp: '2026-02-13 18:45:39'
}
{
  service: 'attendance-system',
  method: 'GET',
  url: '/?_t=1770988511811',
  statusCode: 200,
  duration: '25ms',
  contentLength: '459',
  level: 'info',
  message: 'Response',
  timestamp: '2026-02-13 18:45:39'
}
{
  service: 'attendance-system',
  method: 'GET',
  url: '/api/announcements?_t=1770988511811',
  ip: '127.0.0.1',
  userAgent: 'Mozilla/5.0 (Windows NT 10.0; Win64; x64) AppleWebKit/537.36 (KHTML, like Gecko) Chrome/144.0.0.0 Safari/537.36 Edg/144.0.0.0',
  timestamp: '2026-02-13 18:45:39',
  level: 'info',
  message: 'Request'
}
{
  service: 'attendance-system',
  method: 'GET',
  url: '/api/announcements?_t=1770988511811',
  ip: '127.0.0.1',
  userAgent: 'Mozilla/5.0 (Windows NT 10.0; Win64; x64) AppleWebKit/537.36 (KHTML, like Gecko) Chrome/144.0.0.0 Safari/537.36 Edg/144.0.0.0',
  timestamp: '2026-02-13 18:45:39',
  level: 'info',
  message: 'Request'
}
{
  service: 'attendance-system',
  method: 'GET',
  url: '/?_t=1770988511811',
  statusCode: 200,
  duration: '28ms',
  contentLength: '459',
  level: 'info',
  message: 'Response',
  timestamp: '2026-02-13 18:45:39'
}
{
  service: 'attendance-system',
  method: 'GET',
  url: '/api/announcements?_t=1770988511834',
  ip: '127.0.0.1',
  userAgent: 'Mozilla/5.0 (Windows NT 10.0; Win64; x64) AppleWebKit/537.36 (KHTML, like Gecko) Chrome/144.0.0.0 Safari/537.36 Edg/144.0.0.0',
  timestamp: '2026-02-13 18:45:39',
  level: 'info',
  message: 'Request'
}
{
  service: 'attendance-system',
  method: 'GET',
  url: '/api/announcements?_t=1770988511834',
  ip: '127.0.0.1',
  userAgent: 'Mozilla/5.0 (Windows NT 10.0; Win64; x64) AppleWebKit/537.36 (KHTML, like Gecko) Chrome/144.0.0.0 Safari/537.36 Edg/144.0.0.0',
  timestamp: '2026-02-13 18:45:39',
  level: 'info',
  message: 'Request'
}
{
  service: 'attendance-system',
  method: 'GET',
  url: '/?_t=1770988511811',
  statusCode: 200,
  duration: '33ms',
  contentLength: '459',
  level: 'info',
  message: 'Response',
  timestamp: '2026-02-13 18:45:39'
}
{
  service: 'attendance-system',
  method: 'GET',
  url: '/?_t=1770988511811',
  statusCode: 200,
  duration: '25ms',
  contentLength: '459',
  level: 'info',
  message: 'Response',
  timestamp: '2026-02-13 18:45:39'
}
{
  service: 'attendance-system',
  method: 'GET',
  url: '/api/announcements?_t=1770988511834',
  ip: '127.0.0.1',
  userAgent: 'Mozilla/5.0 (Windows NT 10.0; Win64; x64) AppleWebKit/537.36 (KHTML, like Gecko) Chrome/144.0.0.0 Safari/537.36 Edg/144.0.0.0',
  timestamp: '2026-02-13 18:45:39',
  level: 'info',
  message: 'Request'
}
{
  service: 'attendance-system',
  method: 'GET',
  url: '/?_t=1770988511811',
  statusCode: 200,
  duration: '31ms',
  contentLength: '459',
  level: 'info',
  message: 'Response',
  timestamp: '2026-02-13 18:45:39'
}
{
  service: 'attendance-system',
  method: 'GET',
  url: '/?_t=1770988511834',
  statusCode: 200,
  duration: '23ms',
  contentLength: '459',
  level: 'info',
  message: 'Response',
  timestamp: '2026-02-13 18:45:39'
}
{
  service: 'attendance-system',
  method: 'GET',
  url: '/api/announcements?_t=1770988511834',
  ip: '127.0.0.1',
  userAgent: 'Mozilla/5.0 (Windows NT 10.0; Win64; x64) AppleWebKit/537.36 (KHTML, like Gecko) Chrome/144.0.0.0 Safari/537.36 Edg/144.0.0.0',
  timestamp: '2026-02-13 18:45:39',
  level: 'info',
  message: 'Request'
}
{
  service: 'attendance-system',
  method: 'GET',
  url: '/api/announcements?_t=1770988511834',
  ip: '127.0.0.1',
  userAgent: 'Mozilla/5.0 (Windows NT 10.0; Win64; x64) AppleWebKit/537.36 (KHTML, like Gecko) Chrome/144.0.0.0 Safari/537.36 Edg/144.0.0.0',
  timestamp: '2026-02-13 18:45:39',
  level: 'info',
  message: 'Request'
}
{
  service: 'attendance-system',
  method: 'GET',
  url: '/?_t=1770988511834',
  statusCode: 200,
  duration: '32ms',
  contentLength: '459',
  level: 'info',
  message: 'Response',
  timestamp: '2026-02-13 18:45:39'
}
{
  service: 'attendance-system',
  method: 'GET',
  url: '/api/announcements?_t=1770988511834',
  ip: '127.0.0.1',
  userAgent: 'Mozilla/5.0 (Windows NT 10.0; Win64; x64) AppleWebKit/537.36 (KHTML, like Gecko) Chrome/144.0.0.0 Safari/537.36 Edg/144.0.0.0',
  timestamp: '2026-02-13 18:45:39',
  level: 'info',
  message: 'Request'
}
{
  service: 'attendance-system',
  method: 'GET',
  url: '/api/announcements?_t=1770988511834',
  ip: '127.0.0.1',
  userAgent: 'Mozilla/5.0 (Windows NT 10.0; Win64; x64) AppleWebKit/537.36 (KHTML, like Gecko) Chrome/144.0.0.0 Safari/537.36 Edg/144.0.0.0',
  timestamp: '2026-02-13 18:45:39',
  level: 'info',
  message: 'Request'
}
{
  service: 'attendance-system',
  method: 'GET',
  url: '/?_t=1770988511834',
  statusCode: 200,
  duration: '32ms',
  contentLength: '459',
  level: 'info',
  message: 'Response',
  timestamp: '2026-02-13 18:45:39'
}
{
  service: 'attendance-system',
  method: 'GET',
  url: '/?_t=1770988511834',
  statusCode: 200,
  duration: '26ms',
  contentLength: '459',
  level: 'info',
  message: 'Response',
  timestamp: '2026-02-13 18:45:39'
}
{
  service: 'attendance-system',
  method: 'GET',
  url: '/api/announcements?_t=1770988511834',
  ip: '127.0.0.1',
  userAgent: 'Mozilla/5.0 (Windows NT 10.0; Win64; x64) AppleWebKit/537.36 (KHTML, like Gecko) Chrome/144.0.0.0 Safari/537.36 Edg/144.0.0.0',
  timestamp: '2026-02-13 18:45:39',
  level: 'info',
  message: 'Request'
}
{
  service: 'attendance-system',
  method: 'GET',
  url: '/?_t=1770988511834',
  statusCode: 200,
  duration: '30ms',
  contentLength: '459',
  level: 'info',
  message: 'Response',
  timestamp: '2026-02-13 18:45:39'
}
{
  service: 'attendance-system',
  method: 'GET',
  url: '/?_t=1770988511834',
  statusCode: 200,
  duration: '21ms',
  contentLength: '459',
  level: 'info',
  message: 'Response',
  timestamp: '2026-02-13 18:45:39'
}
{
  service: 'attendance-system',
  method: 'GET',
  url: '/api/announcements?_t=1770988511834',
  ip: '127.0.0.1',
  userAgent: 'Mozilla/5.0 (Windows NT 10.0; Win64; x64) AppleWebKit/537.36 (KHTML, like Gecko) Chrome/144.0.0.0 Safari/537.36 Edg/144.0.0.0',
  timestamp: '2026-02-13 18:45:39',
  level: 'info',
  message: 'Request'
}
{
  service: 'attendance-system',
  method: 'GET',
  url: '/api/announcements?_t=1770988511834',
  ip: '127.0.0.1',
  userAgent: 'Mozilla/5.0 (Windows NT 10.0; Win64; x64) AppleWebKit/537.36 (KHTML, like Gecko) Chrome/144.0.0.0 Safari/537.36 Edg/144.0.0.0',
  timestamp: '2026-02-13 18:45:39',
  level: 'info',
  message: 'Request'
}
{
  service: 'attendance-system',
  method: 'GET',
  url: '/api/announcements?_t=1770988511834',
  ip: '127.0.0.1',
  userAgent: 'Mozilla/5.0 (Windows NT 10.0; Win64; x64) AppleWebKit/537.36 (KHTML, like Gecko) Chrome/144.0.0.0 Safari/537.36 Edg/144.0.0.0',
  timestamp: '2026-02-13 18:45:39',
  level: 'info',
  message: 'Request'
}
{
  service: 'attendance-system',
  method: 'GET',
  url: '/api/announcements?_t=1770988511834',
  ip: '127.0.0.1',
  userAgent: 'Mozilla/5.0 (Windows NT 10.0; Win64; x64) AppleWebKit/537.36 (KHTML, like Gecko) Chrome/144.0.0.0 Safari/537.36 Edg/144.0.0.0',
  timestamp: '2026-02-13 18:45:39',
  level: 'info',
  message: 'Request'
}
{
  service: 'attendance-system',
  method: 'GET',
  url: '/?_t=1770988511834',
  statusCode: 200,
  duration: '628ms',
  contentLength: '459',
  level: 'info',
  message: 'Response',
  timestamp: '2026-02-13 18:45:40'
}
{
  service: 'attendance-system',
  method: 'GET',
  url: '/?_t=1770988511834',
  statusCode: 200,
  duration: '640ms',
  contentLength: '459',
  level: 'info',
  message: 'Response',
  timestamp: '2026-02-13 18:45:40'
}
{
  service: 'attendance-system',
  method: 'GET',
  url: '/?_t=1770988511834',
  statusCode: 200,
  duration: '610ms',
  contentLength: '459',
  level: 'info',
  message: 'Response',
  timestamp: '2026-02-13 18:45:40'
}
{
  service: 'attendance-system',
  method: 'GET',
  url: '/?_t=1770988511834',
  statusCode: 200,
  duration: '626ms',
  contentLength: '459',
  level: 'info',
  message: 'Response',
  timestamp: '2026-02-13 18:45:40'
}
{
  service: 'attendance-system',
  method: 'GET',
  url: '/api/announcements?_t=1770988511834',
  ip: '127.0.0.1',
  userAgent: 'Mozilla/5.0 (Windows NT 10.0; Win64; x64) AppleWebKit/537.36 (KHTML, like Gecko) Chrome/144.0.0.0 Safari/537.36 Edg/144.0.0.0',
  timestamp: '2026-02-13 18:45:40',
  level: 'info',
  message: 'Request'
}
{
  service: 'attendance-system',
  method: 'GET',
  url: '/?_t=1770988511834',
  statusCode: 200,
  duration: '622ms',
  contentLength: '459',
  level: 'info',
  message: 'Response',
  timestamp: '2026-02-13 18:45:40'
}
{
  service: 'attendance-system',
  method: 'GET',
  url: '/?_t=1770988511834',
  statusCode: 200,
  duration: '629ms',
  contentLength: '459',
  level: 'info',
  message: 'Response',
  timestamp: '2026-02-13 18:45:40'
}
{
  service: 'attendance-system',
  method: 'GET',
  url: '/api/announcements?_t=1770988511834',
  ip: '127.0.0.1',
  userAgent: 'Mozilla/5.0 (Windows NT 10.0; Win64; x64) AppleWebKit/537.36 (KHTML, like Gecko) Chrome/144.0.0.0 Safari/537.36 Edg/144.0.0.0',
  timestamp: '2026-02-13 18:45:40',
  level: 'info',
  message: 'Request'
}
{
  service: 'attendance-system',
  method: 'GET',
  url: '/api/announcements?_t=1770988511834',
  ip: '127.0.0.1',
  userAgent: 'Mozilla/5.0 (Windows NT 10.0; Win64; x64) AppleWebKit/537.36 (KHTML, like Gecko) Chrome/144.0.0.0 Safari/537.36 Edg/144.0.0.0',
  timestamp: '2026-02-13 18:45:40',
  level: 'info',
  message: 'Request'
}
{
  service: 'attendance-system',
  method: 'GET',
  url: '/api/announcements?_t=1770988511834',
  ip: '127.0.0.1',
  userAgent: 'Mozilla/5.0 (Windows NT 10.0; Win64; x64) AppleWebKit/537.36 (KHTML, like Gecko) Chrome/144.0.0.0 Safari/537.36 Edg/144.0.0.0',
  timestamp: '2026-02-13 18:45:40',
  level: 'info',
  message: 'Request'
}
{
  service: 'attendance-system',
  method: 'GET',
  url: '/api/announcements?_t=1770988511834',
  ip: '127.0.0.1',
  userAgent: 'Mozilla/5.0 (Windows NT 10.0; Win64; x64) AppleWebKit/537.36 (KHTML, like Gecko) Chrome/144.0.0.0 Safari/537.36 Edg/144.0.0.0',
  timestamp: '2026-02-13 18:45:40',
  level: 'info',
  message: 'Request'
}
{
  service: 'attendance-system',
  method: 'GET',
  url: '/api/announcements?_t=1770988511834',
  ip: '127.0.0.1',
  userAgent: 'Mozilla/5.0 (Windows NT 10.0; Win64; x64) AppleWebKit/537.36 (KHTML, like Gecko) Chrome/144.0.0.0 Safari/537.36 Edg/144.0.0.0',
  timestamp: '2026-02-13 18:45:40',
  level: 'info',
  message: 'Request'
}
{
  service: 'attendance-system',
  method: 'GET',
  url: '/?_t=1770988511834',
  statusCode: 200,
  duration: '35ms',
  contentLength: '459',
  level: 'info',
  message: 'Response',
  timestamp: '2026-02-13 18:45:40'
}
{
  service: 'attendance-system',
  method: 'GET',
  url: '/?_t=1770988511834',
  statusCode: 200,
  duration: '30ms',
  contentLength: '459',
  level: 'info',
  message: 'Response',
  timestamp: '2026-02-13 18:45:40'
}
{
  service: 'attendance-system',
  method: 'GET',
  url: '/?_t=1770988511834',
  statusCode: 200,
  duration: '24ms',
  contentLength: '459',
  level: 'info',
  message: 'Response',
  timestamp: '2026-02-13 18:45:40'
}
{
  service: 'attendance-system',
  method: 'GET',
  url: '/?_t=1770988511834',
  statusCode: 200,
  duration: '25ms',
  contentLength: '459',
  level: 'info',
  message: 'Response',
  timestamp: '2026-02-13 18:45:40'
}
{
  service: 'attendance-system',
  method: 'GET',
  url: '/api/announcements?_t=1770988511834',
  ip: '127.0.0.1',
  userAgent: 'Mozilla/5.0 (Windows NT 10.0; Win64; x64) AppleWebKit/537.36 (KHTML, like Gecko) Chrome/144.0.0.0 Safari/537.36 Edg/144.0.0.0',
  timestamp: '2026-02-13 18:45:40',
  level: 'info',
  message: 'Request'
}
{
  service: 'attendance-system',
  method: 'GET',
  url: '/?_t=1770988511834',
  statusCode: 200,
  duration: '26ms',
  contentLength: '459',
  level: 'info',
  message: 'Response',
  timestamp: '2026-02-13 18:45:40'
}
{
  service: 'attendance-system',
  method: 'GET',
  url: '/?_t=1770988511834',
  statusCode: 200,
  duration: '23ms',
  contentLength: '459',
  level: 'info',
  message: 'Response',
  timestamp: '2026-02-13 18:45:40'
}
{
  service: 'attendance-system',
  method: 'GET',
  url: '/api/announcements?_t=1770988511842',
  ip: '127.0.0.1',
  userAgent: 'Mozilla/5.0 (Windows NT 10.0; Win64; x64) AppleWebKit/537.36 (KHTML, like Gecko) Chrome/144.0.0.0 Safari/537.36 Edg/144.0.0.0',
  timestamp: '2026-02-13 18:45:40',
  level: 'info',
  message: 'Request'
}
{
  service: 'attendance-system',
  method: 'GET',
  url: '/api/announcements?_t=1770988511842',
  ip: '127.0.0.1',
  userAgent: 'Mozilla/5.0 (Windows NT 10.0; Win64; x64) AppleWebKit/537.36 (KHTML, like Gecko) Chrome/144.0.0.0 Safari/537.36 Edg/144.0.0.0',
  timestamp: '2026-02-13 18:45:40',
  level: 'info',
  message: 'Request'
}
{
  service: 'attendance-system',
  method: 'GET',
  url: '/api/announcements?_t=1770988511842',
  ip: '127.0.0.1',
  userAgent: 'Mozilla/5.0 (Windows NT 10.0; Win64; x64) AppleWebKit/537.36 (KHTML, like Gecko) Chrome/144.0.0.0 Safari/537.36 Edg/144.0.0.0',
  timestamp: '2026-02-13 18:45:40',
  level: 'info',
  message: 'Request'
}
{
  service: 'attendance-system',
  method: 'GET',
  url: '/api/announcements?_t=1770988511842',
  ip: '127.0.0.1',
  userAgent: 'Mozilla/5.0 (Windows NT 10.0; Win64; x64) AppleWebKit/537.36 (KHTML, like Gecko) Chrome/144.0.0.0 Safari/537.36 Edg/144.0.0.0',
  timestamp: '2026-02-13 18:45:40',
  level: 'info',
  message: 'Request'
}
{
  service: 'attendance-system',
  method: 'GET',
  url: '/api/announcements?_t=1770988511842',
  ip: '127.0.0.1',
  userAgent: 'Mozilla/5.0 (Windows NT 10.0; Win64; x64) AppleWebKit/537.36 (KHTML, like Gecko) Chrome/144.0.0.0 Safari/537.36 Edg/144.0.0.0',
  timestamp: '2026-02-13 18:45:40',
  level: 'info',
  message: 'Request'
}
{
  service: 'attendance-system',
  method: 'GET',
  url: '/?_t=1770988511834',
  statusCode: 200,
  duration: '44ms',
  contentLength: '459',
  level: 'info',
  message: 'Response',
  timestamp: '2026-02-13 18:45:40'
}
{
  service: 'attendance-system',
  method: 'GET',
  url: '/?_t=1770988511842',
  statusCode: 200,
  duration: '40ms',
  contentLength: '459',
  level: 'info',
  message: 'Response',
  timestamp: '2026-02-13 18:45:40'
}
{
  service: 'attendance-system',
  method: 'GET',
  url: '/?_t=1770988511842',
  statusCode: 200,
  duration: '33ms',
  contentLength: '459',
  level: 'info',
  message: 'Response',
  timestamp: '2026-02-13 18:45:40'
}
{
  service: 'attendance-system',
  method: 'GET',
  url: '/?_t=1770988511842',
  statusCode: 200,
  duration: '34ms',
  contentLength: '459',
  level: 'info',
  message: 'Response',
  timestamp: '2026-02-13 18:45:40'
}
{
  service: 'attendance-system',
  method: 'GET',
  url: '/api/announcements?_t=1770988511842',
  ip: '127.0.0.1',
  userAgent: 'Mozilla/5.0 (Windows NT 10.0; Win64; x64) AppleWebKit/537.36 (KHTML, like Gecko) Chrome/144.0.0.0 Safari/537.36 Edg/144.0.0.0',
  timestamp: '2026-02-13 18:45:40',
  level: 'info',
  message: 'Request'
}
{
  service: 'attendance-system',
  method: 'GET',
  url: '/?_t=1770988511842',
  statusCode: 200,
  duration: '33ms',
  contentLength: '459',
  level: 'info',
  message: 'Response',
  timestamp: '2026-02-13 18:45:40'
}
{
  service: 'attendance-system',
  method: 'GET',
  url: '/?_t=1770988511842',
  statusCode: 200,
  duration: '31ms',
  contentLength: '459',
  level: 'info',
  message: 'Response',
  timestamp: '2026-02-13 18:45:40'
}
{
  service: 'attendance-system',
  method: 'GET',
  url: '/api/announcements?_t=1770988511842',
  ip: '127.0.0.1',
  userAgent: 'Mozilla/5.0 (Windows NT 10.0; Win64; x64) AppleWebKit/537.36 (KHTML, like Gecko) Chrome/144.0.0.0 Safari/537.36 Edg/144.0.0.0',
  timestamp: '2026-02-13 18:45:40',
  level: 'info',
  message: 'Request'
}
{
  service: 'attendance-system',
  method: 'GET',
  url: '/api/announcements?_t=1770988511842',
  ip: '127.0.0.1',
  userAgent: 'Mozilla/5.0 (Windows NT 10.0; Win64; x64) AppleWebKit/537.36 (KHTML, like Gecko) Chrome/144.0.0.0 Safari/537.36 Edg/144.0.0.0',
  timestamp: '2026-02-13 18:45:40',
  level: 'info',
  message: 'Request'
}
{
  service: 'attendance-system',
  method: 'GET',
  url: '/api/announcements?_t=1770988511842',
  ip: '127.0.0.1',
  userAgent: 'Mozilla/5.0 (Windows NT 10.0; Win64; x64) AppleWebKit/537.36 (KHTML, like Gecko) Chrome/144.0.0.0 Safari/537.36 Edg/144.0.0.0',
  timestamp: '2026-02-13 18:45:40',
  level: 'info',
  message: 'Request'
}
{
  service: 'attendance-system',
  method: 'GET',
  url: '/api/announcements?_t=1770988511842',
  ip: '127.0.0.1',
  userAgent: 'Mozilla/5.0 (Windows NT 10.0; Win64; x64) AppleWebKit/537.36 (KHTML, like Gecko) Chrome/144.0.0.0 Safari/537.36 Edg/144.0.0.0',
  timestamp: '2026-02-13 18:45:40',
  level: 'info',
  message: 'Request'
}
{
  service: 'attendance-system',
  method: 'GET',
  url: '/api/announcements?_t=1770988511842',
  ip: '127.0.0.1',
  userAgent: 'Mozilla/5.0 (Windows NT 10.0; Win64; x64) AppleWebKit/537.36 (KHTML, like Gecko) Chrome/144.0.0.0 Safari/537.36 Edg/144.0.0.0',
  timestamp: '2026-02-13 18:45:40',
  level: 'info',
  message: 'Request'
}
{
  service: 'attendance-system',
  method: 'GET',
  url: '/?_t=1770988511842',
  statusCode: 200,
  duration: '35ms',
  contentLength: '459',
  level: 'info',
  message: 'Response',
  timestamp: '2026-02-13 18:45:40'
}
{
  service: 'attendance-system',
  method: 'GET',
  url: '/?_t=1770988511842',
  statusCode: 200,
  duration: '25ms',
  contentLength: '459',
  level: 'info',
  message: 'Response',
  timestamp: '2026-02-13 18:45:40'
}
{
  service: 'attendance-system',
  method: 'GET',
  url: '/?_t=1770988511842',
  statusCode: 200,
  duration: '23ms',
  contentLength: '459',
  level: 'info',
  message: 'Response',
  timestamp: '2026-02-13 18:45:40'
}
{
  service: 'attendance-system',
  method: 'GET',
  url: '/?_t=1770988511842',
  statusCode: 200,
  duration: '26ms',
  contentLength: '459',
  level: 'info',
  message: 'Response',
  timestamp: '2026-02-13 18:45:40'
}
{
  service: 'attendance-system',
  method: 'GET',
  url: '/api/announcements?_t=1770988511842',
  ip: '127.0.0.1',
  userAgent: 'Mozilla/5.0 (Windows NT 10.0; Win64; x64) AppleWebKit/537.36 (KHTML, like Gecko) Chrome/144.0.0.0 Safari/537.36 Edg/144.0.0.0',
  timestamp: '2026-02-13 18:45:40',
  level: 'info',
  message: 'Request'
}
{
  service: 'attendance-system',
  method: 'GET',
  url: '/?_t=1770988511842',
  statusCode: 200,
  duration: '27ms',
  contentLength: '459',
  level: 'info',
  message: 'Response',
  timestamp: '2026-02-13 18:45:40'
}
{
  service: 'attendance-system',
  method: 'GET',
  url: '/?_t=1770988511842',
  statusCode: 200,
  duration: '29ms',
  contentLength: '459',
  level: 'info',
  message: 'Response',
  timestamp: '2026-02-13 18:45:40'
}
{
  service: 'attendance-system',
  method: 'GET',
  url: '/api/announcements?_t=1770988511842',
  ip: '127.0.0.1',
  userAgent: 'Mozilla/5.0 (Windows NT 10.0; Win64; x64) AppleWebKit/537.36 (KHTML, like Gecko) Chrome/144.0.0.0 Safari/537.36 Edg/144.0.0.0',
  timestamp: '2026-02-13 18:45:40',
  level: 'info',
  message: 'Request'
}
{
  service: 'attendance-system',
  method: 'GET',
  url: '/api/announcements?_t=1770988511842',
  ip: '127.0.0.1',
  userAgent: 'Mozilla/5.0 (Windows NT 10.0; Win64; x64) AppleWebKit/537.36 (KHTML, like Gecko) Chrome/144.0.0.0 Safari/537.36 Edg/144.0.0.0',
  timestamp: '2026-02-13 18:45:40',
  level: 'info',
  message: 'Request'
}
{
  service: 'attendance-system',
  method: 'GET',
  url: '/api/announcements?_t=1770988511842',
  ip: '127.0.0.1',
  userAgent: 'Mozilla/5.0 (Windows NT 10.0; Win64; x64) AppleWebKit/537.36 (KHTML, like Gecko) Chrome/144.0.0.0 Safari/537.36 Edg/144.0.0.0',
  timestamp: '2026-02-13 18:45:40',
  level: 'info',
  message: 'Request'
}
{
  service: 'attendance-system',
  method: 'GET',
  url: '/api/announcements?_t=1770988511842',
  ip: '127.0.0.1',
  userAgent: 'Mozilla/5.0 (Windows NT 10.0; Win64; x64) AppleWebKit/537.36 (KHTML, like Gecko) Chrome/144.0.0.0 Safari/537.36 Edg/144.0.0.0',
  timestamp: '2026-02-13 18:45:40',
  level: 'info',
  message: 'Request'
}
{
  service: 'attendance-system',
  method: 'GET',
  url: '/api/announcements?_t=1770988511842',
  ip: '127.0.0.1',
  userAgent: 'Mozilla/5.0 (Windows NT 10.0; Win64; x64) AppleWebKit/537.36 (KHTML, like Gecko) Chrome/144.0.0.0 Safari/537.36 Edg/144.0.0.0',
  timestamp: '2026-02-13 18:45:40',
  level: 'info',
  message: 'Request'
}
{
  service: 'attendance-system',
  method: 'GET',
  url: '/?_t=1770988511842',
  statusCode: 200,
  duration: '55ms',
  contentLength: '459',
  level: 'info',
  message: 'Response',
  timestamp: '2026-02-13 18:45:40'
}
{
  service: 'attendance-system',
  method: 'GET',
  url: '/?_t=1770988511842',
  statusCode: 200,
  duration: '43ms',
  contentLength: '459',
  level: 'info',
  message: 'Response',
  timestamp: '2026-02-13 18:45:40'
}
{
  service: 'attendance-system',
  method: 'GET',
  url: '/?_t=1770988511842',
  statusCode: 200,
  duration: '42ms',
  contentLength: '459',
  level: 'info',
  message: 'Response',
  timestamp: '2026-02-13 18:45:40'
}
{
  service: 'attendance-system',
  method: 'GET',
  url: '/?_t=1770988511842',
  statusCode: 200,
  duration: '38ms',
  contentLength: '459',
  level: 'info',
  message: 'Response',
  timestamp: '2026-02-13 18:45:40'
}
{
  service: 'attendance-system',
  method: 'GET',
  url: '/api/announcements?_t=1770988511842',
  ip: '127.0.0.1',
  userAgent: 'Mozilla/5.0 (Windows NT 10.0; Win64; x64) AppleWebKit/537.36 (KHTML, like Gecko) Chrome/144.0.0.0 Safari/537.36 Edg/144.0.0.0',
  timestamp: '2026-02-13 18:45:40',
  level: 'info',
  message: 'Request'
}
{
  service: 'attendance-system',
  method: 'GET',
  url: '/api/announcements?_t=1770988511842',
  ip: '127.0.0.1',
  userAgent: 'Mozilla/5.0 (Windows NT 10.0; Win64; x64) AppleWebKit/537.36 (KHTML, like Gecko) Chrome/144.0.0.0 Safari/537.36 Edg/144.0.0.0',
  timestamp: '2026-02-13 18:45:40',
  level: 'info',
  message: 'Request'
}
{
  service: 'attendance-system',
  method: 'GET',
  url: '/api/announcements?_t=1770988511842',
  ip: '127.0.0.1',
  userAgent: 'Mozilla/5.0 (Windows NT 10.0; Win64; x64) AppleWebKit/537.36 (KHTML, like Gecko) Chrome/144.0.0.0 Safari/537.36 Edg/144.0.0.0',
  timestamp: '2026-02-13 18:45:40',
  level: 'info',
  message: 'Request'
}
{
  service: 'attendance-system',
  method: 'GET',
  url: '/api/announcements?_t=1770988511842',
  ip: '127.0.0.1',
  userAgent: 'Mozilla/5.0 (Windows NT 10.0; Win64; x64) AppleWebKit/537.36 (KHTML, like Gecko) Chrome/144.0.0.0 Safari/537.36 Edg/144.0.0.0',
  timestamp: '2026-02-13 18:45:40',
  level: 'info',
  message: 'Request'
}
{
  service: 'attendance-system',
  method: 'GET',
  url: '/?_t=1770988511842',
  statusCode: 200,
  duration: '48ms',
  contentLength: '459',
  level: 'info',
  message: 'Response',
  timestamp: '2026-02-13 18:45:40'
}
{
  service: 'attendance-system',
  method: 'GET',
  url: '/?_t=1770988511842',
  statusCode: 200,
  duration: '43ms',
  contentLength: '459',
  level: 'info',
  message: 'Response',
  timestamp: '2026-02-13 18:45:40'
}
{
  service: 'attendance-system',
  method: 'GET',
  url: '/?_t=1770988511842',
  statusCode: 200,
  duration: '28ms',
  contentLength: '459',
  level: 'info',
  message: 'Response',
  timestamp: '2026-02-13 18:45:40'
}
{
  service: 'attendance-system',
  method: 'GET',
  url: '/api/announcements?_t=1770988511842',
  ip: '127.0.0.1',
  userAgent: 'Mozilla/5.0 (Windows NT 10.0; Win64; x64) AppleWebKit/537.36 (KHTML, like Gecko) Chrome/144.0.0.0 Safari/537.36 Edg/144.0.0.0',
  timestamp: '2026-02-13 18:45:40',
  level: 'info',
  message: 'Request'
}
{
  service: 'attendance-system',
  method: 'GET',
  url: '/api/announcements?_t=1770988511842',
  ip: '127.0.0.1',
  userAgent: 'Mozilla/5.0 (Windows NT 10.0; Win64; x64) AppleWebKit/537.36 (KHTML, like Gecko) Chrome/144.0.0.0 Safari/537.36 Edg/144.0.0.0',
  timestamp: '2026-02-13 18:45:40',
  level: 'info',
  message: 'Request'
}
{
  service: 'attendance-system',
  method: 'GET',
  url: '/?_t=1770988511842',
  statusCode: 200,
  duration: '32ms',
  contentLength: '459',
  level: 'info',
  message: 'Response',
  timestamp: '2026-02-13 18:45:40'
}
{
  service: 'attendance-system',
  method: 'GET',
  url: '/?_t=1770988511842',
  statusCode: 200,
  duration: '28ms',
  contentLength: '459',
  level: 'info',
  message: 'Response',
  timestamp: '2026-02-13 18:45:40'
}
{
  service: 'attendance-system',
  method: 'GET',
  url: '/?_t=1770988511842',
  statusCode: 200,
  duration: '29ms',
  contentLength: '459',
  level: 'info',
  message: 'Response',
  timestamp: '2026-02-13 18:45:40'
}
{
  service: 'attendance-system',
  method: 'GET',
  url: '/api/announcements?_t=1770988511842',
  ip: '127.0.0.1',
  userAgent: 'Mozilla/5.0 (Windows NT 10.0; Win64; x64) AppleWebKit/537.36 (KHTML, like Gecko) Chrome/144.0.0.0 Safari/537.36 Edg/144.0.0.0',
  timestamp: '2026-02-13 18:45:40',
  level: 'info',
  message: 'Request'
}
{
  service: 'attendance-system',
  method: 'GET',
  url: '/api/announcements?_t=1770988511842',
  ip: '127.0.0.1',
  userAgent: 'Mozilla/5.0 (Windows NT 10.0; Win64; x64) AppleWebKit/537.36 (KHTML, like Gecko) Chrome/144.0.0.0 Safari/537.36 Edg/144.0.0.0',
  timestamp: '2026-02-13 18:45:40',
  level: 'info',
  message: 'Request'
}
{
  service: 'attendance-system',
  method: 'GET',
  url: '/api/announcements?_t=1770988511849',
  ip: '127.0.0.1',
  userAgent: 'Mozilla/5.0 (Windows NT 10.0; Win64; x64) AppleWebKit/537.36 (KHTML, like Gecko) Chrome/144.0.0.0 Safari/537.36 Edg/144.0.0.0',
  timestamp: '2026-02-13 18:45:40',
  level: 'info',
  message: 'Request'
}
{
  service: 'attendance-system',
  method: 'GET',
  url: '/api/announcements?_t=1770988511849',
  ip: '127.0.0.1',
  userAgent: 'Mozilla/5.0 (Windows NT 10.0; Win64; x64) AppleWebKit/537.36 (KHTML, like Gecko) Chrome/144.0.0.0 Safari/537.36 Edg/144.0.0.0',
  timestamp: '2026-02-13 18:45:40',
  level: 'info',
  message: 'Request'
}
{
  service: 'attendance-system',
  method: 'GET',
  url: '/?_t=1770988511842',
  statusCode: 200,
  duration: '36ms',
  contentLength: '459',
  level: 'info',
  message: 'Response',
  timestamp: '2026-02-13 18:45:40'
}
{
  service: 'attendance-system',
  method: 'GET',
  url: '/?_t=1770988511842',
  statusCode: 200,
  duration: '33ms',
  contentLength: '459',
  level: 'info',
  message: 'Response',
  timestamp: '2026-02-13 18:45:40'
}
{
  service: 'attendance-system',
  method: 'GET',
  url: '/api/announcements?_t=1770988511849',
  ip: '127.0.0.1',
  userAgent: 'Mozilla/5.0 (Windows NT 10.0; Win64; x64) AppleWebKit/537.36 (KHTML, like Gecko) Chrome/144.0.0.0 Safari/537.36 Edg/144.0.0.0',
  timestamp: '2026-02-13 18:45:40',
  level: 'info',
  message: 'Request'
}
{
  service: 'attendance-system',
  method: 'GET',
  url: '/api/announcements?_t=1770988511849',
  ip: '127.0.0.1',
  userAgent: 'Mozilla/5.0 (Windows NT 10.0; Win64; x64) AppleWebKit/537.36 (KHTML, like Gecko) Chrome/144.0.0.0 Safari/537.36 Edg/144.0.0.0',
  timestamp: '2026-02-13 18:45:40',
  level: 'info',
  message: 'Request'
}
{
  service: 'attendance-system',
  method: 'GET',
  url: '/?_t=1770988511842',
  statusCode: 200,
  duration: '32ms',
  contentLength: '459',
  level: 'info',
  message: 'Response',
  timestamp: '2026-02-13 18:45:40'
}
{
  service: 'attendance-system',
  method: 'GET',
  url: '/?_t=1770988511849',
  statusCode: 200,
  duration: '30ms',
  contentLength: '459',
  level: 'info',
  message: 'Response',
  timestamp: '2026-02-13 18:45:40'
}
{
  service: 'attendance-system',
  method: 'GET',
  url: '/?_t=1770988511849',
  statusCode: 200,
  duration: '27ms',
  contentLength: '459',
  level: 'info',
  message: 'Response',
  timestamp: '2026-02-13 18:45:40'
}
{
  service: 'attendance-system',
  method: 'GET',
  url: '/api/announcements?_t=1770988511849',
  ip: '127.0.0.1',
  userAgent: 'Mozilla/5.0 (Windows NT 10.0; Win64; x64) AppleWebKit/537.36 (KHTML, like Gecko) Chrome/144.0.0.0 Safari/537.36 Edg/144.0.0.0',
  timestamp: '2026-02-13 18:45:40',
  level: 'info',
  message: 'Request'
}
{
  service: 'attendance-system',
  method: 'GET',
  url: '/api/announcements?_t=1770988511849',
  ip: '127.0.0.1',
  userAgent: 'Mozilla/5.0 (Windows NT 10.0; Win64; x64) AppleWebKit/537.36 (KHTML, like Gecko) Chrome/144.0.0.0 Safari/537.36 Edg/144.0.0.0',
  timestamp: '2026-02-13 18:45:40',
  level: 'info',
  message: 'Request'
}
{
  service: 'attendance-system',
  method: 'GET',
  url: '/?_t=1770988511842',
  statusCode: 200,
  duration: '56ms',
  contentLength: '459',
  level: 'info',
  message: 'Response',
  timestamp: '2026-02-13 18:45:40'
}
{
  service: 'attendance-system',
  method: 'GET',
  url: '/?_t=1770988511849',
  statusCode: 200,
  duration: '33ms',
  contentLength: '459',
  level: 'info',
  message: 'Response',
  timestamp: '2026-02-13 18:45:40'
}
{
  service: 'attendance-system',
  method: 'GET',
  url: '/?_t=1770988511849',
  statusCode: 200,
  duration: '29ms',
  contentLength: '459',
  level: 'info',
  message: 'Response',
  timestamp: '2026-02-13 18:45:40'
}
{
  service: 'attendance-system',
  method: 'GET',
  url: '/api/announcements?_t=1770988511849',
  ip: '127.0.0.1',
  userAgent: 'Mozilla/5.0 (Windows NT 10.0; Win64; x64) AppleWebKit/537.36 (KHTML, like Gecko) Chrome/144.0.0.0 Safari/537.36 Edg/144.0.0.0',
  timestamp: '2026-02-13 18:45:40',
  level: 'info',
  message: 'Request'
}
{
  service: 'attendance-system',
  method: 'GET',
  url: '/?_t=1770988511849',
  statusCode: 200,
  duration: '23ms',
  contentLength: '459',
  level: 'info',
  message: 'Response',
  timestamp: '2026-02-13 18:45:40'
}
{
  service: 'attendance-system',
  method: 'GET',
  url: '/api/announcements?_t=1770988511849',
  ip: '127.0.0.1',
  userAgent: 'Mozilla/5.0 (Windows NT 10.0; Win64; x64) AppleWebKit/537.36 (KHTML, like Gecko) Chrome/144.0.0.0 Safari/537.36 Edg/144.0.0.0',
  timestamp: '2026-02-13 18:45:40',
  level: 'info',
  message: 'Request'
}
{
  service: 'attendance-system',
  method: 'GET',
  url: '/api/announcements?_t=1770988511858',
  ip: '127.0.0.1',
  userAgent: 'Mozilla/5.0 (Windows NT 10.0; Win64; x64) AppleWebKit/537.36 (KHTML, like Gecko) Chrome/144.0.0.0 Safari/537.36 Edg/144.0.0.0',
  timestamp: '2026-02-13 18:45:40',
  level: 'info',
  message: 'Request'
}
{
  service: 'attendance-system',
  method: 'GET',
  url: '/api/announcements?_t=1770988511858',
  ip: '127.0.0.1',
  userAgent: 'Mozilla/5.0 (Windows NT 10.0; Win64; x64) AppleWebKit/537.36 (KHTML, like Gecko) Chrome/144.0.0.0 Safari/537.36 Edg/144.0.0.0',
  timestamp: '2026-02-13 18:45:40',
  level: 'info',
  message: 'Request'
}
{
  service: 'attendance-system',
  method: 'GET',
  url: '/?_t=1770988511849',
  statusCode: 200,
  duration: '38ms',
  contentLength: '459',
  level: 'info',
  message: 'Response',
  timestamp: '2026-02-13 18:45:40'
}
{
  service: 'attendance-system',
  method: 'GET',
  url: '/api/announcements?_t=1770988511858',
  ip: '127.0.0.1',
  userAgent: 'Mozilla/5.0 (Windows NT 10.0; Win64; x64) AppleWebKit/537.36 (KHTML, like Gecko) Chrome/144.0.0.0 Safari/537.36 Edg/144.0.0.0',
  timestamp: '2026-02-13 18:45:40',
  level: 'info',
  message: 'Request'
}
{
  service: 'attendance-system',
  method: 'GET',
  url: '/?_t=1770988511849',
  statusCode: 200,
  duration: '39ms',
  contentLength: '459',
  level: 'info',
  message: 'Response',
  timestamp: '2026-02-13 18:45:40'
}
{
  service: 'attendance-system',
  method: 'GET',
  url: '/?_t=1770988511849',
  statusCode: 200,
  duration: '32ms',
  contentLength: '459',
  level: 'info',
  message: 'Response',
  timestamp: '2026-02-13 18:45:40'
}
{
  service: 'attendance-system',
  method: 'GET',
  url: '/?_t=1770988511858',
  statusCode: 200,
  duration: '26ms',
  contentLength: '459',
  level: 'info',
  message: 'Response',
  timestamp: '2026-02-13 18:45:40'
}
{
  service: 'attendance-system',
  method: 'GET',
  url: '/api/announcements?_t=1770988511858',
  ip: '127.0.0.1',
  userAgent: 'Mozilla/5.0 (Windows NT 10.0; Win64; x64) AppleWebKit/537.36 (KHTML, like Gecko) Chrome/144.0.0.0 Safari/537.36 Edg/144.0.0.0',
  timestamp: '2026-02-13 18:45:40',
  level: 'info',
  message: 'Request'
}
{
  service: 'attendance-system',
  method: 'GET',
  url: '/?_t=1770988511858',
  statusCode: 200,
  duration: '29ms',
  contentLength: '459',
  level: 'info',
  message: 'Response',
  timestamp: '2026-02-13 18:45:40'
}
{
  service: 'attendance-system',
  method: 'GET',
  url: '/api/announcements?_t=1770988511858',
  ip: '127.0.0.1',
  userAgent: 'Mozilla/5.0 (Windows NT 10.0; Win64; x64) AppleWebKit/537.36 (KHTML, like Gecko) Chrome/144.0.0.0 Safari/537.36 Edg/144.0.0.0',
  timestamp: '2026-02-13 18:45:40',
  level: 'info',
  message: 'Request'
}
{
  service: 'attendance-system',
  method: 'GET',
  url: '/api/announcements?_t=1770988511858',
  ip: '127.0.0.1',
  userAgent: 'Mozilla/5.0 (Windows NT 10.0; Win64; x64) AppleWebKit/537.36 (KHTML, like Gecko) Chrome/144.0.0.0 Safari/537.36 Edg/144.0.0.0',
  timestamp: '2026-02-13 18:45:40',
  level: 'info',
  message: 'Request'
}
{
  service: 'attendance-system',
  method: 'GET',
  url: '/api/announcements?_t=1770988511858',
  ip: '127.0.0.1',
  userAgent: 'Mozilla/5.0 (Windows NT 10.0; Win64; x64) AppleWebKit/537.36 (KHTML, like Gecko) Chrome/144.0.0.0 Safari/537.36 Edg/144.0.0.0',
  timestamp: '2026-02-13 18:45:40',
  level: 'info',
  message: 'Request'
}
{
  service: 'attendance-system',
  method: 'GET',
  url: '/?_t=1770988511858',
  statusCode: 200,
  duration: '39ms',
  contentLength: '459',
  level: 'info',
  message: 'Response',
  timestamp: '2026-02-13 18:45:40'
}
{
  service: 'attendance-system',
  method: 'GET',
  url: '/api/announcements?_t=1770988511858',
  ip: '127.0.0.1',
  userAgent: 'Mozilla/5.0 (Windows NT 10.0; Win64; x64) AppleWebKit/537.36 (KHTML, like Gecko) Chrome/144.0.0.0 Safari/537.36 Edg/144.0.0.0',
  timestamp: '2026-02-13 18:45:40',
  level: 'info',
  message: 'Request'
}
{
  service: 'attendance-system',
  method: 'GET',
  url: '/?_t=1770988511858',
  statusCode: 200,
  duration: '33ms',
  contentLength: '459',
  level: 'info',
  message: 'Response',
  timestamp: '2026-02-13 18:45:40'
}
{
  service: 'attendance-system',
  method: 'GET',
  url: '/?_t=1770988511858',
  statusCode: 200,
  duration: '27ms',
  contentLength: '459',
  level: 'info',
  message: 'Response',
  timestamp: '2026-02-13 18:45:40'
}
{
  service: 'attendance-system',
  method: 'GET',
  url: '/api/announcements?_t=1770988511858',
  ip: '127.0.0.1',
  userAgent: 'Mozilla/5.0 (Windows NT 10.0; Win64; x64) AppleWebKit/537.36 (KHTML, like Gecko) Chrome/144.0.0.0 Safari/537.36 Edg/144.0.0.0',
  timestamp: '2026-02-13 18:45:40',
  level: 'info',
  message: 'Request'
}
{
  service: 'attendance-system',
  method: 'GET',
  url: '/api/announcements?_t=1770988511858',
  ip: '127.0.0.1',
  userAgent: 'Mozilla/5.0 (Windows NT 10.0; Win64; x64) AppleWebKit/537.36 (KHTML, like Gecko) Chrome/144.0.0.0 Safari/537.36 Edg/144.0.0.0',
  timestamp: '2026-02-13 18:45:40',
  level: 'info',
  message: 'Request'
}
{
  service: 'attendance-system',
  method: 'GET',
  url: '/api/announcements?_t=1770988511858',
  ip: '127.0.0.1',
  userAgent: 'Mozilla/5.0 (Windows NT 10.0; Win64; x64) AppleWebKit/537.36 (KHTML, like Gecko) Chrome/144.0.0.0 Safari/537.36 Edg/144.0.0.0',
  timestamp: '2026-02-13 18:45:40',
  level: 'info',
  message: 'Request'
}
{
  service: 'attendance-system',
  method: 'GET',
  url: '/?_t=1770988511858',
  statusCode: 200,
  duration: '603ms',
  contentLength: '459',
  level: 'info',
  message: 'Response',
  timestamp: '2026-02-13 18:45:41'
}
{
  service: 'attendance-system',
  method: 'GET',
  url: '/?_t=1770988511858',
  statusCode: 200,
  duration: '608ms',
  contentLength: '459',
  level: 'info',
  message: 'Response',
  timestamp: '2026-02-13 18:45:41'
}
{
  service: 'attendance-system',
  method: 'GET',
  url: '/?_t=1770988511858',
  statusCode: 200,
  duration: '577ms',
  contentLength: '459',
  level: 'info',
  message: 'Response',
  timestamp: '2026-02-13 18:45:41'
}
{
  service: 'attendance-system',
  method: 'GET',
  url: '/?_t=1770988511858',
  statusCode: 200,
  duration: '584ms',
  contentLength: '459',
  level: 'info',
  message: 'Response',
  timestamp: '2026-02-13 18:45:41'
}
{
  service: 'attendance-system',
  method: 'GET',
  url: '/?_t=1770988511858',
  statusCode: 200,
  duration: '592ms',
  contentLength: '459',
  level: 'info',
  message: 'Response',
  timestamp: '2026-02-13 18:45:41'
}
{
  service: 'attendance-system',
  method: 'GET',
  url: '/?_t=1770988511858',
  statusCode: 200,
  duration: '603ms',
  contentLength: '459',
  level: 'info',
  message: 'Response',
  timestamp: '2026-02-13 18:45:41'
}
{
  service: 'attendance-system',
  method: 'GET',
  url: '/api/announcements?_t=1770988511858',
  ip: '127.0.0.1',
  userAgent: 'Mozilla/5.0 (Windows NT 10.0; Win64; x64) AppleWebKit/537.36 (KHTML, like Gecko) Chrome/144.0.0.0 Safari/537.36 Edg/144.0.0.0',
  timestamp: '2026-02-13 18:45:41',
  level: 'info',
  message: 'Request'
}
{
  service: 'attendance-system',
  method: 'GET',
  url: '/api/announcements?_t=1770988511858',
  ip: '127.0.0.1',
  userAgent: 'Mozilla/5.0 (Windows NT 10.0; Win64; x64) AppleWebKit/537.36 (KHTML, like Gecko) Chrome/144.0.0.0 Safari/537.36 Edg/144.0.0.0',
  timestamp: '2026-02-13 18:45:41',
  level: 'info',
  message: 'Request'
}
{
  service: 'attendance-system',
  method: 'GET',
  url: '/api/announcements?_t=1770988511858',
  ip: '127.0.0.1',
  userAgent: 'Mozilla/5.0 (Windows NT 10.0; Win64; x64) AppleWebKit/537.36 (KHTML, like Gecko) Chrome/144.0.0.0 Safari/537.36 Edg/144.0.0.0',
  timestamp: '2026-02-13 18:45:41',
  level: 'info',
  message: 'Request'
}
{
  service: 'attendance-system',
  method: 'GET',
  url: '/api/announcements?_t=1770988511858',
  ip: '127.0.0.1',
  userAgent: 'Mozilla/5.0 (Windows NT 10.0; Win64; x64) AppleWebKit/537.36 (KHTML, like Gecko) Chrome/144.0.0.0 Safari/537.36 Edg/144.0.0.0',
  timestamp: '2026-02-13 18:45:41',
  level: 'info',
  message: 'Request'
}
{
  service: 'attendance-system',
  method: 'GET',
  url: '/api/announcements?_t=1770988511858',
  ip: '127.0.0.1',
  userAgent: 'Mozilla/5.0 (Windows NT 10.0; Win64; x64) AppleWebKit/537.36 (KHTML, like Gecko) Chrome/144.0.0.0 Safari/537.36 Edg/144.0.0.0',
  timestamp: '2026-02-13 18:45:41',
  level: 'info',
  message: 'Request'
}
{
  service: 'attendance-system',
  method: 'GET',
  url: '/api/announcements?_t=1770988511858',
  ip: '127.0.0.1',
  userAgent: 'Mozilla/5.0 (Windows NT 10.0; Win64; x64) AppleWebKit/537.36 (KHTML, like Gecko) Chrome/144.0.0.0 Safari/537.36 Edg/144.0.0.0',
  timestamp: '2026-02-13 18:45:41',
  level: 'info',
  message: 'Request'
}
{
  service: 'attendance-system',
  method: 'GET',
  url: '/?_t=1770988511858',
  statusCode: 200,
  duration: '34ms',
  contentLength: '459',
  level: 'info',
  message: 'Response',
  timestamp: '2026-02-13 18:45:41'
}
{
  service: 'attendance-system',
  method: 'GET',
  url: '/?_t=1770988511858',
  statusCode: 200,
  duration: '31ms',
  contentLength: '459',
  level: 'info',
  message: 'Response',
  timestamp: '2026-02-13 18:45:41'
}
{
  service: 'attendance-system',
  method: 'GET',
  url: '/?_t=1770988511858',
  statusCode: 200,
  duration: '25ms',
  contentLength: '459',
  level: 'info',
  message: 'Response',
  timestamp: '2026-02-13 18:45:41'
}
{
  service: 'attendance-system',
  method: 'GET',
  url: '/?_t=1770988511858',
  statusCode: 200,
  duration: '23ms',
  contentLength: '459',
  level: 'info',
  message: 'Response',
  timestamp: '2026-02-13 18:45:41'
}
{
  service: 'attendance-system',
  method: 'GET',
  url: '/?_t=1770988511858',
  statusCode: 200,
  duration: '24ms',
  contentLength: '459',
  level: 'info',
  message: 'Response',
  timestamp: '2026-02-13 18:45:41'
}
{
  service: 'attendance-system',
  method: 'GET',
  url: '/?_t=1770988511858',
  statusCode: 200,
  duration: '20ms',
  contentLength: '459',
  level: 'info',
  message: 'Response',
  timestamp: '2026-02-13 18:45:41'
}
{
  service: 'attendance-system',
  method: 'GET',
  url: '/api/announcements?_t=1770988511858',
  ip: '127.0.0.1',
  userAgent: 'Mozilla/5.0 (Windows NT 10.0; Win64; x64) AppleWebKit/537.36 (KHTML, like Gecko) Chrome/144.0.0.0 Safari/537.36 Edg/144.0.0.0',
  timestamp: '2026-02-13 18:45:41',
  level: 'info',
  message: 'Request'
}
{
  service: 'attendance-system',
  method: 'GET',
  url: '/api/announcements?_t=1770988511858',
  ip: '127.0.0.1',
  userAgent: 'Mozilla/5.0 (Windows NT 10.0; Win64; x64) AppleWebKit/537.36 (KHTML, like Gecko) Chrome/144.0.0.0 Safari/537.36 Edg/144.0.0.0',
  timestamp: '2026-02-13 18:45:41',
  level: 'info',
  message: 'Request'
}
{
  service: 'attendance-system',
  method: 'GET',
  url: '/api/announcements?_t=1770988511858',
  ip: '127.0.0.1',
  userAgent: 'Mozilla/5.0 (Windows NT 10.0; Win64; x64) AppleWebKit/537.36 (KHTML, like Gecko) Chrome/144.0.0.0 Safari/537.36 Edg/144.0.0.0',
  timestamp: '2026-02-13 18:45:41',
  level: 'info',
  message: 'Request'
}
{
  service: 'attendance-system',
  method: 'GET',
  url: '/api/announcements?_t=1770988511858',
  ip: '127.0.0.1',
  userAgent: 'Mozilla/5.0 (Windows NT 10.0; Win64; x64) AppleWebKit/537.36 (KHTML, like Gecko) Chrome/144.0.0.0 Safari/537.36 Edg/144.0.0.0',
  timestamp: '2026-02-13 18:45:41',
  level: 'info',
  message: 'Request'
}
{
  service: 'attendance-system',
  method: 'GET',
  url: '/api/announcements?_t=1770988511858',
  ip: '127.0.0.1',
  userAgent: 'Mozilla/5.0 (Windows NT 10.0; Win64; x64) AppleWebKit/537.36 (KHTML, like Gecko) Chrome/144.0.0.0 Safari/537.36 Edg/144.0.0.0',
  timestamp: '2026-02-13 18:45:41',
  level: 'info',
  message: 'Request'
}
{
  service: 'attendance-system',
  method: 'GET',
  url: '/api/announcements?_t=1770988511866',
  ip: '127.0.0.1',
  userAgent: 'Mozilla/5.0 (Windows NT 10.0; Win64; x64) AppleWebKit/537.36 (KHTML, like Gecko) Chrome/144.0.0.0 Safari/537.36 Edg/144.0.0.0',
  timestamp: '2026-02-13 18:45:41',
  level: 'info',
  message: 'Request'
}
{
  service: 'attendance-system',
  method: 'GET',
  url: '/?_t=1770988511858',
  statusCode: 200,
  duration: '31ms',
  contentLength: '459',
  level: 'info',
  message: 'Response',
  timestamp: '2026-02-13 18:45:41'
}
{
  service: 'attendance-system',
  method: 'GET',
  url: '/?_t=1770988511858',
  statusCode: 200,
  duration: '28ms',
  contentLength: '459',
  level: 'info',
  message: 'Response',
  timestamp: '2026-02-13 18:45:41'
}
{
  service: 'attendance-system',
  method: 'GET',
  url: '/?_t=1770988511858',
  statusCode: 200,
  duration: '24ms',
  contentLength: '459',
  level: 'info',
  message: 'Response',
  timestamp: '2026-02-13 18:45:41'
}
{
  service: 'attendance-system',
  method: 'GET',
  url: '/?_t=1770988511858',
  statusCode: 200,
  duration: '25ms',
  contentLength: '459',
  level: 'info',
  message: 'Response',
  timestamp: '2026-02-13 18:45:41'
}
{
  service: 'attendance-system',
  method: 'GET',
  url: '/api/announcements?_t=1770988511866',
  ip: '127.0.0.1',
  userAgent: 'Mozilla/5.0 (Windows NT 10.0; Win64; x64) AppleWebKit/537.36 (KHTML, like Gecko) Chrome/144.0.0.0 Safari/537.36 Edg/144.0.0.0',
  timestamp: '2026-02-13 18:45:41',
  level: 'info',
  message: 'Request'
}
{
  service: 'attendance-system',
  method: 'GET',
  url: '/api/announcements?_t=1770988511866',
  ip: '127.0.0.1',
  userAgent: 'Mozilla/5.0 (Windows NT 10.0; Win64; x64) AppleWebKit/537.36 (KHTML, like Gecko) Chrome/144.0.0.0 Safari/537.36 Edg/144.0.0.0',
  timestamp: '2026-02-13 18:45:41',
  level: 'info',
  message: 'Request'
}
{
  service: 'attendance-system',
  method: 'GET',
  url: '/?_t=1770988511858',
  statusCode: 200,
  duration: '30ms',
  contentLength: '459',
  level: 'info',
  message: 'Response',
  timestamp: '2026-02-13 18:45:41'
}
{
  service: 'attendance-system',
  method: 'GET',
  url: '/?_t=1770988511866',
  statusCode: 200,
  duration: '28ms',
  contentLength: '459',
  level: 'info',
  message: 'Response',
  timestamp: '2026-02-13 18:45:41'
}
{
  service: 'attendance-system',
  method: 'GET',
  url: '/api/announcements?_t=1770988511866',
  ip: '127.0.0.1',
  userAgent: 'Mozilla/5.0 (Windows NT 10.0; Win64; x64) AppleWebKit/537.36 (KHTML, like Gecko) Chrome/144.0.0.0 Safari/537.36 Edg/144.0.0.0',
  timestamp: '2026-02-13 18:45:41',
  level: 'info',
  message: 'Request'
}
{
  service: 'attendance-system',
  method: 'GET',
  url: '/api/announcements?_t=1770988511866',
  ip: '127.0.0.1',
  userAgent: 'Mozilla/5.0 (Windows NT 10.0; Win64; x64) AppleWebKit/537.36 (KHTML, like Gecko) Chrome/144.0.0.0 Safari/537.36 Edg/144.0.0.0',
  timestamp: '2026-02-13 18:45:41',
  level: 'info',
  message: 'Request'
}
{
  service: 'attendance-system',
  method: 'GET',
  url: '/?_t=1770988511866',
  statusCode: 200,
  duration: '30ms',
  contentLength: '459',
  level: 'info',
  message: 'Response',
  timestamp: '2026-02-13 18:45:41'
}
{
  service: 'attendance-system',
  method: 'GET',
  url: '/api/announcements?_t=1770988511866',
  ip: '127.0.0.1',
  userAgent: 'Mozilla/5.0 (Windows NT 10.0; Win64; x64) AppleWebKit/537.36 (KHTML, like Gecko) Chrome/144.0.0.0 Safari/537.36 Edg/144.0.0.0',
  timestamp: '2026-02-13 18:45:41',
  level: 'info',
  message: 'Request'
}
{
  service: 'attendance-system',
  method: 'GET',
  url: '/api/announcements?_t=1770988511866',
  ip: '127.0.0.1',
  userAgent: 'Mozilla/5.0 (Windows NT 10.0; Win64; x64) AppleWebKit/537.36 (KHTML, like Gecko) Chrome/144.0.0.0 Safari/537.36 Edg/144.0.0.0',
  timestamp: '2026-02-13 18:45:41',
  level: 'info',
  message: 'Request'
}
{
  service: 'attendance-system',
  method: 'GET',
  url: '/?_t=1770988511866',
  statusCode: 200,
  duration: '45ms',
  contentLength: '459',
  level: 'info',
  message: 'Response',
  timestamp: '2026-02-13 18:45:41'
}
{
  service: 'attendance-system',
  method: 'GET',
  url: '/?_t=1770988511866',
  statusCode: 200,
  duration: '45ms',
  contentLength: '459',
  level: 'info',
  message: 'Response',
  timestamp: '2026-02-13 18:45:41'
}
{
  service: 'attendance-system',
  method: 'GET',
  url: '/api/announcements?_t=1770988511866',
  ip: '127.0.0.1',
  userAgent: 'Mozilla/5.0 (Windows NT 10.0; Win64; x64) AppleWebKit/537.36 (KHTML, like Gecko) Chrome/144.0.0.0 Safari/537.36 Edg/144.0.0.0',
  timestamp: '2026-02-13 18:45:41',
  level: 'info',
  message: 'Request'
}
{
  service: 'attendance-system',
  method: 'GET',
  url: '/?_t=1770988511866',
  statusCode: 200,
  duration: '49ms',
  contentLength: '459',
  level: 'info',
  message: 'Response',
  timestamp: '2026-02-13 18:45:41'
}
{
  service: 'attendance-system',
  method: 'GET',
  url: '/?_t=1770988511866',
  statusCode: 200,
  duration: '39ms',
  contentLength: '459',
  level: 'info',
  message: 'Response',
  timestamp: '2026-02-13 18:45:41'
}
{
  service: 'attendance-system',
  method: 'GET',
  url: '/api/announcements?_t=1770988511866',
  ip: '127.0.0.1',
  userAgent: 'Mozilla/5.0 (Windows NT 10.0; Win64; x64) AppleWebKit/537.36 (KHTML, like Gecko) Chrome/144.0.0.0 Safari/537.36 Edg/144.0.0.0',
  timestamp: '2026-02-13 18:45:41',
  level: 'info',
  message: 'Request'
}
{
  service: 'attendance-system',
  method: 'GET',
  url: '/api/announcements?_t=1770988511866',
  ip: '127.0.0.1',
  userAgent: 'Mozilla/5.0 (Windows NT 10.0; Win64; x64) AppleWebKit/537.36 (KHTML, like Gecko) Chrome/144.0.0.0 Safari/537.36 Edg/144.0.0.0',
  timestamp: '2026-02-13 18:45:41',
  level: 'info',
  message: 'Request'
}
{
  service: 'attendance-system',
  method: 'GET',
  url: '/?_t=1770988511866',
  statusCode: 200,
  duration: '40ms',
  contentLength: '459',
  level: 'info',
  message: 'Response',
  timestamp: '2026-02-13 18:45:41'
}
{
  service: 'attendance-system',
  method: 'GET',
  url: '/api/announcements?_t=1770988511866',
  ip: '127.0.0.1',
  userAgent: 'Mozilla/5.0 (Windows NT 10.0; Win64; x64) AppleWebKit/537.36 (KHTML, like Gecko) Chrome/144.0.0.0 Safari/537.36 Edg/144.0.0.0',
  timestamp: '2026-02-13 18:45:41',
  level: 'info',
  message: 'Request'
}
{
  service: 'attendance-system',
  method: 'GET',
  url: '/api/announcements?_t=1770988511866',
  ip: '127.0.0.1',
  userAgent: 'Mozilla/5.0 (Windows NT 10.0; Win64; x64) AppleWebKit/537.36 (KHTML, like Gecko) Chrome/144.0.0.0 Safari/537.36 Edg/144.0.0.0',
  timestamp: '2026-02-13 18:45:41',
  level: 'info',
  message: 'Request'
}
{
  service: 'attendance-system',
  method: 'GET',
  url: '/?_t=1770988511866',
  statusCode: 200,
  duration: '35ms',
  contentLength: '459',
  level: 'info',
  message: 'Response',
  timestamp: '2026-02-13 18:45:41'
}
{
  service: 'attendance-system',
  method: 'GET',
  url: '/?_t=1770988511866',
  statusCode: 200,
  duration: '26ms',
  contentLength: '459',
  level: 'info',
  message: 'Response',
  timestamp: '2026-02-13 18:45:41'
}
{
  service: 'attendance-system',
  method: 'GET',
  url: '/api/announcements?_t=1770988511866',
  ip: '127.0.0.1',
  userAgent: 'Mozilla/5.0 (Windows NT 10.0; Win64; x64) AppleWebKit/537.36 (KHTML, like Gecko) Chrome/144.0.0.0 Safari/537.36 Edg/144.0.0.0',
  timestamp: '2026-02-13 18:45:41',
  level: 'info',
  message: 'Request'
}
{
  service: 'attendance-system',
  method: 'GET',
  url: '/?_t=1770988511866',
  statusCode: 200,
  duration: '31ms',
  contentLength: '459',
  level: 'info',
  message: 'Response',
  timestamp: '2026-02-13 18:45:41'
}
{
  service: 'attendance-system',
  method: 'GET',
  url: '/?_t=1770988511866',
  statusCode: 200,
  duration: '23ms',
  contentLength: '459',
  level: 'info',
  message: 'Response',
  timestamp: '2026-02-13 18:45:41'
}
{
  service: 'attendance-system',
  method: 'GET',
  url: '/api/announcements?_t=1770988511866',
  ip: '127.0.0.1',
  userAgent: 'Mozilla/5.0 (Windows NT 10.0; Win64; x64) AppleWebKit/537.36 (KHTML, like Gecko) Chrome/144.0.0.0 Safari/537.36 Edg/144.0.0.0',
  timestamp: '2026-02-13 18:45:41',
  level: 'info',
  message: 'Request'
}
{
  service: 'attendance-system',
  method: 'GET',
  url: '/api/announcements?_t=1770988511866',
  ip: '127.0.0.1',
  userAgent: 'Mozilla/5.0 (Windows NT 10.0; Win64; x64) AppleWebKit/537.36 (KHTML, like Gecko) Chrome/144.0.0.0 Safari/537.36 Edg/144.0.0.0',
  timestamp: '2026-02-13 18:45:41',
  level: 'info',
  message: 'Request'
}
{
  service: 'attendance-system',
  method: 'GET',
  url: '/?_t=1770988511866',
  statusCode: 200,
  duration: '31ms',
  contentLength: '459',
  level: 'info',
  message: 'Response',
  timestamp: '2026-02-13 18:45:41'
}
{
  service: 'attendance-system',
  method: 'GET',
  url: '/api/announcements?_t=1770988511866',
  ip: '127.0.0.1',
  userAgent: 'Mozilla/5.0 (Windows NT 10.0; Win64; x64) AppleWebKit/537.36 (KHTML, like Gecko) Chrome/144.0.0.0 Safari/537.36 Edg/144.0.0.0',
  timestamp: '2026-02-13 18:45:41',
  level: 'info',
  message: 'Request'
}
{
  service: 'attendance-system',
  method: 'GET',
  url: '/api/announcements?_t=1770988511866',
  ip: '127.0.0.1',
  userAgent: 'Mozilla/5.0 (Windows NT 10.0; Win64; x64) AppleWebKit/537.36 (KHTML, like Gecko) Chrome/144.0.0.0 Safari/537.36 Edg/144.0.0.0',
  timestamp: '2026-02-13 18:45:41',
  level: 'info',
  message: 'Request'
}
{
  service: 'attendance-system',
  method: 'GET',
  url: '/?_t=1770988511866',
  statusCode: 200,
  duration: '29ms',
  contentLength: '459',
  level: 'info',
  message: 'Response',
  timestamp: '2026-02-13 18:45:41'
}
{
  service: 'attendance-system',
  method: 'GET',
  url: '/api/announcements?_t=1770988511866',
  ip: '127.0.0.1',
  userAgent: 'Mozilla/5.0 (Windows NT 10.0; Win64; x64) AppleWebKit/537.36 (KHTML, like Gecko) Chrome/144.0.0.0 Safari/537.36 Edg/144.0.0.0',
  timestamp: '2026-02-13 18:45:41',
  level: 'info',
  message: 'Request'
}
{
  service: 'attendance-system',
  method: 'GET',
  url: '/?_t=1770988511866',
  statusCode: 200,
  duration: '37ms',
  contentLength: '459',
  level: 'info',
  message: 'Response',
  timestamp: '2026-02-13 18:45:41'
}
{
  service: 'attendance-system',
  method: 'GET',
  url: '/?_t=1770988511866',
  statusCode: 200,
  duration: '39ms',
  contentLength: '459',
  level: 'info',
  message: 'Response',
  timestamp: '2026-02-13 18:45:41'
}
{
  service: 'attendance-system',
  method: 'GET',
  url: '/?_t=1770988511866',
  statusCode: 200,
  duration: '31ms',
  contentLength: '459',
  level: 'info',
  message: 'Response',
  timestamp: '2026-02-13 18:45:41'
}
{
  service: 'attendance-system',
  method: 'GET',
  url: '/api/announcements?_t=1770988511866',
  ip: '127.0.0.1',
  userAgent: 'Mozilla/5.0 (Windows NT 10.0; Win64; x64) AppleWebKit/537.36 (KHTML, like Gecko) Chrome/144.0.0.0 Safari/537.36 Edg/144.0.0.0',
  timestamp: '2026-02-13 18:45:41',
  level: 'info',
  message: 'Request'
}
{
  service: 'attendance-system',
  method: 'GET',
  url: '/?_t=1770988511866',
  statusCode: 200,
  duration: '37ms',
  contentLength: '459',
  level: 'info',
  message: 'Response',
  timestamp: '2026-02-13 18:45:41'
}
{
  service: 'attendance-system',
  method: 'GET',
  url: '/api/announcements?_t=1770988511866',
  ip: '127.0.0.1',
  userAgent: 'Mozilla/5.0 (Windows NT 10.0; Win64; x64) AppleWebKit/537.36 (KHTML, like Gecko) Chrome/144.0.0.0 Safari/537.36 Edg/144.0.0.0',
  timestamp: '2026-02-13 18:45:41',
  level: 'info',
  message: 'Request'
}
{
  service: 'attendance-system',
  method: 'GET',
  url: '/api/announcements?_t=1770988511866',
  ip: '127.0.0.1',
  userAgent: 'Mozilla/5.0 (Windows NT 10.0; Win64; x64) AppleWebKit/537.36 (KHTML, like Gecko) Chrome/144.0.0.0 Safari/537.36 Edg/144.0.0.0',
  timestamp: '2026-02-13 18:45:41',
  level: 'info',
  message: 'Request'
}
{
  service: 'attendance-system',
  method: 'GET',
  url: '/api/announcements?_t=1770988511866',
  ip: '127.0.0.1',
  userAgent: 'Mozilla/5.0 (Windows NT 10.0; Win64; x64) AppleWebKit/537.36 (KHTML, like Gecko) Chrome/144.0.0.0 Safari/537.36 Edg/144.0.0.0',
  timestamp: '2026-02-13 18:45:41',
  level: 'info',
  message: 'Request'
}
{
  service: 'attendance-system',
  method: 'GET',
  url: '/?_t=1770988511866',
  statusCode: 200,
  duration: '51ms',
  contentLength: '459',
  level: 'info',
  message: 'Response',
  timestamp: '2026-02-13 18:45:41'
}
{
  service: 'attendance-system',
  method: 'GET',
  url: '/api/announcements?_t=1770988511866',
  ip: '127.0.0.1',
  userAgent: 'Mozilla/5.0 (Windows NT 10.0; Win64; x64) AppleWebKit/537.36 (KHTML, like Gecko) Chrome/144.0.0.0 Safari/537.36 Edg/144.0.0.0',
  timestamp: '2026-02-13 18:45:41',
  level: 'info',
  message: 'Request'
}
{
  service: 'attendance-system',
  method: 'GET',
  url: '/?_t=1770988511866',
  statusCode: 200,
  duration: '47ms',
  contentLength: '459',
  level: 'info',
  message: 'Response',
  timestamp: '2026-02-13 18:45:41'
}
{
  service: 'attendance-system',
  method: 'GET',
  url: '/?_t=1770988511866',
  statusCode: 200,
  duration: '35ms',
  contentLength: '459',
  level: 'info',
  message: 'Response',
  timestamp: '2026-02-13 18:45:41'
}
{
  service: 'attendance-system',
  method: 'GET',
  url: '/?_t=1770988511866',
  statusCode: 200,
  duration: '31ms',
  contentLength: '459',
  level: 'info',
  message: 'Response',
  timestamp: '2026-02-13 18:45:41'
}
{
  service: 'attendance-system',
  method: 'GET',
  url: '/api/announcements?_t=1770988511866',
  ip: '127.0.0.1',
  userAgent: 'Mozilla/5.0 (Windows NT 10.0; Win64; x64) AppleWebKit/537.36 (KHTML, like Gecko) Chrome/144.0.0.0 Safari/537.36 Edg/144.0.0.0',
  timestamp: '2026-02-13 18:45:41',
  level: 'info',
  message: 'Request'
}
{
  service: 'attendance-system',
  method: 'GET',
  url: '/?_t=1770988511866',
  statusCode: 200,
  duration: '38ms',
  contentLength: '459',
  level: 'info',
  message: 'Response',
  timestamp: '2026-02-13 18:45:41'
}
{
  service: 'attendance-system',
  method: 'GET',
  url: '/api/announcements?_t=1770988511866',
  ip: '127.0.0.1',
  userAgent: 'Mozilla/5.0 (Windows NT 10.0; Win64; x64) AppleWebKit/537.36 (KHTML, like Gecko) Chrome/144.0.0.0 Safari/537.36 Edg/144.0.0.0',
  timestamp: '2026-02-13 18:45:41',
  level: 'info',
  message: 'Request'
}
{
  service: 'attendance-system',
  method: 'GET',
  url: '/api/announcements?_t=1770988511874',
  ip: '127.0.0.1',
  userAgent: 'Mozilla/5.0 (Windows NT 10.0; Win64; x64) AppleWebKit/537.36 (KHTML, like Gecko) Chrome/144.0.0.0 Safari/537.36 Edg/144.0.0.0',
  timestamp: '2026-02-13 18:45:41',
  level: 'info',
  message: 'Request'
}
{
  service: 'attendance-system',
  method: 'GET',
  url: '/api/announcements?_t=1770988511874',
  ip: '127.0.0.1',
  userAgent: 'Mozilla/5.0 (Windows NT 10.0; Win64; x64) AppleWebKit/537.36 (KHTML, like Gecko) Chrome/144.0.0.0 Safari/537.36 Edg/144.0.0.0',
  timestamp: '2026-02-13 18:45:41',
  level: 'info',
  message: 'Request'
}
{
  service: 'attendance-system',
  method: 'GET',
  url: '/?_t=1770988511866',
  statusCode: 200,
  duration: '40ms',
  contentLength: '459',
  level: 'info',
  message: 'Response',
  timestamp: '2026-02-13 18:45:41'
}
{
  service: 'attendance-system',
  method: 'GET',
  url: '/api/announcements?_t=1770988511874',
  ip: '127.0.0.1',
  userAgent: 'Mozilla/5.0 (Windows NT 10.0; Win64; x64) AppleWebKit/537.36 (KHTML, like Gecko) Chrome/144.0.0.0 Safari/537.36 Edg/144.0.0.0',
  timestamp: '2026-02-13 18:45:41',
  level: 'info',
  message: 'Request'
}
{
  service: 'attendance-system',
  method: 'GET',
  url: '/?_t=1770988511866',
  statusCode: 200,
  duration: '34ms',
  contentLength: '459',
  level: 'info',
  message: 'Response',
  timestamp: '2026-02-13 18:45:41'
}
{
  service: 'attendance-system',
  method: 'GET',
  url: '/?_t=1770988511866',
  statusCode: 200,
  duration: '23ms',
  contentLength: '459',
  level: 'info',
  message: 'Response',
  timestamp: '2026-02-13 18:45:41'
}
{
  service: 'attendance-system',
  method: 'GET',
  url: '/api/announcements?_t=1770988511874',
  ip: '127.0.0.1',
  userAgent: 'Mozilla/5.0 (Windows NT 10.0; Win64; x64) AppleWebKit/537.36 (KHTML, like Gecko) Chrome/144.0.0.0 Safari/537.36 Edg/144.0.0.0',
  timestamp: '2026-02-13 18:45:41',
  level: 'info',
  message: 'Request'
}
{
  service: 'attendance-system',
  method: 'GET',
  url: '/?_t=1770988511874',
  statusCode: 200,
  duration: '25ms',
  contentLength: '459',
  level: 'info',
  message: 'Response',
  timestamp: '2026-02-13 18:45:41'
}
{
  service: 'attendance-system',
  method: 'GET',
  url: '/?_t=1770988511874',
  statusCode: 200,
  duration: '25ms',
  contentLength: '459',
  level: 'info',
  message: 'Response',
  timestamp: '2026-02-13 18:45:41'
}
{
  service: 'attendance-system',
  method: 'GET',
  url: '/api/announcements?_t=1770988511874',
  ip: '127.0.0.1',
  userAgent: 'Mozilla/5.0 (Windows NT 10.0; Win64; x64) AppleWebKit/537.36 (KHTML, like Gecko) Chrome/144.0.0.0 Safari/537.36 Edg/144.0.0.0',
  timestamp: '2026-02-13 18:45:41',
  level: 'info',
  message: 'Request'
}
{
  service: 'attendance-system',
  method: 'GET',
  url: '/api/announcements?_t=1770988511874',
  ip: '127.0.0.1',
  userAgent: 'Mozilla/5.0 (Windows NT 10.0; Win64; x64) AppleWebKit/537.36 (KHTML, like Gecko) Chrome/144.0.0.0 Safari/537.36 Edg/144.0.0.0',
  timestamp: '2026-02-13 18:45:41',
  level: 'info',
  message: 'Request'
}
{
  service: 'attendance-system',
  method: 'GET',
  url: '/?_t=1770988511874',
  statusCode: 200,
  duration: '26ms',
  contentLength: '459',
  level: 'info',
  message: 'Response',
  timestamp: '2026-02-13 18:45:41'
}
{
  service: 'attendance-system',
  method: 'GET',
  url: '/api/announcements?_t=1770988511874',
  ip: '127.0.0.1',
  userAgent: 'Mozilla/5.0 (Windows NT 10.0; Win64; x64) AppleWebKit/537.36 (KHTML, like Gecko) Chrome/144.0.0.0 Safari/537.36 Edg/144.0.0.0',
  timestamp: '2026-02-13 18:45:41',
  level: 'info',
  message: 'Request'
}
{
  service: 'attendance-system',
  method: 'GET',
  url: '/api/announcements?_t=1770988511874',
  ip: '127.0.0.1',
  userAgent: 'Mozilla/5.0 (Windows NT 10.0; Win64; x64) AppleWebKit/537.36 (KHTML, like Gecko) Chrome/144.0.0.0 Safari/537.36 Edg/144.0.0.0',
  timestamp: '2026-02-13 18:45:41',
  level: 'info',
  message: 'Request'
}
{
  service: 'attendance-system',
  method: 'GET',
  url: '/?_t=1770988511874',
  statusCode: 200,
  duration: '32ms',
  contentLength: '459',
  level: 'info',
  message: 'Response',
  timestamp: '2026-02-13 18:45:41'
}
{
  service: 'attendance-system',
  method: 'GET',
  url: '/?_t=1770988511874',
  statusCode: 200,
  duration: '23ms',
  contentLength: '459',
  level: 'info',
  message: 'Response',
  timestamp: '2026-02-13 18:45:41'
}
{
  service: 'attendance-system',
  method: 'GET',
  url: '/api/announcements?_t=1770988511874',
  ip: '127.0.0.1',
  userAgent: 'Mozilla/5.0 (Windows NT 10.0; Win64; x64) AppleWebKit/537.36 (KHTML, like Gecko) Chrome/144.0.0.0 Safari/537.36 Edg/144.0.0.0',
  timestamp: '2026-02-13 18:45:41',
  level: 'info',
  message: 'Request'
}
{
  service: 'attendance-system',
  method: 'GET',
  url: '/?_t=1770988511874',
  statusCode: 200,
  duration: '28ms',
  contentLength: '459',
  level: 'info',
  message: 'Response',
  timestamp: '2026-02-13 18:45:41'
}
{
  service: 'attendance-system',
  method: 'GET',
  url: '/?_t=1770988511874',
  statusCode: 200,
  duration: '23ms',
  contentLength: '459',
  level: 'info',
  message: 'Response',
  timestamp: '2026-02-13 18:45:41'
}
{
  service: 'attendance-system',
  method: 'GET',
  url: '/api/announcements?_t=1770988511874',
  ip: '127.0.0.1',
  userAgent: 'Mozilla/5.0 (Windows NT 10.0; Win64; x64) AppleWebKit/537.36 (KHTML, like Gecko) Chrome/144.0.0.0 Safari/537.36 Edg/144.0.0.0',
  timestamp: '2026-02-13 18:45:41',
  level: 'info',
  message: 'Request'
}
{
  service: 'attendance-system',
  method: 'GET',
  url: '/api/announcements?_t=1770988511874',
  ip: '127.0.0.1',
  userAgent: 'Mozilla/5.0 (Windows NT 10.0; Win64; x64) AppleWebKit/537.36 (KHTML, like Gecko) Chrome/144.0.0.0 Safari/537.36 Edg/144.0.0.0',
  timestamp: '2026-02-13 18:45:41',
  level: 'info',
  message: 'Request'
}
{
  service: 'attendance-system',
  method: 'GET',
  url: '/?_t=1770988511874',
  statusCode: 200,
  duration: '29ms',
  contentLength: '459',
  level: 'info',
  message: 'Response',
  timestamp: '2026-02-13 18:45:41'
}
{
  service: 'attendance-system',
  method: 'GET',
  url: '/api/announcements?_t=1770988511874',
  ip: '127.0.0.1',
  userAgent: 'Mozilla/5.0 (Windows NT 10.0; Win64; x64) AppleWebKit/537.36 (KHTML, like Gecko) Chrome/144.0.0.0 Safari/537.36 Edg/144.0.0.0',
  timestamp: '2026-02-13 18:45:41',
  level: 'info',
  message: 'Request'
}
{
  service: 'attendance-system',
  method: 'GET',
  url: '/api/announcements?_t=1770988511874',
  ip: '127.0.0.1',
  userAgent: 'Mozilla/5.0 (Windows NT 10.0; Win64; x64) AppleWebKit/537.36 (KHTML, like Gecko) Chrome/144.0.0.0 Safari/537.36 Edg/144.0.0.0',
  timestamp: '2026-02-13 18:45:41',
  level: 'info',
  message: 'Request'
}
{
  service: 'attendance-system',
  method: 'GET',
  url: '/api/announcements?_t=1770988511874',
  ip: '127.0.0.1',
  userAgent: 'Mozilla/5.0 (Windows NT 10.0; Win64; x64) AppleWebKit/537.36 (KHTML, like Gecko) Chrome/144.0.0.0 Safari/537.36 Edg/144.0.0.0',
  timestamp: '2026-02-13 18:45:41',
  level: 'info',
  message: 'Request'
}
{
  service: 'attendance-system',
  method: 'GET',
  url: '/?_t=1770988511874',
  statusCode: 200,
  duration: '612ms',
  contentLength: '459',
  level: 'info',
  message: 'Response',
  timestamp: '2026-02-13 18:45:42'
}
{
  service: 'attendance-system',
  method: 'GET',
  url: '/?_t=1770988511874',
  statusCode: 200,
  duration: '607ms',
  contentLength: '459',
  level: 'info',
  message: 'Response',
  timestamp: '2026-02-13 18:45:42'
}
{
  service: 'attendance-system',
  method: 'GET',
  url: '/?_t=1770988511874',
  statusCode: 200,
  duration: '605ms',
  contentLength: '459',
  level: 'info',
  message: 'Response',
  timestamp: '2026-02-13 18:45:42'
}
{
  service: 'attendance-system',
  method: 'GET',
  url: '/?_t=1770988511874',
  statusCode: 200,
  duration: '602ms',
  contentLength: '459',
  level: 'info',
  message: 'Response',
  timestamp: '2026-02-13 18:45:42'
}
{
  service: 'attendance-system',
  method: 'GET',
  url: '/?_t=1770988511874',
  statusCode: 200,
  duration: '600ms',
  contentLength: '459',
  level: 'info',
  message: 'Response',
  timestamp: '2026-02-13 18:45:42'
}
{
  service: 'attendance-system',
  method: 'GET',
  url: '/api/announcements?_t=1770988511874',
  ip: '127.0.0.1',
  userAgent: 'Mozilla/5.0 (Windows NT 10.0; Win64; x64) AppleWebKit/537.36 (KHTML, like Gecko) Chrome/144.0.0.0 Safari/537.36 Edg/144.0.0.0',
  timestamp: '2026-02-13 18:45:42',
  level: 'info',
  message: 'Request'
}
{
  service: 'attendance-system',
  method: 'GET',
  url: '/?_t=1770988511874',
  statusCode: 200,
  duration: '601ms',
  contentLength: '459',
  level: 'info',
  message: 'Response',
  timestamp: '2026-02-13 18:45:42'
}
{
  service: 'attendance-system',
  method: 'GET',
  url: '/api/announcements?_t=1770988511874',
  ip: '127.0.0.1',
  userAgent: 'Mozilla/5.0 (Windows NT 10.0; Win64; x64) AppleWebKit/537.36 (KHTML, like Gecko) Chrome/144.0.0.0 Safari/537.36 Edg/144.0.0.0',
  timestamp: '2026-02-13 18:45:42',
  level: 'info',
  message: 'Request'
}
{
  service: 'attendance-system',
  method: 'GET',
  url: '/api/announcements?_t=1770988511874',
  ip: '127.0.0.1',
  userAgent: 'Mozilla/5.0 (Windows NT 10.0; Win64; x64) AppleWebKit/537.36 (KHTML, like Gecko) Chrome/144.0.0.0 Safari/537.36 Edg/144.0.0.0',
  timestamp: '2026-02-13 18:45:42',
  level: 'info',
  message: 'Request'
}
{
  service: 'attendance-system',
  method: 'GET',
  url: '/api/announcements?_t=1770988511874',
  ip: '127.0.0.1',
  userAgent: 'Mozilla/5.0 (Windows NT 10.0; Win64; x64) AppleWebKit/537.36 (KHTML, like Gecko) Chrome/144.0.0.0 Safari/537.36 Edg/144.0.0.0',
  timestamp: '2026-02-13 18:45:42',
  level: 'info',
  message: 'Request'
}
{
  service: 'attendance-system',
  method: 'GET',
  url: '/api/announcements?_t=1770988511874',
  ip: '127.0.0.1',
  userAgent: 'Mozilla/5.0 (Windows NT 10.0; Win64; x64) AppleWebKit/537.36 (KHTML, like Gecko) Chrome/144.0.0.0 Safari/537.36 Edg/144.0.0.0',
  timestamp: '2026-02-13 18:45:42',
  level: 'info',
  message: 'Request'
}
{
  service: 'attendance-system',
  method: 'GET',
  url: '/api/announcements?_t=1770988511874',
  ip: '127.0.0.1',
  userAgent: 'Mozilla/5.0 (Windows NT 10.0; Win64; x64) AppleWebKit/537.36 (KHTML, like Gecko) Chrome/144.0.0.0 Safari/537.36 Edg/144.0.0.0',
  timestamp: '2026-02-13 18:45:42',
  level: 'info',
  message: 'Request'
}
{
  service: 'attendance-system',
  method: 'GET',
  url: '/?_t=1770988511874',
  statusCode: 200,
  duration: '39ms',
  contentLength: '459',
  level: 'info',
  message: 'Response',
  timestamp: '2026-02-13 18:45:42'
}
{
  service: 'attendance-system',
  method: 'GET',
  url: '/?_t=1770988511874',
  statusCode: 200,
  duration: '35ms',
  contentLength: '459',
  level: 'info',
  message: 'Response',
  timestamp: '2026-02-13 18:45:42'
}
{
  service: 'attendance-system',
  method: 'GET',
  url: '/?_t=1770988511874',
  statusCode: 200,
  duration: '30ms',
  contentLength: '459',
  level: 'info',
  message: 'Response',
  timestamp: '2026-02-13 18:45:42'
}
{
  service: 'attendance-system',
  method: 'GET',
  url: '/?_t=1770988511874',
  statusCode: 200,
  duration: '27ms',
  contentLength: '459',
  level: 'info',
  message: 'Response',
  timestamp: '2026-02-13 18:45:42'
}
{
  service: 'attendance-system',
  method: 'GET',
  url: '/?_t=1770988511874',
  statusCode: 200,
  duration: '39ms',
  contentLength: '459',
  level: 'info',
  message: 'Response',
  timestamp: '2026-02-13 18:45:42'
}
{
  service: 'attendance-system',
  method: 'GET',
  url: '/api/announcements?_t=1770988511874',
  ip: '127.0.0.1',
  userAgent: 'Mozilla/5.0 (Windows NT 10.0; Win64; x64) AppleWebKit/537.36 (KHTML, like Gecko) Chrome/144.0.0.0 Safari/537.36 Edg/144.0.0.0',
  timestamp: '2026-02-13 18:45:42',
  level: 'info',
  message: 'Request'
}
{
  service: 'attendance-system',
  method: 'GET',
  url: '/?_t=1770988511874',
  statusCode: 200,
  duration: '136ms',
  contentLength: '459',
  level: 'info',
  message: 'Response',
  timestamp: '2026-02-13 18:45:42'
}
{
  service: 'attendance-system',
  method: 'GET',
  url: '/api/announcements?_t=1770988511874',
  ip: '127.0.0.1',
  userAgent: 'Mozilla/5.0 (Windows NT 10.0; Win64; x64) AppleWebKit/537.36 (KHTML, like Gecko) Chrome/144.0.0.0 Safari/537.36 Edg/144.0.0.0',
  timestamp: '2026-02-13 18:45:42',
  level: 'info',
  message: 'Request'
}
{
  service: 'attendance-system',
  method: 'GET',
  url: '/api/announcements?_t=1770988511882',
  ip: '127.0.0.1',
  userAgent: 'Mozilla/5.0 (Windows NT 10.0; Win64; x64) AppleWebKit/537.36 (KHTML, like Gecko) Chrome/144.0.0.0 Safari/537.36 Edg/144.0.0.0',
  timestamp: '2026-02-13 18:45:42',
  level: 'info',
  message: 'Request'
}
{
  service: 'attendance-system',
  method: 'GET',
  url: '/api/announcements?_t=1770988511882',
  ip: '127.0.0.1',
  userAgent: 'Mozilla/5.0 (Windows NT 10.0; Win64; x64) AppleWebKit/537.36 (KHTML, like Gecko) Chrome/144.0.0.0 Safari/537.36 Edg/144.0.0.0',
  timestamp: '2026-02-13 18:45:42',
  level: 'info',
  message: 'Request'
}
{
  service: 'attendance-system',
  method: 'GET',
  url: '/api/announcements?_t=1770988511882',
  ip: '127.0.0.1',
  userAgent: 'Mozilla/5.0 (Windows NT 10.0; Win64; x64) AppleWebKit/537.36 (KHTML, like Gecko) Chrome/144.0.0.0 Safari/537.36 Edg/144.0.0.0',
  timestamp: '2026-02-13 18:45:42',
  level: 'info',
  message: 'Request'
}
{
  service: 'attendance-system',
  method: 'GET',
  url: '/api/announcements?_t=1770988511882',
  ip: '127.0.0.1',
  userAgent: 'Mozilla/5.0 (Windows NT 10.0; Win64; x64) AppleWebKit/537.36 (KHTML, like Gecko) Chrome/144.0.0.0 Safari/537.36 Edg/144.0.0.0',
  timestamp: '2026-02-13 18:45:42',
  level: 'info',
  message: 'Request'
}
{
  service: 'attendance-system',
  method: 'GET',
  url: '/?_t=1770988511874',
  statusCode: 200,
  duration: '153ms',
  contentLength: '459',
  level: 'info',
  message: 'Response',
  timestamp: '2026-02-13 18:45:42'
}
{
  service: 'attendance-system',
  method: 'GET',
  url: '/?_t=1770988511874',
  statusCode: 200,
  duration: '72ms',
  contentLength: '459',
  level: 'info',
  message: 'Response',
  timestamp: '2026-02-13 18:45:42'
}
{
  service: 'attendance-system',
  method: 'GET',
  url: '/?_t=1770988511882',
  statusCode: 200,
  duration: '52ms',
  contentLength: '459',
  level: 'info',
  message: 'Response',
  timestamp: '2026-02-13 18:45:42'
}
{
  service: 'attendance-system',
  method: 'GET',
  url: '/?_t=1770988511882',
  statusCode: 200,
  duration: '49ms',
  contentLength: '459',
  level: 'info',
  message: 'Response',
  timestamp: '2026-02-13 18:45:42'
}
{
  service: 'attendance-system',
  method: 'GET',
  url: '/?_t=1770988511882',
  statusCode: 200,
  duration: '36ms',
  contentLength: '459',
  level: 'info',
  message: 'Response',
  timestamp: '2026-02-13 18:45:42'
}
{
  service: 'attendance-system',
  method: 'GET',
  url: '/api/announcements?_t=1770988511882',
  ip: '127.0.0.1',
  userAgent: 'Mozilla/5.0 (Windows NT 10.0; Win64; x64) AppleWebKit/537.36 (KHTML, like Gecko) Chrome/144.0.0.0 Safari/537.36 Edg/144.0.0.0',
  timestamp: '2026-02-13 18:45:42',
  level: 'info',
  message: 'Request'
}
{
  service: 'attendance-system',
  method: 'GET',
  url: '/api/announcements?_t=1770988511882',
  ip: '127.0.0.1',
  userAgent: 'Mozilla/5.0 (Windows NT 10.0; Win64; x64) AppleWebKit/537.36 (KHTML, like Gecko) Chrome/144.0.0.0 Safari/537.36 Edg/144.0.0.0',
  timestamp: '2026-02-13 18:45:42',
  level: 'info',
  message: 'Request'
}
{
  service: 'attendance-system',
  method: 'GET',
  url: '/?_t=1770988511882',
  statusCode: 200,
  duration: '36ms',
  contentLength: '459',
  level: 'info',
  message: 'Response',
  timestamp: '2026-02-13 18:45:42'
}
{
  service: 'attendance-system',
  method: 'GET',
  url: '/api/announcements?_t=1770988511882',
  ip: '127.0.0.1',
  userAgent: 'Mozilla/5.0 (Windows NT 10.0; Win64; x64) AppleWebKit/537.36 (KHTML, like Gecko) Chrome/144.0.0.0 Safari/537.36 Edg/144.0.0.0',
  timestamp: '2026-02-13 18:45:42',
  level: 'info',
  message: 'Request'
}
{
  service: 'attendance-system',
  method: 'GET',
  url: '/api/announcements?_t=1770988511882',
  ip: '127.0.0.1',
  userAgent: 'Mozilla/5.0 (Windows NT 10.0; Win64; x64) AppleWebKit/537.36 (KHTML, like Gecko) Chrome/144.0.0.0 Safari/537.36 Edg/144.0.0.0',
  timestamp: '2026-02-13 18:45:42',
  level: 'info',
  message: 'Request'
}
{
  service: 'attendance-system',
  method: 'GET',
  url: '/api/announcements?_t=1770988511882',
  ip: '127.0.0.1',
  userAgent: 'Mozilla/5.0 (Windows NT 10.0; Win64; x64) AppleWebKit/537.36 (KHTML, like Gecko) Chrome/144.0.0.0 Safari/537.36 Edg/144.0.0.0',
  timestamp: '2026-02-13 18:45:42',
  level: 'info',
  message: 'Request'
}
{
  service: 'attendance-system',
  method: 'GET',
  url: '/?_t=1770988511882',
  statusCode: 200,
  duration: '30ms',
  contentLength: '459',
  level: 'info',
  message: 'Response',
  timestamp: '2026-02-13 18:45:42'
}
{
  service: 'attendance-system',
  method: 'GET',
  url: '/api/announcements?_t=1770988511882',
  ip: '127.0.0.1',
  userAgent: 'Mozilla/5.0 (Windows NT 10.0; Win64; x64) AppleWebKit/537.36 (KHTML, like Gecko) Chrome/144.0.0.0 Safari/537.36 Edg/144.0.0.0',
  timestamp: '2026-02-13 18:45:42',
  level: 'info',
  message: 'Request'
}
{
  service: 'attendance-system',
  method: 'GET',
  url: '/?_t=1770988511882',
  statusCode: 200,
  duration: '33ms',
  contentLength: '459',
  level: 'info',
  message: 'Response',
  timestamp: '2026-02-13 18:45:42'
}
{
  service: 'attendance-system',
  method: 'GET',
  url: '/?_t=1770988511882',
  statusCode: 200,
  duration: '27ms',
  contentLength: '459',
  level: 'info',
  message: 'Response',
  timestamp: '2026-02-13 18:45:42'
}
{
  service: 'attendance-system',
  method: 'GET',
  url: '/api/announcements?_t=1770988511882',
  ip: '127.0.0.1',
  userAgent: 'Mozilla/5.0 (Windows NT 10.0; Win64; x64) AppleWebKit/537.36 (KHTML, like Gecko) Chrome/144.0.0.0 Safari/537.36 Edg/144.0.0.0',
  timestamp: '2026-02-13 18:45:42',
  level: 'info',
  message: 'Request'
}
{
  service: 'attendance-system',
  method: 'GET',
  url: '/?_t=1770988511882',
  statusCode: 200,
  duration: '32ms',
  contentLength: '459',
  level: 'info',
  message: 'Response',
  timestamp: '2026-02-13 18:45:42'
}
{
  service: 'attendance-system',
  method: 'GET',
  url: '/api/announcements?_t=1770988511882',
  ip: '127.0.0.1',
  userAgent: 'Mozilla/5.0 (Windows NT 10.0; Win64; x64) AppleWebKit/537.36 (KHTML, like Gecko) Chrome/144.0.0.0 Safari/537.36 Edg/144.0.0.0',
  timestamp: '2026-02-13 18:45:42',
  level: 'info',
  message: 'Request'
}
{
  service: 'attendance-system',
  method: 'GET',
  url: '/api/announcements?_t=1770988542344',
  ip: '127.0.0.1',
  userAgent: 'Mozilla/5.0 (Windows NT 10.0; Win64; x64) AppleWebKit/537.36 (KHTML, like Gecko) Chrome/144.0.0.0 Safari/537.36 Edg/144.0.0.0',
  timestamp: '2026-02-13 18:45:42',
  level: 'info',
  message: 'Request'
}
{
  service: 'attendance-system',
  method: 'GET',
  url: '/?_t=1770988511882',
  statusCode: 200,
  duration: '39ms',
  contentLength: '459',
  level: 'info',
  message: 'Response',
  timestamp: '2026-02-13 18:45:42'
}
{
  service: 'attendance-system',
  method: 'GET',
  url: '/?_t=1770988511882',
  statusCode: 200,
  duration: '35ms',
  contentLength: '459',
  level: 'info',
  message: 'Response',
  timestamp: '2026-02-13 18:45:42'
}
{
  service: 'attendance-system',
  method: 'GET',
  url: '/api/announcements?_t=1770988542374',
  ip: '127.0.0.1',
  userAgent: 'Mozilla/5.0 (Windows NT 10.0; Win64; x64) AppleWebKit/537.36 (KHTML, like Gecko) Chrome/144.0.0.0 Safari/537.36 Edg/144.0.0.0',
  timestamp: '2026-02-13 18:45:42',
  level: 'info',
  message: 'Request'
}
{
  service: 'attendance-system',
  method: 'GET',
  url: '/?_t=1770988511882',
  statusCode: 200,
  duration: '37ms',
  contentLength: '459',
  level: 'info',
  message: 'Response',
  timestamp: '2026-02-13 18:45:42'
}
{
  service: 'attendance-system',
  method: 'GET',
  url: '/?_t=1770988511882',
  statusCode: 200,
  duration: '30ms',
  contentLength: '459',
  level: 'info',
  message: 'Response',
  timestamp: '2026-02-13 18:45:42'
}
{
  service: 'attendance-system',
  method: 'GET',
  url: '/?_t=1770988542344',
  statusCode: 200,
  duration: '26ms',
  contentLength: '459',
  level: 'info',
  message: 'Response',
  timestamp: '2026-02-13 18:45:42'
}
{
  service: 'attendance-system',
  method: 'GET',
  url: '/?_t=1770988542374',
  statusCode: 200,
  duration: '20ms',
  contentLength: '459',
  level: 'info',
  message: 'Response',
  timestamp: '2026-02-13 18:45:42'
}
{
  service: 'attendance-system',
  method: 'GET',
  url: '/api/announcements?_t=1770988554465',
  ip: '127.0.0.1',
  userAgent: 'Mozilla/5.0 (Windows NT 10.0; Win64; x64) AppleWebKit/537.36 (KHTML, like Gecko) Chrome/144.0.0.0 Safari/537.36',
  timestamp: '2026-02-13 18:45:54',
  level: 'info',
  message: 'Request'
}
{
  service: 'attendance-system',
  method: 'GET',
  url: '/api/announcements?_t=1770988554466',
  ip: '127.0.0.1',
  userAgent: 'Mozilla/5.0 (Windows NT 10.0; Win64; x64) AppleWebKit/537.36 (KHTML, like Gecko) Chrome/144.0.0.0 Safari/537.36',
  timestamp: '2026-02-13 18:45:54',
  level: 'info',
  message: 'Request'
}
{
  service: 'attendance-system',
  method: 'GET',
  url: '/?_t=1770988554465',
  statusCode: 200,
  duration: '22ms',
  contentLength: '459',
  level: 'info',
  message: 'Response',
  timestamp: '2026-02-13 18:45:54'
}
{
  service: 'attendance-system',
  method: 'GET',
  url: '/?_t=1770988554466',
  statusCode: 200,
  duration: '14ms',
  contentLength: '459',
  level: 'info',
  message: 'Response',
  timestamp: '2026-02-13 18:45:54'
}
{
  service: 'attendance-system',
  method: 'GET',
  url: '/api/announcements?_t=1770988564551',
  ip: '127.0.0.1',
  userAgent: 'Mozilla/5.0 (Windows NT 10.0; Win64; x64) AppleWebKit/537.36 (KHTML, like Gecko) Chrome/144.0.0.0 Safari/537.36',
  timestamp: '2026-02-13 18:46:04',
  level: 'info',
  message: 'Request'
}
{
  service: 'attendance-system',
  method: 'GET',
  url: '/api/announcements?_t=1770988564552',
  ip: '127.0.0.1',
  userAgent: 'Mozilla/5.0 (Windows NT 10.0; Win64; x64) AppleWebKit/537.36 (KHTML, like Gecko) Chrome/144.0.0.0 Safari/537.36',
  timestamp: '2026-02-13 18:46:04',
  level: 'info',
  message: 'Request'
}
{
  service: 'attendance-system',
  method: 'GET',
  url: '/api/announcements?_t=1770988564560',
  ip: '127.0.0.1',
  userAgent: 'Mozilla/5.0 (Windows NT 10.0; Win64; x64) AppleWebKit/537.36 (KHTML, like Gecko) Chrome/144.0.0.0 Safari/537.36',
  timestamp: '2026-02-13 18:46:04',
  level: 'info',
  message: 'Request'
}
{
  service: 'attendance-system',
  method: 'GET',
  url: '/api/announcements?_t=1770988564570',
  ip: '127.0.0.1',
  userAgent: 'Mozilla/5.0 (Windows NT 10.0; Win64; x64) AppleWebKit/537.36 (KHTML, like Gecko) Chrome/144.0.0.0 Safari/537.36',
  timestamp: '2026-02-13 18:46:04',
  level: 'info',
  message: 'Request'
}
{
  service: 'attendance-system',
  method: 'GET',
  url: '/?_t=1770988564551',
  statusCode: 200,
  duration: '33ms',
  contentLength: '459',
  level: 'info',
  message: 'Response',
  timestamp: '2026-02-13 18:46:04'
}
{
  service: 'attendance-system',
  method: 'GET',
  url: '/?_t=1770988564552',
  statusCode: 200,
  duration: '26ms',
  contentLength: '459',
  level: 'info',
  message: 'Response',
  timestamp: '2026-02-13 18:46:04'
}
{
  service: 'attendance-system',
  method: 'GET',
  url: '/api/announcements?_t=1770988564579',
  ip: '127.0.0.1',
  userAgent: 'Mozilla/5.0 (Windows NT 10.0; Win64; x64) AppleWebKit/537.36 (KHTML, like Gecko) Chrome/144.0.0.0 Safari/537.36',
  timestamp: '2026-02-13 18:46:04',
  level: 'info',
  message: 'Request'
}
{
  service: 'attendance-system',
  method: 'GET',
  url: '/?_t=1770988564560',
  statusCode: 200,
  duration: '28ms',
  contentLength: '459',
  level: 'info',
  message: 'Response',
  timestamp: '2026-02-13 18:46:04'
}
{
  service: 'attendance-system',
  method: 'GET',
  url: '/api/announcements?_t=1770988564588',
  ip: '127.0.0.1',
  userAgent: 'Mozilla/5.0 (Windows NT 10.0; Win64; x64) AppleWebKit/537.36 (KHTML, like Gecko) Chrome/144.0.0.0 Safari/537.36',
  timestamp: '2026-02-13 18:46:04',
  level: 'info',
  message: 'Request'
}
{
  service: 'attendance-system',
  method: 'GET',
  url: '/api/announcements?_t=1770988564589',
  ip: '127.0.0.1',
  userAgent: 'Mozilla/5.0 (Windows NT 10.0; Win64; x64) AppleWebKit/537.36 (KHTML, like Gecko) Chrome/144.0.0.0 Safari/537.36',
  timestamp: '2026-02-13 18:46:04',
  level: 'info',
  message: 'Request'
}
{
  service: 'attendance-system',
  method: 'GET',
  url: '/api/announcements?_t=1770988564551',
  ip: '127.0.0.1',
  userAgent: 'Mozilla/5.0 (Windows NT 10.0; Win64; x64) AppleWebKit/537.36 (KHTML, like Gecko) Chrome/144.0.0.0 Safari/537.36',
  timestamp: '2026-02-13 18:46:04',
  level: 'info',
  message: 'Request'
}
{
  service: 'attendance-system',
  method: 'GET',
  url: '/?_t=1770988564570',
  statusCode: 200,
  duration: '37ms',
  contentLength: '459',
  level: 'info',
  message: 'Response',
  timestamp: '2026-02-13 18:46:04'
}
{
  service: 'attendance-system',
  method: 'GET',
  url: '/api/announcements?_t=1770988564598',
  ip: '127.0.0.1',
  userAgent: 'Mozilla/5.0 (Windows NT 10.0; Win64; x64) AppleWebKit/537.36 (KHTML, like Gecko) Chrome/144.0.0.0 Safari/537.36',
  timestamp: '2026-02-13 18:46:04',
  level: 'info',
  message: 'Request'
}
{
  service: 'attendance-system',
  method: 'GET',
  url: '/?_t=1770988564579',
  statusCode: 200,
  duration: '43ms',
  contentLength: '459',
  level: 'info',
  message: 'Response',
  timestamp: '2026-02-13 18:46:04'
}
{
  service: 'attendance-system',
  method: 'GET',
  url: '/?_t=1770988564588',
  statusCode: 200,
  duration: '37ms',
  contentLength: '459',
  level: 'info',
  message: 'Response',
  timestamp: '2026-02-13 18:46:04'
}
{
  service: 'attendance-system',
  method: 'GET',
  url: '/?_t=1770988564589',
  statusCode: 200,
  duration: '35ms',
  contentLength: '459',
  level: 'info',
  message: 'Response',
  timestamp: '2026-02-13 18:46:04'
}
{
  service: 'attendance-system',
  method: 'GET',
  url: '/api/announcements?_t=1770988564599',
  ip: '127.0.0.1',
  userAgent: 'Mozilla/5.0 (Windows NT 10.0; Win64; x64) AppleWebKit/537.36 (KHTML, like Gecko) Chrome/144.0.0.0 Safari/537.36',
  timestamp: '2026-02-13 18:46:04',
  level: 'info',
  message: 'Request'
}
{
  service: 'attendance-system',
  method: 'GET',
  url: '/api/announcements?_t=1770988564560',
  ip: '127.0.0.1',
  userAgent: 'Mozilla/5.0 (Windows NT 10.0; Win64; x64) AppleWebKit/537.36 (KHTML, like Gecko) Chrome/144.0.0.0 Safari/537.36',
  timestamp: '2026-02-13 18:46:04',
  level: 'info',
  message: 'Request'
}
{
  service: 'attendance-system',
  method: 'GET',
  url: '/api/announcements?_t=1770988564608',
  ip: '127.0.0.1',
  userAgent: 'Mozilla/5.0 (Windows NT 10.0; Win64; x64) AppleWebKit/537.36 (KHTML, like Gecko) Chrome/144.0.0.0 Safari/537.36',
  timestamp: '2026-02-13 18:46:04',
  level: 'info',
  message: 'Request'
}
{
  service: 'attendance-system',
  method: 'GET',
  url: '/api/announcements?_t=1770988564618',
  ip: '127.0.0.1',
  userAgent: 'Mozilla/5.0 (Windows NT 10.0; Win64; x64) AppleWebKit/537.36 (KHTML, like Gecko) Chrome/144.0.0.0 Safari/537.36',
  timestamp: '2026-02-13 18:46:04',
  level: 'info',
  message: 'Request'
}
{
  service: 'attendance-system',
  method: 'GET',
  url: '/?_t=1770988564551',
  statusCode: 304,
  duration: '56ms',
  contentLength: 0,
  level: 'info',
  message: 'Response',
  timestamp: '2026-02-13 18:46:04'
}
{
  service: 'attendance-system',
  method: 'GET',
  url: '/?_t=1770988564598',
  statusCode: 200,
  duration: '51ms',
  contentLength: '459',
  level: 'info',
  message: 'Response',
  timestamp: '2026-02-13 18:46:04'
}
{
  service: 'attendance-system',
  method: 'GET',
  url: '/api/announcements?_t=1770988564570',
  ip: '127.0.0.1',
  userAgent: 'Mozilla/5.0 (Windows NT 10.0; Win64; x64) AppleWebKit/537.36 (KHTML, like Gecko) Chrome/144.0.0.0 Safari/537.36',
  timestamp: '2026-02-13 18:46:04',
  level: 'info',
  message: 'Request'
}
{
  service: 'attendance-system',
  method: 'GET',
  url: '/?_t=1770988564599',
  statusCode: 200,
  duration: '36ms',
  contentLength: '459',
  level: 'info',
  message: 'Response',
  timestamp: '2026-02-13 18:46:04'
}
{
  service: 'attendance-system',
  method: 'GET',
  url: '/?_t=1770988564560',
  statusCode: 304,
  duration: '32ms',
  contentLength: 0,
  level: 'info',
  message: 'Response',
  timestamp: '2026-02-13 18:46:04'
}
{
  service: 'attendance-system',
  method: 'GET',
  url: '/?_t=1770988564608',
  statusCode: 200,
  duration: '30ms',
  contentLength: '459',
  level: 'info',
  message: 'Response',
  timestamp: '2026-02-13 18:46:04'
}
{
  service: 'attendance-system',
  method: 'GET',
  url: '/?_t=1770988564618',
  statusCode: 200,
  duration: '27ms',
  contentLength: '459',
  level: 'info',
  message: 'Response',
  timestamp: '2026-02-13 18:46:04'
}
{
  service: 'attendance-system',
  method: 'GET',
  url: '/api/announcements?_t=1770988564626',
  ip: '127.0.0.1',
  userAgent: 'Mozilla/5.0 (Windows NT 10.0; Win64; x64) AppleWebKit/537.36 (KHTML, like Gecko) Chrome/144.0.0.0 Safari/537.36',
  timestamp: '2026-02-13 18:46:04',
  level: 'info',
  message: 'Request'
}
{
  service: 'attendance-system',
  method: 'GET',
  url: '/api/announcements?_t=1770988564627',
  ip: '127.0.0.1',
  userAgent: 'Mozilla/5.0 (Windows NT 10.0; Win64; x64) AppleWebKit/537.36 (KHTML, like Gecko) Chrome/144.0.0.0 Safari/537.36',
  timestamp: '2026-02-13 18:46:04',
  level: 'info',
  message: 'Request'
}
{
  service: 'attendance-system',
  method: 'GET',
  url: '/api/announcements?_t=1770988564579',
  ip: '127.0.0.1',
  userAgent: 'Mozilla/5.0 (Windows NT 10.0; Win64; x64) AppleWebKit/537.36 (KHTML, like Gecko) Chrome/144.0.0.0 Safari/537.36',
  timestamp: '2026-02-13 18:46:04',
  level: 'info',
  message: 'Request'
}
{
  service: 'attendance-system',
  method: 'GET',
  url: '/api/announcements?_t=1770988564589',
  ip: '127.0.0.1',
  userAgent: 'Mozilla/5.0 (Windows NT 10.0; Win64; x64) AppleWebKit/537.36 (KHTML, like Gecko) Chrome/144.0.0.0 Safari/537.36',
  timestamp: '2026-02-13 18:46:04',
  level: 'info',
  message: 'Request'
}
{
  service: 'attendance-system',
  method: 'GET',
  url: '/api/announcements?_t=1770988564646',
  ip: '127.0.0.1',
  userAgent: 'Mozilla/5.0 (Windows NT 10.0; Win64; x64) AppleWebKit/537.36 (KHTML, like Gecko) Chrome/144.0.0.0 Safari/537.36',
  timestamp: '2026-02-13 18:46:04',
  level: 'info',
  message: 'Request'
}
{
  service: 'attendance-system',
  method: 'GET',
  url: '/?_t=1770988564570',
  statusCode: 304,
  duration: '40ms',
  contentLength: 0,
  level: 'info',
  message: 'Response',
  timestamp: '2026-02-13 18:46:04'
}
{
  service: 'attendance-system',
  method: 'GET',
  url: '/?_t=1770988564626',
  statusCode: 200,
  duration: '61ms',
  contentLength: '459',
  level: 'info',
  message: 'Response',
  timestamp: '2026-02-13 18:46:04'
}
{
  service: 'attendance-system',
  method: 'GET',
  url: '/?_t=1770988564627',
  statusCode: 200,
  duration: '74ms',
  contentLength: '459',
  level: 'info',
  message: 'Response',
  timestamp: '2026-02-13 18:46:04'
}
{
  service: 'attendance-system',
  method: 'GET',
  url: '/api/announcements?_t=1770988564656',
  ip: '127.0.0.1',
  userAgent: 'Mozilla/5.0 (Windows NT 10.0; Win64; x64) AppleWebKit/537.36 (KHTML, like Gecko) Chrome/144.0.0.0 Safari/537.36',
  timestamp: '2026-02-13 18:46:04',
  level: 'info',
  message: 'Request'
}
{
  service: 'attendance-system',
  method: 'GET',
  url: '/?_t=1770988564579',
  statusCode: 304,
  duration: '98ms',
  contentLength: 0,
  level: 'info',
  message: 'Response',
  timestamp: '2026-02-13 18:46:04'
}
{
  service: 'attendance-system',
  method: 'GET',
  url: '/?_t=1770988564589',
  statusCode: 304,
  duration: '96ms',
  contentLength: 0,
  level: 'info',
  message: 'Response',
  timestamp: '2026-02-13 18:46:04'
}
{
  service: 'attendance-system',
  method: 'GET',
  url: '/?_t=1770988564646',
  statusCode: 200,
  duration: '94ms',
  contentLength: '459',
  level: 'info',
  message: 'Response',
  timestamp: '2026-02-13 18:46:04'
}
{
  service: 'attendance-system',
  method: 'GET',
  url: '/api/announcements?_t=1770988564663',
  ip: '127.0.0.1',
  userAgent: 'Mozilla/5.0 (Windows NT 10.0; Win64; x64) AppleWebKit/537.36 (KHTML, like Gecko) Chrome/144.0.0.0 Safari/537.36',
  timestamp: '2026-02-13 18:46:04',
  level: 'info',
  message: 'Request'
}
{
  service: 'attendance-system',
  method: 'GET',
  url: '/api/announcements?_t=1770988564664',
  ip: '127.0.0.1',
  userAgent: 'Mozilla/5.0 (Windows NT 10.0; Win64; x64) AppleWebKit/537.36 (KHTML, like Gecko) Chrome/144.0.0.0 Safari/537.36',
  timestamp: '2026-02-13 18:46:04',
  level: 'info',
  message: 'Request'
}
{
  service: 'attendance-system',
  method: 'GET',
  url: '/api/announcements?_t=1770988564551',
  ip: '127.0.0.1',
  userAgent: 'Mozilla/5.0 (Windows NT 10.0; Win64; x64) AppleWebKit/537.36 (KHTML, like Gecko) Chrome/144.0.0.0 Safari/537.36',
  timestamp: '2026-02-13 18:46:04',
  level: 'info',
  message: 'Request'
}
{
  service: 'attendance-system',
  method: 'GET',
  url: '/api/announcements?_t=1770988564674',
  ip: '127.0.0.1',
  userAgent: 'Mozilla/5.0 (Windows NT 10.0; Win64; x64) AppleWebKit/537.36 (KHTML, like Gecko) Chrome/144.0.0.0 Safari/537.36',
  timestamp: '2026-02-13 18:46:04',
  level: 'info',
  message: 'Request'
}
{
  service: 'attendance-system',
  method: 'GET',
  url: '/api/announcements?_t=1770988564598',
  ip: '127.0.0.1',
  userAgent: 'Mozilla/5.0 (Windows NT 10.0; Win64; x64) AppleWebKit/537.36 (KHTML, like Gecko) Chrome/144.0.0.0 Safari/537.36',
  timestamp: '2026-02-13 18:46:04',
  level: 'info',
  message: 'Request'
}
{
  service: 'attendance-system',
  method: 'GET',
  url: '/?_t=1770988564656',
  statusCode: 200,
  duration: '68ms',
  contentLength: '459',
  level: 'info',
  message: 'Response',
  timestamp: '2026-02-13 18:46:04'
}
{
  service: 'attendance-system',
  method: 'GET',
  url: '/?_t=1770988564663',
  statusCode: 200,
  duration: '37ms',
  contentLength: '459',
  level: 'info',
  message: 'Response',
  timestamp: '2026-02-13 18:46:04'
}
{
  service: 'attendance-system',
  method: 'GET',
  url: '/?_t=1770988564664',
  statusCode: 200,
  duration: '35ms',
  contentLength: '459',
  level: 'info',
  message: 'Response',
  timestamp: '2026-02-13 18:46:04'
}
{
  service: 'attendance-system',
  method: 'GET',
  url: '/api/announcements?_t=1770988564599',
  ip: '127.0.0.1',
  userAgent: 'Mozilla/5.0 (Windows NT 10.0; Win64; x64) AppleWebKit/537.36 (KHTML, like Gecko) Chrome/144.0.0.0 Safari/537.36',
  timestamp: '2026-02-13 18:46:04',
  level: 'info',
  message: 'Request'
}
{
  service: 'attendance-system',
  method: 'GET',
  url: '/?_t=1770988564551',
  statusCode: 304,
  duration: '36ms',
  contentLength: 0,
  level: 'info',
  message: 'Response',
  timestamp: '2026-02-13 18:46:04'
}
{
  service: 'attendance-system',
  method: 'GET',
  url: '/?_t=1770988564674',
  statusCode: 200,
  duration: '32ms',
  contentLength: '459',
  level: 'info',
  message: 'Response',
  timestamp: '2026-02-13 18:46:04'
}
{
  service: 'attendance-system',
  method: 'GET',
  url: '/?_t=1770988564598',
  statusCode: 304,
  duration: '32ms',
  contentLength: 0,
  level: 'info',
  message: 'Response',
  timestamp: '2026-02-13 18:46:04'
}
{
  service: 'attendance-system',
  method: 'GET',
  url: '/api/announcements?_t=1770988564682',
  ip: '127.0.0.1',
  userAgent: 'Mozilla/5.0 (Windows NT 10.0; Win64; x64) AppleWebKit/537.36 (KHTML, like Gecko) Chrome/144.0.0.0 Safari/537.36',
  timestamp: '2026-02-13 18:46:04',
  level: 'info',
  message: 'Request'
}
{
  service: 'attendance-system',
  method: 'GET',
  url: '/api/announcements?_t=1770988564683',
  ip: '127.0.0.1',
  userAgent: 'Mozilla/5.0 (Windows NT 10.0; Win64; x64) AppleWebKit/537.36 (KHTML, like Gecko) Chrome/144.0.0.0 Safari/537.36',
  timestamp: '2026-02-13 18:46:04',
  level: 'info',
  message: 'Request'
}
{
  service: 'attendance-system',
  method: 'GET',
  url: '/api/announcements?_t=1770988564560',
  ip: '127.0.0.1',
  userAgent: 'Mozilla/5.0 (Windows NT 10.0; Win64; x64) AppleWebKit/537.36 (KHTML, like Gecko) Chrome/144.0.0.0 Safari/537.36',
  timestamp: '2026-02-13 18:46:04',
  level: 'info',
  message: 'Request'
}
{
  service: 'attendance-system',
  method: 'GET',
  url: '/api/announcements?_t=1770988564608',
  ip: '127.0.0.1',
  userAgent: 'Mozilla/5.0 (Windows NT 10.0; Win64; x64) AppleWebKit/537.36 (KHTML, like Gecko) Chrome/144.0.0.0 Safari/537.36',
  timestamp: '2026-02-13 18:46:04',
  level: 'info',
  message: 'Request'
}
{
  service: 'attendance-system',
  method: 'GET',
  url: '/api/announcements?_t=1770988564618',
  ip: '127.0.0.1',
  userAgent: 'Mozilla/5.0 (Windows NT 10.0; Win64; x64) AppleWebKit/537.36 (KHTML, like Gecko) Chrome/144.0.0.0 Safari/537.36',
  timestamp: '2026-02-13 18:46:04',
  level: 'info',
  message: 'Request'
}
{
  service: 'attendance-system',
  method: 'GET',
  url: '/?_t=1770988564599',
  statusCode: 304,
  duration: '42ms',
  contentLength: 0,
  level: 'info',
  message: 'Response',
  timestamp: '2026-02-13 18:46:04'
}
{
  service: 'attendance-system',
  method: 'GET',
  url: '/?_t=1770988564682',
  statusCode: 200,
  duration: '30ms',
  contentLength: '459',
  level: 'info',
  message: 'Response',
  timestamp: '2026-02-13 18:46:04'
}
{
  service: 'attendance-system',
  method: 'GET',
  url: '/?_t=1770988564608',
  statusCode: 304,
  duration: '20ms',
  contentLength: 0,
  level: 'info',
  message: 'Response',
  timestamp: '2026-02-13 18:46:04'
}
{
  service: 'attendance-system',
  method: 'GET',
  url: '/?_t=1770988564560',
  statusCode: 304,
  duration: '25ms',
  contentLength: 0,
  level: 'info',
  message: 'Response',
  timestamp: '2026-02-13 18:46:04'
}
{
  service: 'attendance-system',
  method: 'GET',
  url: '/api/announcements?_t=1770988564699',
  ip: '127.0.0.1',
  userAgent: 'Mozilla/5.0 (Windows NT 10.0; Win64; x64) AppleWebKit/537.36 (KHTML, like Gecko) Chrome/144.0.0.0 Safari/537.36',
  timestamp: '2026-02-13 18:46:04',
  level: 'info',
  message: 'Request'
}
{
  service: 'attendance-system',
  method: 'GET',
  url: '/api/announcements?_t=1770988564709',
  ip: '127.0.0.1',
  userAgent: 'Mozilla/5.0 (Windows NT 10.0; Win64; x64) AppleWebKit/537.36 (KHTML, like Gecko) Chrome/144.0.0.0 Safari/537.36',
  timestamp: '2026-02-13 18:46:04',
  level: 'info',
  message: 'Request'
}
{
  service: 'attendance-system',
  method: 'GET',
  url: '/?_t=1770988564683',
  statusCode: 200,
  duration: '45ms',
  contentLength: '459',
  level: 'info',
  message: 'Response',
  timestamp: '2026-02-13 18:46:04'
}
{
  service: 'attendance-system',
  method: 'GET',
  url: '/?_t=1770988564618',
  statusCode: 304,
  duration: '32ms',
  contentLength: 0,
  level: 'info',
  message: 'Response',
  timestamp: '2026-02-13 18:46:04'
}
{
  service: 'attendance-system',
  method: 'GET',
  url: '/api/announcements?_t=1770988564716',
  ip: '127.0.0.1',
  userAgent: 'Mozilla/5.0 (Windows NT 10.0; Win64; x64) AppleWebKit/537.36 (KHTML, like Gecko) Chrome/144.0.0.0 Safari/537.36',
  timestamp: '2026-02-13 18:46:04',
  level: 'info',
  message: 'Request'
}
{
  service: 'attendance-system',
  method: 'GET',
  url: '/api/announcements?_t=1770988564717',
  ip: '127.0.0.1',
  userAgent: 'Mozilla/5.0 (Windows NT 10.0; Win64; x64) AppleWebKit/537.36 (KHTML, like Gecko) Chrome/144.0.0.0 Safari/537.36',
  timestamp: '2026-02-13 18:46:04',
  level: 'info',
  message: 'Request'
}
{
  service: 'attendance-system',
  method: 'GET',
  url: '/?_t=1770988564699',
  statusCode: 200,
  duration: '25ms',
  contentLength: '459',
  level: 'info',
  message: 'Response',
  timestamp: '2026-02-13 18:46:04'
}
{
  service: 'attendance-system',
  method: 'GET',
  url: '/api/announcements?_t=1770988564570',
  ip: '127.0.0.1',
  userAgent: 'Mozilla/5.0 (Windows NT 10.0; Win64; x64) AppleWebKit/537.36 (KHTML, like Gecko) Chrome/144.0.0.0 Safari/537.36',
  timestamp: '2026-02-13 18:46:04',
  level: 'info',
  message: 'Request'
}
{
  service: 'attendance-system',
  method: 'GET',
  url: '/api/announcements?_t=1770988564726',
  ip: '127.0.0.1',
  userAgent: 'Mozilla/5.0 (Windows NT 10.0; Win64; x64) AppleWebKit/537.36 (KHTML, like Gecko) Chrome/144.0.0.0 Safari/537.36',
  timestamp: '2026-02-13 18:46:04',
  level: 'info',
  message: 'Request'
}
{
  service: 'attendance-system',
  method: 'GET',
  url: '/?_t=1770988564709',
  statusCode: 200,
  duration: '36ms',
  contentLength: '459',
  level: 'info',
  message: 'Response',
  timestamp: '2026-02-13 18:46:04'
}
{
  service: 'attendance-system',
  method: 'GET',
  url: '/?_t=1770988564716',
  statusCode: 200,
  duration: '28ms',
  contentLength: '459',
  level: 'info',
  message: 'Response',
  timestamp: '2026-02-13 18:46:04'
}
{
  service: 'attendance-system',
  method: 'GET',
  url: '/api/announcements?_t=1770988564727',
  ip: '127.0.0.1',
  userAgent: 'Mozilla/5.0 (Windows NT 10.0; Win64; x64) AppleWebKit/537.36 (KHTML, like Gecko) Chrome/144.0.0.0 Safari/537.36',
  timestamp: '2026-02-13 18:46:04',
  level: 'info',
  message: 'Request'
}
{
  service: 'attendance-system',
  method: 'GET',
  url: '/api/announcements?_t=1770988564736',
  ip: '127.0.0.1',
  userAgent: 'Mozilla/5.0 (Windows NT 10.0; Win64; x64) AppleWebKit/537.36 (KHTML, like Gecko) Chrome/144.0.0.0 Safari/537.36',
  timestamp: '2026-02-13 18:46:04',
  level: 'info',
  message: 'Request'
}
{
  service: 'attendance-system',
  method: 'GET',
  url: '/api/announcements?_t=1770988564746',
  ip: '127.0.0.1',
  userAgent: 'Mozilla/5.0 (Windows NT 10.0; Win64; x64) AppleWebKit/537.36 (KHTML, like Gecko) Chrome/144.0.0.0 Safari/537.36',
  timestamp: '2026-02-13 18:46:04',
  level: 'info',
  message: 'Request'
}
{
  service: 'attendance-system',
  method: 'GET',
  url: '/?_t=1770988564717',
  statusCode: 200,
  duration: '41ms',
  contentLength: '459',
  level: 'info',
  message: 'Response',
  timestamp: '2026-02-13 18:46:04'
}
{
  service: 'attendance-system',
  method: 'GET',
  url: '/?_t=1770988564570',
  statusCode: 304,
  duration: '38ms',
  contentLength: 0,
  level: 'info',
  message: 'Response',
  timestamp: '2026-02-13 18:46:04'
}
{
  service: 'attendance-system',
  method: 'GET',
  url: '/?_t=1770988564726',
  statusCode: 200,
  duration: '37ms',
  contentLength: '459',
  level: 'info',
  message: 'Response',
  timestamp: '2026-02-13 18:46:04'
}
{
  service: 'attendance-system',
  method: 'GET',
  url: '/api/announcements?_t=1770988564756',
  ip: '127.0.0.1',
  userAgent: 'Mozilla/5.0 (Windows NT 10.0; Win64; x64) AppleWebKit/537.36 (KHTML, like Gecko) Chrome/144.0.0.0 Safari/537.36',
  timestamp: '2026-02-13 18:46:04',
  level: 'info',
  message: 'Request'
}
{
  service: 'attendance-system',
  method: 'GET',
  url: '/?_t=1770988564727',
  statusCode: 200,
  duration: '33ms',
  contentLength: '459',
  level: 'info',
  message: 'Response',
  timestamp: '2026-02-13 18:46:04'
}
{
  service: 'attendance-system',
  method: 'GET',
  url: '/?_t=1770988564736',
  statusCode: 200,
  duration: '30ms',
  contentLength: '459',
  level: 'info',
  message: 'Response',
  timestamp: '2026-02-13 18:46:04'
}
{
  service: 'attendance-system',
  method: 'GET',
  url: '/?_t=1770988564746',
  statusCode: 200,
  duration: '26ms',
  contentLength: '459',
  level: 'info',
  message: 'Response',
  timestamp: '2026-02-13 18:46:04'
}
{
  service: 'attendance-system',
  method: 'GET',
  url: '/api/announcements?_t=1770988564626',
  ip: '127.0.0.1',
  userAgent: 'Mozilla/5.0 (Windows NT 10.0; Win64; x64) AppleWebKit/537.36 (KHTML, like Gecko) Chrome/144.0.0.0 Safari/537.36',
  timestamp: '2026-02-13 18:46:04',
  level: 'info',
  message: 'Request'
}
{
  service: 'attendance-system',
  method: 'GET',
  url: '/api/announcements?_t=1770988564765',
  ip: '127.0.0.1',
  userAgent: 'Mozilla/5.0 (Windows NT 10.0; Win64; x64) AppleWebKit/537.36 (KHTML, like Gecko) Chrome/144.0.0.0 Safari/537.36',
  timestamp: '2026-02-13 18:46:05',
  level: 'info',
  message: 'Request'
}
{
  service: 'attendance-system',
  method: 'GET',
  url: '/api/announcements?_t=1770988564766',
  ip: '127.0.0.1',
  userAgent: 'Mozilla/5.0 (Windows NT 10.0; Win64; x64) AppleWebKit/537.36 (KHTML, like Gecko) Chrome/144.0.0.0 Safari/537.36',
  timestamp: '2026-02-13 18:46:05',
  level: 'info',
  message: 'Request'
}
{
  service: 'attendance-system',
  method: 'GET',
  url: '/api/announcements?_t=1770988564776',
  ip: '127.0.0.1',
  userAgent: 'Mozilla/5.0 (Windows NT 10.0; Win64; x64) AppleWebKit/537.36 (KHTML, like Gecko) Chrome/144.0.0.0 Safari/537.36',
  timestamp: '2026-02-13 18:46:05',
  level: 'info',
  message: 'Request'
}
{
  service: 'attendance-system',
  method: 'GET',
  url: '/api/announcements?_t=1770988564627',
  ip: '127.0.0.1',
  userAgent: 'Mozilla/5.0 (Windows NT 10.0; Win64; x64) AppleWebKit/537.36 (KHTML, like Gecko) Chrome/144.0.0.0 Safari/537.36',
  timestamp: '2026-02-13 18:46:05',
  level: 'info',
  message: 'Request'
}
{
  service: 'attendance-system',
  method: 'GET',
  url: '/?_t=1770988564756',
  statusCode: 200,
  duration: '42ms',
  contentLength: '459',
  level: 'info',
  message: 'Response',
  timestamp: '2026-02-13 18:46:05'
}
{
  service: 'attendance-system',
  method: 'GET',
  url: '/?_t=1770988564626',
  statusCode: 304,
  duration: '37ms',
  contentLength: 0,
  level: 'info',
  message: 'Response',
  timestamp: '2026-02-13 18:46:05'
}
{
  service: 'attendance-system',
  method: 'GET',
  url: '/?_t=1770988564765',
  statusCode: 200,
  duration: '33ms',
  contentLength: '459',
  level: 'info',
  message: 'Response',
  timestamp: '2026-02-13 18:46:05'
}
{
  service: 'attendance-system',
  method: 'GET',
  url: '/api/announcements?_t=1770988564783',
  ip: '127.0.0.1',
  userAgent: 'Mozilla/5.0 (Windows NT 10.0; Win64; x64) AppleWebKit/537.36 (KHTML, like Gecko) Chrome/144.0.0.0 Safari/537.36',
  timestamp: '2026-02-13 18:46:05',
  level: 'info',
  message: 'Request'
}
{
  service: 'attendance-system',
  method: 'GET',
  url: '/?_t=1770988564766',
  statusCode: 200,
  duration: '34ms',
  contentLength: '459',
  level: 'info',
  message: 'Response',
  timestamp: '2026-02-13 18:46:05'
}
{
  service: 'attendance-system',
  method: 'GET',
  url: '/?_t=1770988564776',
  statusCode: 200,
  duration: '31ms',
  contentLength: '459',
  level: 'info',
  message: 'Response',
  timestamp: '2026-02-13 18:46:05'
}
{
  service: 'attendance-system',
  method: 'GET',
  url: '/?_t=1770988564627',
  statusCode: 304,
  duration: '28ms',
  contentLength: 0,
  level: 'info',
  message: 'Response',
  timestamp: '2026-02-13 18:46:05'
}
{
  service: 'attendance-system',
  method: 'GET',
  url: '/api/announcements?_t=1770988564784',
  ip: '127.0.0.1',
  userAgent: 'Mozilla/5.0 (Windows NT 10.0; Win64; x64) AppleWebKit/537.36 (KHTML, like Gecko) Chrome/144.0.0.0 Safari/537.36',
  timestamp: '2026-02-13 18:46:05',
  level: 'info',
  message: 'Request'
}
{
  service: 'attendance-system',
  method: 'GET',
  url: '/api/announcements?_t=1770988564794',
  ip: '127.0.0.1',
  userAgent: 'Mozilla/5.0 (Windows NT 10.0; Win64; x64) AppleWebKit/537.36 (KHTML, like Gecko) Chrome/144.0.0.0 Safari/537.36',
  timestamp: '2026-02-13 18:46:05',
  level: 'info',
  message: 'Request'
}
{
  service: 'attendance-system',
  method: 'GET',
  url: '/api/announcements?_t=1770988564579',
  ip: '127.0.0.1',
  userAgent: 'Mozilla/5.0 (Windows NT 10.0; Win64; x64) AppleWebKit/537.36 (KHTML, like Gecko) Chrome/144.0.0.0 Safari/537.36',
  timestamp: '2026-02-13 18:46:05',
  level: 'info',
  message: 'Request'
}
{
  service: 'attendance-system',
  method: 'GET',
  url: '/api/announcements?_t=1770988564801',
  ip: '127.0.0.1',
  userAgent: 'Mozilla/5.0 (Windows NT 10.0; Win64; x64) AppleWebKit/537.36 (KHTML, like Gecko) Chrome/144.0.0.0 Safari/537.36',
  timestamp: '2026-02-13 18:46:05',
  level: 'info',
  message: 'Request'
}
{
  service: 'attendance-system',
  method: 'GET',
  url: '/api/announcements?_t=1770988564589',
  ip: '127.0.0.1',
  userAgent: 'Mozilla/5.0 (Windows NT 10.0; Win64; x64) AppleWebKit/537.36 (KHTML, like Gecko) Chrome/144.0.0.0 Safari/537.36',
  timestamp: '2026-02-13 18:46:05',
  level: 'info',
  message: 'Request'
}
{
  service: 'attendance-system',
  method: 'GET',
  url: '/?_t=1770988564783',
  statusCode: 200,
  duration: '36ms',
  contentLength: '459',
  level: 'info',
  message: 'Response',
  timestamp: '2026-02-13 18:46:05'
}
{
  service: 'attendance-system',
  method: 'GET',
  url: '/?_t=1770988564784',
  statusCode: 200,
  duration: '26ms',
  contentLength: '459',
  level: 'info',
  message: 'Response',
  timestamp: '2026-02-13 18:46:05'
}
{
  service: 'attendance-system',
  method: 'GET',
  url: '/api/announcements?_t=1770988564802',
  ip: '127.0.0.1',
  userAgent: 'Mozilla/5.0 (Windows NT 10.0; Win64; x64) AppleWebKit/537.36 (KHTML, like Gecko) Chrome/144.0.0.0 Safari/537.36',
  timestamp: '2026-02-13 18:46:05',
  level: 'info',
  message: 'Request'
}
{
  service: 'attendance-system',
  method: 'GET',
  url: '/api/announcements?_t=1770988564646',
  ip: '127.0.0.1',
  userAgent: 'Mozilla/5.0 (Windows NT 10.0; Win64; x64) AppleWebKit/537.36 (KHTML, like Gecko) Chrome/144.0.0.0 Safari/537.36',
  timestamp: '2026-02-13 18:46:05',
  level: 'info',
  message: 'Request'
}
{
  service: 'attendance-system',
  method: 'GET',
  url: '/?_t=1770988564579',
  statusCode: 304,
  duration: '31ms',
  contentLength: 0,
  level: 'info',
  message: 'Response',
  timestamp: '2026-02-13 18:46:05'
}
{
  service: 'attendance-system',
  method: 'GET',
  url: '/api/announcements?_t=1770988564811',
  ip: '127.0.0.1',
  userAgent: 'Mozilla/5.0 (Windows NT 10.0; Win64; x64) AppleWebKit/537.36 (KHTML, like Gecko) Chrome/144.0.0.0 Safari/537.36',
  timestamp: '2026-02-13 18:46:05',
  level: 'info',
  message: 'Request'
}
{
  service: 'attendance-system',
  method: 'GET',
  url: '/?_t=1770988564801',
  statusCode: 200,
  duration: '504ms',
  contentLength: '459',
  level: 'info',
  message: 'Response',
  timestamp: '2026-02-13 18:46:05'
}
{
  service: 'attendance-system',
  method: 'GET',
  url: '/?_t=1770988564794',
  statusCode: 200,
  duration: '521ms',
  contentLength: '459',
  level: 'info',
  message: 'Response',
  timestamp: '2026-02-13 18:46:05'
}
{
  service: 'attendance-system',
  method: 'GET',
  url: '/?_t=1770988564589',
  statusCode: 304,
  duration: '511ms',
  contentLength: 0,
  level: 'info',
  message: 'Response',
  timestamp: '2026-02-13 18:46:05'
}
{
  service: 'attendance-system',
  method: 'GET',
  url: '/?_t=1770988564646',
  statusCode: 304,
  duration: '497ms',
  contentLength: 0,
  level: 'info',
  message: 'Response',
  timestamp: '2026-02-13 18:46:05'
}
{
  service: 'attendance-system',
  method: 'GET',
  url: '/api/announcements?_t=1770988564812',
  ip: '127.0.0.1',
  userAgent: 'Mozilla/5.0 (Windows NT 10.0; Win64; x64) AppleWebKit/537.36 (KHTML, like Gecko) Chrome/144.0.0.0 Safari/537.36',
  timestamp: '2026-02-13 18:46:05',
  level: 'info',
  message: 'Request'
}
{
  service: 'attendance-system',
  method: 'GET',
  url: '/api/announcements?_t=1770988564822',
  ip: '127.0.0.1',
  userAgent: 'Mozilla/5.0 (Windows NT 10.0; Win64; x64) AppleWebKit/537.36 (KHTML, like Gecko) Chrome/144.0.0.0 Safari/537.36',
  timestamp: '2026-02-13 18:46:05',
  level: 'info',
  message: 'Request'
}
{
  service: 'attendance-system',
  method: 'GET',
  url: '/?_t=1770988564811',
  statusCode: 200,
  duration: '501ms',
  contentLength: '459',
  level: 'info',
  message: 'Response',
  timestamp: '2026-02-13 18:46:05'
}
{
  service: 'attendance-system',
  method: 'GET',
  url: '/?_t=1770988564802',
  statusCode: 200,
  duration: '517ms',
  contentLength: '459',
  level: 'info',
  message: 'Response',
  timestamp: '2026-02-13 18:46:05'
}
{
  service: 'attendance-system',
  method: 'GET',
  url: '/api/announcements?_t=1770988564823',
  ip: '127.0.0.1',
  userAgent: 'Mozilla/5.0 (Windows NT 10.0; Win64; x64) AppleWebKit/537.36 (KHTML, like Gecko) Chrome/144.0.0.0 Safari/537.36',
  timestamp: '2026-02-13 18:46:05',
  level: 'info',
  message: 'Request'
}
{
  service: 'attendance-system',
  method: 'GET',
  url: '/api/announcements?_t=1770988564830',
  ip: '127.0.0.1',
  userAgent: 'Mozilla/5.0 (Windows NT 10.0; Win64; x64) AppleWebKit/537.36 (KHTML, like Gecko) Chrome/144.0.0.0 Safari/537.36',
  timestamp: '2026-02-13 18:46:05',
  level: 'info',
  message: 'Request'
}
{
  service: 'attendance-system',
  method: 'GET',
  url: '/api/announcements?_t=1770988564840',
  ip: '127.0.0.1',
  userAgent: 'Mozilla/5.0 (Windows NT 10.0; Win64; x64) AppleWebKit/537.36 (KHTML, like Gecko) Chrome/144.0.0.0 Safari/537.36',
  timestamp: '2026-02-13 18:46:05',
  level: 'info',
  message: 'Request'
}
{
  service: 'attendance-system',
  method: 'GET',
  url: '/api/announcements?_t=1770988564656',
  ip: '127.0.0.1',
  userAgent: 'Mozilla/5.0 (Windows NT 10.0; Win64; x64) AppleWebKit/537.36 (KHTML, like Gecko) Chrome/144.0.0.0 Safari/537.36',
  timestamp: '2026-02-13 18:46:05',
  level: 'info',
  message: 'Request'
}
{
  service: 'attendance-system',
  method: 'GET',
  url: '/?_t=1770988564812',
  statusCode: 200,
  duration: '43ms',
  contentLength: '459',
  level: 'info',
  message: 'Response',
  timestamp: '2026-02-13 18:46:05'
}
{
  service: 'attendance-system',
  method: 'GET',
  url: '/?_t=1770988564822',
  statusCode: 200,
  duration: '40ms',
  contentLength: '459',
  level: 'info',
  message: 'Response',
  timestamp: '2026-02-13 18:46:05'
}
{
  service: 'attendance-system',
  method: 'GET',
  url: '/?_t=1770988564823',
  statusCode: 200,
  duration: '31ms',
  contentLength: '459',
  level: 'info',
  message: 'Response',
  timestamp: '2026-02-13 18:46:05'
}
{
  service: 'attendance-system',
  method: 'GET',
  url: '/?_t=1770988564830',
  statusCode: 200,
  duration: '30ms',
  contentLength: '459',
  level: 'info',
  message: 'Response',
  timestamp: '2026-02-13 18:46:05'
}
{
  service: 'attendance-system',
  method: 'GET',
  url: '/api/announcements?_t=1770988564849',
  ip: '127.0.0.1',
  userAgent: 'Mozilla/5.0 (Windows NT 10.0; Win64; x64) AppleWebKit/537.36 (KHTML, like Gecko) Chrome/144.0.0.0 Safari/537.36',
  timestamp: '2026-02-13 18:46:05',
  level: 'info',
  message: 'Request'
}
{
  service: 'attendance-system',
  method: 'GET',
  url: '/api/announcements?_t=1770988564850',
  ip: '127.0.0.1',
  userAgent: 'Mozilla/5.0 (Windows NT 10.0; Win64; x64) AppleWebKit/537.36 (KHTML, like Gecko) Chrome/144.0.0.0 Safari/537.36',
  timestamp: '2026-02-13 18:46:05',
  level: 'info',
  message: 'Request'
}
{
  service: 'attendance-system',
  method: 'GET',
  url: '/?_t=1770988564840',
  statusCode: 200,
  duration: '30ms',
  contentLength: '459',
  level: 'info',
  message: 'Response',
  timestamp: '2026-02-13 18:46:05'
}
{
  service: 'attendance-system',
  method: 'GET',
  url: '/?_t=1770988564656',
  statusCode: 304,
  duration: '28ms',
  contentLength: 0,
  level: 'info',
  message: 'Response',
  timestamp: '2026-02-13 18:46:05'
}
{
  service: 'attendance-system',
  method: 'GET',
  url: '/api/announcements?_t=1770988564663',
  ip: '127.0.0.1',
  userAgent: 'Mozilla/5.0 (Windows NT 10.0; Win64; x64) AppleWebKit/537.36 (KHTML, like Gecko) Chrome/144.0.0.0 Safari/537.36',
  timestamp: '2026-02-13 18:46:05',
  level: 'info',
  message: 'Request'
}
{
  service: 'attendance-system',
  method: 'GET',
  url: '/api/announcements?_t=1770988564860',
  ip: '127.0.0.1',
  userAgent: 'Mozilla/5.0 (Windows NT 10.0; Win64; x64) AppleWebKit/537.36 (KHTML, like Gecko) Chrome/144.0.0.0 Safari/537.36',
  timestamp: '2026-02-13 18:46:05',
  level: 'info',
  message: 'Request'
}
{
  service: 'attendance-system',
  method: 'GET',
  url: '/api/announcements?_t=1770988564664',
  ip: '127.0.0.1',
  userAgent: 'Mozilla/5.0 (Windows NT 10.0; Win64; x64) AppleWebKit/537.36 (KHTML, like Gecko) Chrome/144.0.0.0 Safari/537.36',
  timestamp: '2026-02-13 18:46:05',
  level: 'info',
  message: 'Request'
}
{
  service: 'attendance-system',
  method: 'GET',
  url: '/api/announcements?_t=1770988564869',
  ip: '127.0.0.1',
  userAgent: 'Mozilla/5.0 (Windows NT 10.0; Win64; x64) AppleWebKit/537.36 (KHTML, like Gecko) Chrome/144.0.0.0 Safari/537.36',
  timestamp: '2026-02-13 18:46:05',
  level: 'info',
  message: 'Request'
}
{
  service: 'attendance-system',
  method: 'GET',
  url: '/?_t=1770988564849',
  statusCode: 200,
  duration: '36ms',
  contentLength: '459',
  level: 'info',
  message: 'Response',
  timestamp: '2026-02-13 18:46:05'
}
{
  service: 'attendance-system',
  method: 'GET',
  url: '/?_t=1770988564850',
  statusCode: 200,
  duration: '32ms',
  contentLength: '459',
  level: 'info',
  message: 'Response',
  timestamp: '2026-02-13 18:46:05'
}
{
  service: 'attendance-system',
  method: 'GET',
  url: '/?_t=1770988564663',
  statusCode: 304,
  duration: '26ms',
  contentLength: 0,
  level: 'info',
  message: 'Response',
  timestamp: '2026-02-13 18:46:05'
}
{
  service: 'attendance-system',
  method: 'GET',
  url: '/?_t=1770988564860',
  statusCode: 200,
  duration: '29ms',
  contentLength: '459',
  level: 'info',
  message: 'Response',
  timestamp: '2026-02-13 18:46:05'
}
{
  service: 'attendance-system',
  method: 'GET',
  url: '/api/announcements?_t=1770988564870',
  ip: '127.0.0.1',
  userAgent: 'Mozilla/5.0 (Windows NT 10.0; Win64; x64) AppleWebKit/537.36 (KHTML, like Gecko) Chrome/144.0.0.0 Safari/537.36',
  timestamp: '2026-02-13 18:46:05',
  level: 'info',
  message: 'Request'
}
{
  service: 'attendance-system',
  method: 'GET',
  url: '/api/announcements?_t=1770988564674',
  ip: '127.0.0.1',
  userAgent: 'Mozilla/5.0 (Windows NT 10.0; Win64; x64) AppleWebKit/537.36 (KHTML, like Gecko) Chrome/144.0.0.0 Safari/537.36',
  timestamp: '2026-02-13 18:46:05',
  level: 'info',
  message: 'Request'
}
{
  service: 'attendance-system',
  method: 'GET',
  url: '/api/announcements?_t=1770988564598',
  ip: '127.0.0.1',
  userAgent: 'Mozilla/5.0 (Windows NT 10.0; Win64; x64) AppleWebKit/537.36 (KHTML, like Gecko) Chrome/144.0.0.0 Safari/537.36',
  timestamp: '2026-02-13 18:46:05',
  level: 'info',
  message: 'Request'
}
{
  service: 'attendance-system',
  method: 'GET',
  url: '/?_t=1770988564664',
  statusCode: 304,
  duration: '35ms',
  contentLength: 0,
  level: 'info',
  message: 'Response',
  timestamp: '2026-02-13 18:46:05'
}
{
  service: 'attendance-system',
  method: 'GET',
  url: '/?_t=1770988564869',
  statusCode: 200,
  duration: '33ms',
  contentLength: '459',
  level: 'info',
  message: 'Response',
  timestamp: '2026-02-13 18:46:05'
}
{
  service: 'attendance-system',
  method: 'GET',
  url: '/api/announcements?_t=1770988564881',
  ip: '127.0.0.1',
  userAgent: 'Mozilla/5.0 (Windows NT 10.0; Win64; x64) AppleWebKit/537.36 (KHTML, like Gecko) Chrome/144.0.0.0 Safari/537.36',
  timestamp: '2026-02-13 18:46:05',
  level: 'info',
  message: 'Request'
}
{
  service: 'attendance-system',
  method: 'GET',
  url: '/?_t=1770988564870',
  statusCode: 200,
  duration: '26ms',
  contentLength: '459',
  level: 'info',
  message: 'Response',
  timestamp: '2026-02-13 18:46:05'
}
{
  service: 'attendance-system',
  method: 'GET',
  url: '/?_t=1770988564674',
  statusCode: 304,
  duration: '24ms',
  contentLength: 0,
  level: 'info',
  message: 'Response',
  timestamp: '2026-02-13 18:46:05'
}
{
  service: 'attendance-system',
  method: 'GET',
  url: '/api/announcements?_t=1770988564891',
  ip: '127.0.0.1',
  userAgent: 'Mozilla/5.0 (Windows NT 10.0; Win64; x64) AppleWebKit/537.36 (KHTML, like Gecko) Chrome/144.0.0.0 Safari/537.36',
  timestamp: '2026-02-13 18:46:05',
  level: 'info',
  message: 'Request'
}
{
  service: 'attendance-system',
  method: 'GET',
  url: '/api/announcements?_t=1770988564899',
  ip: '127.0.0.1',
  userAgent: 'Mozilla/5.0 (Windows NT 10.0; Win64; x64) AppleWebKit/537.36 (KHTML, like Gecko) Chrome/144.0.0.0 Safari/537.36',
  timestamp: '2026-02-13 18:46:05',
  level: 'info',
  message: 'Request'
}
{
  service: 'attendance-system',
  method: 'GET',
  url: '/?_t=1770988564598',
  statusCode: 304,
  duration: '32ms',
  contentLength: 0,
  level: 'info',
  message: 'Response',
  timestamp: '2026-02-13 18:46:05'
}
{
  service: 'attendance-system',
  method: 'GET',
  url: '/api/announcements?_t=1770988564900',
  ip: '127.0.0.1',
  userAgent: 'Mozilla/5.0 (Windows NT 10.0; Win64; x64) AppleWebKit/537.36 (KHTML, like Gecko) Chrome/144.0.0.0 Safari/537.36',
  timestamp: '2026-02-13 18:46:05',
  level: 'info',
  message: 'Request'
}
{
  service: 'attendance-system',
  method: 'GET',
  url: '/api/announcements?_t=1770988564599',
  ip: '127.0.0.1',
  userAgent: 'Mozilla/5.0 (Windows NT 10.0; Win64; x64) AppleWebKit/537.36 (KHTML, like Gecko) Chrome/144.0.0.0 Safari/537.36',
  timestamp: '2026-02-13 18:46:05',
  level: 'info',
  message: 'Request'
}
{
  service: 'attendance-system',
  method: 'GET',
  url: '/?_t=1770988564881',
  statusCode: 200,
  duration: '33ms',
  contentLength: '459',
  level: 'info',
  message: 'Response',
  timestamp: '2026-02-13 18:46:05'
}
{
  service: 'attendance-system',
  method: 'GET',
  url: '/?_t=1770988564891',
  statusCode: 200,
  duration: '24ms',
  contentLength: '459',
  level: 'info',
  message: 'Response',
  timestamp: '2026-02-13 18:46:05'
}
{
  service: 'attendance-system',
  method: 'GET',
  url: '/api/announcements?_t=1770988564682',
  ip: '127.0.0.1',
  userAgent: 'Mozilla/5.0 (Windows NT 10.0; Win64; x64) AppleWebKit/537.36 (KHTML, like Gecko) Chrome/144.0.0.0 Safari/537.36',
  timestamp: '2026-02-13 18:46:05',
  level: 'info',
  message: 'Request'
}
{
  service: 'attendance-system',
  method: 'GET',
  url: '/?_t=1770988564899',
  statusCode: 200,
  duration: '31ms',
  contentLength: '459',
  level: 'info',
  message: 'Response',
  timestamp: '2026-02-13 18:46:05'
}
{
  service: 'attendance-system',
  method: 'GET',
  url: '/?_t=1770988564900',
  statusCode: 200,
  duration: '24ms',
  contentLength: '459',
  level: 'info',
  message: 'Response',
  timestamp: '2026-02-13 18:46:05'
}
{
  service: 'attendance-system',
  method: 'GET',
  url: '/api/announcements?_t=1770988564909',
  ip: '127.0.0.1',
  userAgent: 'Mozilla/5.0 (Windows NT 10.0; Win64; x64) AppleWebKit/537.36 (KHTML, like Gecko) Chrome/144.0.0.0 Safari/537.36',
  timestamp: '2026-02-13 18:46:05',
  level: 'info',
  message: 'Request'
}
{
  service: 'attendance-system',
  method: 'GET',
  url: '/api/announcements?_t=1770988564608',
  ip: '127.0.0.1',
  userAgent: 'Mozilla/5.0 (Windows NT 10.0; Win64; x64) AppleWebKit/537.36 (KHTML, like Gecko) Chrome/144.0.0.0 Safari/537.36',
  timestamp: '2026-02-13 18:46:05',
  level: 'info',
  message: 'Request'
}
{
  service: 'attendance-system',
  method: 'GET',
  url: '/?_t=1770988564599',
  statusCode: 304,
  duration: '30ms',
  contentLength: 0,
  level: 'info',
  message: 'Response',
  timestamp: '2026-02-13 18:46:05'
}
{
  service: 'attendance-system',
  method: 'GET',
  url: '/api/announcements?_t=1770988564560',
  ip: '127.0.0.1',
  userAgent: 'Mozilla/5.0 (Windows NT 10.0; Win64; x64) AppleWebKit/537.36 (KHTML, like Gecko) Chrome/144.0.0.0 Safari/537.36',
  timestamp: '2026-02-13 18:46:05',
  level: 'info',
  message: 'Request'
}
{
  service: 'attendance-system',
  method: 'GET',
  url: '/api/announcements?_t=1770988564919',
  ip: '127.0.0.1',
  userAgent: 'Mozilla/5.0 (Windows NT 10.0; Win64; x64) AppleWebKit/537.36 (KHTML, like Gecko) Chrome/144.0.0.0 Safari/537.36',
  timestamp: '2026-02-13 18:46:05',
  level: 'info',
  message: 'Request'
}
{
  service: 'attendance-system',
  method: 'GET',
  url: '/?_t=1770988564682',
  statusCode: 304,
  duration: '34ms',
  contentLength: 0,
  level: 'info',
  message: 'Response',
  timestamp: '2026-02-13 18:46:05'
}
{
  service: 'attendance-system',
  method: 'GET',
  url: '/?_t=1770988564909',
  statusCode: 200,
  duration: '30ms',
  contentLength: '459',
  level: 'info',
  message: 'Response',
  timestamp: '2026-02-13 18:46:05'
}
{
  service: 'attendance-system',
  method: 'GET',
  url: '/api/announcements?_t=1770988564683',
  ip: '127.0.0.1',
  userAgent: 'Mozilla/5.0 (Windows NT 10.0; Win64; x64) AppleWebKit/537.36 (KHTML, like Gecko) Chrome/144.0.0.0 Safari/537.36',
  timestamp: '2026-02-13 18:46:05',
  level: 'info',
  message: 'Request'
}
{
  service: 'attendance-system',
  method: 'GET',
  url: '/?_t=1770988564608',
  statusCode: 304,
  duration: '47ms',
  contentLength: 0,
  level: 'info',
  message: 'Response',
  timestamp: '2026-02-13 18:46:05'
}
{
  service: 'attendance-system',
  method: 'GET',
  url: '/?_t=1770988564560',
  statusCode: 304,
  duration: '40ms',
  contentLength: 0,
  level: 'info',
  message: 'Response',
  timestamp: '2026-02-13 18:46:05'
}
{
  service: 'attendance-system',
  method: 'GET',
  url: '/api/announcements?_t=1770988564618',
  ip: '127.0.0.1',
  userAgent: 'Mozilla/5.0 (Windows NT 10.0; Win64; x64) AppleWebKit/537.36 (KHTML, like Gecko) Chrome/144.0.0.0 Safari/537.36',
  timestamp: '2026-02-13 18:46:05',
  level: 'info',
  message: 'Request'
}
{
  service: 'attendance-system',
  method: 'GET',
  url: '/api/announcements?_t=1770988564928',
  ip: '127.0.0.1',
  userAgent: 'Mozilla/5.0 (Windows NT 10.0; Win64; x64) AppleWebKit/537.36 (KHTML, like Gecko) Chrome/144.0.0.0 Safari/537.36',
  timestamp: '2026-02-13 18:46:05',
  level: 'info',
  message: 'Request'
}
{
  service: 'attendance-system',
  method: 'GET',
  url: '/?_t=1770988564919',
  statusCode: 200,
  duration: '49ms',
  contentLength: '459',
  level: 'info',
  message: 'Response',
  timestamp: '2026-02-13 18:46:05'
}
{
  service: 'attendance-system',
  method: 'GET',
  url: '/api/announcements?_t=1770988564929',
  ip: '127.0.0.1',
  userAgent: 'Mozilla/5.0 (Windows NT 10.0; Win64; x64) AppleWebKit/537.36 (KHTML, like Gecko) Chrome/144.0.0.0 Safari/537.36',
  timestamp: '2026-02-13 18:46:05',
  level: 'info',
  message: 'Request'
}
{
  service: 'attendance-system',
  method: 'GET',
  url: '/api/announcements?_t=1770988564938',
  ip: '127.0.0.1',
  userAgent: 'Mozilla/5.0 (Windows NT 10.0; Win64; x64) AppleWebKit/537.36 (KHTML, like Gecko) Chrome/144.0.0.0 Safari/537.36',
  timestamp: '2026-02-13 18:46:05',
  level: 'info',
  message: 'Request'
}
{
  service: 'attendance-system',
  method: 'GET',
  url: '/?_t=1770988564683',
  statusCode: 304,
  duration: '42ms',
  contentLength: 0,
  level: 'info',
  message: 'Response',
  timestamp: '2026-02-13 18:46:05'
}
{
  service: 'attendance-system',
  method: 'GET',
  url: '/?_t=1770988564618',
  statusCode: 304,
  duration: '26ms',
  contentLength: 0,
  level: 'info',
  message: 'Response',
  timestamp: '2026-02-13 18:46:05'
}
{
  service: 'attendance-system',
  method: 'GET',
  url: '/api/announcements?_t=1770988564939',
  ip: '127.0.0.1',
  userAgent: 'Mozilla/5.0 (Windows NT 10.0; Win64; x64) AppleWebKit/537.36 (KHTML, like Gecko) Chrome/144.0.0.0 Safari/537.36',
  timestamp: '2026-02-13 18:46:05',
  level: 'info',
  message: 'Request'
}
{
  service: 'attendance-system',
  method: 'GET',
  url: '/?_t=1770988564928',
  statusCode: 200,
  duration: '29ms',
  contentLength: '459',
  level: 'info',
  message: 'Response',
  timestamp: '2026-02-13 18:46:05'
}
{
  service: 'attendance-system',
  method: 'GET',
  url: '/?_t=1770988564929',
  statusCode: 200,
  duration: '24ms',
  contentLength: '459',
  level: 'info',
  message: 'Response',
  timestamp: '2026-02-13 18:46:05'
}
{
  service: 'attendance-system',
  method: 'GET',
  url: '/api/announcements?_t=1770988564699',
  ip: '127.0.0.1',
  userAgent: 'Mozilla/5.0 (Windows NT 10.0; Win64; x64) AppleWebKit/537.36 (KHTML, like Gecko) Chrome/144.0.0.0 Safari/537.36',
  timestamp: '2026-02-13 18:46:05',
  level: 'info',
  message: 'Request'
}
{
  service: 'attendance-system',
  method: 'GET',
  url: '/api/announcements?_t=1770988564940',
  ip: '127.0.0.1',
  userAgent: 'Mozilla/5.0 (Windows NT 10.0; Win64; x64) AppleWebKit/537.36 (KHTML, like Gecko) Chrome/144.0.0.0 Safari/537.36',
  timestamp: '2026-02-13 18:46:05',
  level: 'info',
  message: 'Request'
}
{
  service: 'attendance-system',
  method: 'GET',
  url: '/?_t=1770988564938',
  statusCode: 200,
  duration: '31ms',
  contentLength: '459',
  level: 'info',
  message: 'Response',
  timestamp: '2026-02-13 18:46:05'
}
{
  service: 'attendance-system',
  method: 'GET',
  url: '/api/announcements?_t=1770988564949',
  ip: '127.0.0.1',
  userAgent: 'Mozilla/5.0 (Windows NT 10.0; Win64; x64) AppleWebKit/537.36 (KHTML, like Gecko) Chrome/144.0.0.0 Safari/537.36',
  timestamp: '2026-02-13 18:46:05',
  level: 'info',
  message: 'Request'
}
{
  service: 'attendance-system',
  method: 'GET',
  url: '/api/announcements?_t=1770988564709',
  ip: '127.0.0.1',
  userAgent: 'Mozilla/5.0 (Windows NT 10.0; Win64; x64) AppleWebKit/537.36 (KHTML, like Gecko) Chrome/144.0.0.0 Safari/537.36',
  timestamp: '2026-02-13 18:46:05',
  level: 'info',
  message: 'Request'
}
{
  service: 'attendance-system',
  method: 'GET',
  url: '/?_t=1770988564939',
  statusCode: 200,
  duration: '32ms',
  contentLength: '459',
  level: 'info',
  message: 'Response',
  timestamp: '2026-02-13 18:46:05'
}
{
  service: 'attendance-system',
  method: 'GET',
  url: '/api/announcements?_t=1770988564716',
  ip: '127.0.0.1',
  userAgent: 'Mozilla/5.0 (Windows NT 10.0; Win64; x64) AppleWebKit/537.36 (KHTML, like Gecko) Chrome/144.0.0.0 Safari/537.36',
  timestamp: '2026-02-13 18:46:05',
  level: 'info',
  message: 'Request'
}
{
  service: 'attendance-system',
  method: 'GET',
  url: '/?_t=1770988564949',
  statusCode: 200,
  duration: '21ms',
  contentLength: '459',
  level: 'info',
  message: 'Response',
  timestamp: '2026-02-13 18:46:05'
}
{
  service: 'attendance-system',
  method: 'GET',
  url: '/?_t=1770988564699',
  statusCode: 304,
  duration: '34ms',
  contentLength: 0,
  level: 'info',
  message: 'Response',
  timestamp: '2026-02-13 18:46:05'
}
{
  service: 'attendance-system',
  method: 'GET',
  url: '/?_t=1770988564940',
  statusCode: 200,
  duration: '32ms',
  contentLength: '459',
  level: 'info',
  message: 'Response',
  timestamp: '2026-02-13 18:46:05'
}
{
  service: 'attendance-system',
  method: 'GET',
  url: '/api/announcements?_t=1770988564959',
  ip: '127.0.0.1',
  userAgent: 'Mozilla/5.0 (Windows NT 10.0; Win64; x64) AppleWebKit/537.36 (KHTML, like Gecko) Chrome/144.0.0.0 Safari/537.36',
  timestamp: '2026-02-13 18:46:05',
  level: 'info',
  message: 'Request'
}
{
  service: 'attendance-system',
  method: 'GET',
  url: '/?_t=1770988564709',
  statusCode: 304,
  duration: '29ms',
  contentLength: 0,
  level: 'info',
  message: 'Response',
  timestamp: '2026-02-13 18:46:05'
}
{
  service: 'attendance-system',
  method: 'GET',
  url: '/api/announcements?_t=1770988564968',
  ip: '127.0.0.1',
  userAgent: 'Mozilla/5.0 (Windows NT 10.0; Win64; x64) AppleWebKit/537.36 (KHTML, like Gecko) Chrome/144.0.0.0 Safari/537.36',
  timestamp: '2026-02-13 18:46:05',
  level: 'info',
  message: 'Request'
}
{
  service: 'attendance-system',
  method: 'GET',
  url: '/api/announcements?_t=1770988564717',
  ip: '127.0.0.1',
  userAgent: 'Mozilla/5.0 (Windows NT 10.0; Win64; x64) AppleWebKit/537.36 (KHTML, like Gecko) Chrome/144.0.0.0 Safari/537.36',
  timestamp: '2026-02-13 18:46:05',
  level: 'info',
  message: 'Request'
}
{
  service: 'attendance-system',
  method: 'GET',
  url: '/api/announcements?_t=1770988564976',
  ip: '127.0.0.1',
  userAgent: 'Mozilla/5.0 (Windows NT 10.0; Win64; x64) AppleWebKit/537.36 (KHTML, like Gecko) Chrome/144.0.0.0 Safari/537.36',
  timestamp: '2026-02-13 18:46:05',
  level: 'info',
  message: 'Request'
}
{
  service: 'attendance-system',
  method: 'GET',
  url: '/?_t=1770988564716',
  statusCode: 304,
  duration: '34ms',
  contentLength: 0,
  level: 'info',
  message: 'Response',
  timestamp: '2026-02-13 18:46:05'
}
{
  service: 'attendance-system',
  method: 'GET',
  url: '/api/announcements?_t=1770988564977',
  ip: '127.0.0.1',
  userAgent: 'Mozilla/5.0 (Windows NT 10.0; Win64; x64) AppleWebKit/537.36 (KHTML, like Gecko) Chrome/144.0.0.0 Safari/537.36',
  timestamp: '2026-02-13 18:46:05',
  level: 'info',
  message: 'Request'
}
{
  service: 'attendance-system',
  method: 'GET',
  url: '/?_t=1770988564959',
  statusCode: 200,
  duration: '32ms',
  contentLength: '459',
  level: 'info',
  message: 'Response',
  timestamp: '2026-02-13 18:46:05'
}
{
  service: 'attendance-system',
  method: 'GET',
  url: '/?_t=1770988564968',
  statusCode: 200,
  duration: '27ms',
  contentLength: '459',
  level: 'info',
  message: 'Response',
  timestamp: '2026-02-13 18:46:05'
}
{
  service: 'attendance-system',
  method: 'GET',
  url: '/?_t=1770988564717',
  statusCode: 304,
  duration: '24ms',
  contentLength: 0,
  level: 'info',
  message: 'Response',
  timestamp: '2026-02-13 18:46:05'
}
{
  service: 'attendance-system',
  method: 'GET',
  url: '/api/announcements?_t=1770988564570',
  ip: '127.0.0.1',
  userAgent: 'Mozilla/5.0 (Windows NT 10.0; Win64; x64) AppleWebKit/537.36 (KHTML, like Gecko) Chrome/144.0.0.0 Safari/537.36',
  timestamp: '2026-02-13 18:46:05',
  level: 'info',
  message: 'Request'
}
{
  service: 'attendance-system',
  method: 'GET',
  url: '/?_t=1770988564976',
  statusCode: 200,
  duration: '29ms',
  contentLength: '459',
  level: 'info',
  message: 'Response',
  timestamp: '2026-02-13 18:46:05'
}
{
  service: 'attendance-system',
  method: 'GET',
  url: '/api/announcements?_t=1770988564726',
  ip: '127.0.0.1',
  userAgent: 'Mozilla/5.0 (Windows NT 10.0; Win64; x64) AppleWebKit/537.36 (KHTML, like Gecko) Chrome/144.0.0.0 Safari/537.36',
  timestamp: '2026-02-13 18:46:05',
  level: 'info',
  message: 'Request'
}
{
  service: 'attendance-system',
  method: 'GET',
  url: '/api/announcements?_t=1770988564985',
  ip: '127.0.0.1',
  userAgent: 'Mozilla/5.0 (Windows NT 10.0; Win64; x64) AppleWebKit/537.36 (KHTML, like Gecko) Chrome/144.0.0.0 Safari/537.36',
  timestamp: '2026-02-13 18:46:05',
  level: 'info',
  message: 'Request'
}
{
  service: 'attendance-system',
  method: 'GET',
  url: '/api/announcements?_t=1770988564986',
  ip: '127.0.0.1',
  userAgent: 'Mozilla/5.0 (Windows NT 10.0; Win64; x64) AppleWebKit/537.36 (KHTML, like Gecko) Chrome/144.0.0.0 Safari/537.36',
  timestamp: '2026-02-13 18:46:05',
  level: 'info',
  message: 'Request'
}
{
  service: 'attendance-system',
  method: 'GET',
  url: '/?_t=1770988564977',
  statusCode: 200,
  duration: '38ms',
  contentLength: '459',
  level: 'info',
  message: 'Response',
  timestamp: '2026-02-13 18:46:05'
}
{
  service: 'attendance-system',
  method: 'GET',
  url: '/api/announcements?_t=1770988564727',
  ip: '127.0.0.1',
  userAgent: 'Mozilla/5.0 (Windows NT 10.0; Win64; x64) AppleWebKit/537.36 (KHTML, like Gecko) Chrome/144.0.0.0 Safari/537.36',
  timestamp: '2026-02-13 18:46:05',
  level: 'info',
  message: 'Request'
}
{
  service: 'attendance-system',
  method: 'GET',
  url: '/api/announcements?_t=1770988564736',
  ip: '127.0.0.1',
  userAgent: 'Mozilla/5.0 (Windows NT 10.0; Win64; x64) AppleWebKit/537.36 (KHTML, like Gecko) Chrome/144.0.0.0 Safari/537.36',
  timestamp: '2026-02-13 18:46:05',
  level: 'info',
  message: 'Request'
}
{
  service: 'attendance-system',
  method: 'GET',
  url: '/?_t=1770988564570',
  statusCode: 304,
  duration: '651ms',
  contentLength: 0,
  level: 'info',
  message: 'Response',
  timestamp: '2026-02-13 18:46:06'
}
{
  service: 'attendance-system',
  method: 'GET',
  url: '/?_t=1770988564726',
  statusCode: 304,
  duration: '643ms',
  contentLength: 0,
  level: 'info',
  message: 'Response',
  timestamp: '2026-02-13 18:46:06'
}
{
  service: 'attendance-system',
  method: 'GET',
  url: '/?_t=1770988564727',
  statusCode: 304,
  duration: '625ms',
  contentLength: 0,
  level: 'info',
  message: 'Response',
  timestamp: '2026-02-13 18:46:06'
}
{
  service: 'attendance-system',
  method: 'GET',
  url: '/?_t=1770988564736',
  statusCode: 304,
  duration: '623ms',
  contentLength: 0,
  level: 'info',
  message: 'Response',
  timestamp: '2026-02-13 18:46:06'
}
{
  service: 'attendance-system',
  method: 'GET',
  url: '/?_t=1770988564985',
  statusCode: 200,
  duration: '645ms',
  contentLength: '459',
  level: 'info',
  message: 'Response',
  timestamp: '2026-02-13 18:46:06'
}
{
  service: 'attendance-system',
  method: 'GET',
  url: '/?_t=1770988564986',
  statusCode: 200,
  duration: '644ms',
  contentLength: '459',
  level: 'info',
  message: 'Response',
  timestamp: '2026-02-13 18:46:06'
}
{
  service: 'attendance-system',
  method: 'GET',
  url: '/api/announcements?_t=1770988564995',
  ip: '127.0.0.1',
  userAgent: 'Mozilla/5.0 (Windows NT 10.0; Win64; x64) AppleWebKit/537.36 (KHTML, like Gecko) Chrome/144.0.0.0 Safari/537.36',
  timestamp: '2026-02-13 18:46:06',
  level: 'info',
  message: 'Request'
}
{
  service: 'attendance-system',
  method: 'GET',
  url: '/api/announcements?_t=1770988564746',
  ip: '127.0.0.1',
  userAgent: 'Mozilla/5.0 (Windows NT 10.0; Win64; x64) AppleWebKit/537.36 (KHTML, like Gecko) Chrome/144.0.0.0 Safari/537.36',
  timestamp: '2026-02-13 18:46:06',
  level: 'info',
  message: 'Request'
}
{
  service: 'attendance-system',
  method: 'GET',
  url: '/api/announcements?_t=1770988565002',
  ip: '127.0.0.1',
  userAgent: 'Mozilla/5.0 (Windows NT 10.0; Win64; x64) AppleWebKit/537.36 (KHTML, like Gecko) Chrome/144.0.0.0 Safari/537.36',
  timestamp: '2026-02-13 18:46:06',
  level: 'info',
  message: 'Request'
}
{
  service: 'attendance-system',
  method: 'GET',
  url: '/api/announcements?_t=1770988565003',
  ip: '127.0.0.1',
  userAgent: 'Mozilla/5.0 (Windows NT 10.0; Win64; x64) AppleWebKit/537.36 (KHTML, like Gecko) Chrome/144.0.0.0 Safari/537.36',
  timestamp: '2026-02-13 18:46:06',
  level: 'info',
  message: 'Request'
}
{
  service: 'attendance-system',
  method: 'GET',
  url: '/api/announcements?_t=1770988565012',
  ip: '127.0.0.1',
  userAgent: 'Mozilla/5.0 (Windows NT 10.0; Win64; x64) AppleWebKit/537.36 (KHTML, like Gecko) Chrome/144.0.0.0 Safari/537.36',
  timestamp: '2026-02-13 18:46:06',
  level: 'info',
  message: 'Request'
}
{
  service: 'attendance-system',
  method: 'GET',
  url: '/api/announcements?_t=1770988565020',
  ip: '127.0.0.1',
  userAgent: 'Mozilla/5.0 (Windows NT 10.0; Win64; x64) AppleWebKit/537.36 (KHTML, like Gecko) Chrome/144.0.0.0 Safari/537.36',
  timestamp: '2026-02-13 18:46:06',
  level: 'info',
  message: 'Request'
}
{
  service: 'attendance-system',
  method: 'GET',
  url: '/?_t=1770988564995',
  statusCode: 200,
  duration: '33ms',
  contentLength: '459',
  level: 'info',
  message: 'Response',
  timestamp: '2026-02-13 18:46:06'
}
{
  service: 'attendance-system',
  method: 'GET',
  url: '/?_t=1770988564746',
  statusCode: 304,
  duration: '31ms',
  contentLength: 0,
  level: 'info',
  message: 'Response',
  timestamp: '2026-02-13 18:46:06'
}
{
  service: 'attendance-system',
  method: 'GET',
  url: '/?_t=1770988565002',
  statusCode: 200,
  duration: '28ms',
  contentLength: '459',
  level: 'info',
  message: 'Response',
  timestamp: '2026-02-13 18:46:06'
}
{
  service: 'attendance-system',
  method: 'GET',
  url: '/?_t=1770988565003',
  statusCode: 200,
  duration: '26ms',
  contentLength: '459',
  level: 'info',
  message: 'Response',
  timestamp: '2026-02-13 18:46:06'
}
{
  service: 'attendance-system',
  method: 'GET',
  url: '/?_t=1770988565012',
  statusCode: 200,
  duration: '26ms',
  contentLength: '459',
  level: 'info',
  message: 'Response',
  timestamp: '2026-02-13 18:46:06'
}
{
  service: 'attendance-system',
  method: 'GET',
  url: '/api/announcements?_t=1770988565021',
  ip: '127.0.0.1',
  userAgent: 'Mozilla/5.0 (Windows NT 10.0; Win64; x64) AppleWebKit/537.36 (KHTML, like Gecko) Chrome/144.0.0.0 Safari/537.36',
  timestamp: '2026-02-13 18:46:06',
  level: 'info',
  message: 'Request'
}
{
  service: 'attendance-system',
  method: 'GET',
  url: '/api/announcements?_t=1770988564756',
  ip: '127.0.0.1',
  userAgent: 'Mozilla/5.0 (Windows NT 10.0; Win64; x64) AppleWebKit/537.36 (KHTML, like Gecko) Chrome/144.0.0.0 Safari/537.36',
  timestamp: '2026-02-13 18:46:06',
  level: 'info',
  message: 'Request'
}
{
  service: 'attendance-system',
  method: 'GET',
  url: '/?_t=1770988565020',
  statusCode: 200,
  duration: '25ms',
  contentLength: '459',
  level: 'info',
  message: 'Response',
  timestamp: '2026-02-13 18:46:06'
}
{
  service: 'attendance-system',
  method: 'GET',
  url: '/api/announcements?_t=1770988565029',
  ip: '127.0.0.1',
  userAgent: 'Mozilla/5.0 (Windows NT 10.0; Win64; x64) AppleWebKit/537.36 (KHTML, like Gecko) Chrome/144.0.0.0 Safari/537.36',
  timestamp: '2026-02-13 18:46:06',
  level: 'info',
  message: 'Request'
}
{
  service: 'attendance-system',
  method: 'GET',
  url: '/api/announcements?_t=1770988565030',
  ip: '127.0.0.1',
  userAgent: 'Mozilla/5.0 (Windows NT 10.0; Win64; x64) AppleWebKit/537.36 (KHTML, like Gecko) Chrome/144.0.0.0 Safari/537.36',
  timestamp: '2026-02-13 18:46:06',
  level: 'info',
  message: 'Request'
}
{
  service: 'attendance-system',
  method: 'GET',
  url: '/api/announcements?_t=1770988564626',
  ip: '127.0.0.1',
  userAgent: 'Mozilla/5.0 (Windows NT 10.0; Win64; x64) AppleWebKit/537.36 (KHTML, like Gecko) Chrome/144.0.0.0 Safari/537.36',
  timestamp: '2026-02-13 18:46:06',
  level: 'info',
  message: 'Request'
}
{
  service: 'attendance-system',
  method: 'GET',
  url: '/api/announcements?_t=1770988564765',
  ip: '127.0.0.1',
  userAgent: 'Mozilla/5.0 (Windows NT 10.0; Win64; x64) AppleWebKit/537.36 (KHTML, like Gecko) Chrome/144.0.0.0 Safari/537.36',
  timestamp: '2026-02-13 18:46:06',
  level: 'info',
  message: 'Request'
}
{
  service: 'attendance-system',
  method: 'GET',
  url: '/?_t=1770988565021',
  statusCode: 200,
  duration: '32ms',
  contentLength: '459',
  level: 'info',
  message: 'Response',
  timestamp: '2026-02-13 18:46:06'
}
{
  service: 'attendance-system',
  method: 'GET',
  url: '/?_t=1770988564756',
  statusCode: 304,
  duration: '30ms',
  contentLength: 0,
  level: 'info',
  message: 'Response',
  timestamp: '2026-02-13 18:46:06'
}
{
  service: 'attendance-system',
  method: 'GET',
  url: '/?_t=1770988565029',
  statusCode: 200,
  duration: '26ms',
  contentLength: '459',
  level: 'info',
  message: 'Response',
  timestamp: '2026-02-13 18:46:06'
}
{
  service: 'attendance-system',
  method: 'GET',
  url: '/?_t=1770988565030',
  statusCode: 200,
  duration: '25ms',
  contentLength: '459',
  level: 'info',
  message: 'Response',
  timestamp: '2026-02-13 18:46:06'
}
{
  service: 'attendance-system',
  method: 'GET',
  url: '/?_t=1770988564626',
  statusCode: 304,
  duration: '23ms',
  contentLength: 0,
  level: 'info',
  message: 'Response',
  timestamp: '2026-02-13 18:46:06'
}
{
  service: 'attendance-system',
  method: 'GET',
  url: '/api/announcements?_t=1770988565039',
  ip: '127.0.0.1',
  userAgent: 'Mozilla/5.0 (Windows NT 10.0; Win64; x64) AppleWebKit/537.36 (KHTML, like Gecko) Chrome/144.0.0.0 Safari/537.36',
  timestamp: '2026-02-13 18:46:06',
  level: 'info',
  message: 'Request'
}
{
  service: 'attendance-system',
  method: 'GET',
  url: '/?_t=1770988564765',
  statusCode: 304,
  duration: '22ms',
  contentLength: 0,
  level: 'info',
  message: 'Response',
  timestamp: '2026-02-13 18:46:06'
}
{
  service: 'attendance-system',
  method: 'GET',
  url: '/api/announcements?_t=1770988565040',
  ip: '127.0.0.1',
  userAgent: 'Mozilla/5.0 (Windows NT 10.0; Win64; x64) AppleWebKit/537.36 (KHTML, like Gecko) Chrome/144.0.0.0 Safari/537.36',
  timestamp: '2026-02-13 18:46:06',
  level: 'info',
  message: 'Request'
}
{
  service: 'attendance-system',
  method: 'GET',
  url: '/api/announcements?_t=1770988564766',
  ip: '127.0.0.1',
  userAgent: 'Mozilla/5.0 (Windows NT 10.0; Win64; x64) AppleWebKit/537.36 (KHTML, like Gecko) Chrome/144.0.0.0 Safari/537.36',
  timestamp: '2026-02-13 18:46:06',
  level: 'info',
  message: 'Request'
}
{
  service: 'attendance-system',
  method: 'GET',
  url: '/api/announcements?_t=1770988564776',
  ip: '127.0.0.1',
  userAgent: 'Mozilla/5.0 (Windows NT 10.0; Win64; x64) AppleWebKit/537.36 (KHTML, like Gecko) Chrome/144.0.0.0 Safari/537.36',
  timestamp: '2026-02-13 18:46:06',
  level: 'info',
  message: 'Request'
}
{
  service: 'attendance-system',
  method: 'GET',
  url: '/api/announcements?_t=1770988565048',
  ip: '127.0.0.1',
  userAgent: 'Mozilla/5.0 (Windows NT 10.0; Win64; x64) AppleWebKit/537.36 (KHTML, like Gecko) Chrome/144.0.0.0 Safari/537.36',
  timestamp: '2026-02-13 18:46:06',
  level: 'info',
  message: 'Request'
}
{
  service: 'attendance-system',
  method: 'GET',
  url: '/api/announcements?_t=1770988564627',
  ip: '127.0.0.1',
  userAgent: 'Mozilla/5.0 (Windows NT 10.0; Win64; x64) AppleWebKit/537.36 (KHTML, like Gecko) Chrome/144.0.0.0 Safari/537.36',
  timestamp: '2026-02-13 18:46:06',
  level: 'info',
  message: 'Request'
}
{
  service: 'attendance-system',
  method: 'GET',
  url: '/?_t=1770988565039',
  statusCode: 200,
  duration: '33ms',
  contentLength: '459',
  level: 'info',
  message: 'Response',
  timestamp: '2026-02-13 18:46:06'
}
{
  service: 'attendance-system',
  method: 'GET',
  url: '/?_t=1770988564776',
  statusCode: 304,
  duration: '21ms',
  contentLength: 0,
  level: 'info',
  message: 'Response',
  timestamp: '2026-02-13 18:46:06'
}
{
  service: 'attendance-system',
  method: 'GET',
  url: '/?_t=1770988565040',
  statusCode: 200,
  duration: '31ms',
  contentLength: '459',
  level: 'info',
  message: 'Response',
  timestamp: '2026-02-13 18:46:06'
}
{
  service: 'attendance-system',
  method: 'GET',
  url: '/?_t=1770988565048',
  statusCode: 200,
  duration: '21ms',
  contentLength: '459',
  level: 'info',
  message: 'Response',
  timestamp: '2026-02-13 18:46:06'
}
{
  service: 'attendance-system',
  method: 'GET',
  url: '/api/announcements?_t=1770988565049',
  ip: '127.0.0.1',
  userAgent: 'Mozilla/5.0 (Windows NT 10.0; Win64; x64) AppleWebKit/537.36 (KHTML, like Gecko) Chrome/144.0.0.0 Safari/537.36',
  timestamp: '2026-02-13 18:46:06',
  level: 'info',
  message: 'Request'
}
{
  service: 'attendance-system',
  method: 'GET',
  url: '/?_t=1770988564627',
  statusCode: 304,
  duration: '22ms',
  contentLength: 0,
  level: 'info',
  message: 'Response',
  timestamp: '2026-02-13 18:46:06'
}
{
  service: 'attendance-system',
  method: 'GET',
  url: '/api/announcements?_t=1770988565059',
  ip: '127.0.0.1',
  userAgent: 'Mozilla/5.0 (Windows NT 10.0; Win64; x64) AppleWebKit/537.36 (KHTML, like Gecko) Chrome/144.0.0.0 Safari/537.36',
  timestamp: '2026-02-13 18:46:06',
  level: 'info',
  message: 'Request'
}
{
  service: 'attendance-system',
  method: 'GET',
  url: '/api/announcements?_t=1770988565068',
  ip: '127.0.0.1',
  userAgent: 'Mozilla/5.0 (Windows NT 10.0; Win64; x64) AppleWebKit/537.36 (KHTML, like Gecko) Chrome/144.0.0.0 Safari/537.36',
  timestamp: '2026-02-13 18:46:06',
  level: 'info',
  message: 'Request'
}
{
  service: 'attendance-system',
  method: 'GET',
  url: '/api/announcements?_t=1770988564783',
  ip: '127.0.0.1',
  userAgent: 'Mozilla/5.0 (Windows NT 10.0; Win64; x64) AppleWebKit/537.36 (KHTML, like Gecko) Chrome/144.0.0.0 Safari/537.36',
  timestamp: '2026-02-13 18:46:06',
  level: 'info',
  message: 'Request'
}
{
  service: 'attendance-system',
  method: 'GET',
  url: '/?_t=1770988564766',
  statusCode: 304,
  duration: '55ms',
  contentLength: 0,
  level: 'info',
  message: 'Response',
  timestamp: '2026-02-13 18:46:06'
}
{
  service: 'attendance-system',
  method: 'GET',
  url: '/api/announcements?_t=1770988565076',
  ip: '127.0.0.1',
  userAgent: 'Mozilla/5.0 (Windows NT 10.0; Win64; x64) AppleWebKit/537.36 (KHTML, like Gecko) Chrome/144.0.0.0 Safari/537.36',
  timestamp: '2026-02-13 18:46:06',
  level: 'info',
  message: 'Request'
}
{
  service: 'attendance-system',
  method: 'GET',
  url: '/?_t=1770988565049',
  statusCode: 200,
  duration: '36ms',
  contentLength: '459',
  level: 'info',
  message: 'Response',
  timestamp: '2026-02-13 18:46:06'
}
{
  service: 'attendance-system',
  method: 'GET',
  url: '/?_t=1770988565059',
  statusCode: 200,
  duration: '29ms',
  contentLength: '459',
  level: 'info',
  message: 'Response',
  timestamp: '2026-02-13 18:46:06'
}
{
  service: 'attendance-system',
  method: 'GET',
  url: '/?_t=1770988565068',
  statusCode: 200,
  duration: '26ms',
  contentLength: '459',
  level: 'info',
  message: 'Response',
  timestamp: '2026-02-13 18:46:06'
}
{
  service: 'attendance-system',
  method: 'GET',
  url: '/api/announcements?_t=1770988564784',
  ip: '127.0.0.1',
  userAgent: 'Mozilla/5.0 (Windows NT 10.0; Win64; x64) AppleWebKit/537.36 (KHTML, like Gecko) Chrome/144.0.0.0 Safari/537.36',
  timestamp: '2026-02-13 18:46:06',
  level: 'info',
  message: 'Request'
}
{
  service: 'attendance-system',
  method: 'GET',
  url: '/?_t=1770988564783',
  statusCode: 304,
  duration: '28ms',
  contentLength: 0,
  level: 'info',
  message: 'Response',
  timestamp: '2026-02-13 18:46:06'
}
{
  service: 'attendance-system',
  method: 'GET',
  url: '/api/announcements?_t=1770988565077',
  ip: '127.0.0.1',
  userAgent: 'Mozilla/5.0 (Windows NT 10.0; Win64; x64) AppleWebKit/537.36 (KHTML, like Gecko) Chrome/144.0.0.0 Safari/537.36',
  timestamp: '2026-02-13 18:46:06',
  level: 'info',
  message: 'Request'
}
{
  service: 'attendance-system',
  method: 'GET',
  url: '/api/announcements?_t=1770988565085',
  ip: '127.0.0.1',
  userAgent: 'Mozilla/5.0 (Windows NT 10.0; Win64; x64) AppleWebKit/537.36 (KHTML, like Gecko) Chrome/144.0.0.0 Safari/537.36',
  timestamp: '2026-02-13 18:46:06',
  level: 'info',
  message: 'Request'
}
{
  service: 'attendance-system',
  method: 'GET',
  url: '/api/announcements?_t=1770988565086',
  ip: '127.0.0.1',
  userAgent: 'Mozilla/5.0 (Windows NT 10.0; Win64; x64) AppleWebKit/537.36 (KHTML, like Gecko) Chrome/144.0.0.0 Safari/537.36',
  timestamp: '2026-02-13 18:46:06',
  level: 'info',
  message: 'Request'
}
{
  service: 'attendance-system',
  method: 'GET',
  url: '/?_t=1770988565076',
  statusCode: 200,
  duration: '37ms',
  contentLength: '459',
  level: 'info',
  message: 'Response',
  timestamp: '2026-02-13 18:46:06'
}
{
  service: 'attendance-system',
  method: 'GET',
  url: '/api/announcements?_t=1770988564579',
  ip: '127.0.0.1',
  userAgent: 'Mozilla/5.0 (Windows NT 10.0; Win64; x64) AppleWebKit/537.36 (KHTML, like Gecko) Chrome/144.0.0.0 Safari/537.36',
  timestamp: '2026-02-13 18:46:06',
  level: 'info',
  message: 'Request'
}
{
  service: 'attendance-system',
  method: 'GET',
  url: '/?_t=1770988564784',
  statusCode: 304,
  duration: '38ms',
  contentLength: 0,
  level: 'info',
  message: 'Response',
  timestamp: '2026-02-13 18:46:06'
}
{
  service: 'attendance-system',
  method: 'GET',
  url: '/?_t=1770988565077',
  statusCode: 200,
  duration: '30ms',
  contentLength: '459',
  level: 'info',
  message: 'Response',
  timestamp: '2026-02-13 18:46:06'
}
{
  service: 'attendance-system',
  method: 'GET',
  url: '/?_t=1770988565085',
  statusCode: 200,
  duration: '28ms',
  contentLength: '459',
  level: 'info',
  message: 'Response',
  timestamp: '2026-02-13 18:46:06'
}
{
  service: 'attendance-system',
  method: 'GET',
  url: '/api/announcements?_t=1770988565094',
  ip: '127.0.0.1',
  userAgent: 'Mozilla/5.0 (Windows NT 10.0; Win64; x64) AppleWebKit/537.36 (KHTML, like Gecko) Chrome/144.0.0.0 Safari/537.36',
  timestamp: '2026-02-13 18:46:06',
  level: 'info',
  message: 'Request'
}
{
  service: 'attendance-system',
  method: 'GET',
  url: '/?_t=1770988565086',
  statusCode: 200,
  duration: '32ms',
  contentLength: '459',
  level: 'info',
  message: 'Response',
  timestamp: '2026-02-13 18:46:06'
}
{
  service: 'attendance-system',
  method: 'GET',
  url: '/api/announcements?_t=1770988565095',
  ip: '127.0.0.1',
  userAgent: 'Mozilla/5.0 (Windows NT 10.0; Win64; x64) AppleWebKit/537.36 (KHTML, like Gecko) Chrome/144.0.0.0 Safari/537.36',
  timestamp: '2026-02-13 18:46:06',
  level: 'info',
  message: 'Request'
}
{
  service: 'attendance-system',
  method: 'GET',
  url: '/api/announcements?_t=1770988565117',
  ip: '127.0.0.1',
  userAgent: 'Mozilla/5.0 (Windows NT 10.0; Win64; x64) AppleWebKit/537.36 (KHTML, like Gecko) Chrome/144.0.0.0 Safari/537.36',
  timestamp: '2026-02-13 18:46:06',
  level: 'info',
  message: 'Request'
}
{
  service: 'attendance-system',
  method: 'GET',
  url: '/api/announcements?_t=1770988565125',
  ip: '127.0.0.1',
  userAgent: 'Mozilla/5.0 (Windows NT 10.0; Win64; x64) AppleWebKit/537.36 (KHTML, like Gecko) Chrome/144.0.0.0 Safari/537.36',
  timestamp: '2026-02-13 18:46:06',
  level: 'info',
  message: 'Request'
}
{
  service: 'attendance-system',
  method: 'GET',
  url: '/?_t=1770988564579',
  statusCode: 304,
  duration: '42ms',
  contentLength: 0,
  level: 'info',
  message: 'Response',
  timestamp: '2026-02-13 18:46:06'
}
{
  service: 'attendance-system',
  method: 'GET',
  url: '/api/announcements?_t=1770988565126',
  ip: '127.0.0.1',
  userAgent: 'Mozilla/5.0 (Windows NT 10.0; Win64; x64) AppleWebKit/537.36 (KHTML, like Gecko) Chrome/144.0.0.0 Safari/537.36',
  timestamp: '2026-02-13 18:46:06',
  level: 'info',
  message: 'Request'
}
{
  service: 'attendance-system',
  method: 'GET',
  url: '/?_t=1770988565094',
  statusCode: 200,
  duration: '37ms',
  contentLength: '459',
  level: 'info',
  message: 'Response',
  timestamp: '2026-02-13 18:46:06'
}
{
  service: 'attendance-system',
  method: 'GET',
  url: '/?_t=1770988565095',
  statusCode: 200,
  duration: '30ms',
  contentLength: '459',
  level: 'info',
  message: 'Response',
  timestamp: '2026-02-13 18:46:06'
}
{
  service: 'attendance-system',
  method: 'GET',
  url: '/api/announcements?_t=1770988565134',
  ip: '127.0.0.1',
  userAgent: 'Mozilla/5.0 (Windows NT 10.0; Win64; x64) AppleWebKit/537.36 (KHTML, like Gecko) Chrome/144.0.0.0 Safari/537.36',
  timestamp: '2026-02-13 18:46:06',
  level: 'info',
  message: 'Request'
}
{
  service: 'attendance-system',
  method: 'GET',
  url: '/api/announcements?_t=1770988565135',
  ip: '127.0.0.1',
  userAgent: 'Mozilla/5.0 (Windows NT 10.0; Win64; x64) AppleWebKit/537.36 (KHTML, like Gecko) Chrome/144.0.0.0 Safari/537.36',
  timestamp: '2026-02-13 18:46:06',
  level: 'info',
  message: 'Request'
}
{
  service: 'attendance-system',
  method: 'GET',
  url: '/api/announcements?_t=1770988565143',
  ip: '127.0.0.1',
  userAgent: 'Mozilla/5.0 (Windows NT 10.0; Win64; x64) AppleWebKit/537.36 (KHTML, like Gecko) Chrome/144.0.0.0 Safari/537.36',
  timestamp: '2026-02-13 18:46:06',
  level: 'info',
  message: 'Request'
}
{
  service: 'attendance-system',
  method: 'GET',
  url: '/?_t=1770988565125',
  statusCode: 200,
  duration: '37ms',
  contentLength: '459',
  level: 'info',
  message: 'Response',
  timestamp: '2026-02-13 18:46:06'
}
{
  service: 'attendance-system',
  method: 'GET',
  url: '/?_t=1770988565117',
  statusCode: 200,
  duration: '42ms',
  contentLength: '459',
  level: 'info',
  message: 'Response',
  timestamp: '2026-02-13 18:46:06'
}
{
  service: 'attendance-system',
  method: 'GET',
  url: '/?_t=1770988565126',
  statusCode: 200,
  duration: '28ms',
  contentLength: '459',
  level: 'info',
  message: 'Response',
  timestamp: '2026-02-13 18:46:06'
}
{
  service: 'attendance-system',
  method: 'GET',
  url: '/?_t=1770988565134',
  statusCode: 200,
  duration: '24ms',
  contentLength: '459',
  level: 'info',
  message: 'Response',
  timestamp: '2026-02-13 18:46:06'
}
{
  service: 'attendance-system',
  method: 'GET',
  url: '/api/announcements?_t=1770988565152',
  ip: '127.0.0.1',
  userAgent: 'Mozilla/5.0 (Windows NT 10.0; Win64; x64) AppleWebKit/537.36 (KHTML, like Gecko) Chrome/144.0.0.0 Safari/537.36',
  timestamp: '2026-02-13 18:46:06',
  level: 'info',
  message: 'Request'
}
{
  service: 'attendance-system',
  method: 'GET',
  url: '/api/announcements?_t=1770988565153',
  ip: '127.0.0.1',
  userAgent: 'Mozilla/5.0 (Windows NT 10.0; Win64; x64) AppleWebKit/537.36 (KHTML, like Gecko) Chrome/144.0.0.0 Safari/537.36',
  timestamp: '2026-02-13 18:46:06',
  level: 'info',
  message: 'Request'
}
{
  service: 'attendance-system',
  method: 'GET',
  url: '/?_t=1770988565135',
  statusCode: 200,
  duration: '26ms',
  contentLength: '459',
  level: 'info',
  message: 'Response',
  timestamp: '2026-02-13 18:46:06'
}
{
  service: 'attendance-system',
  method: 'GET',
  url: '/?_t=1770988565143',
  statusCode: 200,
  duration: '25ms',
  contentLength: '459',
  level: 'info',
  message: 'Response',
  timestamp: '2026-02-13 18:46:06'
}
{
  service: 'attendance-system',
  method: 'GET',
  url: '/api/announcements?_t=1770988565161',
  ip: '127.0.0.1',
  userAgent: 'Mozilla/5.0 (Windows NT 10.0; Win64; x64) AppleWebKit/537.36 (KHTML, like Gecko) Chrome/144.0.0.0 Safari/537.36',
  timestamp: '2026-02-13 18:46:06',
  level: 'info',
  message: 'Request'
}
{
  service: 'attendance-system',
  method: 'GET',
  url: '/api/announcements?_t=1770988565162',
  ip: '127.0.0.1',
  userAgent: 'Mozilla/5.0 (Windows NT 10.0; Win64; x64) AppleWebKit/537.36 (KHTML, like Gecko) Chrome/144.0.0.0 Safari/537.36',
  timestamp: '2026-02-13 18:46:06',
  level: 'info',
  message: 'Request'
}
{
  service: 'attendance-system',
  method: 'GET',
  url: '/api/announcements?_t=1770988565170',
  ip: '127.0.0.1',
  userAgent: 'Mozilla/5.0 (Windows NT 10.0; Win64; x64) AppleWebKit/537.36 (KHTML, like Gecko) Chrome/144.0.0.0 Safari/537.36',
  timestamp: '2026-02-13 18:46:06',
  level: 'info',
  message: 'Request'
}
{
  service: 'attendance-system',
  method: 'GET',
  url: '/api/announcements?_t=1770988565171',
  ip: '127.0.0.1',
  userAgent: 'Mozilla/5.0 (Windows NT 10.0; Win64; x64) AppleWebKit/537.36 (KHTML, like Gecko) Chrome/144.0.0.0 Safari/537.36',
  timestamp: '2026-02-13 18:46:06',
  level: 'info',
  message: 'Request'
}
{
  service: 'attendance-system',
  method: 'GET',
  url: '/?_t=1770988565161',
  statusCode: 200,
  duration: '26ms',
  contentLength: '459',
  level: 'info',
  message: 'Response',
  timestamp: '2026-02-13 18:46:06'
}
{
  service: 'attendance-system',
  method: 'GET',
  url: '/?_t=1770988565152',
  statusCode: 200,
  duration: '41ms',
  contentLength: '459',
  level: 'info',
  message: 'Response',
  timestamp: '2026-02-13 18:46:06'
}
{
  service: 'attendance-system',
  method: 'GET',
  url: '/?_t=1770988565153',
  statusCode: 200,
  duration: '42ms',
  contentLength: '459',
  level: 'info',
  message: 'Response',
  timestamp: '2026-02-13 18:46:06'
}
{
  service: 'attendance-system',
  method: 'GET',
  url: '/api/announcements?_t=1770988565179',
  ip: '127.0.0.1',
  userAgent: 'Mozilla/5.0 (Windows NT 10.0; Win64; x64) AppleWebKit/537.36 (KHTML, like Gecko) Chrome/144.0.0.0 Safari/537.36',
  timestamp: '2026-02-13 18:46:06',
  level: 'info',
  message: 'Request'
}
{
  service: 'attendance-system',
  method: 'GET',
  url: '/api/announcements?_t=1770988565189',
  ip: '127.0.0.1',
  userAgent: 'Mozilla/5.0 (Windows NT 10.0; Win64; x64) AppleWebKit/537.36 (KHTML, like Gecko) Chrome/144.0.0.0 Safari/537.36',
  timestamp: '2026-02-13 18:46:06',
  level: 'info',
  message: 'Request'
}
{
  service: 'attendance-system',
  method: 'GET',
  url: '/api/announcements?_t=1770988565198',
  ip: '127.0.0.1',
  userAgent: 'Mozilla/5.0 (Windows NT 10.0; Win64; x64) AppleWebKit/537.36 (KHTML, like Gecko) Chrome/144.0.0.0 Safari/537.36',
  timestamp: '2026-02-13 18:46:06',
  level: 'info',
  message: 'Request'
}
{
  service: 'attendance-system',
  method: 'GET',
  url: '/?_t=1770988565170',
  statusCode: 200,
  duration: '680ms',
  contentLength: '459',
  level: 'info',
  message: 'Response',
  timestamp: '2026-02-13 18:46:07'
}
{
  service: 'attendance-system',
  method: 'GET',
  url: '/?_t=1770988565171',
  statusCode: 200,
  duration: '689ms',
  contentLength: '459',
  level: 'info',
  message: 'Response',
  timestamp: '2026-02-13 18:46:07'
}
{
  service: 'attendance-system',
  method: 'GET',
  url: '/?_t=1770988565189',
  statusCode: 200,
  duration: '673ms',
  contentLength: '459',
  level: 'info',
  message: 'Response',
  timestamp: '2026-02-13 18:46:07'
}
{
  service: 'attendance-system',
  method: 'GET',
  url: '/?_t=1770988565162',
  statusCode: 200,
  duration: '717ms',
  contentLength: '459',
  level: 'info',
  message: 'Response',
  timestamp: '2026-02-13 18:46:07'
}
{
  service: 'attendance-system',
  method: 'GET',
  url: '/?_t=1770988565198',
  statusCode: 200,
  duration: '687ms',
  contentLength: '459',
  level: 'info',
  message: 'Response',
  timestamp: '2026-02-13 18:46:07'
}
{
  service: 'attendance-system',
  method: 'GET',
  url: '/?_t=1770988565179',
  statusCode: 200,
  duration: '699ms',
  contentLength: '459',
  level: 'info',
  message: 'Response',
  timestamp: '2026-02-13 18:46:07'
}
{
  service: 'attendance-system',
  method: 'GET',
  url: '/api/announcements?_t=1770988565199',
  ip: '127.0.0.1',
  userAgent: 'Mozilla/5.0 (Windows NT 10.0; Win64; x64) AppleWebKit/537.36 (KHTML, like Gecko) Chrome/144.0.0.0 Safari/537.36',
  timestamp: '2026-02-13 18:46:07',
  level: 'info',
  message: 'Request'
}
{
  service: 'attendance-system',
  method: 'GET',
  url: '/api/announcements?_t=1770988565207',
  ip: '127.0.0.1',
  userAgent: 'Mozilla/5.0 (Windows NT 10.0; Win64; x64) AppleWebKit/537.36 (KHTML, like Gecko) Chrome/144.0.0.0 Safari/537.36',
  timestamp: '2026-02-13 18:46:07',
  level: 'info',
  message: 'Request'
}
{
  service: 'attendance-system',
  method: 'GET',
  url: '/api/announcements?_t=1770988565208',
  ip: '127.0.0.1',
  userAgent: 'Mozilla/5.0 (Windows NT 10.0; Win64; x64) AppleWebKit/537.36 (KHTML, like Gecko) Chrome/144.0.0.0 Safari/537.36',
  timestamp: '2026-02-13 18:46:07',
  level: 'info',
  message: 'Request'
}
{
  service: 'attendance-system',
  method: 'GET',
  url: '/api/announcements?_t=1770988565216',
  ip: '127.0.0.1',
  userAgent: 'Mozilla/5.0 (Windows NT 10.0; Win64; x64) AppleWebKit/537.36 (KHTML, like Gecko) Chrome/144.0.0.0 Safari/537.36',
  timestamp: '2026-02-13 18:46:07',
  level: 'info',
  message: 'Request'
}
{
  service: 'attendance-system',
  method: 'GET',
  url: '/api/announcements?_t=1770988565217',
  ip: '127.0.0.1',
  userAgent: 'Mozilla/5.0 (Windows NT 10.0; Win64; x64) AppleWebKit/537.36 (KHTML, like Gecko) Chrome/144.0.0.0 Safari/537.36',
  timestamp: '2026-02-13 18:46:07',
  level: 'info',
  message: 'Request'
}
{
  service: 'attendance-system',
  method: 'GET',
  url: '/api/announcements?_t=1770988565225',
  ip: '127.0.0.1',
  userAgent: 'Mozilla/5.0 (Windows NT 10.0; Win64; x64) AppleWebKit/537.36 (KHTML, like Gecko) Chrome/144.0.0.0 Safari/537.36',
  timestamp: '2026-02-13 18:46:07',
  level: 'info',
  message: 'Request'
}
{
  service: 'attendance-system',
  method: 'GET',
  url: '/?_t=1770988565199',
  statusCode: 200,
  duration: '34ms',
  contentLength: '459',
  level: 'info',
  message: 'Response',
  timestamp: '2026-02-13 18:46:07'
}
{
  service: 'attendance-system',
  method: 'GET',
  url: '/?_t=1770988565207',
  statusCode: 200,
  duration: '33ms',
  contentLength: '459',
  level: 'info',
  message: 'Response',
  timestamp: '2026-02-13 18:46:07'
}
{
  service: 'attendance-system',
  method: 'GET',
  url: '/?_t=1770988565208',
  statusCode: 200,
  duration: '29ms',
  contentLength: '459',
  level: 'info',
  message: 'Response',
  timestamp: '2026-02-13 18:46:07'
}
{
  service: 'attendance-system',
  method: 'GET',
  url: '/?_t=1770988565216',
  statusCode: 200,
  duration: '29ms',
  contentLength: '459',
  level: 'info',
  message: 'Response',
  timestamp: '2026-02-13 18:46:07'
}
{
  service: 'attendance-system',
  method: 'GET',
  url: '/api/announcements?_t=1770988565233',
  ip: '127.0.0.1',
  userAgent: 'Mozilla/5.0 (Windows NT 10.0; Win64; x64) AppleWebKit/537.36 (KHTML, like Gecko) Chrome/144.0.0.0 Safari/537.36',
  timestamp: '2026-02-13 18:46:07',
  level: 'info',
  message: 'Request'
}
{
  service: 'attendance-system',
  method: 'GET',
  url: '/api/announcements?_t=1770988565234',
  ip: '127.0.0.1',
  userAgent: 'Mozilla/5.0 (Windows NT 10.0; Win64; x64) AppleWebKit/537.36 (KHTML, like Gecko) Chrome/144.0.0.0 Safari/537.36',
  timestamp: '2026-02-13 18:46:07',
  level: 'info',
  message: 'Request'
}
{
  service: 'attendance-system',
  method: 'GET',
  url: '/api/announcements?_t=1770988565242',
  ip: '127.0.0.1',
  userAgent: 'Mozilla/5.0 (Windows NT 10.0; Win64; x64) AppleWebKit/537.36 (KHTML, like Gecko) Chrome/144.0.0.0 Safari/537.36',
  timestamp: '2026-02-13 18:46:07',
  level: 'info',
  message: 'Request'
}
{
  service: 'attendance-system',
  method: 'GET',
  url: '/api/announcements?_t=1770988565243',
  ip: '127.0.0.1',
  userAgent: 'Mozilla/5.0 (Windows NT 10.0; Win64; x64) AppleWebKit/537.36 (KHTML, like Gecko) Chrome/144.0.0.0 Safari/537.36',
  timestamp: '2026-02-13 18:46:07',
  level: 'info',
  message: 'Request'
}
{
  service: 'attendance-system',
  method: 'GET',
  url: '/?_t=1770988565225',
  statusCode: 200,
  duration: '39ms',
  contentLength: '459',
  level: 'info',
  message: 'Response',
  timestamp: '2026-02-13 18:46:07'
}
{
  service: 'attendance-system',
  method: 'GET',
  url: '/?_t=1770988565217',
  statusCode: 200,
  duration: '46ms',
  contentLength: '459',
  level: 'info',
  message: 'Response',
  timestamp: '2026-02-13 18:46:07'
}
{
  service: 'attendance-system',
  method: 'GET',
  url: '/?_t=1770988565233',
  statusCode: 200,
  duration: '34ms',
  contentLength: '459',
  level: 'info',
  message: 'Response',
  timestamp: '2026-02-13 18:46:07'
}
{
  service: 'attendance-system',
  method: 'GET',
  url: '/api/announcements?_t=1770988565251',
  ip: '127.0.0.1',
  userAgent: 'Mozilla/5.0 (Windows NT 10.0; Win64; x64) AppleWebKit/537.36 (KHTML, like Gecko) Chrome/144.0.0.0 Safari/537.36',
  timestamp: '2026-02-13 18:46:07',
  level: 'info',
  message: 'Request'
}
{
  service: 'attendance-system',
  method: 'GET',
  url: '/api/announcements?_t=1770988565252',
  ip: '127.0.0.1',
  userAgent: 'Mozilla/5.0 (Windows NT 10.0; Win64; x64) AppleWebKit/537.36 (KHTML, like Gecko) Chrome/144.0.0.0 Safari/537.36',
  timestamp: '2026-02-13 18:46:07',
  level: 'info',
  message: 'Request'
}
{
  service: 'attendance-system',
  method: 'GET',
  url: '/?_t=1770988565234',
  statusCode: 200,
  duration: '41ms',
  contentLength: '459',
  level: 'info',
  message: 'Response',
  timestamp: '2026-02-13 18:46:07'
}
{
  service: 'attendance-system',
  method: 'GET',
  url: '/?_t=1770988565242',
  statusCode: 200,
  duration: '38ms',
  contentLength: '459',
  level: 'info',
  message: 'Response',
  timestamp: '2026-02-13 18:46:07'
}
{
  service: 'attendance-system',
  method: 'GET',
  url: '/?_t=1770988565243',
  statusCode: 200,
  duration: '35ms',
  contentLength: '459',
  level: 'info',
  message: 'Response',
  timestamp: '2026-02-13 18:46:07'
}
{
  service: 'attendance-system',
  method: 'GET',
  url: '/api/announcements?_t=1770988565260',
  ip: '127.0.0.1',
  userAgent: 'Mozilla/5.0 (Windows NT 10.0; Win64; x64) AppleWebKit/537.36 (KHTML, like Gecko) Chrome/144.0.0.0 Safari/537.36',
  timestamp: '2026-02-13 18:46:07',
  level: 'info',
  message: 'Request'
}
{
  service: 'attendance-system',
  method: 'GET',
  url: '/api/announcements?_t=1770988565261',
  ip: '127.0.0.1',
  userAgent: 'Mozilla/5.0 (Windows NT 10.0; Win64; x64) AppleWebKit/537.36 (KHTML, like Gecko) Chrome/144.0.0.0 Safari/537.36',
  timestamp: '2026-02-13 18:46:07',
  level: 'info',
  message: 'Request'
}
{
  service: 'attendance-system',
  method: 'GET',
  url: '/api/announcements?_t=1770988565269',
  ip: '127.0.0.1',
  userAgent: 'Mozilla/5.0 (Windows NT 10.0; Win64; x64) AppleWebKit/537.36 (KHTML, like Gecko) Chrome/144.0.0.0 Safari/537.36',
  timestamp: '2026-02-13 18:46:07',
  level: 'info',
  message: 'Request'
}
{
  service: 'attendance-system',
  method: 'GET',
  url: '/api/announcements?_t=1770988565276',
  ip: '127.0.0.1',
  userAgent: 'Mozilla/5.0 (Windows NT 10.0; Win64; x64) AppleWebKit/537.36 (KHTML, like Gecko) Chrome/144.0.0.0 Safari/537.36',
  timestamp: '2026-02-13 18:46:07',
  level: 'info',
  message: 'Request'
}
{
  service: 'attendance-system',
  method: 'GET',
  url: '/?_t=1770988565252',
  statusCode: 200,
  duration: '39ms',
  contentLength: '459',
  level: 'info',
  message: 'Response',
  timestamp: '2026-02-13 18:46:07'
}
{
  service: 'attendance-system',
  method: 'GET',
  url: '/?_t=1770988565251',
  statusCode: 200,
  duration: '47ms',
  contentLength: '459',
  level: 'info',
  message: 'Response',
  timestamp: '2026-02-13 18:46:07'
}
{
  service: 'attendance-system',
  method: 'GET',
  url: '/api/announcements?_t=1770988565277',
  ip: '127.0.0.1',
  userAgent: 'Mozilla/5.0 (Windows NT 10.0; Win64; x64) AppleWebKit/537.36 (KHTML, like Gecko) Chrome/144.0.0.0 Safari/537.36',
  timestamp: '2026-02-13 18:46:07',
  level: 'info',
  message: 'Request'
}
{
  service: 'attendance-system',
  method: 'GET',
  url: '/?_t=1770988565260',
  statusCode: 200,
  duration: '36ms',
  contentLength: '459',
  level: 'info',
  message: 'Response',
  timestamp: '2026-02-13 18:46:07'
}
{
  service: 'attendance-system',
  method: 'GET',
  url: '/api/announcements?_t=1770988565285',
  ip: '127.0.0.1',
  userAgent: 'Mozilla/5.0 (Windows NT 10.0; Win64; x64) AppleWebKit/537.36 (KHTML, like Gecko) Chrome/144.0.0.0 Safari/537.36',
  timestamp: '2026-02-13 18:46:07',
  level: 'info',
  message: 'Request'
}
{
  service: 'attendance-system',
  method: 'GET',
  url: '/?_t=1770988565269',
  statusCode: 200,
  duration: '37ms',
  contentLength: '459',
  level: 'info',
  message: 'Response',
  timestamp: '2026-02-13 18:46:07'
}
{
  service: 'attendance-system',
  method: 'GET',
  url: '/?_t=1770988565276',
  statusCode: 200,
  duration: '31ms',
  contentLength: '459',
  level: 'info',
  message: 'Response',
  timestamp: '2026-02-13 18:46:07'
}
{
  service: 'attendance-system',
  method: 'GET',
  url: '/?_t=1770988565261',
  statusCode: 200,
  duration: '46ms',
  contentLength: '459',
  level: 'info',
  message: 'Response',
  timestamp: '2026-02-13 18:46:07'
}
{
  service: 'attendance-system',
  method: 'GET',
  url: '/api/announcements?_t=1770988565286',
  ip: '127.0.0.1',
  userAgent: 'Mozilla/5.0 (Windows NT 10.0; Win64; x64) AppleWebKit/537.36 (KHTML, like Gecko) Chrome/144.0.0.0 Safari/537.36',
  timestamp: '2026-02-13 18:46:07',
  level: 'info',
  message: 'Request'
}
{
  service: 'attendance-system',
  method: 'GET',
  url: '/?_t=1770988565277',
  statusCode: 200,
  duration: '35ms',
  contentLength: '459',
  level: 'info',
  message: 'Response',
  timestamp: '2026-02-13 18:46:07'
}
{
  service: 'attendance-system',
  method: 'GET',
  url: '/api/announcements?_t=1770988565294',
  ip: '127.0.0.1',
  userAgent: 'Mozilla/5.0 (Windows NT 10.0; Win64; x64) AppleWebKit/537.36 (KHTML, like Gecko) Chrome/144.0.0.0 Safari/537.36',
  timestamp: '2026-02-13 18:46:07',
  level: 'info',
  message: 'Request'
}
{
  service: 'attendance-system',
  method: 'GET',
  url: '/api/announcements?_t=1770988565295',
  ip: '127.0.0.1',
  userAgent: 'Mozilla/5.0 (Windows NT 10.0; Win64; x64) AppleWebKit/537.36 (KHTML, like Gecko) Chrome/144.0.0.0 Safari/537.36',
  timestamp: '2026-02-13 18:46:07',
  level: 'info',
  message: 'Request'
}
{
  service: 'attendance-system',
  method: 'GET',
  url: '/api/announcements?_t=1770988565296',
  ip: '127.0.0.1',
  userAgent: 'Mozilla/5.0 (Windows NT 10.0; Win64; x64) AppleWebKit/537.36 (KHTML, like Gecko) Chrome/144.0.0.0 Safari/537.36',
  timestamp: '2026-02-13 18:46:07',
  level: 'info',
  message: 'Request'
}
{
  service: 'attendance-system',
  method: 'GET',
  url: '/?_t=1770988565285',
  statusCode: 200,
  duration: '48ms',
  contentLength: '459',
  level: 'info',
  message: 'Response',
  timestamp: '2026-02-13 18:46:07'
}
{
  service: 'attendance-system',
  method: 'GET',
  url: '/api/announcements?_t=1770988564801',
  ip: '127.0.0.1',
  userAgent: 'Mozilla/5.0 (Windows NT 10.0; Win64; x64) AppleWebKit/537.36 (KHTML, like Gecko) Chrome/144.0.0.0 Safari/537.36',
  timestamp: '2026-02-13 18:46:07',
  level: 'info',
  message: 'Request'
}
{
  service: 'attendance-system',
  method: 'GET',
  url: '/?_t=1770988565286',
  statusCode: 200,
  duration: '61ms',
  contentLength: '459',
  level: 'info',
  message: 'Response',
  timestamp: '2026-02-13 18:46:07'
}
{
  service: 'attendance-system',
  method: 'GET',
  url: '/?_t=1770988565294',
  statusCode: 200,
  duration: '48ms',
  contentLength: '459',
  level: 'info',
  message: 'Response',
  timestamp: '2026-02-13 18:46:07'
}
{
  service: 'attendance-system',
  method: 'GET',
  url: '/?_t=1770988565295',
  statusCode: 200,
  duration: '46ms',
  contentLength: '459',
  level: 'info',
  message: 'Response',
  timestamp: '2026-02-13 18:46:07'
}
{
  service: 'attendance-system',
  method: 'GET',
  url: '/api/announcements?_t=1770988565569',
  ip: '127.0.0.1',
  userAgent: 'Mozilla/5.0 (Windows NT 10.0; Win64; x64) AppleWebKit/537.36 (KHTML, like Gecko) Chrome/144.0.0.0 Safari/537.36',
  timestamp: '2026-02-13 18:46:07',
  level: 'info',
  message: 'Request'
}
{
  service: 'attendance-system',
  method: 'GET',
  url: '/?_t=1770988565296',
  statusCode: 200,
  duration: '51ms',
  contentLength: '459',
  level: 'info',
  message: 'Response',
  timestamp: '2026-02-13 18:46:07'
}
{
  service: 'attendance-system',
  method: 'GET',
  url: '/api/announcements?_t=1770988564794',
  ip: '127.0.0.1',
  userAgent: 'Mozilla/5.0 (Windows NT 10.0; Win64; x64) AppleWebKit/537.36 (KHTML, like Gecko) Chrome/144.0.0.0 Safari/537.36',
  timestamp: '2026-02-13 18:46:07',
  level: 'info',
  message: 'Request'
}
{
  service: 'attendance-system',
  method: 'GET',
  url: '/api/announcements?_t=1770988564589',
  ip: '127.0.0.1',
  userAgent: 'Mozilla/5.0 (Windows NT 10.0; Win64; x64) AppleWebKit/537.36 (KHTML, like Gecko) Chrome/144.0.0.0 Safari/537.36',
  timestamp: '2026-02-13 18:46:07',
  level: 'info',
  message: 'Request'
}
{
  service: 'attendance-system',
  method: 'GET',
  url: '/api/announcements?_t=1770988564646',
  ip: '127.0.0.1',
  userAgent: 'Mozilla/5.0 (Windows NT 10.0; Win64; x64) AppleWebKit/537.36 (KHTML, like Gecko) Chrome/144.0.0.0 Safari/537.36',
  timestamp: '2026-02-13 18:46:07',
  level: 'info',
  message: 'Request'
}
{
  service: 'attendance-system',
  method: 'GET',
  url: '/?_t=1770988564801',
  statusCode: 304,
  duration: '50ms',
  contentLength: 0,
  level: 'info',
  message: 'Response',
  timestamp: '2026-02-13 18:46:07'
}
{
  service: 'attendance-system',
  method: 'GET',
  url: '/api/announcements?_t=1770988565593',
  ip: '127.0.0.1',
  userAgent: 'Mozilla/5.0 (Windows NT 10.0; Win64; x64) AppleWebKit/537.36 (KHTML, like Gecko) Chrome/144.0.0.0 Safari/537.36',
  timestamp: '2026-02-13 18:46:07',
  level: 'info',
  message: 'Request'
}
{
  service: 'attendance-system',
  method: 'GET',
  url: '/?_t=1770988565569',
  statusCode: 200,
  duration: '43ms',
  contentLength: '459',
  level: 'info',
  message: 'Response',
  timestamp: '2026-02-13 18:46:07'
}
{
  service: 'attendance-system',
  method: 'GET',
  url: '/?_t=1770988564794',
  statusCode: 304,
  duration: '34ms',
  contentLength: 0,
  level: 'info',
  message: 'Response',
  timestamp: '2026-02-13 18:46:07'
}
{
  service: 'attendance-system',
  method: 'GET',
  url: '/?_t=1770988564589',
  statusCode: 304,
  duration: '36ms',
  contentLength: 0,
  level: 'info',
  message: 'Response',
  timestamp: '2026-02-13 18:46:07'
}
{
  service: 'attendance-system',
  method: 'GET',
  url: '/api/announcements?_t=1770988564802',
  ip: '127.0.0.1',
  userAgent: 'Mozilla/5.0 (Windows NT 10.0; Win64; x64) AppleWebKit/537.36 (KHTML, like Gecko) Chrome/144.0.0.0 Safari/537.36',
  timestamp: '2026-02-13 18:46:07',
  level: 'info',
  message: 'Request'
}
{
  service: 'attendance-system',
  method: 'GET',
  url: '/?_t=1770988564646',
  statusCode: 304,
  duration: '61ms',
  contentLength: 0,
  level: 'info',
  message: 'Response',
  timestamp: '2026-02-13 18:46:07'
}
{
  service: 'attendance-system',
  method: 'GET',
  url: '/api/announcements?_t=1770988565610',
  ip: '127.0.0.1',
  userAgent: 'Mozilla/5.0 (Windows NT 10.0; Win64; x64) AppleWebKit/537.36 (KHTML, like Gecko) Chrome/144.0.0.0 Safari/537.36',
  timestamp: '2026-02-13 18:46:07',
  level: 'info',
  message: 'Request'
}
{
  service: 'attendance-system',
  method: 'GET',
  url: '/api/announcements?_t=1770988565611',
  ip: '127.0.0.1',
  userAgent: 'Mozilla/5.0 (Windows NT 10.0; Win64; x64) AppleWebKit/537.36 (KHTML, like Gecko) Chrome/144.0.0.0 Safari/537.36',
  timestamp: '2026-02-13 18:46:07',
  level: 'info',
  message: 'Request'
}
{
  service: 'attendance-system',
  method: 'GET',
  url: '/api/announcements?_t=1770988564812',
  ip: '127.0.0.1',
  userAgent: 'Mozilla/5.0 (Windows NT 10.0; Win64; x64) AppleWebKit/537.36 (KHTML, like Gecko) Chrome/144.0.0.0 Safari/537.36',
  timestamp: '2026-02-13 18:46:07',
  level: 'info',
  message: 'Request'
}
{
  service: 'attendance-system',
  method: 'GET',
  url: '/?_t=1770988565593',
  statusCode: 200,
  duration: '133ms',
  contentLength: '459',
  level: 'info',
  message: 'Response',
  timestamp: '2026-02-13 18:46:08'
}
{
  service: 'attendance-system',
  method: 'GET',
  url: '/api/announcements?_t=1770988565631',
  ip: '127.0.0.1',
  userAgent: 'Mozilla/5.0 (Windows NT 10.0; Win64; x64) AppleWebKit/537.36 (KHTML, like Gecko) Chrome/144.0.0.0 Safari/537.36',
  timestamp: '2026-02-13 18:46:08',
  level: 'info',
  message: 'Request'
}
{
  service: 'attendance-system',
  method: 'GET',
  url: '/?_t=1770988564802',
  statusCode: 304,
  duration: '140ms',
  contentLength: 0,
  level: 'info',
  message: 'Response',
  timestamp: '2026-02-13 18:46:08'
}
{
  service: 'attendance-system',
  method: 'GET',
  url: '/?_t=1770988565610',
  statusCode: 200,
  duration: '108ms',
  contentLength: '459',
  level: 'info',
  message: 'Response',
  timestamp: '2026-02-13 18:46:08'
}
{
  service: 'attendance-system',
  method: 'GET',
  url: '/?_t=1770988565611',
  statusCode: 200,
  duration: '87ms',
  contentLength: '459',
  level: 'info',
  message: 'Response',
  timestamp: '2026-02-13 18:46:08'
}
{
  service: 'attendance-system',
  method: 'GET',
  url: '/api/announcements?_t=1770988564822',
  ip: '127.0.0.1',
  userAgent: 'Mozilla/5.0 (Windows NT 10.0; Win64; x64) AppleWebKit/537.36 (KHTML, like Gecko) Chrome/144.0.0.0 Safari/537.36',
  timestamp: '2026-02-13 18:46:08',
  level: 'info',
  message: 'Request'
}
{
  service: 'attendance-system',
  method: 'GET',
  url: '/?_t=1770988564812',
  statusCode: 304,
  duration: '78ms',
  contentLength: 0,
  level: 'info',
  message: 'Response',
  timestamp: '2026-02-13 18:46:08'
}
{
  service: 'attendance-system',
  method: 'GET',
  url: '/api/announcements?_t=1770988565632',
  ip: '127.0.0.1',
  userAgent: 'Mozilla/5.0 (Windows NT 10.0; Win64; x64) AppleWebKit/537.36 (KHTML, like Gecko) Chrome/144.0.0.0 Safari/537.36',
  timestamp: '2026-02-13 18:46:08',
  level: 'info',
  message: 'Request'
}
{
  service: 'attendance-system',
  method: 'GET',
  url: '/api/announcements?_t=1770988564830',
  ip: '127.0.0.1',
  userAgent: 'Mozilla/5.0 (Windows NT 10.0; Win64; x64) AppleWebKit/537.36 (KHTML, like Gecko) Chrome/144.0.0.0 Safari/537.36',
  timestamp: '2026-02-13 18:46:08',
  level: 'info',
  message: 'Request'
}
{
  service: 'attendance-system',
  method: 'GET',
  url: '/api/announcements?_t=1770988564840',
  ip: '127.0.0.1',
  userAgent: 'Mozilla/5.0 (Windows NT 10.0; Win64; x64) AppleWebKit/537.36 (KHTML, like Gecko) Chrome/144.0.0.0 Safari/537.36',
  timestamp: '2026-02-13 18:46:08',
  level: 'info',
  message: 'Request'
}
{
  service: 'attendance-system',
  method: 'GET',
  url: '/?_t=1770988565631',
  statusCode: 200,
  duration: '68ms',
  contentLength: '459',
  level: 'info',
  message: 'Response',
  timestamp: '2026-02-13 18:46:08'
}
{
  service: 'attendance-system',
  method: 'GET',
  url: '/api/announcements?_t=1770988564656',
  ip: '127.0.0.1',
  userAgent: 'Mozilla/5.0 (Windows NT 10.0; Win64; x64) AppleWebKit/537.36 (KHTML, like Gecko) Chrome/144.0.0.0 Safari/537.36',
  timestamp: '2026-02-13 18:46:08',
  level: 'info',
  message: 'Request'
}
{
  service: 'attendance-system',
  method: 'GET',
  url: '/?_t=1770988564822',
  statusCode: 304,
  duration: '56ms',
  contentLength: 0,
  level: 'info',
  message: 'Response',
  timestamp: '2026-02-13 18:46:08'
}
{
  service: 'attendance-system',
  method: 'GET',
  url: '/api/announcements?_t=1770988565668',
  ip: '127.0.0.1',
  userAgent: 'Mozilla/5.0 (Windows NT 10.0; Win64; x64) AppleWebKit/537.36 (KHTML, like Gecko) Chrome/144.0.0.0 Safari/537.36',
  timestamp: '2026-02-13 18:46:08',
  level: 'info',
  message: 'Request'
}
{
  service: 'attendance-system',
  method: 'GET',
  url: '/?_t=1770988565632',
  statusCode: 200,
  duration: '38ms',
  contentLength: '459',
  level: 'info',
  message: 'Response',
  timestamp: '2026-02-13 18:46:08'
}
{
  service: 'attendance-system',
  method: 'GET',
  url: '/?_t=1770988564830',
  statusCode: 304,
  duration: '28ms',
  contentLength: 0,
  level: 'info',
  message: 'Response',
  timestamp: '2026-02-13 18:46:08'
}
{
  service: 'attendance-system',
  method: 'GET',
  url: '/?_t=1770988564840',
  statusCode: 304,
  duration: '26ms',
  contentLength: 0,
  level: 'info',
  message: 'Response',
  timestamp: '2026-02-13 18:46:08'
}
{
  service: 'attendance-system',
  method: 'GET',
  url: '/api/announcements?_t=1770988564849',
  ip: '127.0.0.1',
  userAgent: 'Mozilla/5.0 (Windows NT 10.0; Win64; x64) AppleWebKit/537.36 (KHTML, like Gecko) Chrome/144.0.0.0 Safari/537.36',
  timestamp: '2026-02-13 18:46:08',
  level: 'info',
  message: 'Request'
}
{
  service: 'attendance-system',
  method: 'GET',
  url: '/?_t=1770988564656',
  statusCode: 304,
  duration: '25ms',
  contentLength: 0,
  level: 'info',
  message: 'Response',
  timestamp: '2026-02-13 18:46:08'
}
{
  service: 'attendance-system',
  method: 'GET',
  url: '/api/announcements?_t=1770988564850',
  ip: '127.0.0.1',
  userAgent: 'Mozilla/5.0 (Windows NT 10.0; Win64; x64) AppleWebKit/537.36 (KHTML, like Gecko) Chrome/144.0.0.0 Safari/537.36',
  timestamp: '2026-02-13 18:46:08',
  level: 'info',
  message: 'Request'
}
{
  service: 'attendance-system',
  method: 'GET',
  url: '/api/announcements?_t=1770988565679',
  ip: '127.0.0.1',
  userAgent: 'Mozilla/5.0 (Windows NT 10.0; Win64; x64) AppleWebKit/537.36 (KHTML, like Gecko) Chrome/144.0.0.0 Safari/537.36',
  timestamp: '2026-02-13 18:46:08',
  level: 'info',
  message: 'Request'
}
{
  service: 'attendance-system',
  method: 'GET',
  url: '/api/announcements?_t=1770988564663',
  ip: '127.0.0.1',
  userAgent: 'Mozilla/5.0 (Windows NT 10.0; Win64; x64) AppleWebKit/537.36 (KHTML, like Gecko) Chrome/144.0.0.0 Safari/537.36',
  timestamp: '2026-02-13 18:46:08',
  level: 'info',
  message: 'Request'
}
{
  service: 'attendance-system',
  method: 'GET',
  url: '/?_t=1770988565668',
  statusCode: 200,
  duration: '32ms',
  contentLength: '459',
  level: 'info',
  message: 'Response',
  timestamp: '2026-02-13 18:46:08'
}
{
  service: 'attendance-system',
  method: 'GET',
  url: '/api/announcements?_t=1770988564860',
  ip: '127.0.0.1',
  userAgent: 'Mozilla/5.0 (Windows NT 10.0; Win64; x64) AppleWebKit/537.36 (KHTML, like Gecko) Chrome/144.0.0.0 Safari/537.36',
  timestamp: '2026-02-13 18:46:08',
  level: 'info',
  message: 'Request'
}
{
  service: 'attendance-system',
  method: 'GET',
  url: '/?_t=1770988564849',
  statusCode: 304,
  duration: '33ms',
  contentLength: 0,
  level: 'info',
  message: 'Response',
  timestamp: '2026-02-13 18:46:08'
}
{
  service: 'attendance-system',
  method: 'GET',
  url: '/?_t=1770988564850',
  statusCode: 304,
  duration: '29ms',
  contentLength: 0,
  level: 'info',
  message: 'Response',
  timestamp: '2026-02-13 18:46:08'
}
{
  service: 'attendance-system',
  method: 'GET',
  url: '/api/announcements?_t=1770988565692',
  ip: '127.0.0.1',
  userAgent: 'Mozilla/5.0 (Windows NT 10.0; Win64; x64) AppleWebKit/537.36 (KHTML, like Gecko) Chrome/144.0.0.0 Safari/537.36',
  timestamp: '2026-02-13 18:46:08',
  level: 'info',
  message: 'Request'
}
{
  service: 'attendance-system',
  method: 'GET',
  url: '/?_t=1770988565679',
  statusCode: 200,
  duration: '33ms',
  contentLength: '459',
  level: 'info',
  message: 'Response',
  timestamp: '2026-02-13 18:46:08'
}
{
  service: 'attendance-system',
  method: 'GET',
  url: '/?_t=1770988564663',
  statusCode: 304,
  duration: '30ms',
  contentLength: 0,
  level: 'info',
  message: 'Response',
  timestamp: '2026-02-13 18:46:08'
}
{
  service: 'attendance-system',
  method: 'GET',
  url: '/api/announcements?_t=1770988564664',
  ip: '127.0.0.1',
  userAgent: 'Mozilla/5.0 (Windows NT 10.0; Win64; x64) AppleWebKit/537.36 (KHTML, like Gecko) Chrome/144.0.0.0 Safari/537.36',
  timestamp: '2026-02-13 18:46:08',
  level: 'info',
  message: 'Request'
}
{
  service: 'attendance-system',
  method: 'GET',
  url: '/api/announcements?_t=1770988564869',
  ip: '127.0.0.1',
  userAgent: 'Mozilla/5.0 (Windows NT 10.0; Win64; x64) AppleWebKit/537.36 (KHTML, like Gecko) Chrome/144.0.0.0 Safari/537.36',
  timestamp: '2026-02-13 18:46:08',
  level: 'info',
  message: 'Request'
}
{
  service: 'attendance-system',
  method: 'GET',
  url: '/?_t=1770988564860',
  statusCode: 304,
  duration: '33ms',
  contentLength: 0,
  level: 'info',
  message: 'Response',
  timestamp: '2026-02-13 18:46:08'
}
{
  service: 'attendance-system',
  method: 'GET',
  url: '/api/announcements?_t=1770988565705',
  ip: '127.0.0.1',
  userAgent: 'Mozilla/5.0 (Windows NT 10.0; Win64; x64) AppleWebKit/537.36 (KHTML, like Gecko) Chrome/144.0.0.0 Safari/537.36',
  timestamp: '2026-02-13 18:46:08',
  level: 'info',
  message: 'Request'
}
{
  service: 'attendance-system',
  method: 'GET',
  url: '/api/announcements?_t=1770988564870',
  ip: '127.0.0.1',
  userAgent: 'Mozilla/5.0 (Windows NT 10.0; Win64; x64) AppleWebKit/537.36 (KHTML, like Gecko) Chrome/144.0.0.0 Safari/537.36',
  timestamp: '2026-02-13 18:46:08',
  level: 'info',
  message: 'Request'
}
{
  service: 'attendance-system',
  method: 'GET',
  url: '/?_t=1770988565692',
  statusCode: 200,
  duration: '34ms',
  contentLength: '459',
  level: 'info',
  message: 'Response',
  timestamp: '2026-02-13 18:46:08'
}
{
  service: 'attendance-system',
  method: 'GET',
  url: '/?_t=1770988564664',
  statusCode: 304,
  duration: '27ms',
  contentLength: 0,
  level: 'info',
  message: 'Response',
  timestamp: '2026-02-13 18:46:08'
}
{
  service: 'attendance-system',
  method: 'GET',
  url: '/api/announcements?_t=1770988564674',
  ip: '127.0.0.1',
  userAgent: 'Mozilla/5.0 (Windows NT 10.0; Win64; x64) AppleWebKit/537.36 (KHTML, like Gecko) Chrome/144.0.0.0 Safari/537.36',
  timestamp: '2026-02-13 18:46:08',
  level: 'info',
  message: 'Request'
}
{
  service: 'attendance-system',
  method: 'GET',
  url: '/api/announcements?_t=1770988565719',
  ip: '127.0.0.1',
  userAgent: 'Mozilla/5.0 (Windows NT 10.0; Win64; x64) AppleWebKit/537.36 (KHTML, like Gecko) Chrome/144.0.0.0 Safari/537.36',
  timestamp: '2026-02-13 18:46:08',
  level: 'info',
  message: 'Request'
}
{
  service: 'attendance-system',
  method: 'GET',
  url: '/api/announcements?_t=1770988564598',
  ip: '127.0.0.1',
  userAgent: 'Mozilla/5.0 (Windows NT 10.0; Win64; x64) AppleWebKit/537.36 (KHTML, like Gecko) Chrome/144.0.0.0 Safari/537.36',
  timestamp: '2026-02-13 18:46:08',
  level: 'info',
  message: 'Request'
}
{
  service: 'attendance-system',
  method: 'GET',
  url: '/?_t=1770988564869',
  statusCode: 304,
  duration: '412ms',
  contentLength: 0,
  level: 'info',
  message: 'Response',
  timestamp: '2026-02-13 18:46:08'
}
{
  service: 'attendance-system',
  method: 'GET',
  url: '/?_t=1770988565719',
  statusCode: 200,
  duration: '392ms',
  contentLength: '459',
  level: 'info',
  message: 'Response',
  timestamp: '2026-02-13 18:46:08'
}
{
  service: 'attendance-system',
  method: 'GET',
  url: '/?_t=1770988564598',
  statusCode: 304,
  duration: '389ms',
  contentLength: 0,
  level: 'info',
  message: 'Response',
  timestamp: '2026-02-13 18:46:08'
}
{
  service: 'attendance-system',
  method: 'GET',
  url: '/api/announcements?_t=1770988565734',
  ip: '127.0.0.1',
  userAgent: 'Mozilla/5.0 (Windows NT 10.0; Win64; x64) AppleWebKit/537.36 (KHTML, like Gecko) Chrome/144.0.0.0 Safari/537.36',
  timestamp: '2026-02-13 18:46:08',
  level: 'info',
  message: 'Request'
}
{
  service: 'attendance-system',
  method: 'GET',
  url: '/?_t=1770988564674',
  statusCode: 304,
  duration: '408ms',
  contentLength: 0,
  level: 'info',
  message: 'Response',
  timestamp: '2026-02-13 18:46:08'
}
{
  service: 'attendance-system',
  method: 'GET',
  url: '/?_t=1770988564870',
  statusCode: 304,
  duration: '423ms',
  contentLength: 0,
  level: 'info',
  message: 'Response',
  timestamp: '2026-02-13 18:46:08'
}
{
  service: 'attendance-system',
  method: 'GET',
  url: '/?_t=1770988565705',
  statusCode: 200,
  duration: '430ms',
  contentLength: '459',
  level: 'info',
  message: 'Response',
  timestamp: '2026-02-13 18:46:08'
}
{
  service: 'attendance-system',
  method: 'GET',
  url: '/api/announcements?_t=1770988564881',
  ip: '127.0.0.1',
  userAgent: 'Mozilla/5.0 (Windows NT 10.0; Win64; x64) AppleWebKit/537.36 (KHTML, like Gecko) Chrome/144.0.0.0 Safari/537.36',
  timestamp: '2026-02-13 18:46:08',
  level: 'info',
  message: 'Request'
}
{
  service: 'attendance-system',
  method: 'GET',
  url: '/api/announcements?_t=1770988564891',
  ip: '127.0.0.1',
  userAgent: 'Mozilla/5.0 (Windows NT 10.0; Win64; x64) AppleWebKit/537.36 (KHTML, like Gecko) Chrome/144.0.0.0 Safari/537.36',
  timestamp: '2026-02-13 18:46:08',
  level: 'info',
  message: 'Request'
}
{
  service: 'attendance-system',
  method: 'GET',
  url: '/api/announcements?_t=1770988564899',
  ip: '127.0.0.1',
  userAgent: 'Mozilla/5.0 (Windows NT 10.0; Win64; x64) AppleWebKit/537.36 (KHTML, like Gecko) Chrome/144.0.0.0 Safari/537.36',
  timestamp: '2026-02-13 18:46:08',
  level: 'info',
  message: 'Request'
}
{
  service: 'attendance-system',
  method: 'GET',
  url: '/api/announcements?_t=1770988565753',
  ip: '127.0.0.1',
  userAgent: 'Mozilla/5.0 (Windows NT 10.0; Win64; x64) AppleWebKit/537.36 (KHTML, like Gecko) Chrome/144.0.0.0 Safari/537.36',
  timestamp: '2026-02-13 18:46:08',
  level: 'info',
  message: 'Request'
}
{
  service: 'attendance-system',
  method: 'GET',
  url: '/api/announcements?_t=1770988565754',
  ip: '127.0.0.1',
  userAgent: 'Mozilla/5.0 (Windows NT 10.0; Win64; x64) AppleWebKit/537.36 (KHTML, like Gecko) Chrome/144.0.0.0 Safari/537.36',
  timestamp: '2026-02-13 18:46:08',
  level: 'info',
  message: 'Request'
}
{
  service: 'attendance-system',
  method: 'GET',
  url: '/?_t=1770988565734',
  statusCode: 200,
  duration: '40ms',
  contentLength: '459',
  level: 'info',
  message: 'Response',
  timestamp: '2026-02-13 18:46:08'
}
{
  service: 'attendance-system',
  method: 'GET',
  url: '/api/announcements?_t=1770988564900',
  ip: '127.0.0.1',
  userAgent: 'Mozilla/5.0 (Windows NT 10.0; Win64; x64) AppleWebKit/537.36 (KHTML, like Gecko) Chrome/144.0.0.0 Safari/537.36',
  timestamp: '2026-02-13 18:46:08',
  level: 'info',
  message: 'Request'
}
{
  service: 'attendance-system',
  method: 'GET',
  url: '/?_t=1770988564881',
  statusCode: 304,
  duration: '41ms',
  contentLength: 0,
  level: 'info',
  message: 'Response',
  timestamp: '2026-02-13 18:46:08'
}
{
  service: 'attendance-system',
  method: 'GET',
  url: '/?_t=1770988564891',
  statusCode: 304,
  duration: '42ms',
  contentLength: 0,
  level: 'info',
  message: 'Response',
  timestamp: '2026-02-13 18:46:08'
}
{
  service: 'attendance-system',
  method: 'GET',
  url: '/?_t=1770988564899',
  statusCode: 304,
  duration: '40ms',
  contentLength: 0,
  level: 'info',
  message: 'Response',
  timestamp: '2026-02-13 18:46:08'
}
{
  service: 'attendance-system',
  method: 'GET',
  url: '/?_t=1770988565753',
  statusCode: 200,
  duration: '41ms',
  contentLength: '459',
  level: 'info',
  message: 'Response',
  timestamp: '2026-02-13 18:46:08'
}
{
  service: 'attendance-system',
  method: 'GET',
  url: '/?_t=1770988565754',
  statusCode: 200,
  duration: '46ms',
  contentLength: '459',
  level: 'info',
  message: 'Response',
  timestamp: '2026-02-13 18:46:08'
}
{
  service: 'attendance-system',
  method: 'GET',
  url: '/api/announcements?_t=1770988564599',
  ip: '127.0.0.1',
  userAgent: 'Mozilla/5.0 (Windows NT 10.0; Win64; x64) AppleWebKit/537.36 (KHTML, like Gecko) Chrome/144.0.0.0 Safari/537.36',
  timestamp: '2026-02-13 18:46:08',
  level: 'info',
  message: 'Request'
}
{
  service: 'attendance-system',
  method: 'GET',
  url: '/api/announcements?_t=1770988565774',
  ip: '127.0.0.1',
  userAgent: 'Mozilla/5.0 (Windows NT 10.0; Win64; x64) AppleWebKit/537.36 (KHTML, like Gecko) Chrome/144.0.0.0 Safari/537.36',
  timestamp: '2026-02-13 18:46:08',
  level: 'info',
  message: 'Request'
}
{
  service: 'attendance-system',
  method: 'GET',
  url: '/api/announcements?_t=1770988564682',
  ip: '127.0.0.1',
  userAgent: 'Mozilla/5.0 (Windows NT 10.0; Win64; x64) AppleWebKit/537.36 (KHTML, like Gecko) Chrome/144.0.0.0 Safari/537.36',
  timestamp: '2026-02-13 18:46:08',
  level: 'info',
  message: 'Request'
}
{
  service: 'attendance-system',
  method: 'GET',
  url: '/?_t=1770988564900',
  statusCode: 304,
  duration: '50ms',
  contentLength: 0,
  level: 'info',
  message: 'Response',
  timestamp: '2026-02-13 18:46:08'
}
{
  service: 'attendance-system',
  method: 'GET',
  url: '/api/announcements?_t=1770988564909',
  ip: '127.0.0.1',
  userAgent: 'Mozilla/5.0 (Windows NT 10.0; Win64; x64) AppleWebKit/537.36 (KHTML, like Gecko) Chrome/144.0.0.0 Safari/537.36',
  timestamp: '2026-02-13 18:46:08',
  level: 'info',
  message: 'Request'
}
{
  service: 'attendance-system',
  method: 'GET',
  url: '/api/announcements?_t=1770988565792',
  ip: '127.0.0.1',
  userAgent: 'Mozilla/5.0 (Windows NT 10.0; Win64; x64) AppleWebKit/537.36 (KHTML, like Gecko) Chrome/144.0.0.0 Safari/537.36',
  timestamp: '2026-02-13 18:46:08',
  level: 'info',
  message: 'Request'
}
{
  service: 'attendance-system',
  method: 'GET',
  url: '/?_t=1770988564599',
  statusCode: 304,
  duration: '34ms',
  contentLength: 0,
  level: 'info',
  message: 'Response',
  timestamp: '2026-02-13 18:46:08'
}
{
  service: 'attendance-system',
  method: 'GET',
  url: '/?_t=1770988565774',
  statusCode: 200,
  duration: '29ms',
  contentLength: '459',
  level: 'info',
  message: 'Response',
  timestamp: '2026-02-13 18:46:08'
}
{
  service: 'attendance-system',
  method: 'GET',
  url: '/api/announcements?_t=1770988564608',
  ip: '127.0.0.1',
  userAgent: 'Mozilla/5.0 (Windows NT 10.0; Win64; x64) AppleWebKit/537.36 (KHTML, like Gecko) Chrome/144.0.0.0 Safari/537.36',
  timestamp: '2026-02-13 18:46:08',
  level: 'info',
  message: 'Request'
}
{
  service: 'attendance-system',
  method: 'GET',
  url: '/?_t=1770988564682',
  statusCode: 304,
  duration: '34ms',
  contentLength: 0,
  level: 'info',
  message: 'Response',
  timestamp: '2026-02-13 18:46:08'
}
{
  service: 'attendance-system',
  method: 'GET',
  url: '/?_t=1770988564909',
  statusCode: 304,
  duration: '27ms',
  contentLength: 0,
  level: 'info',
  message: 'Response',
  timestamp: '2026-02-13 18:46:08'
}
{
  service: 'attendance-system',
  method: 'GET',
  url: '/api/announcements?_t=1770988564560',
  ip: '127.0.0.1',
  userAgent: 'Mozilla/5.0 (Windows NT 10.0; Win64; x64) AppleWebKit/537.36 (KHTML, like Gecko) Chrome/144.0.0.0 Safari/537.36',
  timestamp: '2026-02-13 18:46:08',
  level: 'info',
  message: 'Request'
}
{
  service: 'attendance-system',
  method: 'GET',
  url: '/api/announcements?_t=1770988565815',
  ip: '127.0.0.1',
  userAgent: 'Mozilla/5.0 (Windows NT 10.0; Win64; x64) AppleWebKit/537.36 (KHTML, like Gecko) Chrome/144.0.0.0 Safari/537.36',
  timestamp: '2026-02-13 18:46:08',
  level: 'info',
  message: 'Request'
}
{
  service: 'attendance-system',
  method: 'GET',
  url: '/api/announcements?_t=1770988564919',
  ip: '127.0.0.1',
  userAgent: 'Mozilla/5.0 (Windows NT 10.0; Win64; x64) AppleWebKit/537.36 (KHTML, like Gecko) Chrome/144.0.0.0 Safari/537.36',
  timestamp: '2026-02-13 18:46:08',
  level: 'info',
  message: 'Request'
}
{
  service: 'attendance-system',
  method: 'GET',
  url: '/api/announcements?_t=1770988565826',
  ip: '127.0.0.1',
  userAgent: 'Mozilla/5.0 (Windows NT 10.0; Win64; x64) AppleWebKit/537.36 (KHTML, like Gecko) Chrome/144.0.0.0 Safari/537.36',
  timestamp: '2026-02-13 18:46:08',
  level: 'info',
  message: 'Request'
}
{
  service: 'attendance-system',
  method: 'GET',
  url: '/?_t=1770988565792',
  statusCode: 200,
  duration: '38ms',
  contentLength: '459',
  level: 'info',
  message: 'Response',
  timestamp: '2026-02-13 18:46:08'
}
{
  service: 'attendance-system',
  method: 'GET',
  url: '/api/announcements?_t=1770988564683',
  ip: '127.0.0.1',
  userAgent: 'Mozilla/5.0 (Windows NT 10.0; Win64; x64) AppleWebKit/537.36 (KHTML, like Gecko) Chrome/144.0.0.0 Safari/537.36',
  timestamp: '2026-02-13 18:46:08',
  level: 'info',
  message: 'Request'
}
{
  service: 'attendance-system',
  method: 'GET',
  url: '/?_t=1770988564608',
  statusCode: 304,
  duration: '37ms',
  contentLength: 0,
  level: 'info',
  message: 'Response',
  timestamp: '2026-02-13 18:46:08'
}
{
  service: 'attendance-system',
  method: 'GET',
  url: '/?_t=1770988564560',
  statusCode: 304,
  duration: '31ms',
  contentLength: 0,
  level: 'info',
  message: 'Response',
  timestamp: '2026-02-13 18:46:08'
}
{
  service: 'attendance-system',
  method: 'GET',
  url: '/api/announcements?_t=1770988564618',
  ip: '127.0.0.1',
  userAgent: 'Mozilla/5.0 (Windows NT 10.0; Win64; x64) AppleWebKit/537.36 (KHTML, like Gecko) Chrome/144.0.0.0 Safari/537.36',
  timestamp: '2026-02-13 18:46:08',
  level: 'info',
  message: 'Request'
}
{
  service: 'attendance-system',
  method: 'GET',
  url: '/api/announcements?_t=1770988565844',
  ip: '127.0.0.1',
  userAgent: 'Mozilla/5.0 (Windows NT 10.0; Win64; x64) AppleWebKit/537.36 (KHTML, like Gecko) Chrome/144.0.0.0 Safari/537.36',
  timestamp: '2026-02-13 18:46:08',
  level: 'info',
  message: 'Request'
}
{
  service: 'attendance-system',
  method: 'GET',
  url: '/?_t=1770988565815',
  statusCode: 200,
  duration: '36ms',
  contentLength: '459',
  level: 'info',
  message: 'Response',
  timestamp: '2026-02-13 18:46:08'
}
{
  service: 'attendance-system',
  method: 'GET',
  url: '/?_t=1770988564919',
  statusCode: 304,
  duration: '36ms',
  contentLength: 0,
  level: 'info',
  message: 'Response',
  timestamp: '2026-02-13 18:46:08'
}
{
  service: 'attendance-system',
  method: 'GET',
  url: '/?_t=1770988565826',
  statusCode: 200,
  duration: '34ms',
  contentLength: '459',
  level: 'info',
  message: 'Response',
  timestamp: '2026-02-13 18:46:08'
}
{
  service: 'attendance-system',
  method: 'GET',
  url: '/api/announcements?_t=1770988564928',
  ip: '127.0.0.1',
  userAgent: 'Mozilla/5.0 (Windows NT 10.0; Win64; x64) AppleWebKit/537.36 (KHTML, like Gecko) Chrome/144.0.0.0 Safari/537.36',
  timestamp: '2026-02-13 18:46:08',
  level: 'info',
  message: 'Request'
}
{
  service: 'attendance-system',
  method: 'GET',
  url: '/api/announcements?_t=1770988564929',
  ip: '127.0.0.1',
  userAgent: 'Mozilla/5.0 (Windows NT 10.0; Win64; x64) AppleWebKit/537.36 (KHTML, like Gecko) Chrome/144.0.0.0 Safari/537.36',
  timestamp: '2026-02-13 18:46:08',
  level: 'info',
  message: 'Request'
}
{
  service: 'attendance-system',
  method: 'GET',
  url: '/?_t=1770988564683',
  statusCode: 304,
  duration: '39ms',
  contentLength: 0,
  level: 'info',
  message: 'Response',
  timestamp: '2026-02-13 18:46:08'
}
{
  service: 'attendance-system',
  method: 'GET',
  url: '/?_t=1770988564618',
  statusCode: 304,
  duration: '29ms',
  contentLength: 0,
  level: 'info',
  message: 'Response',
  timestamp: '2026-02-13 18:46:08'
}
{
  service: 'attendance-system',
  method: 'GET',
  url: '/?_t=1770988565844',
  statusCode: 200,
  duration: '29ms',
  contentLength: '459',
  level: 'info',
  message: 'Response',
  timestamp: '2026-02-13 18:46:08'
}
{
  service: 'attendance-system',
  method: 'GET',
  url: '/api/announcements?_t=1770988565865',
  ip: '127.0.0.1',
  userAgent: 'Mozilla/5.0 (Windows NT 10.0; Win64; x64) AppleWebKit/537.36 (KHTML, like Gecko) Chrome/144.0.0.0 Safari/537.36',
  timestamp: '2026-02-13 18:46:08',
  level: 'info',
  message: 'Request'
}
{
  service: 'attendance-system',
  method: 'GET',
  url: '/api/announcements?_t=1770988564939',
  ip: '127.0.0.1',
  userAgent: 'Mozilla/5.0 (Windows NT 10.0; Win64; x64) AppleWebKit/537.36 (KHTML, like Gecko) Chrome/144.0.0.0 Safari/537.36',
  timestamp: '2026-02-13 18:46:08',
  level: 'info',
  message: 'Request'
}
{
  service: 'attendance-system',
  method: 'GET',
  url: '/api/announcements?_t=1770988564949',
  ip: '127.0.0.1',
  userAgent: 'Mozilla/5.0 (Windows NT 10.0; Win64; x64) AppleWebKit/537.36 (KHTML, like Gecko) Chrome/144.0.0.0 Safari/537.36',
  timestamp: '2026-02-13 18:46:08',
  level: 'info',
  message: 'Request'
}
{
  service: 'attendance-system',
  method: 'GET',
  url: '/api/announcements?_t=1770988564699',
  ip: '127.0.0.1',
  userAgent: 'Mozilla/5.0 (Windows NT 10.0; Win64; x64) AppleWebKit/537.36 (KHTML, like Gecko) Chrome/144.0.0.0 Safari/537.36',
  timestamp: '2026-02-13 18:46:08',
  level: 'info',
  message: 'Request'
}
{
  service: 'attendance-system',
  method: 'GET',
  url: '/?_t=1770988564928',
  statusCode: 304,
  duration: '39ms',
  contentLength: 0,
  level: 'info',
  message: 'Response',
  timestamp: '2026-02-13 18:46:08'
}
{
  service: 'attendance-system',
  method: 'GET',
  url: '/?_t=1770988564929',
  statusCode: 304,
  duration: '37ms',
  contentLength: 0,
  level: 'info',
  message: 'Response',
  timestamp: '2026-02-13 18:46:08'
}
{
  service: 'attendance-system',
  method: 'GET',
  url: '/?_t=1770988565865',
  statusCode: 200,
  duration: '27ms',
  contentLength: '459',
  level: 'info',
  message: 'Response',
  timestamp: '2026-02-13 18:46:08'
}
{
  service: 'attendance-system',
  method: 'GET',
  url: '/?_t=1770988564939',
  statusCode: 304,
  duration: '25ms',
  contentLength: 0,
  level: 'info',
  message: 'Response',
  timestamp: '2026-02-13 18:46:08'
}
{
  service: 'attendance-system',
  method: 'GET',
  url: '/?_t=1770988564949',
  statusCode: 304,
  duration: '24ms',
  contentLength: 0,
  level: 'info',
  message: 'Response',
  timestamp: '2026-02-13 18:46:08'
}
{
  service: 'attendance-system',
  method: 'GET',
  url: '/?_t=1770988564699',
  statusCode: 304,
  duration: '21ms',
  contentLength: 0,
  level: 'info',
  message: 'Response',
  timestamp: '2026-02-13 18:46:08'
}
{
  service: 'attendance-system',
  method: 'GET',
  url: '/api/announcements?_t=1770988565886',
  ip: '127.0.0.1',
  userAgent: 'Mozilla/5.0 (Windows NT 10.0; Win64; x64) AppleWebKit/537.36 (KHTML, like Gecko) Chrome/144.0.0.0 Safari/537.36',
  timestamp: '2026-02-13 18:46:08',
  level: 'info',
  message: 'Request'
}
{
  service: 'attendance-system',
  method: 'GET',
  url: '/api/announcements?_t=1770988564940',
  ip: '127.0.0.1',
  userAgent: 'Mozilla/5.0 (Windows NT 10.0; Win64; x64) AppleWebKit/537.36 (KHTML, like Gecko) Chrome/144.0.0.0 Safari/537.36',
  timestamp: '2026-02-13 18:46:08',
  level: 'info',
  message: 'Request'
}
{
  service: 'attendance-system',
  method: 'GET',
  url: '/api/announcements?_t=1770988564709',
  ip: '127.0.0.1',
  userAgent: 'Mozilla/5.0 (Windows NT 10.0; Win64; x64) AppleWebKit/537.36 (KHTML, like Gecko) Chrome/144.0.0.0 Safari/537.36',
  timestamp: '2026-02-13 18:46:08',
  level: 'info',
  message: 'Request'
}
{
  service: 'attendance-system',
  method: 'GET',
  url: '/api/announcements?_t=1770988565901',
  ip: '127.0.0.1',
  userAgent: 'Mozilla/5.0 (Windows NT 10.0; Win64; x64) AppleWebKit/537.36 (KHTML, like Gecko) Chrome/144.0.0.0 Safari/537.36',
  timestamp: '2026-02-13 18:46:08',
  level: 'info',
  message: 'Request'
}
{
  service: 'attendance-system',
  method: 'GET',
  url: '/api/announcements?_t=1770988564716',
  ip: '127.0.0.1',
  userAgent: 'Mozilla/5.0 (Windows NT 10.0; Win64; x64) AppleWebKit/537.36 (KHTML, like Gecko) Chrome/144.0.0.0 Safari/537.36',
  timestamp: '2026-02-13 18:46:08',
  level: 'info',
  message: 'Request'
}
{
  service: 'attendance-system',
  method: 'GET',
  url: '/api/announcements?_t=1770988565918',
  ip: '127.0.0.1',
  userAgent: 'Mozilla/5.0 (Windows NT 10.0; Win64; x64) AppleWebKit/537.36 (KHTML, like Gecko) Chrome/144.0.0.0 Safari/537.36',
  timestamp: '2026-02-13 18:46:08',
  level: 'info',
  message: 'Request'
}
{
  service: 'attendance-system',
  method: 'GET',
  url: '/?_t=1770988565886',
  statusCode: 200,
  duration: '31ms',
  contentLength: '459',
  level: 'info',
  message: 'Response',
  timestamp: '2026-02-13 18:46:08'
}
{
  service: 'attendance-system',
  method: 'GET',
  url: '/?_t=1770988564940',
  statusCode: 304,
  duration: '27ms',
  contentLength: 0,
  level: 'info',
  message: 'Response',
  timestamp: '2026-02-13 18:46:08'
}
{
  service: 'attendance-system',
  method: 'GET',
  url: '/?_t=1770988564709',
  statusCode: 304,
  duration: '26ms',
  contentLength: 0,
  level: 'info',
  message: 'Response',
  timestamp: '2026-02-13 18:46:08'
}
{
  service: 'attendance-system',
  method: 'GET',
  url: '/?_t=1770988565901',
  statusCode: 200,
  duration: '23ms',
  contentLength: '459',
  level: 'info',
  message: 'Response',
  timestamp: '2026-02-13 18:46:08'
}
{
  service: 'attendance-system',
  method: 'GET',
  url: '/?_t=1770988564716',
  statusCode: 304,
  duration: '22ms',
  contentLength: 0,
  level: 'info',
  message: 'Response',
  timestamp: '2026-02-13 18:46:08'
}
{
  service: 'attendance-system',
  method: 'GET',
  url: '/?_t=1770988565918',
  statusCode: 200,
  duration: '20ms',
  contentLength: '459',
  level: 'info',
  message: 'Response',
  timestamp: '2026-02-13 18:46:08'
}
{
  service: 'attendance-system',
  method: 'GET',
  url: '/api/announcements?_t=1770988564959',
  ip: '127.0.0.1',
  userAgent: 'Mozilla/5.0 (Windows NT 10.0; Win64; x64) AppleWebKit/537.36 (KHTML, like Gecko) Chrome/144.0.0.0 Safari/537.36',
  timestamp: '2026-02-13 18:46:08',
  level: 'info',
  message: 'Request'
}
{
  service: 'attendance-system',
  method: 'GET',
  url: '/api/announcements?_t=1770988564968',
  ip: '127.0.0.1',
  userAgent: 'Mozilla/5.0 (Windows NT 10.0; Win64; x64) AppleWebKit/537.36 (KHTML, like Gecko) Chrome/144.0.0.0 Safari/537.36',
  timestamp: '2026-02-13 18:46:08',
  level: 'info',
  message: 'Request'
}
{
  service: 'attendance-system',
  method: 'GET',
  url: '/api/announcements?_t=1770988564717',
  ip: '127.0.0.1',
  userAgent: 'Mozilla/5.0 (Windows NT 10.0; Win64; x64) AppleWebKit/537.36 (KHTML, like Gecko) Chrome/144.0.0.0 Safari/537.36',
  timestamp: '2026-02-13 18:46:08',
  level: 'info',
  message: 'Request'
}
{
  service: 'attendance-system',
  method: 'GET',
  url: '/api/announcements?_t=1770988565931',
  ip: '127.0.0.1',
  userAgent: 'Mozilla/5.0 (Windows NT 10.0; Win64; x64) AppleWebKit/537.36 (KHTML, like Gecko) Chrome/144.0.0.0 Safari/537.36',
  timestamp: '2026-02-13 18:46:08',
  level: 'info',
  message: 'Request'
}
{
  service: 'attendance-system',
  method: 'GET',
  url: '/api/announcements?_t=1770988565932',
  ip: '127.0.0.1',
  userAgent: 'Mozilla/5.0 (Windows NT 10.0; Win64; x64) AppleWebKit/537.36 (KHTML, like Gecko) Chrome/144.0.0.0 Safari/537.36',
  timestamp: '2026-02-13 18:46:08',
  level: 'info',
  message: 'Request'
}
{
  service: 'attendance-system',
  method: 'GET',
  url: '/api/announcements?_t=1770988564976',
  ip: '127.0.0.1',
  userAgent: 'Mozilla/5.0 (Windows NT 10.0; Win64; x64) AppleWebKit/537.36 (KHTML, like Gecko) Chrome/144.0.0.0 Safari/537.36',
  timestamp: '2026-02-13 18:46:08',
  level: 'info',
  message: 'Request'
}
{
  service: 'attendance-system',
  method: 'GET',
  url: '/?_t=1770988564959',
  statusCode: 304,
  duration: '27ms',
  contentLength: 0,
  level: 'info',
  message: 'Response',
  timestamp: '2026-02-13 18:46:08'
}
{
  service: 'attendance-system',
  method: 'GET',
  url: '/?_t=1770988564968',
  statusCode: 304,
  duration: '24ms',
  contentLength: 0,
  level: 'info',
  message: 'Response',
  timestamp: '2026-02-13 18:46:08'
}
{
  service: 'attendance-system',
  method: 'GET',
  url: '/?_t=1770988564717',
  statusCode: 304,
  duration: '23ms',
  contentLength: 0,
  level: 'info',
  message: 'Response',
  timestamp: '2026-02-13 18:46:08'
}
{
  service: 'attendance-system',
  method: 'GET',
  url: '/?_t=1770988565931',
  statusCode: 200,
  duration: '26ms',
  contentLength: '459',
  level: 'info',
  message: 'Response',
  timestamp: '2026-02-13 18:46:08'
}
{
  service: 'attendance-system',
  method: 'GET',
  url: '/api/announcements?_t=1770988564977',
  ip: '127.0.0.1',
  userAgent: 'Mozilla/5.0 (Windows NT 10.0; Win64; x64) AppleWebKit/537.36 (KHTML, like Gecko) Chrome/144.0.0.0 Safari/537.36',
  timestamp: '2026-02-13 18:46:08',
  level: 'info',
  message: 'Request'
}
{
  service: 'attendance-system',
  method: 'GET',
  url: '/api/announcements?_t=1770988565962',
  ip: '127.0.0.1',
  userAgent: 'Mozilla/5.0 (Windows NT 10.0; Win64; x64) AppleWebKit/537.36 (KHTML, like Gecko) Chrome/144.0.0.0 Safari/537.36',
  timestamp: '2026-02-13 18:46:08',
  level: 'info',
  message: 'Request'
}
{
  service: 'attendance-system',
  method: 'GET',
  url: '/api/announcements?_t=1770988564570',
  ip: '127.0.0.1',
  userAgent: 'Mozilla/5.0 (Windows NT 10.0; Win64; x64) AppleWebKit/537.36 (KHTML, like Gecko) Chrome/144.0.0.0 Safari/537.36',
  timestamp: '2026-02-13 18:46:08',
  level: 'info',
  message: 'Request'
}
{
  service: 'attendance-system',
  method: 'GET',
  url: '/?_t=1770988565932',
  statusCode: 200,
  duration: '35ms',
  contentLength: '459',
  level: 'info',
  message: 'Response',
  timestamp: '2026-02-13 18:46:08'
}
{
  service: 'attendance-system',
  method: 'GET',
  url: '/?_t=1770988564976',
  statusCode: 304,
  duration: '32ms',
  contentLength: 0,
  level: 'info',
  message: 'Response',
  timestamp: '2026-02-13 18:46:08'
}
{
  service: 'attendance-system',
  method: 'GET',
  url: '/api/announcements?_t=1770988566576',
  ip: '127.0.0.1',
  userAgent: 'Mozilla/5.0 (Windows NT 10.0; Win64; x64) AppleWebKit/537.36 (KHTML, like Gecko) Chrome/144.0.0.0 Safari/537.36',
  timestamp: '2026-02-13 18:46:08',
  level: 'info',
  message: 'Request'
}
{
  service: 'attendance-system',
  method: 'GET',
  url: '/?_t=1770988564977',
  statusCode: 304,
  duration: '26ms',
  contentLength: 0,
  level: 'info',
  message: 'Response',
  timestamp: '2026-02-13 18:46:08'
}
{
  service: 'attendance-system',
  method: 'GET',
  url: '/?_t=1770988565962',
  statusCode: 200,
  duration: '24ms',
  contentLength: '459',
  level: 'info',
  message: 'Response',
  timestamp: '2026-02-13 18:46:08'
}
{
  service: 'attendance-system',
  method: 'GET',
  url: '/api/announcements?_t=1770988564726',
  ip: '127.0.0.1',
  userAgent: 'Mozilla/5.0 (Windows NT 10.0; Win64; x64) AppleWebKit/537.36 (KHTML, like Gecko) Chrome/144.0.0.0 Safari/537.36',
  timestamp: '2026-02-13 18:46:08',
  level: 'info',
  message: 'Request'
}
{
  service: 'attendance-system',
  method: 'GET',
  url: '/api/announcements?_t=1770988564727',
  ip: '127.0.0.1',
  userAgent: 'Mozilla/5.0 (Windows NT 10.0; Win64; x64) AppleWebKit/537.36 (KHTML, like Gecko) Chrome/144.0.0.0 Safari/537.36',
  timestamp: '2026-02-13 18:46:08',
  level: 'info',
  message: 'Request'
}
{
  service: 'attendance-system',
  method: 'GET',
  url: '/?_t=1770988564570',
  statusCode: 304,
  duration: '31ms',
  contentLength: 0,
  level: 'info',
  message: 'Response',
  timestamp: '2026-02-13 18:46:08'
}
{
  service: 'attendance-system',
  method: 'GET',
  url: '/api/announcements?_t=1770988564736',
  ip: '127.0.0.1',
  userAgent: 'Mozilla/5.0 (Windows NT 10.0; Win64; x64) AppleWebKit/537.36 (KHTML, like Gecko) Chrome/144.0.0.0 Safari/537.36',
  timestamp: '2026-02-13 18:46:08',
  level: 'info',
  message: 'Request'
}
{
  service: 'attendance-system',
  method: 'GET',
  url: '/api/announcements?_t=1770988564985',
  ip: '127.0.0.1',
  userAgent: 'Mozilla/5.0 (Windows NT 10.0; Win64; x64) AppleWebKit/537.36 (KHTML, like Gecko) Chrome/144.0.0.0 Safari/537.36',
  timestamp: '2026-02-13 18:46:08',
  level: 'info',
  message: 'Request'
}
{
  service: 'attendance-system',
  method: 'GET',
  url: '/?_t=1770988566576',
  statusCode: 200,
  duration: '33ms',
  contentLength: '459',
  level: 'info',
  message: 'Response',
  timestamp: '2026-02-13 18:46:08'
}
{
  service: 'attendance-system',
  method: 'GET',
  url: '/?_t=1770988564726',
  statusCode: 304,
  duration: '28ms',
  contentLength: 0,
  level: 'info',
  message: 'Response',
  timestamp: '2026-02-13 18:46:08'
}
{
  service: 'attendance-system',
  method: 'GET',
  url: '/api/announcements?_t=1770988564986',
  ip: '127.0.0.1',
  userAgent: 'Mozilla/5.0 (Windows NT 10.0; Win64; x64) AppleWebKit/537.36 (KHTML, like Gecko) Chrome/144.0.0.0 Safari/537.36',
  timestamp: '2026-02-13 18:46:08',
  level: 'info',
  message: 'Request'
}
{
  service: 'attendance-system',
  method: 'GET',
  url: '/?_t=1770988564727',
  statusCode: 304,
  duration: '33ms',
  contentLength: 0,
  level: 'info',
  message: 'Response',
  timestamp: '2026-02-13 18:46:08'
}
{
  service: 'attendance-system',
  method: 'GET',
  url: '/api/announcements?_t=1770988566591',
  ip: '127.0.0.1',
  userAgent: 'Mozilla/5.0 (Windows NT 10.0; Win64; x64) AppleWebKit/537.36 (KHTML, like Gecko) Chrome/144.0.0.0 Safari/537.36',
  timestamp: '2026-02-13 18:46:08',
  level: 'info',
  message: 'Request'
}
{
  service: 'attendance-system',
  method: 'GET',
  url: '/api/announcements?_t=1770988564995',
  ip: '127.0.0.1',
  userAgent: 'Mozilla/5.0 (Windows NT 10.0; Win64; x64) AppleWebKit/537.36 (KHTML, like Gecko) Chrome/144.0.0.0 Safari/537.36',
  timestamp: '2026-02-13 18:46:08',
  level: 'info',
  message: 'Request'
}
{
  service: 'attendance-system',
  method: 'GET',
  url: '/?_t=1770988564736',
  statusCode: 304,
  duration: '34ms',
  contentLength: 0,
  level: 'info',
  message: 'Response',
  timestamp: '2026-02-13 18:46:08'
}
{
  service: 'attendance-system',
  method: 'GET',
  url: '/api/announcements?_t=1770988564746',
  ip: '127.0.0.1',
  userAgent: 'Mozilla/5.0 (Windows NT 10.0; Win64; x64) AppleWebKit/537.36 (KHTML, like Gecko) Chrome/144.0.0.0 Safari/537.36',
  timestamp: '2026-02-13 18:46:08',
  level: 'info',
  message: 'Request'
}
{
  service: 'attendance-system',
  method: 'GET',
  url: '/api/announcements?_t=1770988565002',
  ip: '127.0.0.1',
  userAgent: 'Mozilla/5.0 (Windows NT 10.0; Win64; x64) AppleWebKit/537.36 (KHTML, like Gecko) Chrome/144.0.0.0 Safari/537.36',
  timestamp: '2026-02-13 18:46:08',
  level: 'info',
  message: 'Request'
}
{
  service: 'attendance-system',
  method: 'GET',
  url: '/?_t=1770988564985',
  statusCode: 304,
  duration: '624ms',
  contentLength: 0,
  level: 'info',
  message: 'Response',
  timestamp: '2026-02-13 18:46:09'
}
{
  service: 'attendance-system',
  method: 'GET',
  url: '/?_t=1770988564986',
  statusCode: 304,
  duration: '614ms',
  contentLength: 0,
  level: 'info',
  message: 'Response',
  timestamp: '2026-02-13 18:46:09'
}
{
  service: 'attendance-system',
  method: 'GET',
  url: '/?_t=1770988565002',
  statusCode: 304,
  duration: '594ms',
  contentLength: 0,
  level: 'info',
  message: 'Response',
  timestamp: '2026-02-13 18:46:09'
}
{
  service: 'attendance-system',
  method: 'GET',
  url: '/?_t=1770988566591',
  statusCode: 200,
  duration: '612ms',
  contentLength: '459',
  level: 'info',
  message: 'Response',
  timestamp: '2026-02-13 18:46:09'
}
{
  service: 'attendance-system',
  method: 'GET',
  url: '/api/announcements?_t=1770988566628',
  ip: '127.0.0.1',
  userAgent: 'Mozilla/5.0 (Windows NT 10.0; Win64; x64) AppleWebKit/537.36 (KHTML, like Gecko) Chrome/144.0.0.0 Safari/537.36',
  timestamp: '2026-02-13 18:46:09',
  level: 'info',
  message: 'Request'
}
{
  service: 'attendance-system',
  method: 'GET',
  url: '/?_t=1770988564995',
  statusCode: 304,
  duration: '616ms',
  contentLength: 0,
  level: 'info',
  message: 'Response',
  timestamp: '2026-02-13 18:46:09'
}
{
  service: 'attendance-system',
  method: 'GET',
  url: '/?_t=1770988564746',
  statusCode: 304,
  duration: '610ms',
  contentLength: 0,
  level: 'info',
  message: 'Response',
  timestamp: '2026-02-13 18:46:09'
}
{
  service: 'attendance-system',
  method: 'GET',
  url: '/api/announcements?_t=1770988565003',
  ip: '127.0.0.1',
  userAgent: 'Mozilla/5.0 (Windows NT 10.0; Win64; x64) AppleWebKit/537.36 (KHTML, like Gecko) Chrome/144.0.0.0 Safari/537.36',
  timestamp: '2026-02-13 18:46:09',
  level: 'info',
  message: 'Request'
}
{
  service: 'attendance-system',
  method: 'GET',
  url: '/api/announcements?_t=1770988565012',
  ip: '127.0.0.1',
  userAgent: 'Mozilla/5.0 (Windows NT 10.0; Win64; x64) AppleWebKit/537.36 (KHTML, like Gecko) Chrome/144.0.0.0 Safari/537.36',
  timestamp: '2026-02-13 18:46:09',
  level: 'info',
  message: 'Request'
}
{
  service: 'attendance-system',
  method: 'GET',
  url: '/api/announcements?_t=1770988566642',
  ip: '127.0.0.1',
  userAgent: 'Mozilla/5.0 (Windows NT 10.0; Win64; x64) AppleWebKit/537.36 (KHTML, like Gecko) Chrome/144.0.0.0 Safari/537.36',
  timestamp: '2026-02-13 18:46:09',
  level: 'info',
  message: 'Request'
}
{
  service: 'attendance-system',
  method: 'GET',
  url: '/api/announcements?_t=1770988566657',
  ip: '127.0.0.1',
  userAgent: 'Mozilla/5.0 (Windows NT 10.0; Win64; x64) AppleWebKit/537.36 (KHTML, like Gecko) Chrome/144.0.0.0 Safari/537.36',
  timestamp: '2026-02-13 18:46:09',
  level: 'info',
  message: 'Request'
}
{
  service: 'attendance-system',
  method: 'GET',
  url: '/api/announcements?_t=1770988565021',
  ip: '127.0.0.1',
  userAgent: 'Mozilla/5.0 (Windows NT 10.0; Win64; x64) AppleWebKit/537.36 (KHTML, like Gecko) Chrome/144.0.0.0 Safari/537.36',
  timestamp: '2026-02-13 18:46:09',
  level: 'info',
  message: 'Request'
}
{
  service: 'attendance-system',
  method: 'GET',
  url: '/?_t=1770988566628',
  statusCode: 200,
  duration: '50ms',
  contentLength: '459',
  level: 'info',
  message: 'Response',
  timestamp: '2026-02-13 18:46:09'
}
{
  service: 'attendance-system',
  method: 'GET',
  url: '/?_t=1770988565003',
  statusCode: 304,
  duration: '41ms',
  contentLength: 0,
  level: 'info',
  message: 'Response',
  timestamp: '2026-02-13 18:46:09'
}
{
  service: 'attendance-system',
  method: 'GET',
  url: '/?_t=1770988565012',
  statusCode: 304,
  duration: '37ms',
  contentLength: 0,
  level: 'info',
  message: 'Response',
  timestamp: '2026-02-13 18:46:09'
}
{
  service: 'attendance-system',
  method: 'GET',
  url: '/?_t=1770988566642',
  statusCode: 200,
  duration: '33ms',
  contentLength: '459',
  level: 'info',
  message: 'Response',
  timestamp: '2026-02-13 18:46:09'
}
{
  service: 'attendance-system',
  method: 'GET',
  url: '/api/announcements?_t=1770988564756',
  ip: '127.0.0.1',
  userAgent: 'Mozilla/5.0 (Windows NT 10.0; Win64; x64) AppleWebKit/537.36 (KHTML, like Gecko) Chrome/144.0.0.0 Safari/537.36',
  timestamp: '2026-02-13 18:46:09',
  level: 'info',
  message: 'Request'
}
{
  service: 'attendance-system',
  method: 'GET',
  url: '/api/announcements?_t=1770988565029',
  ip: '127.0.0.1',
  userAgent: 'Mozilla/5.0 (Windows NT 10.0; Win64; x64) AppleWebKit/537.36 (KHTML, like Gecko) Chrome/144.0.0.0 Safari/537.36',
  timestamp: '2026-02-13 18:46:09',
  level: 'info',
  message: 'Request'
}
{
  service: 'attendance-system',
  method: 'GET',
  url: '/?_t=1770988566657',
  statusCode: 200,
  duration: '33ms',
  contentLength: '459',
  level: 'info',
  message: 'Response',
  timestamp: '2026-02-13 18:46:09'
}
{
  service: 'attendance-system',
  method: 'GET',
  url: '/?_t=1770988565021',
  statusCode: 304,
  duration: '28ms',
  contentLength: 0,
  level: 'info',
  message: 'Response',
  timestamp: '2026-02-13 18:46:09'
}
{
  service: 'attendance-system',
  method: 'GET',
  url: '/api/announcements?_t=1770988565030',
  ip: '127.0.0.1',
  userAgent: 'Mozilla/5.0 (Windows NT 10.0; Win64; x64) AppleWebKit/537.36 (KHTML, like Gecko) Chrome/144.0.0.0 Safari/537.36',
  timestamp: '2026-02-13 18:46:09',
  level: 'info',
  message: 'Request'
}
{
  service: 'attendance-system',
  method: 'GET',
  url: '/api/announcements?_t=1770988564626',
  ip: '127.0.0.1',
  userAgent: 'Mozilla/5.0 (Windows NT 10.0; Win64; x64) AppleWebKit/537.36 (KHTML, like Gecko) Chrome/144.0.0.0 Safari/537.36',
  timestamp: '2026-02-13 18:46:09',
  level: 'info',
  message: 'Request'
}
{
  service: 'attendance-system',
  method: 'GET',
  url: '/api/announcements?_t=1770988566678',
  ip: '127.0.0.1',
  userAgent: 'Mozilla/5.0 (Windows NT 10.0; Win64; x64) AppleWebKit/537.36 (KHTML, like Gecko) Chrome/144.0.0.0 Safari/537.36',
  timestamp: '2026-02-13 18:46:09',
  level: 'info',
  message: 'Request'
}
{
  service: 'attendance-system',
  method: 'GET',
  url: '/api/announcements?_t=1770988566692',
  ip: '127.0.0.1',
  userAgent: 'Mozilla/5.0 (Windows NT 10.0; Win64; x64) AppleWebKit/537.36 (KHTML, like Gecko) Chrome/144.0.0.0 Safari/537.36',
  timestamp: '2026-02-13 18:46:09',
  level: 'info',
  message: 'Request'
}
{
  service: 'attendance-system',
  method: 'GET',
  url: '/?_t=1770988564756',
  statusCode: 304,
  duration: '37ms',
  contentLength: 0,
  level: 'info',
  message: 'Response',
  timestamp: '2026-02-13 18:46:09'
}
{
  service: 'attendance-system',
  method: 'GET',
  url: '/?_t=1770988565029',
  statusCode: 304,
  duration: '34ms',
  contentLength: 0,
  level: 'info',
  message: 'Response',
  timestamp: '2026-02-13 18:46:09'
}
{
  service: 'attendance-system',
  method: 'GET',
  url: '/?_t=1770988565030',
  statusCode: 304,
  duration: '28ms',
  contentLength: 0,
  level: 'info',
  message: 'Response',
  timestamp: '2026-02-13 18:46:09'
}
{
  service: 'attendance-system',
  method: 'GET',
  url: '/?_t=1770988564626',
  statusCode: 304,
  duration: '30ms',
  contentLength: 0,
  level: 'info',
  message: 'Response',
  timestamp: '2026-02-13 18:46:09'
}
{
  service: 'attendance-system',
  method: 'GET',
  url: '/api/announcements?_t=1770988566714',
  ip: '127.0.0.1',
  userAgent: 'Mozilla/5.0 (Windows NT 10.0; Win64; x64) AppleWebKit/537.36 (KHTML, like Gecko) Chrome/144.0.0.0 Safari/537.36',
  timestamp: '2026-02-13 18:46:09',
  level: 'info',
  message: 'Request'
}
{
  service: 'attendance-system',
  method: 'GET',
  url: '/api/announcements?_t=1770988564776',
  ip: '127.0.0.1',
  userAgent: 'Mozilla/5.0 (Windows NT 10.0; Win64; x64) AppleWebKit/537.36 (KHTML, like Gecko) Chrome/144.0.0.0 Safari/537.36',
  timestamp: '2026-02-13 18:46:09',
  level: 'info',
  message: 'Request'
}
{
  service: 'attendance-system',
  method: 'GET',
  url: '/?_t=1770988566678',
  statusCode: 200,
  duration: '34ms',
  contentLength: '459',
  level: 'info',
  message: 'Response',
  timestamp: '2026-02-13 18:46:09'
}
{
  service: 'attendance-system',
  method: 'GET',
  url: '/?_t=1770988566692',
  statusCode: 200,
  duration: '31ms',
  contentLength: '459',
  level: 'info',
  message: 'Response',
  timestamp: '2026-02-13 18:46:09'
}
{
  service: 'attendance-system',
  method: 'GET',
  url: '/api/announcements?_t=1770988565040',
  ip: '127.0.0.1',
  userAgent: 'Mozilla/5.0 (Windows NT 10.0; Win64; x64) AppleWebKit/537.36 (KHTML, like Gecko) Chrome/144.0.0.0 Safari/537.36',
  timestamp: '2026-02-13 18:46:09',
  level: 'info',
  message: 'Request'
}
{
  service: 'attendance-system',
  method: 'GET',
  url: '/api/announcements?_t=1770988565048',
  ip: '127.0.0.1',
  userAgent: 'Mozilla/5.0 (Windows NT 10.0; Win64; x64) AppleWebKit/537.36 (KHTML, like Gecko) Chrome/144.0.0.0 Safari/537.36',
  timestamp: '2026-02-13 18:46:09',
  level: 'info',
  message: 'Request'
}
{
  service: 'attendance-system',
  method: 'GET',
  url: '/api/announcements?_t=1770988566728',
  ip: '127.0.0.1',
  userAgent: 'Mozilla/5.0 (Windows NT 10.0; Win64; x64) AppleWebKit/537.36 (KHTML, like Gecko) Chrome/144.0.0.0 Safari/537.36',
  timestamp: '2026-02-13 18:46:09',
  level: 'info',
  message: 'Request'
}
{
  service: 'attendance-system',
  method: 'GET',
  url: '/api/announcements?_t=1770988564766',
  ip: '127.0.0.1',
  userAgent: 'Mozilla/5.0 (Windows NT 10.0; Win64; x64) AppleWebKit/537.36 (KHTML, like Gecko) Chrome/144.0.0.0 Safari/537.36',
  timestamp: '2026-02-13 18:46:09',
  level: 'info',
  message: 'Request'
}
{
  service: 'attendance-system',
  method: 'GET',
  url: '/?_t=1770988566714',
  statusCode: 200,
  duration: '45ms',
  contentLength: '459',
  level: 'info',
  message: 'Response',
  timestamp: '2026-02-13 18:46:09'
}
{
  service: 'attendance-system',
  method: 'GET',
  url: '/?_t=1770988564776',
  statusCode: 304,
  duration: '41ms',
  contentLength: 0,
  level: 'info',
  message: 'Response',
  timestamp: '2026-02-13 18:46:09'
}
{
  service: 'attendance-system',
  method: 'GET',
  url: '/?_t=1770988565040',
  statusCode: 304,
  duration: '37ms',
  contentLength: 0,
  level: 'info',
  message: 'Response',
  timestamp: '2026-02-13 18:46:09'
}
{
  service: 'attendance-system',
  method: 'GET',
  url: '/?_t=1770988565048',
  statusCode: 304,
  duration: '39ms',
  contentLength: 0,
  level: 'info',
  message: 'Response',
  timestamp: '2026-02-13 18:46:09'
}
{
  service: 'attendance-system',
  method: 'GET',
  url: '/api/announcements?_t=1770988566746',
  ip: '127.0.0.1',
  userAgent: 'Mozilla/5.0 (Windows NT 10.0; Win64; x64) AppleWebKit/537.36 (KHTML, like Gecko) Chrome/144.0.0.0 Safari/537.36',
  timestamp: '2026-02-13 18:46:09',
  level: 'info',
  message: 'Request'
}
{
  service: 'attendance-system',
  method: 'GET',
  url: '/api/announcements?_t=1770988565049',
  ip: '127.0.0.1',
  userAgent: 'Mozilla/5.0 (Windows NT 10.0; Win64; x64) AppleWebKit/537.36 (KHTML, like Gecko) Chrome/144.0.0.0 Safari/537.36',
  timestamp: '2026-02-13 18:46:09',
  level: 'info',
  message: 'Request'
}
{
  service: 'attendance-system',
  method: 'GET',
  url: '/?_t=1770988566728',
  statusCode: 200,
  duration: '42ms',
  contentLength: '459',
  level: 'info',
  message: 'Response',
  timestamp: '2026-02-13 18:46:09'
}
{
  service: 'attendance-system',
  method: 'GET',
  url: '/?_t=1770988564766',
  statusCode: 304,
  duration: '31ms',
  contentLength: 0,
  level: 'info',
  message: 'Response',
  timestamp: '2026-02-13 18:46:09'
}
{
  service: 'attendance-system',
  method: 'GET',
  url: '/api/announcements?_t=1770988566756',
  ip: '127.0.0.1',
  userAgent: 'Mozilla/5.0 (Windows NT 10.0; Win64; x64) AppleWebKit/537.36 (KHTML, like Gecko) Chrome/144.0.0.0 Safari/537.36',
  timestamp: '2026-02-13 18:46:09',
  level: 'info',
  message: 'Request'
}
{
  service: 'attendance-system',
  method: 'GET',
  url: '/api/announcements?_t=1770988565059',
  ip: '127.0.0.1',
  userAgent: 'Mozilla/5.0 (Windows NT 10.0; Win64; x64) AppleWebKit/537.36 (KHTML, like Gecko) Chrome/144.0.0.0 Safari/537.36',
  timestamp: '2026-02-13 18:46:09',
  level: 'info',
  message: 'Request'
}
{
  service: 'attendance-system',
  method: 'GET',
  url: '/?_t=1770988566746',
  statusCode: 200,
  duration: '25ms',
  contentLength: '459',
  level: 'info',
  message: 'Response',
  timestamp: '2026-02-13 18:46:09'
}
{
  service: 'attendance-system',
  method: 'GET',
  url: '/api/announcements?_t=1770988566757',
  ip: '127.0.0.1',
  userAgent: 'Mozilla/5.0 (Windows NT 10.0; Win64; x64) AppleWebKit/537.36 (KHTML, like Gecko) Chrome/144.0.0.0 Safari/537.36',
  timestamp: '2026-02-13 18:46:09',
  level: 'info',
  message: 'Request'
}
{
  service: 'attendance-system',
  method: 'GET',
  url: '/api/announcements?_t=1770988565068',
  ip: '127.0.0.1',
  userAgent: 'Mozilla/5.0 (Windows NT 10.0; Win64; x64) AppleWebKit/537.36 (KHTML, like Gecko) Chrome/144.0.0.0 Safari/537.36',
  timestamp: '2026-02-13 18:46:09',
  level: 'info',
  message: 'Request'
}
{
  service: 'attendance-system',
  method: 'GET',
  url: '/?_t=1770988565049',
  statusCode: 304,
  duration: '33ms',
  contentLength: 0,
  level: 'info',
  message: 'Response',
  timestamp: '2026-02-13 18:46:09'
}
{
  service: 'attendance-system',
  method: 'GET',
  url: '/?_t=1770988566756',
  statusCode: 200,
  duration: '25ms',
  contentLength: '459',
  level: 'info',
  message: 'Response',
  timestamp: '2026-02-13 18:46:09'
}
{
  service: 'attendance-system',
  method: 'GET',
  url: '/api/announcements?_t=1770988564783',
  ip: '127.0.0.1',
  userAgent: 'Mozilla/5.0 (Windows NT 10.0; Win64; x64) AppleWebKit/537.36 (KHTML, like Gecko) Chrome/144.0.0.0 Safari/537.36',
  timestamp: '2026-02-13 18:46:09',
  level: 'info',
  message: 'Request'
}
{
  service: 'attendance-system',
  method: 'GET',
  url: '/?_t=1770988565059',
  statusCode: 304,
  duration: '30ms',
  contentLength: 0,
  level: 'info',
  message: 'Response',
  timestamp: '2026-02-13 18:46:09'
}
{
  service: 'attendance-system',
  method: 'GET',
  url: '/?_t=1770988566757',
  statusCode: 200,
  duration: '23ms',
  contentLength: '459',
  level: 'info',
  message: 'Response',
  timestamp: '2026-02-13 18:46:09'
}
{
  service: 'attendance-system',
  method: 'GET',
  url: '/api/announcements?_t=1770988566769',
  ip: '127.0.0.1',
  userAgent: 'Mozilla/5.0 (Windows NT 10.0; Win64; x64) AppleWebKit/537.36 (KHTML, like Gecko) Chrome/144.0.0.0 Safari/537.36',
  timestamp: '2026-02-13 18:46:09',
  level: 'info',
  message: 'Request'
}
{
  service: 'attendance-system',
  method: 'GET',
  url: '/api/announcements?_t=1770988565076',
  ip: '127.0.0.1',
  userAgent: 'Mozilla/5.0 (Windows NT 10.0; Win64; x64) AppleWebKit/537.36 (KHTML, like Gecko) Chrome/144.0.0.0 Safari/537.36',
  timestamp: '2026-02-13 18:46:09',
  level: 'info',
  message: 'Request'
}
{
  service: 'attendance-system',
  method: 'GET',
  url: '/?_t=1770988565068',
  statusCode: 304,
  duration: '37ms',
  contentLength: 0,
  level: 'info',
  message: 'Response',
  timestamp: '2026-02-13 18:46:09'
}
{
  service: 'attendance-system',
  method: 'GET',
  url: '/api/announcements?_t=1770988566798',
  ip: '127.0.0.1',
  userAgent: 'Mozilla/5.0 (Windows NT 10.0; Win64; x64) AppleWebKit/537.36 (KHTML, like Gecko) Chrome/144.0.0.0 Safari/537.36',
  timestamp: '2026-02-13 18:46:09',
  level: 'info',
  message: 'Request'
}
{
  service: 'attendance-system',
  method: 'GET',
  url: '/api/announcements?_t=1770988564784',
  ip: '127.0.0.1',
  userAgent: 'Mozilla/5.0 (Windows NT 10.0; Win64; x64) AppleWebKit/537.36 (KHTML, like Gecko) Chrome/144.0.0.0 Safari/537.36',
  timestamp: '2026-02-13 18:46:09',
  level: 'info',
  message: 'Request'
}
{
  service: 'attendance-system',
  method: 'GET',
  url: '/?_t=1770988564783',
  statusCode: 304,
  duration: '46ms',
  contentLength: 0,
  level: 'info',
  message: 'Response',
  timestamp: '2026-02-13 18:46:09'
}
{
  service: 'attendance-system',
  method: 'GET',
  url: '/api/announcements?_t=1770988565077',
  ip: '127.0.0.1',
  userAgent: 'Mozilla/5.0 (Windows NT 10.0; Win64; x64) AppleWebKit/537.36 (KHTML, like Gecko) Chrome/144.0.0.0 Safari/537.36',
  timestamp: '2026-02-13 18:46:09',
  level: 'info',
  message: 'Request'
}
{
  service: 'attendance-system',
  method: 'GET',
  url: '/?_t=1770988566769',
  statusCode: 200,
  duration: '45ms',
  contentLength: '459',
  level: 'info',
  message: 'Response',
  timestamp: '2026-02-13 18:46:09'
}
{
  service: 'attendance-system',
  method: 'GET',
  url: '/?_t=1770988565076',
  statusCode: 304,
  duration: '38ms',
  contentLength: 0,
  level: 'info',
  message: 'Response',
  timestamp: '2026-02-13 18:46:09'
}
{
  service: 'attendance-system',
  method: 'GET',
  url: '/api/announcements?_t=1770988565085',
  ip: '127.0.0.1',
  userAgent: 'Mozilla/5.0 (Windows NT 10.0; Win64; x64) AppleWebKit/537.36 (KHTML, like Gecko) Chrome/144.0.0.0 Safari/537.36',
  timestamp: '2026-02-13 18:46:09',
  level: 'info',
  message: 'Request'
}
{
  service: 'attendance-system',
  method: 'GET',
  url: '/api/announcements?_t=1770988565086',
  ip: '127.0.0.1',
  userAgent: 'Mozilla/5.0 (Windows NT 10.0; Win64; x64) AppleWebKit/537.36 (KHTML, like Gecko) Chrome/144.0.0.0 Safari/537.36',
  timestamp: '2026-02-13 18:46:09',
  level: 'info',
  message: 'Request'
}
{
  service: 'attendance-system',
  method: 'GET',
  url: '/api/announcements?_t=1770988566814',
  ip: '127.0.0.1',
  userAgent: 'Mozilla/5.0 (Windows NT 10.0; Win64; x64) AppleWebKit/537.36 (KHTML, like Gecko) Chrome/144.0.0.0 Safari/537.36',
  timestamp: '2026-02-13 18:46:09',
  level: 'info',
  message: 'Request'
}
{
  service: 'attendance-system',
  method: 'GET',
  url: '/?_t=1770988566798',
  statusCode: 200,
  duration: '41ms',
  contentLength: '459',
  level: 'info',
  message: 'Response',
  timestamp: '2026-02-13 18:46:09'
}
{
  service: 'attendance-system',
  method: 'GET',
  url: '/?_t=1770988564784',
  statusCode: 304,
  duration: '37ms',
  contentLength: 0,
  level: 'info',
  message: 'Response',
  timestamp: '2026-02-13 18:46:09'
}
{
  service: 'attendance-system',
  method: 'GET',
  url: '/api/announcements?_t=1770988564579',
  ip: '127.0.0.1',
  userAgent: 'Mozilla/5.0 (Windows NT 10.0; Win64; x64) AppleWebKit/537.36 (KHTML, like Gecko) Chrome/144.0.0.0 Safari/537.36',
  timestamp: '2026-02-13 18:46:09',
  level: 'info',
  message: 'Request'
}
{
  service: 'attendance-system',
  method: 'GET',
  url: '/api/announcements?_t=1770988566841',
  ip: '127.0.0.1',
  userAgent: 'Mozilla/5.0 (Windows NT 10.0; Win64; x64) AppleWebKit/537.36 (KHTML, like Gecko) Chrome/144.0.0.0 Safari/537.36',
  timestamp: '2026-02-13 18:46:09',
  level: 'info',
  message: 'Request'
}
{
  service: 'attendance-system',
  method: 'GET',
  url: '/?_t=1770988565077',
  statusCode: 304,
  duration: '36ms',
  contentLength: 0,
  level: 'info',
  message: 'Response',
  timestamp: '2026-02-13 18:46:09'
}
{
  service: 'attendance-system',
  method: 'GET',
  url: '/?_t=1770988565085',
  statusCode: 304,
  duration: '31ms',
  contentLength: 0,
  level: 'info',
  message: 'Response',
  timestamp: '2026-02-13 18:46:09'
}
{
  service: 'attendance-system',
  method: 'GET',
  url: '/?_t=1770988565086',
  statusCode: 304,
  duration: '28ms',
  contentLength: 0,
  level: 'info',
  message: 'Response',
  timestamp: '2026-02-13 18:46:09'
}
{
  service: 'attendance-system',
  method: 'GET',
  url: '/?_t=1770988566814',
  statusCode: 200,
  duration: '26ms',
  contentLength: '459',
  level: 'info',
  message: 'Response',
  timestamp: '2026-02-13 18:46:09'
}
{
  service: 'attendance-system',
  method: 'GET',
  url: '/api/announcements?_t=1770988565094',
  ip: '127.0.0.1',
  userAgent: 'Mozilla/5.0 (Windows NT 10.0; Win64; x64) AppleWebKit/537.36 (KHTML, like Gecko) Chrome/144.0.0.0 Safari/537.36',
  timestamp: '2026-02-13 18:46:09',
  level: 'info',
  message: 'Request'
}
{
  service: 'attendance-system',
  method: 'GET',
  url: '/?_t=1770988564579',
  statusCode: 304,
  duration: '27ms',
  contentLength: 0,
  level: 'info',
  message: 'Response',
  timestamp: '2026-02-13 18:46:09'
}
{
  service: 'attendance-system',
  method: 'GET',
  url: '/?_t=1770988566841',
  statusCode: 200,
  duration: '25ms',
  contentLength: '459',
  level: 'info',
  message: 'Response',
  timestamp: '2026-02-13 18:46:09'
}
{
  service: 'attendance-system',
  method: 'GET',
  url: '/api/announcements?_t=1770988565095',
  ip: '127.0.0.1',
  userAgent: 'Mozilla/5.0 (Windows NT 10.0; Win64; x64) AppleWebKit/537.36 (KHTML, like Gecko) Chrome/144.0.0.0 Safari/537.36',
  timestamp: '2026-02-13 18:46:09',
  level: 'info',
  message: 'Request'
}
{
  service: 'attendance-system',
  method: 'GET',
  url: '/api/announcements?_t=1770988566852',
  ip: '127.0.0.1',
  userAgent: 'Mozilla/5.0 (Windows NT 10.0; Win64; x64) AppleWebKit/537.36 (KHTML, like Gecko) Chrome/144.0.0.0 Safari/537.36',
  timestamp: '2026-02-13 18:46:09',
  level: 'info',
  message: 'Request'
}
{
  service: 'attendance-system',
  method: 'GET',
  url: '/api/announcements?_t=1770988565125',
  ip: '127.0.0.1',
  userAgent: 'Mozilla/5.0 (Windows NT 10.0; Win64; x64) AppleWebKit/537.36 (KHTML, like Gecko) Chrome/144.0.0.0 Safari/537.36',
  timestamp: '2026-02-13 18:46:09',
  level: 'info',
  message: 'Request'
}
{
  service: 'attendance-system',
  method: 'GET',
  url: '/api/announcements?_t=1770988565117',
  ip: '127.0.0.1',
  userAgent: 'Mozilla/5.0 (Windows NT 10.0; Win64; x64) AppleWebKit/537.36 (KHTML, like Gecko) Chrome/144.0.0.0 Safari/537.36',
  timestamp: '2026-02-13 18:46:09',
  level: 'info',
  message: 'Request'
}
{
  service: 'attendance-system',
  method: 'GET',
  url: '/api/announcements?_t=1770988566863',
  ip: '127.0.0.1',
  userAgent: 'Mozilla/5.0 (Windows NT 10.0; Win64; x64) AppleWebKit/537.36 (KHTML, like Gecko) Chrome/144.0.0.0 Safari/537.36',
  timestamp: '2026-02-13 18:46:09',
  level: 'info',
  message: 'Request'
}
{
  service: 'attendance-system',
  method: 'GET',
  url: '/?_t=1770988565094',
  statusCode: 304,
  duration: '37ms',
  contentLength: 0,
  level: 'info',
  message: 'Response',
  timestamp: '2026-02-13 18:46:09'
}
{
  service: 'attendance-system',
  method: 'GET',
  url: '/?_t=1770988565095',
  statusCode: 304,
  duration: '29ms',
  contentLength: 0,
  level: 'info',
  message: 'Response',
  timestamp: '2026-02-13 18:46:09'
}
{
  service: 'attendance-system',
  method: 'GET',
  url: '/?_t=1770988566852',
  statusCode: 200,
  duration: '25ms',
  contentLength: '459',
  level: 'info',
  message: 'Response',
  timestamp: '2026-02-13 18:46:09'
}
{
  service: 'attendance-system',
  method: 'GET',
  url: '/api/announcements?_t=1770988565126',
  ip: '127.0.0.1',
  userAgent: 'Mozilla/5.0 (Windows NT 10.0; Win64; x64) AppleWebKit/537.36 (KHTML, like Gecko) Chrome/144.0.0.0 Safari/537.36',
  timestamp: '2026-02-13 18:46:09',
  level: 'info',
  message: 'Request'
}
{
  service: 'attendance-system',
  method: 'GET',
  url: '/api/announcements?_t=1770988566864',
  ip: '127.0.0.1',
  userAgent: 'Mozilla/5.0 (Windows NT 10.0; Win64; x64) AppleWebKit/537.36 (KHTML, like Gecko) Chrome/144.0.0.0 Safari/537.36',
  timestamp: '2026-02-13 18:46:09',
  level: 'info',
  message: 'Request'
}
{
  service: 'attendance-system',
  method: 'GET',
  url: '/api/announcements?_t=1770988565134',
  ip: '127.0.0.1',
  userAgent: 'Mozilla/5.0 (Windows NT 10.0; Win64; x64) AppleWebKit/537.36 (KHTML, like Gecko) Chrome/144.0.0.0 Safari/537.36',
  timestamp: '2026-02-13 18:46:09',
  level: 'info',
  message: 'Request'
}
{
  service: 'attendance-system',
  method: 'GET',
  url: '/?_t=1770988565125',
  statusCode: 304,
  duration: '663ms',
  contentLength: 0,
  level: 'info',
  message: 'Response',
  timestamp: '2026-02-13 18:46:10'
}
{
  service: 'attendance-system',
  method: 'GET',
  url: '/?_t=1770988565117',
  statusCode: 304,
  duration: '658ms',
  contentLength: 0,
  level: 'info',
  message: 'Response',
  timestamp: '2026-02-13 18:46:10'
}
{
  service: 'attendance-system',
  method: 'GET',
  url: '/?_t=1770988566863',
  statusCode: 200,
  duration: '659ms',
  contentLength: '459',
  level: 'info',
  message: 'Response',
  timestamp: '2026-02-13 18:46:10'
}
{
  service: 'attendance-system',
  method: 'GET',
  url: '/?_t=1770988565134',
  statusCode: 304,
  duration: '642ms',
  contentLength: 0,
  level: 'info',
  message: 'Response',
  timestamp: '2026-02-13 18:46:10'
}
{
  service: 'attendance-system',
  method: 'GET',
  url: '/?_t=1770988566864',
  statusCode: 200,
  duration: '649ms',
  contentLength: '459',
  level: 'info',
  message: 'Response',
  timestamp: '2026-02-13 18:46:10'
}
{
  service: 'attendance-system',
  method: 'GET',
  url: '/?_t=1770988565126',
  statusCode: 304,
  duration: '655ms',
  contentLength: 0,
  level: 'info',
  message: 'Response',
  timestamp: '2026-02-13 18:46:10'
}
{
  service: 'attendance-system',
  method: 'GET',
  url: '/api/announcements?_t=1770988566879',
  ip: '127.0.0.1',
  userAgent: 'Mozilla/5.0 (Windows NT 10.0; Win64; x64) AppleWebKit/537.36 (KHTML, like Gecko) Chrome/144.0.0.0 Safari/537.36',
  timestamp: '2026-02-13 18:46:10',
  level: 'info',
  message: 'Request'
}
{
  service: 'attendance-system',
  method: 'GET',
  url: '/api/announcements?_t=1770988565135',
  ip: '127.0.0.1',
  userAgent: 'Mozilla/5.0 (Windows NT 10.0; Win64; x64) AppleWebKit/537.36 (KHTML, like Gecko) Chrome/144.0.0.0 Safari/537.36',
  timestamp: '2026-02-13 18:46:10',
  level: 'info',
  message: 'Request'
}
{
  service: 'attendance-system',
  method: 'GET',
  url: '/api/announcements?_t=1770988565143',
  ip: '127.0.0.1',
  userAgent: 'Mozilla/5.0 (Windows NT 10.0; Win64; x64) AppleWebKit/537.36 (KHTML, like Gecko) Chrome/144.0.0.0 Safari/537.36',
  timestamp: '2026-02-13 18:46:10',
  level: 'info',
  message: 'Request'
}
{
  service: 'attendance-system',
  method: 'GET',
  url: '/api/announcements?_t=1770988566893',
  ip: '127.0.0.1',
  userAgent: 'Mozilla/5.0 (Windows NT 10.0; Win64; x64) AppleWebKit/537.36 (KHTML, like Gecko) Chrome/144.0.0.0 Safari/537.36',
  timestamp: '2026-02-13 18:46:10',
  level: 'info',
  message: 'Request'
}
{
  service: 'attendance-system',
  method: 'GET',
  url: '/api/announcements?_t=1770988565161',
  ip: '127.0.0.1',
  userAgent: 'Mozilla/5.0 (Windows NT 10.0; Win64; x64) AppleWebKit/537.36 (KHTML, like Gecko) Chrome/144.0.0.0 Safari/537.36',
  timestamp: '2026-02-13 18:46:10',
  level: 'info',
  message: 'Request'
}
{
  service: 'attendance-system',
  method: 'GET',
  url: '/api/announcements?_t=1770988565152',
  ip: '127.0.0.1',
  userAgent: 'Mozilla/5.0 (Windows NT 10.0; Win64; x64) AppleWebKit/537.36 (KHTML, like Gecko) Chrome/144.0.0.0 Safari/537.36',
  timestamp: '2026-02-13 18:46:10',
  level: 'info',
  message: 'Request'
}
{
  service: 'attendance-system',
  method: 'GET',
  url: '/?_t=1770988566879',
  statusCode: 200,
  duration: '37ms',
  contentLength: '459',
  level: 'info',
  message: 'Response',
  timestamp: '2026-02-13 18:46:10'
}
{
  service: 'attendance-system',
  method: 'GET',
  url: '/?_t=1770988565135',
  statusCode: 304,
  duration: '34ms',
  contentLength: 0,
  level: 'info',
  message: 'Response',
  timestamp: '2026-02-13 18:46:10'
}
{
  service: 'attendance-system',
  method: 'GET',
  url: '/?_t=1770988565143',
  statusCode: 304,
  duration: '31ms',
  contentLength: 0,
  level: 'info',
  message: 'Response',
  timestamp: '2026-02-13 18:46:10'
}
{
  service: 'attendance-system',
  method: 'GET',
  url: '/api/announcements?_t=1770988565153',
  ip: '127.0.0.1',
  userAgent: 'Mozilla/5.0 (Windows NT 10.0; Win64; x64) AppleWebKit/537.36 (KHTML, like Gecko) Chrome/144.0.0.0 Safari/537.36',
  timestamp: '2026-02-13 18:46:10',
  level: 'info',
  message: 'Request'
}
{
  service: 'attendance-system',
  method: 'GET',
  url: '/?_t=1770988566893',
  statusCode: 200,
  duration: '30ms',
  contentLength: '459',
  level: 'info',
  message: 'Response',
  timestamp: '2026-02-13 18:46:10'
}
{
  service: 'attendance-system',
  method: 'GET',
  url: '/?_t=1770988565161',
  statusCode: 304,
  duration: '29ms',
  contentLength: 0,
  level: 'info',
  message: 'Response',
  timestamp: '2026-02-13 18:46:10'
}
{
  service: 'attendance-system',
  method: 'GET',
  url: '/?_t=1770988565152',
  statusCode: 304,
  duration: '27ms',
  contentLength: 0,
  level: 'info',
  message: 'Response',
  timestamp: '2026-02-13 18:46:10'
}
{
  service: 'attendance-system',
  method: 'GET',
  url: '/api/announcements?_t=1770988566921',
  ip: '127.0.0.1',
  userAgent: 'Mozilla/5.0 (Windows NT 10.0; Win64; x64) AppleWebKit/537.36 (KHTML, like Gecko) Chrome/144.0.0.0 Safari/537.36',
  timestamp: '2026-02-13 18:46:10',
  level: 'info',
  message: 'Request'
}
{
  service: 'attendance-system',
  method: 'GET',
  url: '/api/announcements?_t=1770988565170',
  ip: '127.0.0.1',
  userAgent: 'Mozilla/5.0 (Windows NT 10.0; Win64; x64) AppleWebKit/537.36 (KHTML, like Gecko) Chrome/144.0.0.0 Safari/537.36',
  timestamp: '2026-02-13 18:46:10',
  level: 'info',
  message: 'Request'
}
{
  service: 'attendance-system',
  method: 'GET',
  url: '/api/announcements?_t=1770988567590',
  ip: '127.0.0.1',
  userAgent: 'Mozilla/5.0 (Windows NT 10.0; Win64; x64) AppleWebKit/537.36 (KHTML, like Gecko) Chrome/144.0.0.0 Safari/537.36',
  timestamp: '2026-02-13 18:46:10',
  level: 'info',
  message: 'Request'
}
{
  service: 'attendance-system',
  method: 'GET',
  url: '/api/announcements?_t=1770988565171',
  ip: '127.0.0.1',
  userAgent: 'Mozilla/5.0 (Windows NT 10.0; Win64; x64) AppleWebKit/537.36 (KHTML, like Gecko) Chrome/144.0.0.0 Safari/537.36',
  timestamp: '2026-02-13 18:46:10',
  level: 'info',
  message: 'Request'
}
{
  service: 'attendance-system',
  method: 'GET',
  url: '/api/announcements?_t=1770988565189',
  ip: '127.0.0.1',
  userAgent: 'Mozilla/5.0 (Windows NT 10.0; Win64; x64) AppleWebKit/537.36 (KHTML, like Gecko) Chrome/144.0.0.0 Safari/537.36',
  timestamp: '2026-02-13 18:46:10',
  level: 'info',
  message: 'Request'
}
{
  service: 'attendance-system',
  method: 'GET',
  url: '/?_t=1770988565153',
  statusCode: 304,
  duration: '39ms',
  contentLength: 0,
  level: 'info',
  message: 'Response',
  timestamp: '2026-02-13 18:46:10'
}
{
  service: 'attendance-system',
  method: 'GET',
  url: '/?_t=1770988566921',
  statusCode: 200,
  duration: '30ms',
  contentLength: '459',
  level: 'info',
  message: 'Response',
  timestamp: '2026-02-13 18:46:10'
}
{
  service: 'attendance-system',
  method: 'GET',
  url: '/?_t=1770988565170',
  statusCode: 304,
  duration: '29ms',
  contentLength: 0,
  level: 'info',
  message: 'Response',
  timestamp: '2026-02-13 18:46:10'
}
{
  service: 'attendance-system',
  method: 'GET',
  url: '/api/announcements?_t=1770988567606',
  ip: '127.0.0.1',
  userAgent: 'Mozilla/5.0 (Windows NT 10.0; Win64; x64) AppleWebKit/537.36 (KHTML, like Gecko) Chrome/144.0.0.0 Safari/537.36',
  timestamp: '2026-02-13 18:46:10',
  level: 'info',
  message: 'Request'
}
{
  service: 'attendance-system',
  method: 'GET',
  url: '/api/announcements?_t=1770988565162',
  ip: '127.0.0.1',
  userAgent: 'Mozilla/5.0 (Windows NT 10.0; Win64; x64) AppleWebKit/537.36 (KHTML, like Gecko) Chrome/144.0.0.0 Safari/537.36',
  timestamp: '2026-02-13 18:46:10',
  level: 'info',
  message: 'Request'
}
{
  service: 'attendance-system',
  method: 'GET',
  url: '/?_t=1770988567590',
  statusCode: 200,
  duration: '32ms',
  contentLength: '459',
  level: 'info',
  message: 'Response',
  timestamp: '2026-02-13 18:46:10'
}
{
  service: 'attendance-system',
  method: 'GET',
  url: '/?_t=1770988565171',
  statusCode: 304,
  duration: '30ms',
  contentLength: 0,
  level: 'info',
  message: 'Response',
  timestamp: '2026-02-13 18:46:10'
}
{
  service: 'attendance-system',
  method: 'GET',
  url: '/?_t=1770988565189',
  statusCode: 304,
  duration: '27ms',
  contentLength: 0,
  level: 'info',
  message: 'Response',
  timestamp: '2026-02-13 18:46:10'
}
{
  service: 'attendance-system',
  method: 'GET',
  url: '/api/announcements?_t=1770988567615',
  ip: '127.0.0.1',
  userAgent: 'Mozilla/5.0 (Windows NT 10.0; Win64; x64) AppleWebKit/537.36 (KHTML, like Gecko) Chrome/144.0.0.0 Safari/537.36',
  timestamp: '2026-02-13 18:46:10',
  level: 'info',
  message: 'Request'
}
{
  service: 'attendance-system',
  method: 'GET',
  url: '/?_t=1770988567606',
  statusCode: 200,
  duration: '21ms',
  contentLength: '459',
  level: 'info',
  message: 'Response',
  timestamp: '2026-02-13 18:46:10'
}
{
  service: 'attendance-system',
  method: 'GET',
  url: '/api/announcements?_t=1770988565198',
  ip: '127.0.0.1',
  userAgent: 'Mozilla/5.0 (Windows NT 10.0; Win64; x64) AppleWebKit/537.36 (KHTML, like Gecko) Chrome/144.0.0.0 Safari/537.36',
  timestamp: '2026-02-13 18:46:10',
  level: 'info',
  message: 'Request'
}
{
  service: 'attendance-system',
  method: 'GET',
  url: '/api/announcements?_t=1770988565179',
  ip: '127.0.0.1',
  userAgent: 'Mozilla/5.0 (Windows NT 10.0; Win64; x64) AppleWebKit/537.36 (KHTML, like Gecko) Chrome/144.0.0.0 Safari/537.36',
  timestamp: '2026-02-13 18:46:10',
  level: 'info',
  message: 'Request'
}
{
  service: 'attendance-system',
  method: 'GET',
  url: '/api/announcements?_t=1770988567626',
  ip: '127.0.0.1',
  userAgent: 'Mozilla/5.0 (Windows NT 10.0; Win64; x64) AppleWebKit/537.36 (KHTML, like Gecko) Chrome/144.0.0.0 Safari/537.36',
  timestamp: '2026-02-13 18:46:10',
  level: 'info',
  message: 'Request'
}
{
  service: 'attendance-system',
  method: 'GET',
  url: '/?_t=1770988565162',
  statusCode: 304,
  duration: '37ms',
  contentLength: 0,
  level: 'info',
  message: 'Response',
  timestamp: '2026-02-13 18:46:10'
}
{
  service: 'attendance-system',
  method: 'GET',
  url: '/api/announcements?_t=1770988565199',
  ip: '127.0.0.1',
  userAgent: 'Mozilla/5.0 (Windows NT 10.0; Win64; x64) AppleWebKit/537.36 (KHTML, like Gecko) Chrome/144.0.0.0 Safari/537.36',
  timestamp: '2026-02-13 18:46:10',
  level: 'info',
  message: 'Request'
}
{
  service: 'attendance-system',
  method: 'GET',
  url: '/api/announcements?_t=1770988565207',
  ip: '127.0.0.1',
  userAgent: 'Mozilla/5.0 (Windows NT 10.0; Win64; x64) AppleWebKit/537.36 (KHTML, like Gecko) Chrome/144.0.0.0 Safari/537.36',
  timestamp: '2026-02-13 18:46:10',
  level: 'info',
  message: 'Request'
}
{
  service: 'attendance-system',
  method: 'GET',
  url: '/?_t=1770988567615',
  statusCode: 200,
  duration: '40ms',
  contentLength: '459',
  level: 'info',
  message: 'Response',
  timestamp: '2026-02-13 18:46:10'
}
{
  service: 'attendance-system',
  method: 'GET',
  url: '/?_t=1770988565198',
  statusCode: 304,
  duration: '36ms',
  contentLength: 0,
  level: 'info',
  message: 'Response',
  timestamp: '2026-02-13 18:46:10'
}
{
  service: 'attendance-system',
  method: 'GET',
  url: '/?_t=1770988565179',
  statusCode: 304,
  duration: '33ms',
  contentLength: 0,
  level: 'info',
  message: 'Response',
  timestamp: '2026-02-13 18:46:10'
}
{
  service: 'attendance-system',
  method: 'GET',
  url: '/?_t=1770988567626',
  statusCode: 200,
  duration: '32ms',
  contentLength: '459',
  level: 'info',
  message: 'Response',
  timestamp: '2026-02-13 18:46:10'
}
{
  service: 'attendance-system',
  method: 'GET',
  url: '/?_t=1770988565199',
  statusCode: 304,
  duration: '22ms',
  contentLength: 0,
  level: 'info',
  message: 'Response',
  timestamp: '2026-02-13 18:46:10'
}
{
  service: 'attendance-system',
  method: 'GET',
  url: '/api/announcements?_t=1770988565208',
  ip: '127.0.0.1',
  userAgent: 'Mozilla/5.0 (Windows NT 10.0; Win64; x64) AppleWebKit/537.36 (KHTML, like Gecko) Chrome/144.0.0.0 Safari/537.36',
  timestamp: '2026-02-13 18:46:10',
  level: 'info',
  message: 'Request'
}
{
  service: 'attendance-system',
  method: 'GET',
  url: '/api/announcements?_t=1770988567665',
  ip: '127.0.0.1',
  userAgent: 'Mozilla/5.0 (Windows NT 10.0; Win64; x64) AppleWebKit/537.36 (KHTML, like Gecko) Chrome/144.0.0.0 Safari/537.36',
  timestamp: '2026-02-13 18:46:10',
  level: 'info',
  message: 'Request'
}
{
  service: 'attendance-system',
  method: 'GET',
  url: '/?_t=1770988565207',
  statusCode: 304,
  duration: '28ms',
  contentLength: 0,
  level: 'info',
  message: 'Response',
  timestamp: '2026-02-13 18:46:10'
}
{
  service: 'attendance-system',
  method: 'GET',
  url: '/api/announcements?_t=1770988565216',
  ip: '127.0.0.1',
  userAgent: 'Mozilla/5.0 (Windows NT 10.0; Win64; x64) AppleWebKit/537.36 (KHTML, like Gecko) Chrome/144.0.0.0 Safari/537.36',
  timestamp: '2026-02-13 18:46:10',
  level: 'info',
  message: 'Request'
}
{
  service: 'attendance-system',
  method: 'GET',
  url: '/api/announcements?_t=1770988567676',
  ip: '127.0.0.1',
  userAgent: 'Mozilla/5.0 (Windows NT 10.0; Win64; x64) AppleWebKit/537.36 (KHTML, like Gecko) Chrome/144.0.0.0 Safari/537.36',
  timestamp: '2026-02-13 18:46:10',
  level: 'info',
  message: 'Request'
}
{
  service: 'attendance-system',
  method: 'GET',
  url: '/api/announcements?_t=1770988565225',
  ip: '127.0.0.1',
  userAgent: 'Mozilla/5.0 (Windows NT 10.0; Win64; x64) AppleWebKit/537.36 (KHTML, like Gecko) Chrome/144.0.0.0 Safari/537.36',
  timestamp: '2026-02-13 18:46:10',
  level: 'info',
  message: 'Request'
}
{
  service: 'attendance-system',
  method: 'GET',
  url: '/?_t=1770988565208',
  statusCode: 304,
  duration: '29ms',
  contentLength: 0,
  level: 'info',
  message: 'Response',
  timestamp: '2026-02-13 18:46:10'
}
{
  service: 'attendance-system',
  method: 'GET',
  url: '/api/announcements?_t=1770988565217',
  ip: '127.0.0.1',
  userAgent: 'Mozilla/5.0 (Windows NT 10.0; Win64; x64) AppleWebKit/537.36 (KHTML, like Gecko) Chrome/144.0.0.0 Safari/537.36',
  timestamp: '2026-02-13 18:46:10',
  level: 'info',
  message: 'Request'
}
{
  service: 'attendance-system',
  method: 'GET',
  url: '/api/announcements?_t=1770988567695',
  ip: '127.0.0.1',
  userAgent: 'Mozilla/5.0 (Windows NT 10.0; Win64; x64) AppleWebKit/537.36 (KHTML, like Gecko) Chrome/144.0.0.0 Safari/537.36',
  timestamp: '2026-02-13 18:46:10',
  level: 'info',
  message: 'Request'
}
{
  service: 'attendance-system',
  method: 'GET',
  url: '/?_t=1770988565216',
  statusCode: 304,
  duration: '30ms',
  contentLength: 0,
  level: 'info',
  message: 'Response',
  timestamp: '2026-02-13 18:46:10'
}
{
  service: 'attendance-system',
  method: 'GET',
  url: '/?_t=1770988567665',
  statusCode: 200,
  duration: '40ms',
  contentLength: '459',
  level: 'info',
  message: 'Response',
  timestamp: '2026-02-13 18:46:10'
}
{
  service: 'attendance-system',
  method: 'GET',
  url: '/?_t=1770988567676',
  statusCode: 200,
  duration: '30ms',
  contentLength: '459',
  level: 'info',
  message: 'Response',
  timestamp: '2026-02-13 18:46:10'
}
{
  service: 'attendance-system',
  method: 'GET',
  url: '/api/announcements?_t=1770988567707',
  ip: '127.0.0.1',
  userAgent: 'Mozilla/5.0 (Windows NT 10.0; Win64; x64) AppleWebKit/537.36 (KHTML, like Gecko) Chrome/144.0.0.0 Safari/537.36',
  timestamp: '2026-02-13 18:46:10',
  level: 'info',
  message: 'Request'
}
{
  service: 'attendance-system',
  method: 'GET',
  url: '/?_t=1770988565217',
  statusCode: 304,
  duration: '24ms',
  contentLength: 0,
  level: 'info',
  message: 'Response',
  timestamp: '2026-02-13 18:46:10'
}
{
  service: 'attendance-system',
  method: 'GET',
  url: '/?_t=1770988565225',
  statusCode: 304,
  duration: '36ms',
  contentLength: 0,
  level: 'info',
  message: 'Response',
  timestamp: '2026-02-13 18:46:10'
}
{
  service: 'attendance-system',
  method: 'GET',
  url: '/?_t=1770988567695',
  statusCode: 200,
  duration: '25ms',
  contentLength: '459',
  level: 'info',
  message: 'Response',
  timestamp: '2026-02-13 18:46:10'
}
{
  service: 'attendance-system',
  method: 'GET',
  url: '/api/announcements?_t=1770988565234',
  ip: '127.0.0.1',
  userAgent: 'Mozilla/5.0 (Windows NT 10.0; Win64; x64) AppleWebKit/537.36 (KHTML, like Gecko) Chrome/144.0.0.0 Safari/537.36',
  timestamp: '2026-02-13 18:46:10',
  level: 'info',
  message: 'Request'
}
{
  service: 'attendance-system',
  method: 'GET',
  url: '/api/announcements?_t=1770988565242',
  ip: '127.0.0.1',
  userAgent: 'Mozilla/5.0 (Windows NT 10.0; Win64; x64) AppleWebKit/537.36 (KHTML, like Gecko) Chrome/144.0.0.0 Safari/537.36',
  timestamp: '2026-02-13 18:46:10',
  level: 'info',
  message: 'Request'
}
{
  service: 'attendance-system',
  method: 'GET',
  url: '/api/announcements?_t=1770988565243',
  ip: '127.0.0.1',
  userAgent: 'Mozilla/5.0 (Windows NT 10.0; Win64; x64) AppleWebKit/537.36 (KHTML, like Gecko) Chrome/144.0.0.0 Safari/537.36',
  timestamp: '2026-02-13 18:46:10',
  level: 'info',
  message: 'Request'
}
{
  service: 'attendance-system',
  method: 'GET',
  url: '/api/announcements?_t=1770988567723',
  ip: '127.0.0.1',
  userAgent: 'Mozilla/5.0 (Windows NT 10.0; Win64; x64) AppleWebKit/537.36 (KHTML, like Gecko) Chrome/144.0.0.0 Safari/537.36',
  timestamp: '2026-02-13 18:46:10',
  level: 'info',
  message: 'Request'
}
{
  service: 'attendance-system',
  method: 'GET',
  url: '/api/announcements?_t=1770988565252',
  ip: '127.0.0.1',
  userAgent: 'Mozilla/5.0 (Windows NT 10.0; Win64; x64) AppleWebKit/537.36 (KHTML, like Gecko) Chrome/144.0.0.0 Safari/537.36',
  timestamp: '2026-02-13 18:46:10',
  level: 'info',
  message: 'Request'
}
{
  service: 'attendance-system',
  method: 'GET',
  url: '/?_t=1770988567707',
  statusCode: 200,
  duration: '38ms',
  contentLength: '459',
  level: 'info',
  message: 'Response',
  timestamp: '2026-02-13 18:46:10'
}
{
  service: 'attendance-system',
  method: 'GET',
  url: '/?_t=1770988565234',
  statusCode: 304,
  duration: '39ms',
  contentLength: 0,
  level: 'info',
  message: 'Response',
  timestamp: '2026-02-13 18:46:10'
}
{
  service: 'attendance-system',
  method: 'GET',
  url: '/?_t=1770988565242',
  statusCode: 304,
  duration: '46ms',
  contentLength: 0,
  level: 'info',
  message: 'Response',
  timestamp: '2026-02-13 18:46:10'
}
{
  service: 'attendance-system',
  method: 'GET',
  url: '/?_t=1770988565243',
  statusCode: 304,
  duration: '44ms',
  contentLength: 0,
  level: 'info',
  message: 'Response',
  timestamp: '2026-02-13 18:46:10'
}
{
  service: 'attendance-system',
  method: 'GET',
  url: '/?_t=1770988567723',
  statusCode: 200,
  duration: '42ms',
  contentLength: '459',
  level: 'info',
  message: 'Response',
  timestamp: '2026-02-13 18:46:10'
}
{
  service: 'attendance-system',
  method: 'GET',
  url: '/?_t=1770988565252',
  statusCode: 304,
  duration: '40ms',
  contentLength: 0,
  level: 'info',
  message: 'Response',
  timestamp: '2026-02-13 18:46:10'
}
{
  service: 'attendance-system',
  method: 'GET',
  url: '/api/announcements?_t=1770988567749',
  ip: '127.0.0.1',
  userAgent: 'Mozilla/5.0 (Windows NT 10.0; Win64; x64) AppleWebKit/537.36 (KHTML, like Gecko) Chrome/144.0.0.0 Safari/537.36',
  timestamp: '2026-02-13 18:46:10',
  level: 'info',
  message: 'Request'
}
{
  service: 'attendance-system',
  method: 'GET',
  url: '/api/announcements?_t=1770988565251',
  ip: '127.0.0.1',
  userAgent: 'Mozilla/5.0 (Windows NT 10.0; Win64; x64) AppleWebKit/537.36 (KHTML, like Gecko) Chrome/144.0.0.0 Safari/537.36',
  timestamp: '2026-02-13 18:46:10',
  level: 'info',
  message: 'Request'
}
{
  service: 'attendance-system',
  method: 'GET',
  url: '/api/announcements?_t=1770988565260',
  ip: '127.0.0.1',
  userAgent: 'Mozilla/5.0 (Windows NT 10.0; Win64; x64) AppleWebKit/537.36 (KHTML, like Gecko) Chrome/144.0.0.0 Safari/537.36',
  timestamp: '2026-02-13 18:46:10',
  level: 'info',
  message: 'Request'
}
{
  service: 'attendance-system',
  method: 'GET',
  url: '/api/announcements?_t=1770988567761',
  ip: '127.0.0.1',
  userAgent: 'Mozilla/5.0 (Windows NT 10.0; Win64; x64) AppleWebKit/537.36 (KHTML, like Gecko) Chrome/144.0.0.0 Safari/537.36',
  timestamp: '2026-02-13 18:46:10',
  level: 'info',
  message: 'Request'
}
{
  service: 'attendance-system',
  method: 'GET',
  url: '/api/announcements?_t=1770988565269',
  ip: '127.0.0.1',
  userAgent: 'Mozilla/5.0 (Windows NT 10.0; Win64; x64) AppleWebKit/537.36 (KHTML, like Gecko) Chrome/144.0.0.0 Safari/537.36',
  timestamp: '2026-02-13 18:46:10',
  level: 'info',
  message: 'Request'
}
{
  service: 'attendance-system',
  method: 'GET',
  url: '/api/announcements?_t=1770988567774',
  ip: '127.0.0.1',
  userAgent: 'Mozilla/5.0 (Windows NT 10.0; Win64; x64) AppleWebKit/537.36 (KHTML, like Gecko) Chrome/144.0.0.0 Safari/537.36',
  timestamp: '2026-02-13 18:46:10',
  level: 'info',
  message: 'Request'
}
{
  service: 'attendance-system',
  method: 'GET',
  url: '/?_t=1770988567749',
  statusCode: 200,
  duration: '39ms',
  contentLength: '459',
  level: 'info',
  message: 'Response',
  timestamp: '2026-02-13 18:46:10'
}
{
  service: 'attendance-system',
  method: 'GET',
  url: '/?_t=1770988565251',
  statusCode: 304,
  duration: '29ms',
  contentLength: 0,
  level: 'info',
  message: 'Response',
  timestamp: '2026-02-13 18:46:10'
}
{
  service: 'attendance-system',
  method: 'GET',
  url: '/?_t=1770988565260',
  statusCode: 304,
  duration: '23ms',
  contentLength: 0,
  level: 'info',
  message: 'Response',
  timestamp: '2026-02-13 18:46:10'
}
{
  service: 'attendance-system',
  method: 'GET',
  url: '/?_t=1770988567761',
  statusCode: 200,
  duration: '20ms',
  contentLength: '459',
  level: 'info',
  message: 'Response',
  timestamp: '2026-02-13 18:46:10'
}
{
  service: 'attendance-system',
  method: 'GET',
  url: '/?_t=1770988565269',
  statusCode: 304,
  duration: '19ms',
  contentLength: 0,
  level: 'info',
  message: 'Response',
  timestamp: '2026-02-13 18:46:10'
}
{
  service: 'attendance-system',
  method: 'GET',
  url: '/?_t=1770988567774',
  statusCode: 200,
  duration: '16ms',
  contentLength: '459',
  level: 'info',
  message: 'Response',
  timestamp: '2026-02-13 18:46:10'
}
{
  service: 'attendance-system',
  method: 'GET',
  url: '/api/announcements?_t=1770988567775',
  ip: '127.0.0.1',
  userAgent: 'Mozilla/5.0 (Windows NT 10.0; Win64; x64) AppleWebKit/537.36 (KHTML, like Gecko) Chrome/144.0.0.0 Safari/537.36',
  timestamp: '2026-02-13 18:46:10',
  level: 'info',
  message: 'Request'
}
{
  service: 'attendance-system',
  method: 'GET',
  url: '/api/announcements?_t=1770988565277',
  ip: '127.0.0.1',
  userAgent: 'Mozilla/5.0 (Windows NT 10.0; Win64; x64) AppleWebKit/537.36 (KHTML, like Gecko) Chrome/144.0.0.0 Safari/537.36',
  timestamp: '2026-02-13 18:46:10',
  level: 'info',
  message: 'Request'
}
{
  service: 'attendance-system',
  method: 'GET',
  url: '/api/announcements?_t=1770988567801',
  ip: '127.0.0.1',
  userAgent: 'Mozilla/5.0 (Windows NT 10.0; Win64; x64) AppleWebKit/537.36 (KHTML, like Gecko) Chrome/144.0.0.0 Safari/537.36',
  timestamp: '2026-02-13 18:46:10',
  level: 'info',
  message: 'Request'
}
{
  service: 'attendance-system',
  method: 'GET',
  url: '/api/announcements?_t=1770988565285',
  ip: '127.0.0.1',
  userAgent: 'Mozilla/5.0 (Windows NT 10.0; Win64; x64) AppleWebKit/537.36 (KHTML, like Gecko) Chrome/144.0.0.0 Safari/537.36',
  timestamp: '2026-02-13 18:46:10',
  level: 'info',
  message: 'Request'
}
{
  service: 'attendance-system',
  method: 'GET',
  url: '/api/announcements?_t=1770988567814',
  ip: '127.0.0.1',
  userAgent: 'Mozilla/5.0 (Windows NT 10.0; Win64; x64) AppleWebKit/537.36 (KHTML, like Gecko) Chrome/144.0.0.0 Safari/537.36',
  timestamp: '2026-02-13 18:46:10',
  level: 'info',
  message: 'Request'
}
{
  service: 'attendance-system',
  method: 'GET',
  url: '/api/announcements?_t=1770988565286',
  ip: '127.0.0.1',
  userAgent: 'Mozilla/5.0 (Windows NT 10.0; Win64; x64) AppleWebKit/537.36 (KHTML, like Gecko) Chrome/144.0.0.0 Safari/537.36',
  timestamp: '2026-02-13 18:46:10',
  level: 'info',
  message: 'Request'
}
{
  service: 'attendance-system',
  method: 'GET',
  url: '/?_t=1770988567775',
  statusCode: 200,
  duration: '20ms',
  contentLength: '459',
  level: 'info',
  message: 'Response',
  timestamp: '2026-02-13 18:46:10'
}
{
  service: 'attendance-system',
  method: 'GET',
  url: '/?_t=1770988565277',
  statusCode: 304,
  duration: '20ms',
  contentLength: 0,
  level: 'info',
  message: 'Response',
  timestamp: '2026-02-13 18:46:10'
}
{
  service: 'attendance-system',
  method: 'GET',
  url: '/?_t=1770988567801',
  statusCode: 200,
  duration: '18ms',
  contentLength: '459',
  level: 'info',
  message: 'Response',
  timestamp: '2026-02-13 18:46:10'
}
{
  service: 'attendance-system',
  method: 'GET',
  url: '/?_t=1770988565285',
  statusCode: 304,
  duration: '17ms',
  contentLength: 0,
  level: 'info',
  message: 'Response',
  timestamp: '2026-02-13 18:46:10'
}
{
  service: 'attendance-system',
  method: 'GET',
  url: '/?_t=1770988567814',
  statusCode: 200,
  duration: '15ms',
  contentLength: '459',
  level: 'info',
  message: 'Response',
  timestamp: '2026-02-13 18:46:10'
}
{
  service: 'attendance-system',
  method: 'GET',
  url: '/api/announcements?_t=1770988567839',
  ip: '127.0.0.1',
  userAgent: 'Mozilla/5.0 (Windows NT 10.0; Win64; x64) AppleWebKit/537.36 (KHTML, like Gecko) Chrome/144.0.0.0 Safari/537.36',
  timestamp: '2026-02-13 18:46:10',
  level: 'info',
  message: 'Request'
}
{
  service: 'attendance-system',
  method: 'GET',
  url: '/?_t=1770988565286',
  statusCode: 304,
  duration: '15ms',
  contentLength: 0,
  level: 'info',
  message: 'Response',
  timestamp: '2026-02-13 18:46:10'
}
{
  service: 'attendance-system',
  method: 'GET',
  url: '/api/announcements?_t=1770988565294',
  ip: '127.0.0.1',
  userAgent: 'Mozilla/5.0 (Windows NT 10.0; Win64; x64) AppleWebKit/537.36 (KHTML, like Gecko) Chrome/144.0.0.0 Safari/537.36',
  timestamp: '2026-02-13 18:46:10',
  level: 'info',
  message: 'Request'
}
{
  service: 'attendance-system',
  method: 'GET',
  url: '/api/announcements?_t=1770988565295',
  ip: '127.0.0.1',
  userAgent: 'Mozilla/5.0 (Windows NT 10.0; Win64; x64) AppleWebKit/537.36 (KHTML, like Gecko) Chrome/144.0.0.0 Safari/537.36',
  timestamp: '2026-02-13 18:46:10',
  level: 'info',
  message: 'Request'
}
{
  service: 'attendance-system',
  method: 'GET',
  url: '/api/announcements?_t=1770988567840',
  ip: '127.0.0.1',
  userAgent: 'Mozilla/5.0 (Windows NT 10.0; Win64; x64) AppleWebKit/537.36 (KHTML, like Gecko) Chrome/144.0.0.0 Safari/537.36',
  timestamp: '2026-02-13 18:46:10',
  level: 'info',
  message: 'Request'
}
{
  service: 'attendance-system',
  method: 'GET',
  url: '/api/announcements?_t=1770988567852',
  ip: '127.0.0.1',
  userAgent: 'Mozilla/5.0 (Windows NT 10.0; Win64; x64) AppleWebKit/537.36 (KHTML, like Gecko) Chrome/144.0.0.0 Safari/537.36',
  timestamp: '2026-02-13 18:46:10',
  level: 'info',
  message: 'Request'
}
{
  service: 'attendance-system',
  method: 'GET',
  url: '/api/announcements?_t=1770988564801',
  ip: '127.0.0.1',
  userAgent: 'Mozilla/5.0 (Windows NT 10.0; Win64; x64) AppleWebKit/537.36 (KHTML, like Gecko) Chrome/144.0.0.0 Safari/537.36',
  timestamp: '2026-02-13 18:46:10',
  level: 'info',
  message: 'Request'
}
{
  service: 'attendance-system',
  method: 'GET',
  url: '/?_t=1770988564801',
  statusCode: 304,
  duration: '610ms',
  contentLength: 0,
  level: 'info',
  message: 'Response',
  timestamp: '2026-02-13 18:46:11'
}
{
  service: 'attendance-system',
  method: 'GET',
  url: '/?_t=1770988567852',
  statusCode: 200,
  duration: '614ms',
  contentLength: '459',
  level: 'info',
  message: 'Response',
  timestamp: '2026-02-13 18:46:11'
}
{
  service: 'attendance-system',
  method: 'GET',
  url: '/?_t=1770988565295',
  statusCode: 304,
  duration: '621ms',
  contentLength: 0,
  level: 'info',
  message: 'Response',
  timestamp: '2026-02-13 18:46:11'
}
{
  service: 'attendance-system',
  method: 'GET',
  url: '/?_t=1770988567840',
  statusCode: 200,
  duration: '620ms',
  contentLength: '459',
  level: 'info',
  message: 'Response',
  timestamp: '2026-02-13 18:46:11'
}
{
  service: 'attendance-system',
  method: 'GET',
  url: '/?_t=1770988565294',
  statusCode: 304,
  duration: '626ms',
  contentLength: 0,
  level: 'info',
  message: 'Response',
  timestamp: '2026-02-13 18:46:11'
}
{
  service: 'attendance-system',
  method: 'GET',
  url: '/?_t=1770988567839',
  statusCode: 200,
  duration: '630ms',
  contentLength: '459',
  level: 'info',
  message: 'Response',
  timestamp: '2026-02-13 18:46:11'
}
{
  service: 'attendance-system',
  method: 'GET',
  url: '/api/announcements?_t=1770988567879',
  ip: '127.0.0.1',
  userAgent: 'Mozilla/5.0 (Windows NT 10.0; Win64; x64) AppleWebKit/537.36 (KHTML, like Gecko) Chrome/144.0.0.0 Safari/537.36',
  timestamp: '2026-02-13 18:46:11',
  level: 'info',
  message: 'Request'
}
{
  service: 'attendance-system',
  method: 'GET',
  url: '/api/announcements?_t=1770988567892',
  ip: '127.0.0.1',
  userAgent: 'Mozilla/5.0 (Windows NT 10.0; Win64; x64) AppleWebKit/537.36 (KHTML, like Gecko) Chrome/144.0.0.0 Safari/537.36',
  timestamp: '2026-02-13 18:46:11',
  level: 'info',
  message: 'Request'
}
{
  service: 'attendance-system',
  method: 'GET',
  url: '/api/announcements?_t=1770988564794',
  ip: '127.0.0.1',
  userAgent: 'Mozilla/5.0 (Windows NT 10.0; Win64; x64) AppleWebKit/537.36 (KHTML, like Gecko) Chrome/144.0.0.0 Safari/537.36',
  timestamp: '2026-02-13 18:46:11',
  level: 'info',
  message: 'Request'
}
{
  service: 'attendance-system',
  method: 'GET',
  url: '/api/announcements?_t=1770988567893',
  ip: '127.0.0.1',
  userAgent: 'Mozilla/5.0 (Windows NT 10.0; Win64; x64) AppleWebKit/537.36 (KHTML, like Gecko) Chrome/144.0.0.0 Safari/537.36',
  timestamp: '2026-02-13 18:46:11',
  level: 'info',
  message: 'Request'
}
{
  service: 'attendance-system',
  method: 'GET',
  url: '/api/announcements?_t=1770988564589',
  ip: '127.0.0.1',
  userAgent: 'Mozilla/5.0 (Windows NT 10.0; Win64; x64) AppleWebKit/537.36 (KHTML, like Gecko) Chrome/144.0.0.0 Safari/537.36',
  timestamp: '2026-02-13 18:46:11',
  level: 'info',
  message: 'Request'
}
{
  service: 'attendance-system',
  method: 'GET',
  url: '/api/announcements?_t=1770988567903',
  ip: '127.0.0.1',
  userAgent: 'Mozilla/5.0 (Windows NT 10.0; Win64; x64) AppleWebKit/537.36 (KHTML, like Gecko) Chrome/144.0.0.0 Safari/537.36',
  timestamp: '2026-02-13 18:46:11',
  level: 'info',
  message: 'Request'
}
{
  service: 'attendance-system',
  method: 'GET',
  url: '/?_t=1770988567892',
  statusCode: 200,
  duration: '15ms',
  contentLength: '459',
  level: 'info',
  message: 'Response',
  timestamp: '2026-02-13 18:46:11'
}
{
  service: 'attendance-system',
  method: 'GET',
  url: '/?_t=1770988567879',
  statusCode: 200,
  duration: '19ms',
  contentLength: '459',
  level: 'info',
  message: 'Response',
  timestamp: '2026-02-13 18:46:11'
}
{
  service: 'attendance-system',
  method: 'GET',
  url: '/?_t=1770988564794',
  statusCode: 304,
  duration: '15ms',
  contentLength: 0,
  level: 'info',
  message: 'Response',
  timestamp: '2026-02-13 18:46:11'
}
{
  service: 'attendance-system',
  method: 'GET',
  url: '/?_t=1770988567893',
  statusCode: 200,
  duration: '13ms',
  contentLength: '459',
  level: 'info',
  message: 'Response',
  timestamp: '2026-02-13 18:46:11'
}
{
  service: 'attendance-system',
  method: 'GET',
  url: '/?_t=1770988564589',
  statusCode: 304,
  duration: '12ms',
  contentLength: 0,
  level: 'info',
  message: 'Response',
  timestamp: '2026-02-13 18:46:11'
}
{
  service: 'attendance-system',
  method: 'GET',
  url: '/?_t=1770988567903',
  statusCode: 200,
  duration: '11ms',
  contentLength: '459',
  level: 'info',
  message: 'Response',
  timestamp: '2026-02-13 18:46:11'
}
{
  service: 'attendance-system',
  method: 'GET',
  url: '/api/announcements?_t=1770988567931',
  ip: '127.0.0.1',
  userAgent: 'Mozilla/5.0 (Windows NT 10.0; Win64; x64) AppleWebKit/537.36 (KHTML, like Gecko) Chrome/144.0.0.0 Safari/537.36',
  timestamp: '2026-02-13 18:46:11',
  level: 'info',
  message: 'Request'
}
{
  service: 'attendance-system',
  method: 'GET',
  url: '/api/announcements?_t=1770988565593',
  ip: '127.0.0.1',
  userAgent: 'Mozilla/5.0 (Windows NT 10.0; Win64; x64) AppleWebKit/537.36 (KHTML, like Gecko) Chrome/144.0.0.0 Safari/537.36',
  timestamp: '2026-02-13 18:46:11',
  level: 'info',
  message: 'Request'
}
{
  service: 'attendance-system',
  method: 'GET',
  url: '/api/announcements?_t=1770988568022',
  ip: '127.0.0.1',
  userAgent: 'Mozilla/5.0 (Windows NT 10.0; Win64; x64) AppleWebKit/537.36 (KHTML, like Gecko) Chrome/144.0.0.0 Safari/537.36',
  timestamp: '2026-02-13 18:46:11',
  level: 'info',
  message: 'Request'
}
{
  service: 'attendance-system',
  method: 'GET',
  url: '/api/announcements?_t=1770988564802',
  ip: '127.0.0.1',
  userAgent: 'Mozilla/5.0 (Windows NT 10.0; Win64; x64) AppleWebKit/537.36 (KHTML, like Gecko) Chrome/144.0.0.0 Safari/537.36',
  timestamp: '2026-02-13 18:46:11',
  level: 'info',
  message: 'Request'
}
{
  service: 'attendance-system',
  method: 'GET',
  url: '/api/announcements?_t=1770988568047',
  ip: '127.0.0.1',
  userAgent: 'Mozilla/5.0 (Windows NT 10.0; Win64; x64) AppleWebKit/537.36 (KHTML, like Gecko) Chrome/144.0.0.0 Safari/537.36',
  timestamp: '2026-02-13 18:46:11',
  level: 'info',
  message: 'Request'
}
{
  service: 'attendance-system',
  method: 'GET',
  url: '/api/announcements?_t=1770988564812',
  ip: '127.0.0.1',
  userAgent: 'Mozilla/5.0 (Windows NT 10.0; Win64; x64) AppleWebKit/537.36 (KHTML, like Gecko) Chrome/144.0.0.0 Safari/537.36',
  timestamp: '2026-02-13 18:46:11',
  level: 'info',
  message: 'Request'
}
{
  service: 'attendance-system',
  method: 'GET',
  url: '/?_t=1770988567931',
  statusCode: 200,
  duration: '15ms',
  contentLength: '459',
  level: 'info',
  message: 'Response',
  timestamp: '2026-02-13 18:46:11'
}
{
  service: 'attendance-system',
  method: 'GET',
  url: '/?_t=1770988565593',
  statusCode: 304,
  duration: '14ms',
  contentLength: 0,
  level: 'info',
  message: 'Response',
  timestamp: '2026-02-13 18:46:11'
}
{
  service: 'attendance-system',
  method: 'GET',
  url: '/api/announcements?_t=1770988568072',
  ip: '127.0.0.1',
  userAgent: 'Mozilla/5.0 (Windows NT 10.0; Win64; x64) AppleWebKit/537.36 (KHTML, like Gecko) Chrome/144.0.0.0 Safari/537.36',
  timestamp: '2026-02-13 18:46:11',
  level: 'info',
  message: 'Request'
}
{
  service: 'attendance-system',
  method: 'GET',
  url: '/?_t=1770988568022',
  statusCode: 200,
  duration: '18ms',
  contentLength: '459',
  level: 'info',
  message: 'Response',
  timestamp: '2026-02-13 18:46:11'
}
{
  service: 'attendance-system',
  method: 'GET',
  url: '/?_t=1770988564802',
  statusCode: 304,
  duration: '17ms',
  contentLength: 0,
  level: 'info',
  message: 'Response',
  timestamp: '2026-02-13 18:46:11'
}
{
  service: 'attendance-system',
  method: 'GET',
  url: '/api/announcements?_t=1770988568098',
  ip: '127.0.0.1',
  userAgent: 'Mozilla/5.0 (Windows NT 10.0; Win64; x64) AppleWebKit/537.36 (KHTML, like Gecko) Chrome/144.0.0.0 Safari/537.36',
  timestamp: '2026-02-13 18:46:11',
  level: 'info',
  message: 'Request'
}
{
  service: 'attendance-system',
  method: 'GET',
  url: '/?_t=1770988568047',
  statusCode: 200,
  duration: '17ms',
  contentLength: '459',
  level: 'info',
  message: 'Response',
  timestamp: '2026-02-13 18:46:11'
}
{
  service: 'attendance-system',
  method: 'GET',
  url: '/?_t=1770988564812',
  statusCode: 304,
  duration: '16ms',
  contentLength: 0,
  level: 'info',
  message: 'Response',
  timestamp: '2026-02-13 18:46:11'
}
{
  service: 'attendance-system',
  method: 'GET',
  url: '/api/announcements?_t=1770988564822',
  ip: '127.0.0.1',
  userAgent: 'Mozilla/5.0 (Windows NT 10.0; Win64; x64) AppleWebKit/537.36 (KHTML, like Gecko) Chrome/144.0.0.0 Safari/537.36',
  timestamp: '2026-02-13 18:46:11',
  level: 'info',
  message: 'Request'
}
{
  service: 'attendance-system',
  method: 'GET',
  url: '/api/announcements?_t=1770988565632',
  ip: '127.0.0.1',
  userAgent: 'Mozilla/5.0 (Windows NT 10.0; Win64; x64) AppleWebKit/537.36 (KHTML, like Gecko) Chrome/144.0.0.0 Safari/537.36',
  timestamp: '2026-02-13 18:46:11',
  level: 'info',
  message: 'Request'
}
{
  service: 'attendance-system',
  method: 'GET',
  url: '/?_t=1770988568072',
  statusCode: 200,
  duration: '17ms',
  contentLength: '459',
  level: 'info',
  message: 'Response',
  timestamp: '2026-02-13 18:46:11'
}
{
  service: 'attendance-system',
  method: 'GET',
  url: '/api/announcements?_t=1770988564830',
  ip: '127.0.0.1',
  userAgent: 'Mozilla/5.0 (Windows NT 10.0; Win64; x64) AppleWebKit/537.36 (KHTML, like Gecko) Chrome/144.0.0.0 Safari/537.36',
  timestamp: '2026-02-13 18:46:11',
  level: 'info',
  message: 'Request'
}
{
  service: 'attendance-system',
  method: 'GET',
  url: '/api/announcements?_t=1770988568112',
  ip: '127.0.0.1',
  userAgent: 'Mozilla/5.0 (Windows NT 10.0; Win64; x64) AppleWebKit/537.36 (KHTML, like Gecko) Chrome/144.0.0.0 Safari/537.36',
  timestamp: '2026-02-13 18:46:11',
  level: 'info',
  message: 'Request'
}
{
  service: 'attendance-system',
  method: 'GET',
  url: '/?_t=1770988568098',
  statusCode: 200,
  duration: '17ms',
  contentLength: '459',
  level: 'info',
  message: 'Response',
  timestamp: '2026-02-13 18:46:11'
}
{
  service: 'attendance-system',
  method: 'GET',
  url: '/api/announcements?_t=1770988564840',
  ip: '127.0.0.1',
  userAgent: 'Mozilla/5.0 (Windows NT 10.0; Win64; x64) AppleWebKit/537.36 (KHTML, like Gecko) Chrome/144.0.0.0 Safari/537.36',
  timestamp: '2026-02-13 18:46:11',
  level: 'info',
  message: 'Request'
}
{
  service: 'attendance-system',
  method: 'GET',
  url: '/?_t=1770988564822',
  statusCode: 304,
  duration: '16ms',
  contentLength: 0,
  level: 'info',
  message: 'Response',
  timestamp: '2026-02-13 18:46:11'
}
{
  service: 'attendance-system',
  method: 'GET',
  url: '/?_t=1770988565632',
  statusCode: 304,
  duration: '14ms',
  contentLength: 0,
  level: 'info',
  message: 'Response',
  timestamp: '2026-02-13 18:46:11'
}
{
  service: 'attendance-system',
  method: 'GET',
  url: '/api/announcements?_t=1770988568124',
  ip: '127.0.0.1',
  userAgent: 'Mozilla/5.0 (Windows NT 10.0; Win64; x64) AppleWebKit/537.36 (KHTML, like Gecko) Chrome/144.0.0.0 Safari/537.36',
  timestamp: '2026-02-13 18:46:11',
  level: 'info',
  message: 'Request'
}
{
  service: 'attendance-system',
  method: 'GET',
  url: '/?_t=1770988564830',
  statusCode: 304,
  duration: '15ms',
  contentLength: 0,
  level: 'info',
  message: 'Response',
  timestamp: '2026-02-13 18:46:11'
}
{
  service: 'attendance-system',
  method: 'GET',
  url: '/api/announcements?_t=1770988565668',
  ip: '127.0.0.1',
  userAgent: 'Mozilla/5.0 (Windows NT 10.0; Win64; x64) AppleWebKit/537.36 (KHTML, like Gecko) Chrome/144.0.0.0 Safari/537.36',
  timestamp: '2026-02-13 18:46:11',
  level: 'info',
  message: 'Request'
}
{
  service: 'attendance-system',
  method: 'GET',
  url: '/api/announcements?_t=1770988568136',
  ip: '127.0.0.1',
  userAgent: 'Mozilla/5.0 (Windows NT 10.0; Win64; x64) AppleWebKit/537.36 (KHTML, like Gecko) Chrome/144.0.0.0 Safari/537.36',
  timestamp: '2026-02-13 18:46:11',
  level: 'info',
  message: 'Request'
}
{
  service: 'attendance-system',
  method: 'GET',
  url: '/?_t=1770988568112',
  statusCode: 200,
  duration: '18ms',
  contentLength: '459',
  level: 'info',
  message: 'Response',
  timestamp: '2026-02-13 18:46:11'
}
{
  service: 'attendance-system',
  method: 'GET',
  url: '/?_t=1770988564840',
  statusCode: 304,
  duration: '15ms',
  contentLength: 0,
  level: 'info',
  message: 'Response',
  timestamp: '2026-02-13 18:46:11'
}
{
  service: 'attendance-system',
  method: 'GET',
  url: '/api/announcements?_t=1770988564849',
  ip: '127.0.0.1',
  userAgent: 'Mozilla/5.0 (Windows NT 10.0; Win64; x64) AppleWebKit/537.36 (KHTML, like Gecko) Chrome/144.0.0.0 Safari/537.36',
  timestamp: '2026-02-13 18:46:11',
  level: 'info',
  message: 'Request'
}
{
  service: 'attendance-system',
  method: 'GET',
  url: '/api/announcements?_t=1770988568148',
  ip: '127.0.0.1',
  userAgent: 'Mozilla/5.0 (Windows NT 10.0; Win64; x64) AppleWebKit/537.36 (KHTML, like Gecko) Chrome/144.0.0.0 Safari/537.36',
  timestamp: '2026-02-13 18:46:11',
  level: 'info',
  message: 'Request'
}
{
  service: 'attendance-system',
  method: 'GET',
  url: '/api/announcements?_t=1770988564850',
  ip: '127.0.0.1',
  userAgent: 'Mozilla/5.0 (Windows NT 10.0; Win64; x64) AppleWebKit/537.36 (KHTML, like Gecko) Chrome/144.0.0.0 Safari/537.36',
  timestamp: '2026-02-13 18:46:11',
  level: 'info',
  message: 'Request'
}
{
  service: 'attendance-system',
  method: 'GET',
  url: '/?_t=1770988568124',
  statusCode: 200,
  duration: '19ms',
  contentLength: '459',
  level: 'info',
  message: 'Response',
  timestamp: '2026-02-13 18:46:11'
}
{
  service: 'attendance-system',
  method: 'GET',
  url: '/?_t=1770988565668',
  statusCode: 304,
  duration: '16ms',
  contentLength: 0,
  level: 'info',
  message: 'Response',
  timestamp: '2026-02-13 18:46:11'
}
{
  service: 'attendance-system',
  method: 'GET',
  url: '/?_t=1770988568136',
  statusCode: 200,
  duration: '15ms',
  contentLength: '459',
  level: 'info',
  message: 'Response',
  timestamp: '2026-02-13 18:46:11'
}
{
  service: 'attendance-system',
  method: 'GET',
  url: '/api/announcements?_t=1770988565679',
  ip: '127.0.0.1',
  userAgent: 'Mozilla/5.0 (Windows NT 10.0; Win64; x64) AppleWebKit/537.36 (KHTML, like Gecko) Chrome/144.0.0.0 Safari/537.36',
  timestamp: '2026-02-13 18:46:11',
  level: 'info',
  message: 'Request'
}
{
  service: 'attendance-system',
  method: 'GET',
  url: '/?_t=1770988564849',
  statusCode: 304,
  duration: '15ms',
  contentLength: 0,
  level: 'info',
  message: 'Response',
  timestamp: '2026-02-13 18:46:11'
}
{
  service: 'attendance-system',
  method: 'GET',
  url: '/api/announcements?_t=1770988564663',
  ip: '127.0.0.1',
  userAgent: 'Mozilla/5.0 (Windows NT 10.0; Win64; x64) AppleWebKit/537.36 (KHTML, like Gecko) Chrome/144.0.0.0 Safari/537.36',
  timestamp: '2026-02-13 18:46:11',
  level: 'info',
  message: 'Request'
}
{
  service: 'attendance-system',
  method: 'GET',
  url: '/?_t=1770988568148',
  statusCode: 200,
  duration: '14ms',
  contentLength: '459',
  level: 'info',
  message: 'Response',
  timestamp: '2026-02-13 18:46:11'
}
{
  service: 'attendance-system',
  method: 'GET',
  url: '/?_t=1770988564850',
  statusCode: 304,
  duration: '13ms',
  contentLength: 0,
  level: 'info',
  message: 'Response',
  timestamp: '2026-02-13 18:46:11'
}
{
  service: 'attendance-system',
  method: 'GET',
  url: '/api/announcements?_t=1770988568163',
  ip: '127.0.0.1',
  userAgent: 'Mozilla/5.0 (Windows NT 10.0; Win64; x64) AppleWebKit/537.36 (KHTML, like Gecko) Chrome/144.0.0.0 Safari/537.36',
  timestamp: '2026-02-13 18:46:11',
  level: 'info',
  message: 'Request'
}
{
  service: 'attendance-system',
  method: 'GET',
  url: '/api/announcements?_t=1770988564860',
  ip: '127.0.0.1',
  userAgent: 'Mozilla/5.0 (Windows NT 10.0; Win64; x64) AppleWebKit/537.36 (KHTML, like Gecko) Chrome/144.0.0.0 Safari/537.36',
  timestamp: '2026-02-13 18:46:11',
  level: 'info',
  message: 'Request'
}
{
  service: 'attendance-system',
  method: 'GET',
  url: '/api/announcements?_t=1770988568178',
  ip: '127.0.0.1',
  userAgent: 'Mozilla/5.0 (Windows NT 10.0; Win64; x64) AppleWebKit/537.36 (KHTML, like Gecko) Chrome/144.0.0.0 Safari/537.36',
  timestamp: '2026-02-13 18:46:11',
  level: 'info',
  message: 'Request'
}
{
  service: 'attendance-system',
  method: 'GET',
  url: '/api/announcements?_t=1770988564664',
  ip: '127.0.0.1',
  userAgent: 'Mozilla/5.0 (Windows NT 10.0; Win64; x64) AppleWebKit/537.36 (KHTML, like Gecko) Chrome/144.0.0.0 Safari/537.36',
  timestamp: '2026-02-13 18:46:11',
  level: 'info',
  message: 'Request'
}
{
  service: 'attendance-system',
  method: 'GET',
  url: '/?_t=1770988565679',
  statusCode: 304,
  duration: '18ms',
  contentLength: 0,
  level: 'info',
  message: 'Response',
  timestamp: '2026-02-13 18:46:11'
}
{
  service: 'attendance-system',
  method: 'GET',
  url: '/?_t=1770988564663',
  statusCode: 304,
  duration: '16ms',
  contentLength: 0,
  level: 'info',
  message: 'Response',
  timestamp: '2026-02-13 18:46:11'
}
{
  service: 'attendance-system',
  method: 'GET',
  url: '/?_t=1770988568163',
  statusCode: 200,
  duration: '16ms',
  contentLength: '459',
  level: 'info',
  message: 'Response',
  timestamp: '2026-02-13 18:46:11'
}
{
  service: 'attendance-system',
  method: 'GET',
  url: '/?_t=1770988564860',
  statusCode: 304,
  duration: '15ms',
  contentLength: 0,
  level: 'info',
  message: 'Response',
  timestamp: '2026-02-13 18:46:11'
}
{
  service: 'attendance-system',
  method: 'GET',
  url: '/api/announcements?_t=1770988568192',
  ip: '127.0.0.1',
  userAgent: 'Mozilla/5.0 (Windows NT 10.0; Win64; x64) AppleWebKit/537.36 (KHTML, like Gecko) Chrome/144.0.0.0 Safari/537.36',
  timestamp: '2026-02-13 18:46:11',
  level: 'info',
  message: 'Request'
}
{
  service: 'attendance-system',
  method: 'GET',
  url: '/?_t=1770988568178',
  statusCode: 200,
  duration: '16ms',
  contentLength: '459',
  level: 'info',
  message: 'Response',
  timestamp: '2026-02-13 18:46:11'
}
{
  service: 'attendance-system',
  method: 'GET',
  url: '/?_t=1770988564664',
  statusCode: 304,
  duration: '15ms',
  contentLength: 0,
  level: 'info',
  message: 'Response',
  timestamp: '2026-02-13 18:46:11'
}
{
  service: 'attendance-system',
  method: 'GET',
  url: '/api/announcements?_t=1770988564869',
  ip: '127.0.0.1',
  userAgent: 'Mozilla/5.0 (Windows NT 10.0; Win64; x64) AppleWebKit/537.36 (KHTML, like Gecko) Chrome/144.0.0.0 Safari/537.36',
  timestamp: '2026-02-13 18:46:11',
  level: 'info',
  message: 'Request'
}
{
  service: 'attendance-system',
  method: 'GET',
  url: '/api/announcements?_t=1770988568583',
  ip: '127.0.0.1',
  userAgent: 'Mozilla/5.0 (Windows NT 10.0; Win64; x64) AppleWebKit/537.36 (KHTML, like Gecko) Chrome/144.0.0.0 Safari/537.36',
  timestamp: '2026-02-13 18:46:11',
  level: 'info',
  message: 'Request'
}
{
  service: 'attendance-system',
  method: 'GET',
  url: '/api/announcements?_t=1770988565719',
  ip: '127.0.0.1',
  userAgent: 'Mozilla/5.0 (Windows NT 10.0; Win64; x64) AppleWebKit/537.36 (KHTML, like Gecko) Chrome/144.0.0.0 Safari/537.36',
  timestamp: '2026-02-13 18:46:11',
  level: 'info',
  message: 'Request'
}
{
  service: 'attendance-system',
  method: 'GET',
  url: '/api/announcements?_t=1770988564598',
  ip: '127.0.0.1',
  userAgent: 'Mozilla/5.0 (Windows NT 10.0; Win64; x64) AppleWebKit/537.36 (KHTML, like Gecko) Chrome/144.0.0.0 Safari/537.36',
  timestamp: '2026-02-13 18:46:11',
  level: 'info',
  message: 'Request'
}
{
  service: 'attendance-system',
  method: 'GET',
  url: '/api/announcements?_t=1770988568595',
  ip: '127.0.0.1',
  userAgent: 'Mozilla/5.0 (Windows NT 10.0; Win64; x64) AppleWebKit/537.36 (KHTML, like Gecko) Chrome/144.0.0.0 Safari/537.36',
  timestamp: '2026-02-13 18:46:11',
  level: 'info',
  message: 'Request'
}
{
  service: 'attendance-system',
  method: 'GET',
  url: '/?_t=1770988568192',
  statusCode: 200,
  duration: '22ms',
  contentLength: '459',
  level: 'info',
  message: 'Response',
  timestamp: '2026-02-13 18:46:11'
}
{
  service: 'attendance-system',
  method: 'GET',
  url: '/?_t=1770988564869',
  statusCode: 304,
  duration: '16ms',
  contentLength: 0,
  level: 'info',
  message: 'Response',
  timestamp: '2026-02-13 18:46:11'
}
{
  service: 'attendance-system',
  method: 'GET',
  url: '/?_t=1770988568583',
  statusCode: 200,
  duration: '17ms',
  contentLength: '459',
  level: 'info',
  message: 'Response',
  timestamp: '2026-02-13 18:46:11'
}
{
  service: 'attendance-system',
  method: 'GET',
  url: '/?_t=1770988565719',
  statusCode: 304,
  duration: '15ms',
  contentLength: 0,
  level: 'info',
  message: 'Response',
  timestamp: '2026-02-13 18:46:11'
}
{
  service: 'attendance-system',
  method: 'GET',
  url: '/api/announcements?_t=1770988568596',
  ip: '127.0.0.1',
  userAgent: 'Mozilla/5.0 (Windows NT 10.0; Win64; x64) AppleWebKit/537.36 (KHTML, like Gecko) Chrome/144.0.0.0 Safari/537.36',
  timestamp: '2026-02-13 18:46:11',
  level: 'info',
  message: 'Request'
}
{
  service: 'attendance-system',
  method: 'GET',
  url: '/api/announcements?_t=1770988564674',
  ip: '127.0.0.1',
  userAgent: 'Mozilla/5.0 (Windows NT 10.0; Win64; x64) AppleWebKit/537.36 (KHTML, like Gecko) Chrome/144.0.0.0 Safari/537.36',
  timestamp: '2026-02-13 18:46:11',
  level: 'info',
  message: 'Request'
}
{
  service: 'attendance-system',
  method: 'GET',
  url: '/?_t=1770988564598',
  statusCode: 304,
  duration: '14ms',
  contentLength: 0,
  level: 'info',
  message: 'Response',
  timestamp: '2026-02-13 18:46:11'
}
{
  service: 'attendance-system',
  method: 'GET',
  url: '/?_t=1770988568595',
  statusCode: 200,
  duration: '13ms',
  contentLength: '459',
  level: 'info',
  message: 'Response',
  timestamp: '2026-02-13 18:46:11'
}
{
  service: 'attendance-system',
  method: 'GET',
  url: '/api/announcements?_t=1770988564870',
  ip: '127.0.0.1',
  userAgent: 'Mozilla/5.0 (Windows NT 10.0; Win64; x64) AppleWebKit/537.36 (KHTML, like Gecko) Chrome/144.0.0.0 Safari/537.36',
  timestamp: '2026-02-13 18:46:11',
  level: 'info',
  message: 'Request'
}
{
  service: 'attendance-system',
  method: 'GET',
  url: '/api/announcements?_t=1770988565705',
  ip: '127.0.0.1',
  userAgent: 'Mozilla/5.0 (Windows NT 10.0; Win64; x64) AppleWebKit/537.36 (KHTML, like Gecko) Chrome/144.0.0.0 Safari/537.36',
  timestamp: '2026-02-13 18:46:11',
  level: 'info',
  message: 'Request'
}
{
  service: 'attendance-system',
  method: 'GET',
  url: '/api/announcements?_t=1770988568611',
  ip: '127.0.0.1',
  userAgent: 'Mozilla/5.0 (Windows NT 10.0; Win64; x64) AppleWebKit/537.36 (KHTML, like Gecko) Chrome/144.0.0.0 Safari/537.36',
  timestamp: '2026-02-13 18:46:11',
  level: 'info',
  message: 'Request'
}
{
  service: 'attendance-system',
  method: 'GET',
  url: '/api/announcements?_t=1770988568643',
  ip: '127.0.0.1',
  userAgent: 'Mozilla/5.0 (Windows NT 10.0; Win64; x64) AppleWebKit/537.36 (KHTML, like Gecko) Chrome/144.0.0.0 Safari/537.36',
  timestamp: '2026-02-13 18:46:11',
  level: 'info',
  message: 'Request'
}
{
  service: 'attendance-system',
  method: 'GET',
  url: '/?_t=1770988568596',
  statusCode: 200,
  duration: '24ms',
  contentLength: '459',
  level: 'info',
  message: 'Response',
  timestamp: '2026-02-13 18:46:11'
}
{
  service: 'attendance-system',
  method: 'GET',
  url: '/?_t=1770988564674',
  statusCode: 304,
  duration: '24ms',
  contentLength: 0,
  level: 'info',
  message: 'Response',
  timestamp: '2026-02-13 18:46:11'
}
{
  service: 'attendance-system',
  method: 'GET',
  url: '/api/announcements?_t=1770988564881',
  ip: '127.0.0.1',
  userAgent: 'Mozilla/5.0 (Windows NT 10.0; Win64; x64) AppleWebKit/537.36 (KHTML, like Gecko) Chrome/144.0.0.0 Safari/537.36',
  timestamp: '2026-02-13 18:46:11',
  level: 'info',
  message: 'Request'
}
{
  service: 'attendance-system',
  method: 'GET',
  url: '/api/announcements?_t=1770988568654',
  ip: '127.0.0.1',
  userAgent: 'Mozilla/5.0 (Windows NT 10.0; Win64; x64) AppleWebKit/537.36 (KHTML, like Gecko) Chrome/144.0.0.0 Safari/537.36',
  timestamp: '2026-02-13 18:46:11',
  level: 'info',
  message: 'Request'
}
{
  service: 'attendance-system',
  method: 'GET',
  url: '/?_t=1770988564870',
  statusCode: 304,
  duration: '26ms',
  contentLength: 0,
  level: 'info',
  message: 'Response',
  timestamp: '2026-02-13 18:46:11'
}
{
  service: 'attendance-system',
  method: 'GET',
  url: '/?_t=1770988568643',
  statusCode: 200,
  duration: '19ms',
  contentLength: '459',
  level: 'info',
  message: 'Response',
  timestamp: '2026-02-13 18:46:11'
}
{
  service: 'attendance-system',
  method: 'GET',
  url: '/?_t=1770988565705',
  statusCode: 304,
  duration: '24ms',
  contentLength: 0,
  level: 'info',
  message: 'Response',
  timestamp: '2026-02-13 18:46:11'
}
{
  service: 'attendance-system',
  method: 'GET',
  url: '/?_t=1770988568611',
  statusCode: 200,
  duration: '22ms',
  contentLength: '459',
  level: 'info',
  message: 'Response',
  timestamp: '2026-02-13 18:46:11'
}
{
  service: 'attendance-system',
  method: 'GET',
  url: '/api/announcements?_t=1770988564891',
  ip: '127.0.0.1',
  userAgent: 'Mozilla/5.0 (Windows NT 10.0; Win64; x64) AppleWebKit/537.36 (KHTML, like Gecko) Chrome/144.0.0.0 Safari/537.36',
  timestamp: '2026-02-13 18:46:11',
  level: 'info',
  message: 'Request'
}
{
  service: 'attendance-system',
  method: 'GET',
  url: '/api/announcements?_t=1770988564899',
  ip: '127.0.0.1',
  userAgent: 'Mozilla/5.0 (Windows NT 10.0; Win64; x64) AppleWebKit/537.36 (KHTML, like Gecko) Chrome/144.0.0.0 Safari/537.36',
  timestamp: '2026-02-13 18:46:11',
  level: 'info',
  message: 'Request'
}
{
  service: 'attendance-system',
  method: 'GET',
  url: '/api/announcements?_t=1770988568661',
  ip: '127.0.0.1',
  userAgent: 'Mozilla/5.0 (Windows NT 10.0; Win64; x64) AppleWebKit/537.36 (KHTML, like Gecko) Chrome/144.0.0.0 Safari/537.36',
  timestamp: '2026-02-13 18:46:11',
  level: 'info',
  message: 'Request'
}
{
  service: 'attendance-system',
  method: 'GET',
  url: '/?_t=1770988564881',
  statusCode: 304,
  duration: '15ms',
  contentLength: 0,
  level: 'info',
  message: 'Response',
  timestamp: '2026-02-13 18:46:11'
}
{
  service: 'attendance-system',
  method: 'GET',
  url: '/?_t=1770988568654',
  statusCode: 200,
  duration: '15ms',
  contentLength: '459',
  level: 'info',
  message: 'Response',
  timestamp: '2026-02-13 18:46:11'
}
{
  service: 'attendance-system',
  method: 'GET',
  url: '/api/announcements?_t=1770988568662',
  ip: '127.0.0.1',
  userAgent: 'Mozilla/5.0 (Windows NT 10.0; Win64; x64) AppleWebKit/537.36 (KHTML, like Gecko) Chrome/144.0.0.0 Safari/537.36',
  timestamp: '2026-02-13 18:46:11',
  level: 'info',
  message: 'Request'
}
{
  service: 'attendance-system',
  method: 'GET',
  url: '/api/announcements?_t=1770988565754',
  ip: '127.0.0.1',
  userAgent: 'Mozilla/5.0 (Windows NT 10.0; Win64; x64) AppleWebKit/537.36 (KHTML, like Gecko) Chrome/144.0.0.0 Safari/537.36',
  timestamp: '2026-02-13 18:46:11',
  level: 'info',
  message: 'Request'
}
{
  service: 'attendance-system',
  method: 'GET',
  url: '/api/announcements?_t=1770988568675',
  ip: '127.0.0.1',
  userAgent: 'Mozilla/5.0 (Windows NT 10.0; Win64; x64) AppleWebKit/537.36 (KHTML, like Gecko) Chrome/144.0.0.0 Safari/537.36',
  timestamp: '2026-02-13 18:46:11',
  level: 'info',
  message: 'Request'
}
{
  service: 'attendance-system',
  method: 'GET',
  url: '/api/announcements?_t=1770988572336',
  ip: '127.0.0.1',
  userAgent: 'Mozilla/5.0 (Windows NT 10.0; Win64; x64) AppleWebKit/537.36 (KHTML, like Gecko) Chrome/144.0.0.0 Safari/537.36 Edg/144.0.0.0',
  timestamp: '2026-02-13 18:46:12',
  level: 'info',
  message: 'Request'
}
{
  service: 'attendance-system',
  method: 'GET',
  url: '/api/announcements?_t=1770988572337',
  ip: '127.0.0.1',
  userAgent: 'Mozilla/5.0 (Windows NT 10.0; Win64; x64) AppleWebKit/537.36 (KHTML, like Gecko) Chrome/144.0.0.0 Safari/537.36 Edg/144.0.0.0',
  timestamp: '2026-02-13 18:46:12',
  level: 'info',
  message: 'Request'
}
{
  service: 'attendance-system',
  method: 'GET',
  url: '/?_t=1770988564891',
  statusCode: 304,
  duration: '811ms',
  contentLength: 0,
  level: 'info',
  message: 'Response',
  timestamp: '2026-02-13 18:46:12'
}
{
  service: 'attendance-system',
  method: 'GET',
  url: '/?_t=1770988568662',
  statusCode: 200,
  duration: '804ms',
  contentLength: '459',
  level: 'info',
  message: 'Response',
  timestamp: '2026-02-13 18:46:12'
}
{
  service: 'attendance-system',
  method: 'GET',
  url: '/?_t=1770988572337',
  statusCode: 200,
  duration: '241ms',
  contentLength: '459',
  level: 'info',
  message: 'Response',
  timestamp: '2026-02-13 18:46:12'
}
{
  service: 'attendance-system',
  method: 'GET',
  url: '/api/announcements?_t=1770988564900',
  ip: '127.0.0.1',
  userAgent: 'Mozilla/5.0 (Windows NT 10.0; Win64; x64) AppleWebKit/537.36 (KHTML, like Gecko) Chrome/144.0.0.0 Safari/537.36',
  timestamp: '2026-02-13 18:46:12',
  level: 'info',
  message: 'Request'
}
{
  service: 'attendance-system',
  method: 'GET',
  url: '/api/announcements?_t=1770988568691',
  ip: '127.0.0.1',
  userAgent: 'Mozilla/5.0 (Windows NT 10.0; Win64; x64) AppleWebKit/537.36 (KHTML, like Gecko) Chrome/144.0.0.0 Safari/537.36',
  timestamp: '2026-02-13 18:46:12',
  level: 'info',
  message: 'Request'
}
{
  service: 'attendance-system',
  method: 'GET',
  url: '/?_t=1770988568661',
  statusCode: 200,
  duration: '824ms',
  contentLength: '459',
  level: 'info',
  message: 'Response',
  timestamp: '2026-02-13 18:46:12'
}
{
  service: 'attendance-system',
  method: 'GET',
  url: '/?_t=1770988565754',
  statusCode: 304,
  duration: '820ms',
  contentLength: 0,
  level: 'info',
  message: 'Response',
  timestamp: '2026-02-13 18:46:12'
}
{
  service: 'attendance-system',
  method: 'GET',
  url: '/?_t=1770988568675',
  statusCode: 200,
  duration: '819ms',
  contentLength: '459',
  level: 'info',
  message: 'Response',
  timestamp: '2026-02-13 18:46:12'
}
{
  service: 'attendance-system',
  method: 'GET',
  url: '/?_t=1770988564899',
  statusCode: 304,
  duration: '831ms',
  contentLength: 0,
  level: 'info',
  message: 'Response',
  timestamp: '2026-02-13 18:46:12'
}
{
  service: 'attendance-system',
  method: 'GET',
  url: '/?_t=1770988572336',
  statusCode: 200,
  duration: '265ms',
  contentLength: '459',
  level: 'info',
  message: 'Response',
  timestamp: '2026-02-13 18:46:12'
}
{
  service: 'attendance-system',
  method: 'GET',
  url: '/?_t=1770988564900',
  statusCode: 304,
  duration: '22ms',
  contentLength: 0,
  level: 'info',
  message: 'Response',
  timestamp: '2026-02-13 18:46:12'
}
{
  service: 'attendance-system',
  method: 'GET',
  url: '/?_t=1770988568691',
  statusCode: 200,
  duration: '19ms',
  contentLength: '459',
  level: 'info',
  message: 'Response',
  timestamp: '2026-02-13 18:46:12'
}
{
  service: 'attendance-system',
  method: 'GET',
  url: '/api/announcements?_t=1770988564599',
  ip: '127.0.0.1',
  userAgent: 'Mozilla/5.0 (Windows NT 10.0; Win64; x64) AppleWebKit/537.36 (KHTML, like Gecko) Chrome/144.0.0.0 Safari/537.36',
  timestamp: '2026-02-13 18:46:12',
  level: 'info',
  message: 'Request'
}
{
  service: 'attendance-system',
  method: 'GET',
  url: '/api/announcements?_t=1770988568707',
  ip: '127.0.0.1',
  userAgent: 'Mozilla/5.0 (Windows NT 10.0; Win64; x64) AppleWebKit/537.36 (KHTML, like Gecko) Chrome/144.0.0.0 Safari/537.36',
  timestamp: '2026-02-13 18:46:12',
  level: 'info',
  message: 'Request'
}
{
  service: 'attendance-system',
  method: 'GET',
  url: '/api/announcements?_t=1770988564682',
  ip: '127.0.0.1',
  userAgent: 'Mozilla/5.0 (Windows NT 10.0; Win64; x64) AppleWebKit/537.36 (KHTML, like Gecko) Chrome/144.0.0.0 Safari/537.36',
  timestamp: '2026-02-13 18:46:12',
  level: 'info',
  message: 'Request'
}
{
  service: 'attendance-system',
  method: 'GET',
  url: '/api/announcements?_t=1770988564909',
  ip: '127.0.0.1',
  userAgent: 'Mozilla/5.0 (Windows NT 10.0; Win64; x64) AppleWebKit/537.36 (KHTML, like Gecko) Chrome/144.0.0.0 Safari/537.36',
  timestamp: '2026-02-13 18:46:12',
  level: 'info',
  message: 'Request'
}
{
  service: 'attendance-system',
  method: 'GET',
  url: '/api/announcements?_t=1770988568720',
  ip: '127.0.0.1',
  userAgent: 'Mozilla/5.0 (Windows NT 10.0; Win64; x64) AppleWebKit/537.36 (KHTML, like Gecko) Chrome/144.0.0.0 Safari/537.36',
  timestamp: '2026-02-13 18:46:12',
  level: 'info',
  message: 'Request'
}
{
  service: 'attendance-system',
  method: 'GET',
  url: '/api/announcements?_t=1770988565792',
  ip: '127.0.0.1',
  userAgent: 'Mozilla/5.0 (Windows NT 10.0; Win64; x64) AppleWebKit/537.36 (KHTML, like Gecko) Chrome/144.0.0.0 Safari/537.36',
  timestamp: '2026-02-13 18:46:12',
  level: 'info',
  message: 'Request'
}
{
  service: 'attendance-system',
  method: 'GET',
  url: '/?_t=1770988564599',
  statusCode: 304,
  duration: '18ms',
  contentLength: 0,
  level: 'info',
  message: 'Response',
  timestamp: '2026-02-13 18:46:12'
}
{
  service: 'attendance-system',
  method: 'GET',
  url: '/?_t=1770988568707',
  statusCode: 200,
  duration: '16ms',
  contentLength: '459',
  level: 'info',
  message: 'Response',
  timestamp: '2026-02-13 18:46:12'
}
{
  service: 'attendance-system',
  method: 'GET',
  url: '/?_t=1770988564682',
  statusCode: 304,
  duration: '15ms',
  contentLength: 0,
  level: 'info',
  message: 'Response',
  timestamp: '2026-02-13 18:46:12'
}
{
  service: 'attendance-system',
  method: 'GET',
  url: '/?_t=1770988564909',
  statusCode: 304,
  duration: '13ms',
  contentLength: 0,
  level: 'info',
  message: 'Response',
  timestamp: '2026-02-13 18:46:12'
}
{
  service: 'attendance-system',
  method: 'GET',
  url: '/?_t=1770988568720',
  statusCode: 200,
  duration: '11ms',
  contentLength: '459',
  level: 'info',
  message: 'Response',
  timestamp: '2026-02-13 18:46:12'
}
{
  service: 'attendance-system',
  method: 'GET',
  url: '/?_t=1770988565792',
  statusCode: 304,
  duration: '10ms',
  contentLength: 0,
  level: 'info',
  message: 'Response',
  timestamp: '2026-02-13 18:46:12'
}
{
  service: 'attendance-system',
  method: 'GET',
  url: '/api/announcements?_t=1770988568745',
  ip: '127.0.0.1',
  userAgent: 'Mozilla/5.0 (Windows NT 10.0; Win64; x64) AppleWebKit/537.36 (KHTML, like Gecko) Chrome/144.0.0.0 Safari/537.36',
  timestamp: '2026-02-13 18:46:12',
  level: 'info',
  message: 'Request'
}
{
  service: 'attendance-system',
  method: 'GET',
  url: '/api/announcements?_t=1770988564608',
  ip: '127.0.0.1',
  userAgent: 'Mozilla/5.0 (Windows NT 10.0; Win64; x64) AppleWebKit/537.36 (KHTML, like Gecko) Chrome/144.0.0.0 Safari/537.36',
  timestamp: '2026-02-13 18:46:12',
  level: 'info',
  message: 'Request'
}
{
  service: 'attendance-system',
  method: 'GET',
  url: '/api/announcements?_t=1770988564560',
  ip: '127.0.0.1',
  userAgent: 'Mozilla/5.0 (Windows NT 10.0; Win64; x64) AppleWebKit/537.36 (KHTML, like Gecko) Chrome/144.0.0.0 Safari/537.36',
  timestamp: '2026-02-13 18:46:12',
  level: 'info',
  message: 'Request'
}
{
  service: 'attendance-system',
  method: 'GET',
  url: '/api/announcements?_t=1770988568759',
  ip: '127.0.0.1',
  userAgent: 'Mozilla/5.0 (Windows NT 10.0; Win64; x64) AppleWebKit/537.36 (KHTML, like Gecko) Chrome/144.0.0.0 Safari/537.36',
  timestamp: '2026-02-13 18:46:12',
  level: 'info',
  message: 'Request'
}
{
  service: 'attendance-system',
  method: 'GET',
  url: '/api/announcements?_t=1770988565815',
  ip: '127.0.0.1',
  userAgent: 'Mozilla/5.0 (Windows NT 10.0; Win64; x64) AppleWebKit/537.36 (KHTML, like Gecko) Chrome/144.0.0.0 Safari/537.36',
  timestamp: '2026-02-13 18:46:12',
  level: 'info',
  message: 'Request'
}
{
  service: 'attendance-system',
  method: 'GET',
  url: '/api/announcements?_t=1770988564919',
  ip: '127.0.0.1',
  userAgent: 'Mozilla/5.0 (Windows NT 10.0; Win64; x64) AppleWebKit/537.36 (KHTML, like Gecko) Chrome/144.0.0.0 Safari/537.36',
  timestamp: '2026-02-13 18:46:12',
  level: 'info',
  message: 'Request'
}
{
  service: 'attendance-system',
  method: 'GET',
  url: '/?_t=1770988568745',
  statusCode: 200,
  duration: '15ms',
  contentLength: '459',
  level: 'info',
  message: 'Response',
  timestamp: '2026-02-13 18:46:12'
}
{
  service: 'attendance-system',
  method: 'GET',
  url: '/?_t=1770988564608',
  statusCode: 304,
  duration: '13ms',
  contentLength: 0,
  level: 'info',
  message: 'Response',
  timestamp: '2026-02-13 18:46:12'
}
{
  service: 'attendance-system',
  method: 'GET',
  url: '/api/announcements?_t=1770988568768',
  ip: '127.0.0.1',
  userAgent: 'Mozilla/5.0 (Windows NT 10.0; Win64; x64) AppleWebKit/537.36 (KHTML, like Gecko) Chrome/144.0.0.0 Safari/537.36',
  timestamp: '2026-02-13 18:46:12',
  level: 'info',
  message: 'Request'
}
{
  service: 'attendance-system',
  method: 'GET',
  url: '/?_t=1770988564560',
  statusCode: 304,
  duration: '17ms',
  contentLength: 0,
  level: 'info',
  message: 'Response',
  timestamp: '2026-02-13 18:46:12'
}
{
  service: 'attendance-system',
  method: 'GET',
  url: '/?_t=1770988568759',
  statusCode: 200,
  duration: '16ms',
  contentLength: '459',
  level: 'info',
  message: 'Response',
  timestamp: '2026-02-13 18:46:12'
}
{
  service: 'attendance-system',
  method: 'GET',
  url: '/?_t=1770988565815',
  statusCode: 304,
  duration: '13ms',
  contentLength: 0,
  level: 'info',
  message: 'Response',
  timestamp: '2026-02-13 18:46:12'
}
{
  service: 'attendance-system',
  method: 'GET',
  url: '/api/announcements?_t=1770988564683',
  ip: '127.0.0.1',
  userAgent: 'Mozilla/5.0 (Windows NT 10.0; Win64; x64) AppleWebKit/537.36 (KHTML, like Gecko) Chrome/144.0.0.0 Safari/537.36',
  timestamp: '2026-02-13 18:46:12',
  level: 'info',
  message: 'Request'
}
{
  service: 'attendance-system',
  method: 'GET',
  url: '/?_t=1770988564919',
  statusCode: 304,
  duration: '14ms',
  contentLength: 0,
  level: 'info',
  message: 'Response',
  timestamp: '2026-02-13 18:46:12'
}
{
  service: 'attendance-system',
  method: 'GET',
  url: '/api/announcements?_t=1770988568781',
  ip: '127.0.0.1',
  userAgent: 'Mozilla/5.0 (Windows NT 10.0; Win64; x64) AppleWebKit/537.36 (KHTML, like Gecko) Chrome/144.0.0.0 Safari/537.36',
  timestamp: '2026-02-13 18:46:12',
  level: 'info',
  message: 'Request'
}
{
  service: 'attendance-system',
  method: 'GET',
  url: '/api/announcements?_t=1770988564618',
  ip: '127.0.0.1',
  userAgent: 'Mozilla/5.0 (Windows NT 10.0; Win64; x64) AppleWebKit/537.36 (KHTML, like Gecko) Chrome/144.0.0.0 Safari/537.36',
  timestamp: '2026-02-13 18:46:12',
  level: 'info',
  message: 'Request'
}
{
  service: 'attendance-system',
  method: 'GET',
  url: '/api/announcements?_t=1770988565844',
  ip: '127.0.0.1',
  userAgent: 'Mozilla/5.0 (Windows NT 10.0; Win64; x64) AppleWebKit/537.36 (KHTML, like Gecko) Chrome/144.0.0.0 Safari/537.36',
  timestamp: '2026-02-13 18:46:12',
  level: 'info',
  message: 'Request'
}
{
  service: 'attendance-system',
  method: 'GET',
  url: '/api/announcements?_t=1770988568794',
  ip: '127.0.0.1',
  userAgent: 'Mozilla/5.0 (Windows NT 10.0; Win64; x64) AppleWebKit/537.36 (KHTML, like Gecko) Chrome/144.0.0.0 Safari/537.36',
  timestamp: '2026-02-13 18:46:12',
  level: 'info',
  message: 'Request'
}
{
  service: 'attendance-system',
  method: 'GET',
  url: '/?_t=1770988568768',
  statusCode: 200,
  duration: '19ms',
  contentLength: '459',
  level: 'info',
  message: 'Response',
  timestamp: '2026-02-13 18:46:12'
}
{
  service: 'attendance-system',
  method: 'GET',
  url: '/api/announcements?_t=1770988564928',
  ip: '127.0.0.1',
  userAgent: 'Mozilla/5.0 (Windows NT 10.0; Win64; x64) AppleWebKit/537.36 (KHTML, like Gecko) Chrome/144.0.0.0 Safari/537.36',
  timestamp: '2026-02-13 18:46:12',
  level: 'info',
  message: 'Request'
}
{
  service: 'attendance-system',
  method: 'GET',
  url: '/?_t=1770988564683',
  statusCode: 304,
  duration: '25ms',
  contentLength: 0,
  level: 'info',
  message: 'Response',
  timestamp: '2026-02-13 18:46:12'
}
{
  service: 'attendance-system',
  method: 'GET',
  url: '/?_t=1770988568781',
  statusCode: 200,
  duration: '23ms',
  contentLength: '459',
  level: 'info',
  message: 'Response',
  timestamp: '2026-02-13 18:46:12'
}
{
  service: 'attendance-system',
  method: 'GET',
  url: '/api/announcements?_t=1770988564929',
  ip: '127.0.0.1',
  userAgent: 'Mozilla/5.0 (Windows NT 10.0; Win64; x64) AppleWebKit/537.36 (KHTML, like Gecko) Chrome/144.0.0.0 Safari/537.36',
  timestamp: '2026-02-13 18:46:12',
  level: 'info',
  message: 'Request'
}
{
  service: 'attendance-system',
  method: 'GET',
  url: '/?_t=1770988564618',
  statusCode: 304,
  duration: '26ms',
  contentLength: 0,
  level: 'info',
  message: 'Response',
  timestamp: '2026-02-13 18:46:12'
}
{
  service: 'attendance-system',
  method: 'GET',
  url: '/?_t=1770988565844',
  statusCode: 304,
  duration: '25ms',
  contentLength: 0,
  level: 'info',
  message: 'Response',
  timestamp: '2026-02-13 18:46:12'
}
{
  service: 'attendance-system',
  method: 'GET',
  url: '/api/announcements?_t=1770988565865',
  ip: '127.0.0.1',
  userAgent: 'Mozilla/5.0 (Windows NT 10.0; Win64; x64) AppleWebKit/537.36 (KHTML, like Gecko) Chrome/144.0.0.0 Safari/537.36',
  timestamp: '2026-02-13 18:46:12',
  level: 'info',
  message: 'Request'
}
{
  service: 'attendance-system',
  method: 'GET',
  url: '/?_t=1770988568794',
  statusCode: 200,
  duration: '26ms',
  contentLength: '459',
  level: 'info',
  message: 'Response',
  timestamp: '2026-02-13 18:46:12'
}
{
  service: 'attendance-system',
  method: 'GET',
  url: '/?_t=1770988564928',
  statusCode: 304,
  duration: '21ms',
  contentLength: 0,
  level: 'info',
  message: 'Response',
  timestamp: '2026-02-13 18:46:12'
}
{
  service: 'attendance-system',
  method: 'GET',
  url: '/api/announcements?_t=1770988564939',
  ip: '127.0.0.1',
  userAgent: 'Mozilla/5.0 (Windows NT 10.0; Win64; x64) AppleWebKit/537.36 (KHTML, like Gecko) Chrome/144.0.0.0 Safari/537.36',
  timestamp: '2026-02-13 18:46:12',
  level: 'info',
  message: 'Request'
}
{
  service: 'attendance-system',
  method: 'GET',
  url: '/api/announcements?_t=1770988568818',
  ip: '127.0.0.1',
  userAgent: 'Mozilla/5.0 (Windows NT 10.0; Win64; x64) AppleWebKit/537.36 (KHTML, like Gecko) Chrome/144.0.0.0 Safari/537.36',
  timestamp: '2026-02-13 18:46:12',
  level: 'info',
  message: 'Request'
}
{
  service: 'attendance-system',
  method: 'GET',
  url: '/?_t=1770988564929',
  statusCode: 304,
  duration: '17ms',
  contentLength: 0,
  level: 'info',
  message: 'Response',
  timestamp: '2026-02-13 18:46:12'
}
{
  service: 'attendance-system',
  method: 'GET',
  url: '/api/announcements?_t=1770988564949',
  ip: '127.0.0.1',
  userAgent: 'Mozilla/5.0 (Windows NT 10.0; Win64; x64) AppleWebKit/537.36 (KHTML, like Gecko) Chrome/144.0.0.0 Safari/537.36',
  timestamp: '2026-02-13 18:46:12',
  level: 'info',
  message: 'Request'
}
{
  service: 'attendance-system',
  method: 'GET',
  url: '/api/announcements?_t=1770988564699',
  ip: '127.0.0.1',
  userAgent: 'Mozilla/5.0 (Windows NT 10.0; Win64; x64) AppleWebKit/537.36 (KHTML, like Gecko) Chrome/144.0.0.0 Safari/537.36',
  timestamp: '2026-02-13 18:46:12',
  level: 'info',
  message: 'Request'
}
{
  service: 'attendance-system',
  method: 'GET',
  url: '/?_t=1770988565865',
  statusCode: 304,
  duration: '19ms',
  contentLength: 0,
  level: 'info',
  message: 'Response',
  timestamp: '2026-02-13 18:46:12'
}
{
  service: 'attendance-system',
  method: 'GET',
  url: '/api/announcements?_t=1770988568828',
  ip: '127.0.0.1',
  userAgent: 'Mozilla/5.0 (Windows NT 10.0; Win64; x64) AppleWebKit/537.36 (KHTML, like Gecko) Chrome/144.0.0.0 Safari/537.36',
  timestamp: '2026-02-13 18:46:12',
  level: 'info',
  message: 'Request'
}
{
  service: 'attendance-system',
  method: 'GET',
  url: '/api/announcements?_t=1770988565886',
  ip: '127.0.0.1',
  userAgent: 'Mozilla/5.0 (Windows NT 10.0; Win64; x64) AppleWebKit/537.36 (KHTML, like Gecko) Chrome/144.0.0.0 Safari/537.36',
  timestamp: '2026-02-13 18:46:12',
  level: 'info',
  message: 'Request'
}
{
  service: 'attendance-system',
  method: 'GET',
  url: '/?_t=1770988564939',
  statusCode: 304,
  duration: '30ms',
  contentLength: 0,
  level: 'info',
  message: 'Response',
  timestamp: '2026-02-13 18:46:12'
}
{
  service: 'attendance-system',
  method: 'GET',
  url: '/?_t=1770988564949',
  statusCode: 304,
  duration: '24ms',
  contentLength: 0,
  level: 'info',
  message: 'Response',
  timestamp: '2026-02-13 18:46:12'
}
{
  service: 'attendance-system',
  method: 'GET',
  url: '/?_t=1770988564699',
  statusCode: 304,
  duration: '22ms',
  contentLength: 0,
  level: 'info',
  message: 'Response',
  timestamp: '2026-02-13 18:46:12'
}
{
  service: 'attendance-system',
  method: 'GET',
  url: '/?_t=1770988568818',
  statusCode: 200,
  duration: '30ms',
  contentLength: '459',
  level: 'info',
  message: 'Response',
  timestamp: '2026-02-13 18:46:12'
}
{
  service: 'attendance-system',
  method: 'GET',
  url: '/api/announcements?_t=1770988564940',
  ip: '127.0.0.1',
  userAgent: 'Mozilla/5.0 (Windows NT 10.0; Win64; x64) AppleWebKit/537.36 (KHTML, like Gecko) Chrome/144.0.0.0 Safari/537.36',
  timestamp: '2026-02-13 18:46:12',
  level: 'info',
  message: 'Request'
}
{
  service: 'attendance-system',
  method: 'GET',
  url: '/?_t=1770988565886',
  statusCode: 304,
  duration: '20ms',
  contentLength: 0,
  level: 'info',
  message: 'Response',
  timestamp: '2026-02-13 18:46:12'
}
{
  service: 'attendance-system',
  method: 'GET',
  url: '/api/announcements?_t=1770988568856',
  ip: '127.0.0.1',
  userAgent: 'Mozilla/5.0 (Windows NT 10.0; Win64; x64) AppleWebKit/537.36 (KHTML, like Gecko) Chrome/144.0.0.0 Safari/537.36',
  timestamp: '2026-02-13 18:46:12',
  level: 'info',
  message: 'Request'
}
{
  service: 'attendance-system',
  method: 'GET',
  url: '/api/announcements?_t=1770988564709',
  ip: '127.0.0.1',
  userAgent: 'Mozilla/5.0 (Windows NT 10.0; Win64; x64) AppleWebKit/537.36 (KHTML, like Gecko) Chrome/144.0.0.0 Safari/537.36',
  timestamp: '2026-02-13 18:46:12',
  level: 'info',
  message: 'Request'
}
{
  service: 'attendance-system',
  method: 'GET',
  url: '/?_t=1770988568828',
  statusCode: 200,
  duration: '29ms',
  contentLength: '459',
  level: 'info',
  message: 'Response',
  timestamp: '2026-02-13 18:46:12'
}
{
  service: 'attendance-system',
  method: 'GET',
  url: '/api/announcements?_t=1770988564716',
  ip: '127.0.0.1',
  userAgent: 'Mozilla/5.0 (Windows NT 10.0; Win64; x64) AppleWebKit/537.36 (KHTML, like Gecko) Chrome/144.0.0.0 Safari/537.36',
  timestamp: '2026-02-13 18:46:12',
  level: 'info',
  message: 'Request'
}
{
  service: 'attendance-system',
  method: 'GET',
  url: '/api/announcements?_t=1770988568871',
  ip: '127.0.0.1',
  userAgent: 'Mozilla/5.0 (Windows NT 10.0; Win64; x64) AppleWebKit/537.36 (KHTML, like Gecko) Chrome/144.0.0.0 Safari/537.36',
  timestamp: '2026-02-13 18:46:12',
  level: 'info',
  message: 'Request'
}
{
  service: 'attendance-system',
  method: 'GET',
  url: '/?_t=1770988564940',
  statusCode: 304,
  duration: '15ms',
  contentLength: 0,
  level: 'info',
  message: 'Response',
  timestamp: '2026-02-13 18:46:12'
}
{
  service: 'attendance-system',
  method: 'GET',
  url: '/api/announcements?_t=1770988568872',
  ip: '127.0.0.1',
  userAgent: 'Mozilla/5.0 (Windows NT 10.0; Win64; x64) AppleWebKit/537.36 (KHTML, like Gecko) Chrome/144.0.0.0 Safari/537.36',
  timestamp: '2026-02-13 18:46:12',
  level: 'info',
  message: 'Request'
}
{
  service: 'attendance-system',
  method: 'GET',
  url: '/?_t=1770988568856',
  statusCode: 200,
  duration: '17ms',
  contentLength: '459',
  level: 'info',
  message: 'Response',
  timestamp: '2026-02-13 18:46:12'
}
{
  service: 'attendance-system',
  method: 'GET',
  url: '/api/announcements?_t=1770988564959',
  ip: '127.0.0.1',
  userAgent: 'Mozilla/5.0 (Windows NT 10.0; Win64; x64) AppleWebKit/537.36 (KHTML, like Gecko) Chrome/144.0.0.0 Safari/537.36',
  timestamp: '2026-02-13 18:46:12',
  level: 'info',
  message: 'Request'
}
{
  service: 'attendance-system',
  method: 'GET',
  url: '/?_t=1770988564709',
  statusCode: 304,
  duration: '19ms',
  contentLength: 0,
  level: 'info',
  message: 'Response',
  timestamp: '2026-02-13 18:46:12'
}
{
  service: 'attendance-system',
  method: 'GET',
  url: '/?_t=1770988564716',
  statusCode: 304,
  duration: '16ms',
  contentLength: 0,
  level: 'info',
  message: 'Response',
  timestamp: '2026-02-13 18:46:12'
}
{
  service: 'attendance-system',
  method: 'GET',
  url: '/?_t=1770988568871',
  statusCode: 200,
  duration: '14ms',
  contentLength: '459',
  level: 'info',
  message: 'Response',
  timestamp: '2026-02-13 18:46:12'
}
{
  service: 'attendance-system',
  method: 'GET',
  url: '/api/announcements?_t=1770988564968',
  ip: '127.0.0.1',
  userAgent: 'Mozilla/5.0 (Windows NT 10.0; Win64; x64) AppleWebKit/537.36 (KHTML, like Gecko) Chrome/144.0.0.0 Safari/537.36',
  timestamp: '2026-02-13 18:46:12',
  level: 'info',
  message: 'Request'
}
{
  service: 'attendance-system',
  method: 'GET',
  url: '/?_t=1770988568872',
  statusCode: 200,
  duration: '14ms',
  contentLength: '459',
  level: 'info',
  message: 'Response',
  timestamp: '2026-02-13 18:46:12'
}
{
  service: 'attendance-system',
  method: 'GET',
  url: '/api/announcements?_t=1770988568897',
  ip: '127.0.0.1',
  userAgent: 'Mozilla/5.0 (Windows NT 10.0; Win64; x64) AppleWebKit/537.36 (KHTML, like Gecko) Chrome/144.0.0.0 Safari/537.36',
  timestamp: '2026-02-13 18:46:12',
  level: 'info',
  message: 'Request'
}
{
  service: 'attendance-system',
  method: 'GET',
  url: '/api/announcements?_t=1770988564717',
  ip: '127.0.0.1',
  userAgent: 'Mozilla/5.0 (Windows NT 10.0; Win64; x64) AppleWebKit/537.36 (KHTML, like Gecko) Chrome/144.0.0.0 Safari/537.36',
  timestamp: '2026-02-13 18:46:12',
  level: 'info',
  message: 'Request'
}
{
  service: 'attendance-system',
  method: 'GET',
  url: '/?_t=1770988564959',
  statusCode: 304,
  duration: '16ms',
  contentLength: 0,
  level: 'info',
  message: 'Response',
  timestamp: '2026-02-13 18:46:12'
}
{
  service: 'attendance-system',
  method: 'GET',
  url: '/api/announcements?_t=1770988568913',
  ip: '127.0.0.1',
  userAgent: 'Mozilla/5.0 (Windows NT 10.0; Win64; x64) AppleWebKit/537.36 (KHTML, like Gecko) Chrome/144.0.0.0 Safari/537.36',
  timestamp: '2026-02-13 18:46:12',
  level: 'info',
  message: 'Request'
}
{
  service: 'attendance-system',
  method: 'GET',
  url: '/api/announcements?_t=1770988565932',
  ip: '127.0.0.1',
  userAgent: 'Mozilla/5.0 (Windows NT 10.0; Win64; x64) AppleWebKit/537.36 (KHTML, like Gecko) Chrome/144.0.0.0 Safari/537.36',
  timestamp: '2026-02-13 18:46:12',
  level: 'info',
  message: 'Request'
}
{
  service: 'attendance-system',
  method: 'GET',
  url: '/?_t=1770988564968',
  statusCode: 304,
  duration: '16ms',
  contentLength: 0,
  level: 'info',
  message: 'Response',
  timestamp: '2026-02-13 18:46:12'
}
{
  service: 'attendance-system',
  method: 'GET',
  url: '/api/announcements?_t=1770988564976',
  ip: '127.0.0.1',
  userAgent: 'Mozilla/5.0 (Windows NT 10.0; Win64; x64) AppleWebKit/537.36 (KHTML, like Gecko) Chrome/144.0.0.0 Safari/537.36',
  timestamp: '2026-02-13 18:46:12',
  level: 'info',
  message: 'Request'
}
{
  service: 'attendance-system',
  method: 'GET',
  url: '/api/announcements?_t=1770988568924',
  ip: '127.0.0.1',
  userAgent: 'Mozilla/5.0 (Windows NT 10.0; Win64; x64) AppleWebKit/537.36 (KHTML, like Gecko) Chrome/144.0.0.0 Safari/537.36',
  timestamp: '2026-02-13 18:46:12',
  level: 'info',
  message: 'Request'
}
{
  service: 'attendance-system',
  method: 'GET',
  url: '/?_t=1770988568897',
  statusCode: 200,
  duration: '18ms',
  contentLength: '459',
  level: 'info',
  message: 'Response',
  timestamp: '2026-02-13 18:46:12'
}
{
  service: 'attendance-system',
  method: 'GET',
  url: '/?_t=1770988564717',
  statusCode: 304,
  duration: '17ms',
  contentLength: 0,
  level: 'info',
  message: 'Response',
  timestamp: '2026-02-13 18:46:12'
}
{
  service: 'attendance-system',
  method: 'GET',
  url: '/?_t=1770988568913',
  statusCode: 200,
  duration: '15ms',
  contentLength: '459',
  level: 'info',
  message: 'Response',
  timestamp: '2026-02-13 18:46:12'
}
{
  service: 'attendance-system',
  method: 'GET',
  url: '/?_t=1770988565932',
  statusCode: 304,
  duration: '12ms',
  contentLength: 0,
  level: 'info',
  message: 'Response',
  timestamp: '2026-02-13 18:46:12'
}
{
  service: 'attendance-system',
  method: 'GET',
  url: '/api/announcements?_t=1770988564977',
  ip: '127.0.0.1',
  userAgent: 'Mozilla/5.0 (Windows NT 10.0; Win64; x64) AppleWebKit/537.36 (KHTML, like Gecko) Chrome/144.0.0.0 Safari/537.36',
  timestamp: '2026-02-13 18:46:12',
  level: 'info',
  message: 'Request'
}
{
  service: 'attendance-system',
  method: 'GET',
  url: '/api/announcements?_t=1770988568935',
  ip: '127.0.0.1',
  userAgent: 'Mozilla/5.0 (Windows NT 10.0; Win64; x64) AppleWebKit/537.36 (KHTML, like Gecko) Chrome/144.0.0.0 Safari/537.36',
  timestamp: '2026-02-13 18:46:12',
  level: 'info',
  message: 'Request'
}
{
  service: 'attendance-system',
  method: 'GET',
  url: '/?_t=1770988564976',
  statusCode: 304,
  duration: '15ms',
  contentLength: 0,
  level: 'info',
  message: 'Response',
  timestamp: '2026-02-13 18:46:12'
}
{
  service: 'attendance-system',
  method: 'GET',
  url: '/?_t=1770988568924',
  statusCode: 200,
  duration: '13ms',
  contentLength: '459',
  level: 'info',
  message: 'Response',
  timestamp: '2026-02-13 18:46:12'
}
{
  service: 'attendance-system',
  method: 'GET',
  url: '/api/announcements?_t=1770988564570',
  ip: '127.0.0.1',
  userAgent: 'Mozilla/5.0 (Windows NT 10.0; Win64; x64) AppleWebKit/537.36 (KHTML, like Gecko) Chrome/144.0.0.0 Safari/537.36',
  timestamp: '2026-02-13 18:46:12',
  level: 'info',
  message: 'Request'
}
{
  service: 'attendance-system',
  method: 'GET',
  url: '/api/announcements?_t=1770988568949',
  ip: '127.0.0.1',
  userAgent: 'Mozilla/5.0 (Windows NT 10.0; Win64; x64) AppleWebKit/537.36 (KHTML, like Gecko) Chrome/144.0.0.0 Safari/537.36',
  timestamp: '2026-02-13 18:46:12',
  level: 'info',
  message: 'Request'
}
{
  service: 'attendance-system',
  method: 'GET',
  url: '/api/announcements?_t=1770988566576',
  ip: '127.0.0.1',
  userAgent: 'Mozilla/5.0 (Windows NT 10.0; Win64; x64) AppleWebKit/537.36 (KHTML, like Gecko) Chrome/144.0.0.0 Safari/537.36',
  timestamp: '2026-02-13 18:46:12',
  level: 'info',
  message: 'Request'
}
{
  service: 'attendance-system',
  method: 'GET',
  url: '/api/announcements?_t=1770988568960',
  ip: '127.0.0.1',
  userAgent: 'Mozilla/5.0 (Windows NT 10.0; Win64; x64) AppleWebKit/537.36 (KHTML, like Gecko) Chrome/144.0.0.0 Safari/537.36',
  timestamp: '2026-02-13 18:46:12',
  level: 'info',
  message: 'Request'
}
{
  service: 'attendance-system',
  method: 'GET',
  url: '/?_t=1770988564977',
  statusCode: 304,
  duration: '795ms',
  contentLength: 0,
  level: 'info',
  message: 'Response',
  timestamp: '2026-02-13 18:46:13'
}
{
  service: 'attendance-system',
  method: 'GET',
  url: '/?_t=1770988568935',
  statusCode: 200,
  duration: '792ms',
  contentLength: '459',
  level: 'info',
  message: 'Response',
  timestamp: '2026-02-13 18:46:13'
}
{
  service: 'attendance-system',
  method: 'GET',
  url: '/?_t=1770988564570',
  statusCode: 304,
  duration: '790ms',
  contentLength: 0,
  level: 'info',
  message: 'Response',
  timestamp: '2026-02-13 18:46:13'
}
{
  service: 'attendance-system',
  method: 'GET',
  url: '/api/announcements?_t=1770988564726',
  ip: '127.0.0.1',
  userAgent: 'Mozilla/5.0 (Windows NT 10.0; Win64; x64) AppleWebKit/537.36 (KHTML, like Gecko) Chrome/144.0.0.0 Safari/537.36',
  timestamp: '2026-02-13 18:46:13',
  level: 'info',
  message: 'Request'
}
{
  service: 'attendance-system',
  method: 'GET',
  url: '/?_t=1770988568949',
  statusCode: 200,
  duration: '792ms',
  contentLength: '459',
  level: 'info',
  message: 'Response',
  timestamp: '2026-02-13 18:46:13'
}
{
  service: 'attendance-system',
  method: 'GET',
  url: '/?_t=1770988568960',
  statusCode: 200,
  duration: '787ms',
  contentLength: '459',
  level: 'info',
  message: 'Response',
  timestamp: '2026-02-13 18:46:13'
}
{
  service: 'attendance-system',
  method: 'GET',
  url: '/?_t=1770988566576',
  statusCode: 304,
  duration: '790ms',
  contentLength: 0,
  level: 'info',
  message: 'Response',
  timestamp: '2026-02-13 18:46:13'
}
{
  service: 'attendance-system',
  method: 'GET',
  url: '/api/announcements?_t=1770988564727',
  ip: '127.0.0.1',
  userAgent: 'Mozilla/5.0 (Windows NT 10.0; Win64; x64) AppleWebKit/537.36 (KHTML, like Gecko) Chrome/144.0.0.0 Safari/537.36',
  timestamp: '2026-02-13 18:46:13',
  level: 'info',
  message: 'Request'
}
{
  service: 'attendance-system',
  method: 'GET',
  url: '/api/announcements?_t=1770988568975',
  ip: '127.0.0.1',
  userAgent: 'Mozilla/5.0 (Windows NT 10.0; Win64; x64) AppleWebKit/537.36 (KHTML, like Gecko) Chrome/144.0.0.0 Safari/537.36',
  timestamp: '2026-02-13 18:46:13',
  level: 'info',
  message: 'Request'
}
{
  service: 'attendance-system',
  method: 'GET',
  url: '/api/announcements?_t=1770988564736',
  ip: '127.0.0.1',
  userAgent: 'Mozilla/5.0 (Windows NT 10.0; Win64; x64) AppleWebKit/537.36 (KHTML, like Gecko) Chrome/144.0.0.0 Safari/537.36',
  timestamp: '2026-02-13 18:46:13',
  level: 'info',
  message: 'Request'
}
{
  service: 'attendance-system',
  method: 'GET',
  url: '/api/announcements?_t=1770988568987',
  ip: '127.0.0.1',
  userAgent: 'Mozilla/5.0 (Windows NT 10.0; Win64; x64) AppleWebKit/537.36 (KHTML, like Gecko) Chrome/144.0.0.0 Safari/537.36',
  timestamp: '2026-02-13 18:46:13',
  level: 'info',
  message: 'Request'
}
{
  service: 'attendance-system',
  method: 'GET',
  url: '/api/announcements?_t=1770988564985',
  ip: '127.0.0.1',
  userAgent: 'Mozilla/5.0 (Windows NT 10.0; Win64; x64) AppleWebKit/537.36 (KHTML, like Gecko) Chrome/144.0.0.0 Safari/537.36',
  timestamp: '2026-02-13 18:46:13',
  level: 'info',
  message: 'Request'
}
{
  service: 'attendance-system',
  method: 'GET',
  url: '/?_t=1770988564726',
  statusCode: 304,
  duration: '19ms',
  contentLength: 0,
  level: 'info',
  message: 'Response',
  timestamp: '2026-02-13 18:46:13'
}
{
  service: 'attendance-system',
  method: 'GET',
  url: '/?_t=1770988564727',
  statusCode: 304,
  duration: '15ms',
  contentLength: 0,
  level: 'info',
  message: 'Response',
  timestamp: '2026-02-13 18:46:13'
}
{
  service: 'attendance-system',
  method: 'GET',
  url: '/?_t=1770988568975',
  statusCode: 200,
  duration: '14ms',
  contentLength: '459',
  level: 'info',
  message: 'Response',
  timestamp: '2026-02-13 18:46:13'
}
{
  service: 'attendance-system',
  method: 'GET',
  url: '/api/announcements?_t=1770988569575',
  ip: '127.0.0.1',
  userAgent: 'Mozilla/5.0 (Windows NT 10.0; Win64; x64) AppleWebKit/537.36 (KHTML, like Gecko) Chrome/144.0.0.0 Safari/537.36',
  timestamp: '2026-02-13 18:46:13',
  level: 'info',
  message: 'Request'
}
{
  service: 'attendance-system',
  method: 'GET',
  url: '/?_t=1770988564736',
  statusCode: 304,
  duration: '14ms',
  contentLength: 0,
  level: 'info',
  message: 'Response',
  timestamp: '2026-02-13 18:46:13'
}
{
  service: 'attendance-system',
  method: 'GET',
  url: '/?_t=1770988568987',
  statusCode: 200,
  duration: '14ms',
  contentLength: '459',
  level: 'info',
  message: 'Response',
  timestamp: '2026-02-13 18:46:13'
}
{
  service: 'attendance-system',
  method: 'GET',
  url: '/?_t=1770988564985',
  statusCode: 304,
  duration: '13ms',
  contentLength: 0,
  level: 'info',
  message: 'Response',
  timestamp: '2026-02-13 18:46:13'
}
{
  service: 'attendance-system',
  method: 'GET',
  url: '/api/announcements?_t=1770988564986',
  ip: '127.0.0.1',
  userAgent: 'Mozilla/5.0 (Windows NT 10.0; Win64; x64) AppleWebKit/537.36 (KHTML, like Gecko) Chrome/144.0.0.0 Safari/537.36',
  timestamp: '2026-02-13 18:46:13',
  level: 'info',
  message: 'Request'
}
{
  service: 'attendance-system',
  method: 'GET',
  url: '/api/announcements?_t=1770988565002',
  ip: '127.0.0.1',
  userAgent: 'Mozilla/5.0 (Windows NT 10.0; Win64; x64) AppleWebKit/537.36 (KHTML, like Gecko) Chrome/144.0.0.0 Safari/537.36',
  timestamp: '2026-02-13 18:46:13',
  level: 'info',
  message: 'Request'
}
{
  service: 'attendance-system',
  method: 'GET',
  url: '/api/announcements?_t=1770988566591',
  ip: '127.0.0.1',
  userAgent: 'Mozilla/5.0 (Windows NT 10.0; Win64; x64) AppleWebKit/537.36 (KHTML, like Gecko) Chrome/144.0.0.0 Safari/537.36',
  timestamp: '2026-02-13 18:46:13',
  level: 'info',
  message: 'Request'
}
{
  service: 'attendance-system',
  method: 'GET',
  url: '/?_t=1770988569575',
  statusCode: 200,
  duration: '13ms',
  contentLength: '459',
  level: 'info',
  message: 'Response',
  timestamp: '2026-02-13 18:46:13'
}
{
  service: 'attendance-system',
  method: 'GET',
  url: '/api/announcements?_t=1770988564995',
  ip: '127.0.0.1',
  userAgent: 'Mozilla/5.0 (Windows NT 10.0; Win64; x64) AppleWebKit/537.36 (KHTML, like Gecko) Chrome/144.0.0.0 Safari/537.36',
  timestamp: '2026-02-13 18:46:13',
  level: 'info',
  message: 'Request'
}
{
  service: 'attendance-system',
  method: 'GET',
  url: '/api/announcements?_t=1770988569593',
  ip: '127.0.0.1',
  userAgent: 'Mozilla/5.0 (Windows NT 10.0; Win64; x64) AppleWebKit/537.36 (KHTML, like Gecko) Chrome/144.0.0.0 Safari/537.36',
  timestamp: '2026-02-13 18:46:13',
  level: 'info',
  message: 'Request'
}
{
  service: 'attendance-system',
  method: 'GET',
  url: '/?_t=1770988564986',
  statusCode: 304,
  duration: '14ms',
  contentLength: 0,
  level: 'info',
  message: 'Response',
  timestamp: '2026-02-13 18:46:13'
}
{
  service: 'attendance-system',
  method: 'GET',
  url: '/api/announcements?_t=1770988564746',
  ip: '127.0.0.1',
  userAgent: 'Mozilla/5.0 (Windows NT 10.0; Win64; x64) AppleWebKit/537.36 (KHTML, like Gecko) Chrome/144.0.0.0 Safari/537.36',
  timestamp: '2026-02-13 18:46:13',
  level: 'info',
  message: 'Request'
}
{
  service: 'attendance-system',
  method: 'GET',
  url: '/api/announcements?_t=1770988569594',
  ip: '127.0.0.1',
  userAgent: 'Mozilla/5.0 (Windows NT 10.0; Win64; x64) AppleWebKit/537.36 (KHTML, like Gecko) Chrome/144.0.0.0 Safari/537.36',
  timestamp: '2026-02-13 18:46:13',
  level: 'info',
  message: 'Request'
}
{
  service: 'attendance-system',
  method: 'GET',
  url: '/?_t=1770988565002',
  statusCode: 304,
  duration: '17ms',
  contentLength: 0,
  level: 'info',
  message: 'Response',
  timestamp: '2026-02-13 18:46:13'
}
{
  service: 'attendance-system',
  method: 'GET',
  url: '/?_t=1770988566591',
  statusCode: 304,
  duration: '15ms',
  contentLength: 0,
  level: 'info',
  message: 'Response',
  timestamp: '2026-02-13 18:46:13'
}
{
  service: 'attendance-system',
  method: 'GET',
  url: '/?_t=1770988564995',
  statusCode: 304,
  duration: '13ms',
  contentLength: 0,
  level: 'info',
  message: 'Response',
  timestamp: '2026-02-13 18:46:13'
}
{
  service: 'attendance-system',
  method: 'GET',
  url: '/?_t=1770988569593',
  statusCode: 200,
  duration: '12ms',
  contentLength: '459',
  level: 'info',
  message: 'Response',
  timestamp: '2026-02-13 18:46:13'
}
{
  service: 'attendance-system',
  method: 'GET',
  url: '/api/announcements?_t=1770988566628',
  ip: '127.0.0.1',
  userAgent: 'Mozilla/5.0 (Windows NT 10.0; Win64; x64) AppleWebKit/537.36 (KHTML, like Gecko) Chrome/144.0.0.0 Safari/537.36',
  timestamp: '2026-02-13 18:46:13',
  level: 'info',
  message: 'Request'
}
{
  service: 'attendance-system',
  method: 'GET',
  url: '/api/announcements?_t=1770988565003',
  ip: '127.0.0.1',
  userAgent: 'Mozilla/5.0 (Windows NT 10.0; Win64; x64) AppleWebKit/537.36 (KHTML, like Gecko) Chrome/144.0.0.0 Safari/537.36',
  timestamp: '2026-02-13 18:46:13',
  level: 'info',
  message: 'Request'
}
{
  service: 'attendance-system',
  method: 'GET',
  url: '/?_t=1770988564746',
  statusCode: 304,
  duration: '15ms',
  contentLength: 0,
  level: 'info',
  message: 'Response',
  timestamp: '2026-02-13 18:46:13'
}
{
  service: 'attendance-system',
  method: 'GET',
  url: '/api/announcements?_t=1770988565012',
  ip: '127.0.0.1',
  userAgent: 'Mozilla/5.0 (Windows NT 10.0; Win64; x64) AppleWebKit/537.36 (KHTML, like Gecko) Chrome/144.0.0.0 Safari/537.36',
  timestamp: '2026-02-13 18:46:13',
  level: 'info',
  message: 'Request'
}
{
  service: 'attendance-system',
  method: 'GET',
  url: '/api/announcements?_t=1770988565021',
  ip: '127.0.0.1',
  userAgent: 'Mozilla/5.0 (Windows NT 10.0; Win64; x64) AppleWebKit/537.36 (KHTML, like Gecko) Chrome/144.0.0.0 Safari/537.36',
  timestamp: '2026-02-13 18:46:13',
  level: 'info',
  message: 'Request'
}
{
  service: 'attendance-system',
  method: 'GET',
  url: '/?_t=1770988569594',
  statusCode: 200,
  duration: '17ms',
  contentLength: '459',
  level: 'info',
  message: 'Response',
  timestamp: '2026-02-13 18:46:13'
}
{
  service: 'attendance-system',
  method: 'GET',
  url: '/api/announcements?_t=1770988569660',
  ip: '127.0.0.1',
  userAgent: 'Mozilla/5.0 (Windows NT 10.0; Win64; x64) AppleWebKit/537.36 (KHTML, like Gecko) Chrome/144.0.0.0 Safari/537.36',
  timestamp: '2026-02-13 18:46:13',
  level: 'info',
  message: 'Request'
}
{
  service: 'attendance-system',
  method: 'GET',
  url: '/?_t=1770988566628',
  statusCode: 304,
  duration: '16ms',
  contentLength: 0,
  level: 'info',
  message: 'Response',
  timestamp: '2026-02-13 18:46:13'
}
{
  service: 'attendance-system',
  method: 'GET',
  url: '/api/announcements?_t=1770988569667',
  ip: '127.0.0.1',
  userAgent: 'Mozilla/5.0 (Windows NT 10.0; Win64; x64) AppleWebKit/537.36 (KHTML, like Gecko) Chrome/144.0.0.0 Safari/537.36',
  timestamp: '2026-02-13 18:46:13',
  level: 'info',
  message: 'Request'
}
{
  service: 'attendance-system',
  method: 'GET',
  url: '/?_t=1770988565003',
  statusCode: 304,
  duration: '17ms',
  contentLength: 0,
  level: 'info',
  message: 'Response',
  timestamp: '2026-02-13 18:46:13'
}
{
  service: 'attendance-system',
  method: 'GET',
  url: '/?_t=1770988565012',
  statusCode: 304,
  duration: '14ms',
  contentLength: 0,
  level: 'info',
  message: 'Response',
  timestamp: '2026-02-13 18:46:13'
}
{
  service: 'attendance-system',
  method: 'GET',
  url: '/?_t=1770988565021',
  statusCode: 304,
  duration: '13ms',
  contentLength: 0,
  level: 'info',
  message: 'Response',
  timestamp: '2026-02-13 18:46:13'
}
{
  service: 'attendance-system',
  method: 'GET',
  url: '/api/announcements?_t=1770988564756',
  ip: '127.0.0.1',
  userAgent: 'Mozilla/5.0 (Windows NT 10.0; Win64; x64) AppleWebKit/537.36 (KHTML, like Gecko) Chrome/144.0.0.0 Safari/537.36',
  timestamp: '2026-02-13 18:46:13',
  level: 'info',
  message: 'Request'
}
{
  service: 'attendance-system',
  method: 'GET',
  url: '/api/announcements?_t=1770988569689',
  ip: '127.0.0.1',
  userAgent: 'Mozilla/5.0 (Windows NT 10.0; Win64; x64) AppleWebKit/537.36 (KHTML, like Gecko) Chrome/144.0.0.0 Safari/537.36',
  timestamp: '2026-02-13 18:46:13',
  level: 'info',
  message: 'Request'
}
{
  service: 'attendance-system',
  method: 'GET',
  url: '/api/announcements?_t=1770988565030',
  ip: '127.0.0.1',
  userAgent: 'Mozilla/5.0 (Windows NT 10.0; Win64; x64) AppleWebKit/537.36 (KHTML, like Gecko) Chrome/144.0.0.0 Safari/537.36',
  timestamp: '2026-02-13 18:46:13',
  level: 'info',
  message: 'Request'
}
{
  service: 'attendance-system',
  method: 'GET',
  url: '/?_t=1770988569660',
  statusCode: 200,
  duration: '18ms',
  contentLength: '459',
  level: 'info',
  message: 'Response',
  timestamp: '2026-02-13 18:46:13'
}
{
  service: 'attendance-system',
  method: 'GET',
  url: '/api/announcements?_t=1770988564626',
  ip: '127.0.0.1',
  userAgent: 'Mozilla/5.0 (Windows NT 10.0; Win64; x64) AppleWebKit/537.36 (KHTML, like Gecko) Chrome/144.0.0.0 Safari/537.36',
  timestamp: '2026-02-13 18:46:13',
  level: 'info',
  message: 'Request'
}
{
  service: 'attendance-system',
  method: 'GET',
  url: '/?_t=1770988569667',
  statusCode: 200,
  duration: '17ms',
  contentLength: '459',
  level: 'info',
  message: 'Response',
  timestamp: '2026-02-13 18:46:13'
}
{
  service: 'attendance-system',
  method: 'GET',
  url: '/api/announcements?_t=1770988569704',
  ip: '127.0.0.1',
  userAgent: 'Mozilla/5.0 (Windows NT 10.0; Win64; x64) AppleWebKit/537.36 (KHTML, like Gecko) Chrome/144.0.0.0 Safari/537.36',
  timestamp: '2026-02-13 18:46:13',
  level: 'info',
  message: 'Request'
}
{
  service: 'attendance-system',
  method: 'GET',
  url: '/?_t=1770988564756',
  statusCode: 304,
  duration: '15ms',
  contentLength: 0,
  level: 'info',
  message: 'Response',
  timestamp: '2026-02-13 18:46:13'
}
{
  service: 'attendance-system',
  method: 'GET',
  url: '/api/announcements?_t=1770988566678',
  ip: '127.0.0.1',
  userAgent: 'Mozilla/5.0 (Windows NT 10.0; Win64; x64) AppleWebKit/537.36 (KHTML, like Gecko) Chrome/144.0.0.0 Safari/537.36',
  timestamp: '2026-02-13 18:46:13',
  level: 'info',
  message: 'Request'
}
{
  service: 'attendance-system',
  method: 'GET',
  url: '/?_t=1770988569689',
  statusCode: 200,
  duration: '15ms',
  contentLength: '459',
  level: 'info',
  message: 'Response',
  timestamp: '2026-02-13 18:46:13'
}
{
  service: 'attendance-system',
  method: 'GET',
  url: '/?_t=1770988565030',
  statusCode: 304,
  duration: '15ms',
  contentLength: 0,
  level: 'info',
  message: 'Response',
  timestamp: '2026-02-13 18:46:13'
}
{
  service: 'attendance-system',
  method: 'GET',
  url: '/api/announcements?_t=1770988569717',
  ip: '127.0.0.1',
  userAgent: 'Mozilla/5.0 (Windows NT 10.0; Win64; x64) AppleWebKit/537.36 (KHTML, like Gecko) Chrome/144.0.0.0 Safari/537.36',
  timestamp: '2026-02-13 18:46:13',
  level: 'info',
  message: 'Request'
}
{
  service: 'attendance-system',
  method: 'GET',
  url: '/?_t=1770988564626',
  statusCode: 304,
  duration: '15ms',
  contentLength: 0,
  level: 'info',
  message: 'Response',
  timestamp: '2026-02-13 18:46:13'
}
{
  service: 'attendance-system',
  method: 'GET',
  url: '/api/announcements?_t=1770988566714',
  ip: '127.0.0.1',
  userAgent: 'Mozilla/5.0 (Windows NT 10.0; Win64; x64) AppleWebKit/537.36 (KHTML, like Gecko) Chrome/144.0.0.0 Safari/537.36',
  timestamp: '2026-02-13 18:46:13',
  level: 'info',
  message: 'Request'
}
{
  service: 'attendance-system',
  method: 'GET',
  url: '/api/announcements?_t=1770988564776',
  ip: '127.0.0.1',
  userAgent: 'Mozilla/5.0 (Windows NT 10.0; Win64; x64) AppleWebKit/537.36 (KHTML, like Gecko) Chrome/144.0.0.0 Safari/537.36',
  timestamp: '2026-02-13 18:46:13',
  level: 'info',
  message: 'Request'
}
{
  service: 'attendance-system',
  method: 'GET',
  url: '/?_t=1770988569704',
  statusCode: 200,
  duration: '16ms',
  contentLength: '459',
  level: 'info',
  message: 'Response',
  timestamp: '2026-02-13 18:46:13'
}
{
  service: 'attendance-system',
  method: 'GET',
  url: '/?_t=1770988566678',
  statusCode: 304,
  duration: '14ms',
  contentLength: 0,
  level: 'info',
  message: 'Response',
  timestamp: '2026-02-13 18:46:13'
}
{
  service: 'attendance-system',
  method: 'GET',
  url: '/api/announcements?_t=1770988565040',
  ip: '127.0.0.1',
  userAgent: 'Mozilla/5.0 (Windows NT 10.0; Win64; x64) AppleWebKit/537.36 (KHTML, like Gecko) Chrome/144.0.0.0 Safari/537.36',
  timestamp: '2026-02-13 18:46:13',
  level: 'info',
  message: 'Request'
}
{
  service: 'attendance-system',
  method: 'GET',
  url: '/api/announcements?_t=1770988569751',
  ip: '127.0.0.1',
  userAgent: 'Mozilla/5.0 (Windows NT 10.0; Win64; x64) AppleWebKit/537.36 (KHTML, like Gecko) Chrome/144.0.0.0 Safari/537.36',
  timestamp: '2026-02-13 18:46:13',
  level: 'info',
  message: 'Request'
}
{
  service: 'attendance-system',
  method: 'GET',
  url: '/api/announcements?_t=1770988565048',
  ip: '127.0.0.1',
  userAgent: 'Mozilla/5.0 (Windows NT 10.0; Win64; x64) AppleWebKit/537.36 (KHTML, like Gecko) Chrome/144.0.0.0 Safari/537.36',
  timestamp: '2026-02-13 18:46:13',
  level: 'info',
  message: 'Request'
}
{
  service: 'attendance-system',
  method: 'GET',
  url: '/?_t=1770988569717',
  statusCode: 200,
  duration: '18ms',
  contentLength: '459',
  level: 'info',
  message: 'Response',
  timestamp: '2026-02-13 18:46:13'
}
{
  service: 'attendance-system',
  method: 'GET',
  url: '/?_t=1770988566714',
  statusCode: 304,
  duration: '15ms',
  contentLength: 0,
  level: 'info',
  message: 'Response',
  timestamp: '2026-02-13 18:46:13'
}
{
  service: 'attendance-system',
  method: 'GET',
  url: '/?_t=1770988564776',
  statusCode: 304,
  duration: '14ms',
  contentLength: 0,
  level: 'info',
  message: 'Response',
  timestamp: '2026-02-13 18:46:13'
}
{
  service: 'attendance-system',
  method: 'GET',
  url: '/api/announcements?_t=1770988566728',
  ip: '127.0.0.1',
  userAgent: 'Mozilla/5.0 (Windows NT 10.0; Win64; x64) AppleWebKit/537.36 (KHTML, like Gecko) Chrome/144.0.0.0 Safari/537.36',
  timestamp: '2026-02-13 18:46:13',
  level: 'info',
  message: 'Request'
}
{
  service: 'attendance-system',
  method: 'GET',
  url: '/?_t=1770988565040',
  statusCode: 304,
  duration: '15ms',
  contentLength: 0,
  level: 'info',
  message: 'Response',
  timestamp: '2026-02-13 18:46:13'
}
{
  service: 'attendance-system',
  method: 'GET',
  url: '/api/announcements?_t=1770988569766',
  ip: '127.0.0.1',
  userAgent: 'Mozilla/5.0 (Windows NT 10.0; Win64; x64) AppleWebKit/537.36 (KHTML, like Gecko) Chrome/144.0.0.0 Safari/537.36',
  timestamp: '2026-02-13 18:46:13',
  level: 'info',
  message: 'Request'
}
{
  service: 'attendance-system',
  method: 'GET',
  url: '/api/announcements?_t=1770988564766',
  ip: '127.0.0.1',
  userAgent: 'Mozilla/5.0 (Windows NT 10.0; Win64; x64) AppleWebKit/537.36 (KHTML, like Gecko) Chrome/144.0.0.0 Safari/537.36',
  timestamp: '2026-02-13 18:46:13',
  level: 'info',
  message: 'Request'
}
{
  service: 'attendance-system',
  method: 'GET',
  url: '/?_t=1770988569751',
  statusCode: 200,
  duration: '16ms',
  contentLength: '459',
  level: 'info',
  message: 'Response',
  timestamp: '2026-02-13 18:46:13'
}
{
  service: 'attendance-system',
  method: 'GET',
  url: '/?_t=1770988565048',
  statusCode: 304,
  duration: '14ms',
  contentLength: 0,
  level: 'info',
  message: 'Response',
  timestamp: '2026-02-13 18:46:13'
}
{
  service: 'attendance-system',
  method: 'GET',
  url: '/api/announcements?_t=1770988569776',
  ip: '127.0.0.1',
  userAgent: 'Mozilla/5.0 (Windows NT 10.0; Win64; x64) AppleWebKit/537.36 (KHTML, like Gecko) Chrome/144.0.0.0 Safari/537.36',
  timestamp: '2026-02-13 18:46:13',
  level: 'info',
  message: 'Request'
}
{
  service: 'attendance-system',
  method: 'GET',
  url: '/api/announcements?_t=1770988569794',
  ip: '127.0.0.1',
  userAgent: 'Mozilla/5.0 (Windows NT 10.0; Win64; x64) AppleWebKit/537.36 (KHTML, like Gecko) Chrome/144.0.0.0 Safari/537.36',
  timestamp: '2026-02-13 18:46:13',
  level: 'info',
  message: 'Request'
}
{
  service: 'attendance-system',
  method: 'GET',
  url: '/api/announcements?_t=1770988565049',
  ip: '127.0.0.1',
  userAgent: 'Mozilla/5.0 (Windows NT 10.0; Win64; x64) AppleWebKit/537.36 (KHTML, like Gecko) Chrome/144.0.0.0 Safari/537.36',
  timestamp: '2026-02-13 18:46:13',
  level: 'info',
  message: 'Request'
}
{
  service: 'attendance-system',
  method: 'GET',
  url: '/?_t=1770988566728',
  statusCode: 304,
  duration: '19ms',
  contentLength: 0,
  level: 'info',
  message: 'Response',
  timestamp: '2026-02-13 18:46:13'
}
{
  service: 'attendance-system',
  method: 'GET',
  url: '/?_t=1770988569766',
  statusCode: 200,
  duration: '17ms',
  contentLength: '459',
  level: 'info',
  message: 'Response',
  timestamp: '2026-02-13 18:46:13'
}
{
  service: 'attendance-system',
  method: 'GET',
  url: '/?_t=1770988564766',
  statusCode: 304,
  duration: '16ms',
  contentLength: 0,
  level: 'info',
  message: 'Response',
  timestamp: '2026-02-13 18:46:13'
}
{
  service: 'attendance-system',
  method: 'GET',
  url: '/api/announcements?_t=1770988569804',
  ip: '127.0.0.1',
  userAgent: 'Mozilla/5.0 (Windows NT 10.0; Win64; x64) AppleWebKit/537.36 (KHTML, like Gecko) Chrome/144.0.0.0 Safari/537.36',
  timestamp: '2026-02-13 18:46:13',
  level: 'info',
  message: 'Request'
}
{
  service: 'attendance-system',
  method: 'GET',
  url: '/?_t=1770988569776',
  statusCode: 200,
  duration: '15ms',
  contentLength: '459',
  level: 'info',
  message: 'Response',
  timestamp: '2026-02-13 18:46:13'
}
{
  service: 'attendance-system',
  method: 'GET',
  url: '/api/announcements?_t=1770988565059',
  ip: '127.0.0.1',
  userAgent: 'Mozilla/5.0 (Windows NT 10.0; Win64; x64) AppleWebKit/537.36 (KHTML, like Gecko) Chrome/144.0.0.0 Safari/537.36',
  timestamp: '2026-02-13 18:46:13',
  level: 'info',
  message: 'Request'
}
{
  service: 'attendance-system',
  method: 'GET',
  url: '/api/announcements?_t=1770988569805',
  ip: '127.0.0.1',
  userAgent: 'Mozilla/5.0 (Windows NT 10.0; Win64; x64) AppleWebKit/537.36 (KHTML, like Gecko) Chrome/144.0.0.0 Safari/537.36',
  timestamp: '2026-02-13 18:46:13',
  level: 'info',
  message: 'Request'
}
{
  service: 'attendance-system',
  method: 'GET',
  url: '/?_t=1770988569794',
  statusCode: 200,
  duration: '15ms',
  contentLength: '459',
  level: 'info',
  message: 'Response',
  timestamp: '2026-02-13 18:46:13'
}
{
  service: 'attendance-system',
  method: 'GET',
  url: '/?_t=1770988565049',
  statusCode: 304,
  duration: '14ms',
  contentLength: 0,
  level: 'info',
  message: 'Response',
  timestamp: '2026-02-13 18:46:13'
}
{
  service: 'attendance-system',
  method: 'GET',
  url: '/api/announcements?_t=1770988569819',
  ip: '127.0.0.1',
  userAgent: 'Mozilla/5.0 (Windows NT 10.0; Win64; x64) AppleWebKit/537.36 (KHTML, like Gecko) Chrome/144.0.0.0 Safari/537.36',
  timestamp: '2026-02-13 18:46:13',
  level: 'info',
  message: 'Request'
}
{
  service: 'attendance-system',
  method: 'GET',
  url: '/api/announcements?_t=1770988565068',
  ip: '127.0.0.1',
  userAgent: 'Mozilla/5.0 (Windows NT 10.0; Win64; x64) AppleWebKit/537.36 (KHTML, like Gecko) Chrome/144.0.0.0 Safari/537.36',
  timestamp: '2026-02-13 18:46:13',
  level: 'info',
  message: 'Request'
}
{
  service: 'attendance-system',
  method: 'GET',
  url: '/api/announcements?_t=1770988569832',
  ip: '127.0.0.1',
  userAgent: 'Mozilla/5.0 (Windows NT 10.0; Win64; x64) AppleWebKit/537.36 (KHTML, like Gecko) Chrome/144.0.0.0 Safari/537.36',
  timestamp: '2026-02-13 18:46:13',
  level: 'info',
  message: 'Request'
}
{
  service: 'attendance-system',
  method: 'GET',
  url: '/?_t=1770988569804',
  statusCode: 200,
  duration: '18ms',
  contentLength: '459',
  level: 'info',
  message: 'Response',
  timestamp: '2026-02-13 18:46:13'
}
{
  service: 'attendance-system',
  method: 'GET',
  url: '/?_t=1770988565059',
  statusCode: 304,
  duration: '15ms',
  contentLength: 0,
  level: 'info',
  message: 'Response',
  timestamp: '2026-02-13 18:46:13'
}
{
  service: 'attendance-system',
  method: 'GET',
  url: '/?_t=1770988569805',
  statusCode: 200,
  duration: '14ms',
  contentLength: '459',
  level: 'info',
  message: 'Response',
  timestamp: '2026-02-13 18:46:13'
}
{
  service: 'attendance-system',
  method: 'GET',
  url: '/api/announcements?_t=1770988564783',
  ip: '127.0.0.1',
  userAgent: 'Mozilla/5.0 (Windows NT 10.0; Win64; x64) AppleWebKit/537.36 (KHTML, like Gecko) Chrome/144.0.0.0 Safari/537.36',
  timestamp: '2026-02-13 18:46:13',
  level: 'info',
  message: 'Request'
}
{
  service: 'attendance-system',
  method: 'GET',
  url: '/?_t=1770988569819',
  statusCode: 200,
  duration: '14ms',
  contentLength: '459',
  level: 'info',
  message: 'Response',
  timestamp: '2026-02-13 18:46:13'
}
{
  service: 'attendance-system',
  method: 'GET',
  url: '/api/announcements?_t=1770988566769',
  ip: '127.0.0.1',
  userAgent: 'Mozilla/5.0 (Windows NT 10.0; Win64; x64) AppleWebKit/537.36 (KHTML, like Gecko) Chrome/144.0.0.0 Safari/537.36',
  timestamp: '2026-02-13 18:46:13',
  level: 'info',
  message: 'Request'
}
{
  service: 'attendance-system',
  method: 'GET',
  url: '/api/announcements?_t=1770988565076',
  ip: '127.0.0.1',
  userAgent: 'Mozilla/5.0 (Windows NT 10.0; Win64; x64) AppleWebKit/537.36 (KHTML, like Gecko) Chrome/144.0.0.0 Safari/537.36',
  timestamp: '2026-02-13 18:46:13',
  level: 'info',
  message: 'Request'
}
{
  service: 'attendance-system',
  method: 'GET',
  url: '/?_t=1770988565068',
  statusCode: 304,
  duration: '16ms',
  contentLength: 0,
  level: 'info',
  message: 'Response',
  timestamp: '2026-02-13 18:46:13'
}
{
  service: 'attendance-system',
  method: 'GET',
  url: '/?_t=1770988569832',
  statusCode: 200,
  duration: '15ms',
  contentLength: '459',
  level: 'info',
  message: 'Response',
  timestamp: '2026-02-13 18:46:13'
}
{
  service: 'attendance-system',
  method: 'GET',
  url: '/api/announcements?_t=1770988569860',
  ip: '127.0.0.1',
  userAgent: 'Mozilla/5.0 (Windows NT 10.0; Win64; x64) AppleWebKit/537.36 (KHTML, like Gecko) Chrome/144.0.0.0 Safari/537.36',
  timestamp: '2026-02-13 18:46:13',
  level: 'info',
  message: 'Request'
}
{
  service: 'attendance-system',
  method: 'GET',
  url: '/api/announcements?_t=1770988566798',
  ip: '127.0.0.1',
  userAgent: 'Mozilla/5.0 (Windows NT 10.0; Win64; x64) AppleWebKit/537.36 (KHTML, like Gecko) Chrome/144.0.0.0 Safari/537.36',
  timestamp: '2026-02-13 18:46:13',
  level: 'info',
  message: 'Request'
}
{
  service: 'attendance-system',
  method: 'GET',
  url: '/?_t=1770988564783',
  statusCode: 304,
  duration: '16ms',
  contentLength: 0,
  level: 'info',
  message: 'Response',
  timestamp: '2026-02-13 18:46:13'
}
{
  service: 'attendance-system',
  method: 'GET',
  url: '/api/announcements?_t=1770988564784',
  ip: '127.0.0.1',
  userAgent: 'Mozilla/5.0 (Windows NT 10.0; Win64; x64) AppleWebKit/537.36 (KHTML, like Gecko) Chrome/144.0.0.0 Safari/537.36',
  timestamp: '2026-02-13 18:46:13',
  level: 'info',
  message: 'Request'
}
{
  service: 'attendance-system',
  method: 'GET',
  url: '/?_t=1770988566769',
  statusCode: 304,
  duration: '15ms',
  contentLength: 0,
  level: 'info',
  message: 'Response',
  timestamp: '2026-02-13 18:46:13'
}
{
  service: 'attendance-system',
  method: 'GET',
  url: '/api/announcements?_t=1770988569873',
  ip: '127.0.0.1',
  userAgent: 'Mozilla/5.0 (Windows NT 10.0; Win64; x64) AppleWebKit/537.36 (KHTML, like Gecko) Chrome/144.0.0.0 Safari/537.36',
  timestamp: '2026-02-13 18:46:13',
  level: 'info',
  message: 'Request'
}
{
  service: 'attendance-system',
  method: 'GET',
  url: '/api/announcements?_t=1770988565077',
  ip: '127.0.0.1',
  userAgent: 'Mozilla/5.0 (Windows NT 10.0; Win64; x64) AppleWebKit/537.36 (KHTML, like Gecko) Chrome/144.0.0.0 Safari/537.36',
  timestamp: '2026-02-13 18:46:13',
  level: 'info',
  message: 'Request'
}
