{
  service: 'attendance-system',
  method: 'GET',
  url: '/api/admin/shifts?_t=1771828122491',
  ip: '127.0.0.1',
  userAgent: 'Mozilla/5.0 (Windows NT 10.0; Win64; x64) AppleWebKit/537.36 (KHTML, like Gecko) Chrome/145.0.0.0 Safari/537.36 Edg/145.0.0.0',
  timestamp: '2026-02-23 11:58:42',
  level: 'info',
  message: 'Request'
}
{
  service: 'attendance-system',
  method: 'GET',
  url: '/api/admin/employees?page=1&limit=10&status=active&_t=1771828122491',
  ip: '127.0.0.1',
  userAgent: 'Mozilla/5.0 (Windows NT 10.0; Win64; x64) AppleWebKit/537.36 (KHTML, like Gecko) Chrome/145.0.0.0 Safari/537.36 Edg/145.0.0.0',
  timestamp: '2026-02-23 11:58:42',
  level: 'info',
  message: 'Request'
}
{
  service: 'attendance-system',
  method: 'GET',
  url: '/?_t=1771828122491',
  statusCode: 200,
  duration: '17ms',
  contentLength: '802',
  level: 'info',
  message: 'Response',
  timestamp: '2026-02-23 11:58:42'
}
{
  service: 'attendance-system',
  method: 'GET',
  url: '/api/admin/shifts?_t=1771828122491',
  ip: '127.0.0.1',
  userAgent: 'Mozilla/5.0 (Windows NT 10.0; Win64; x64) AppleWebKit/537.36 (KHTML, like Gecko) Chrome/145.0.0.0 Safari/537.36 Edg/145.0.0.0',
  timestamp: '2026-02-23 11:58:42',
  level: 'info',
  message: 'Request'
}
{
  service: 'attendance-system',
  method: 'GET',
  url: '/?page=1&limit=10&status=active&_t=1771828122491',
  statusCode: 200,
  duration: '30ms',
  contentLength: '10220',
  level: 'info',
  message: 'Response',
  timestamp: '2026-02-23 11:58:42'
}
{
  service: 'attendance-system',
  method: 'GET',
  url: '/api/admin/employees?page=1&limit=10&status=active&_t=1771828122491',
  ip: '127.0.0.1',
  userAgent: 'Mozilla/5.0 (Windows NT 10.0; Win64; x64) AppleWebKit/537.36 (KHTML, like Gecko) Chrome/145.0.0.0 Safari/537.36 Edg/145.0.0.0',
  timestamp: '2026-02-23 11:58:42',
  level: 'info',
  message: 'Request'
}
{
  service: 'attendance-system',
  method: 'GET',
  url: '/?_t=1771828122491',
  statusCode: 304,
  duration: '24ms',
  contentLength: 0,
  level: 'info',
  message: 'Response',
  timestamp: '2026-02-23 11:58:42'
}
{
  service: 'attendance-system',
  method: 'GET',
  url: '/?page=1&limit=10&status=active&_t=1771828122491',
  statusCode: 304,
  duration: '31ms',
  contentLength: 0,
  level: 'info',
  message: 'Response',
  timestamp: '2026-02-23 11:58:42'
}
{
  service: 'attendance-system',
  method: 'GET',
  url: '/api/policies-gridfs?_t=1771828125165',
  ip: '127.0.0.1',
  userAgent: 'Mozilla/5.0 (Windows NT 10.0; Win64; x64) AppleWebKit/537.36 (KHTML, like Gecko) Chrome/145.0.0.0 Safari/537.36 Edg/145.0.0.0',
  timestamp: '2026-02-23 11:58:45',
  level: 'info',
  message: 'Request'
}
{
  service: 'attendance-system',
  method: 'GET',
  url: '/api/policies/anonymous-feedback?_t=1771828125165',
  ip: '127.0.0.1',
  userAgent: 'Mozilla/5.0 (Windows NT 10.0; Win64; x64) AppleWebKit/537.36 (KHTML, like Gecko) Chrome/145.0.0.0 Safari/537.36 Edg/145.0.0.0',
  timestamp: '2026-02-23 11:58:45',
  level: 'info',
  message: 'Request'
}
{
  service: 'attendance-system',
  method: 'GET',
  url: '/?_t=1771828125165',
  statusCode: 200,
  duration: '12ms',
  contentLength: '15',
  level: 'info',
  message: 'Response',
  timestamp: '2026-02-23 11:58:45'
}
{
  service: 'attendance-system',
  method: 'GET',
  url: '/anonymous-feedback?_t=1771828125165',
  statusCode: 200,
  duration: '10ms',
  contentLength: '15',
  level: 'info',
  message: 'Response',
  timestamp: '2026-02-23 11:58:45'
}
{
  service: 'attendance-system',
  method: 'GET',
  url: '/api/policies-gridfs?_t=1771828125165',
  ip: '127.0.0.1',
  userAgent: 'Mozilla/5.0 (Windows NT 10.0; Win64; x64) AppleWebKit/537.36 (KHTML, like Gecko) Chrome/145.0.0.0 Safari/537.36 Edg/145.0.0.0',
  timestamp: '2026-02-23 11:58:45',
  level: 'info',
  message: 'Request'
}
{
  service: 'attendance-system',
  method: 'GET',
  url: '/api/policies/anonymous-feedback?_t=1771828125165',
  ip: '127.0.0.1',
  userAgent: 'Mozilla/5.0 (Windows NT 10.0; Win64; x64) AppleWebKit/537.36 (KHTML, like Gecko) Chrome/145.0.0.0 Safari/537.36 Edg/145.0.0.0',
  timestamp: '2026-02-23 11:58:45',
  level: 'info',
  message: 'Request'
}
{
  service: 'attendance-system',
  method: 'GET',
  url: '/?_t=1771828125165',
  statusCode: 304,
  duration: '13ms',
  contentLength: 0,
  level: 'info',
  message: 'Response',
  timestamp: '2026-02-23 11:58:45'
}
{
  service: 'attendance-system',
  method: 'GET',
  url: '/anonymous-feedback?_t=1771828125165',
  statusCode: 304,
  duration: '11ms',
  contentLength: 0,
  level: 'info',
  message: 'Response',
  timestamp: '2026-02-23 11:58:45'
}
{
  service: 'attendance-system',
  method: 'GET',
  url: '/api/admin/office-locations?_t=1771828126414',
  ip: '127.0.0.1',
  userAgent: 'Mozilla/5.0 (Windows NT 10.0; Win64; x64) AppleWebKit/537.36 (KHTML, like Gecko) Chrome/145.0.0.0 Safari/537.36 Edg/145.0.0.0',
  timestamp: '2026-02-23 11:58:46',
  level: 'info',
  message: 'Request'
}
{
  service: 'attendance-system',
  method: 'GET',
  url: '/api/admin/shifts?page=1&limit=10&_t=1771828126414',
  ip: '127.0.0.1',
  userAgent: 'Mozilla/5.0 (Windows NT 10.0; Win64; x64) AppleWebKit/537.36 (KHTML, like Gecko) Chrome/145.0.0.0 Safari/537.36 Edg/145.0.0.0',
  timestamp: '2026-02-23 11:58:46',
  level: 'info',
  message: 'Request'
}
{
  service: 'attendance-system',
  method: 'GET',
  url: '/?_t=1771828126414',
  statusCode: 200,
  duration: '11ms',
  contentLength: '323',
  level: 'info',
  message: 'Response',
  timestamp: '2026-02-23 11:58:46'
}
{
  service: 'attendance-system',
  method: 'GET',
  url: '/api/admin/office-locations?_t=1771828126414',
  ip: '127.0.0.1',
  userAgent: 'Mozilla/5.0 (Windows NT 10.0; Win64; x64) AppleWebKit/537.36 (KHTML, like Gecko) Chrome/145.0.0.0 Safari/537.36 Edg/145.0.0.0',
  timestamp: '2026-02-23 11:58:46',
  level: 'info',
  message: 'Request'
}
{
  service: 'attendance-system',
  method: 'GET',
  url: '/?page=1&limit=10&_t=1771828126414',
  statusCode: 200,
  duration: '17ms',
  contentLength: '802',
  level: 'info',
  message: 'Response',
  timestamp: '2026-02-23 11:58:46'
}
{
  service: 'attendance-system',
  method: 'GET',
  url: '/api/admin/shifts?page=1&limit=10&_t=1771828126414',
  ip: '127.0.0.1',
  userAgent: 'Mozilla/5.0 (Windows NT 10.0; Win64; x64) AppleWebKit/537.36 (KHTML, like Gecko) Chrome/145.0.0.0 Safari/537.36 Edg/145.0.0.0',
  timestamp: '2026-02-23 11:58:46',
  level: 'info',
  message: 'Request'
}
{
  service: 'attendance-system',
  method: 'GET',
  url: '/?_t=1771828126414',
  statusCode: 304,
  duration: '17ms',
  contentLength: 0,
  level: 'info',
  message: 'Response',
  timestamp: '2026-02-23 11:58:46'
}
{
  service: 'attendance-system',
  method: 'GET',
  url: '/?page=1&limit=10&_t=1771828126414',
  statusCode: 304,
  duration: '20ms',
  contentLength: 0,
  level: 'info',
  message: 'Response',
  timestamp: '2026-02-23 11:58:46'
}
{
  service: 'attendance-system',
  method: 'GET',
  url: '/api/admin/shifts?_t=1771828127203',
  ip: '127.0.0.1',
  userAgent: 'Mozilla/5.0 (Windows NT 10.0; Win64; x64) AppleWebKit/537.36 (KHTML, like Gecko) Chrome/145.0.0.0 Safari/537.36 Edg/145.0.0.0',
  timestamp: '2026-02-23 11:58:47',
  level: 'info',
  message: 'Request'
}
{
  service: 'attendance-system',
  method: 'GET',
  url: '/api/admin/employees?page=1&limit=10&status=active&_t=1771828127203',
  ip: '127.0.0.1',
  userAgent: 'Mozilla/5.0 (Windows NT 10.0; Win64; x64) AppleWebKit/537.36 (KHTML, like Gecko) Chrome/145.0.0.0 Safari/537.36 Edg/145.0.0.0',
  timestamp: '2026-02-23 11:58:47',
  level: 'info',
  message: 'Request'
}
{
  service: 'attendance-system',
  method: 'GET',
  url: '/?_t=1771828127203',
  statusCode: 200,
  duration: '29ms',
  contentLength: '802',
  level: 'info',
  message: 'Response',
  timestamp: '2026-02-23 11:58:47'
}
{
  service: 'attendance-system',
  method: 'GET',
  url: '/api/admin/shifts?_t=1771828127203',
  ip: '127.0.0.1',
  userAgent: 'Mozilla/5.0 (Windows NT 10.0; Win64; x64) AppleWebKit/537.36 (KHTML, like Gecko) Chrome/145.0.0.0 Safari/537.36 Edg/145.0.0.0',
  timestamp: '2026-02-23 11:58:47',
  level: 'info',
  message: 'Request'
}
{
  service: 'attendance-system',
  method: 'GET',
  url: '/?page=1&limit=10&status=active&_t=1771828127203',
  statusCode: 200,
  duration: '42ms',
  contentLength: '10220',
  level: 'info',
  message: 'Response',
  timestamp: '2026-02-23 11:58:47'
}
{
  service: 'attendance-system',
  method: 'GET',
  url: '/api/admin/employees?page=1&limit=10&status=active&_t=1771828127203',
  ip: '127.0.0.1',
  userAgent: 'Mozilla/5.0 (Windows NT 10.0; Win64; x64) AppleWebKit/537.36 (KHTML, like Gecko) Chrome/145.0.0.0 Safari/537.36 Edg/145.0.0.0',
  timestamp: '2026-02-23 11:58:47',
  level: 'info',
  message: 'Request'
}
{
  service: 'attendance-system',
  method: 'GET',
  url: '/?_t=1771828127203',
  statusCode: 304,
  duration: '21ms',
  contentLength: 0,
  level: 'info',
  message: 'Response',
  timestamp: '2026-02-23 11:58:47'
}
{
  service: 'attendance-system',
  method: 'GET',
  url: '/?page=1&limit=10&status=active&_t=1771828127203',
  statusCode: 304,
  duration: '32ms',
  contentLength: 0,
  level: 'info',
  message: 'Response',
  timestamp: '2026-02-23 11:58:47'
}
{
  service: 'attendance-system',
  method: 'GET',
  url: '/api/policies-gridfs?_t=1771828128278',
  ip: '127.0.0.1',
  userAgent: 'Mozilla/5.0 (Windows NT 10.0; Win64; x64) AppleWebKit/537.36 (KHTML, like Gecko) Chrome/145.0.0.0 Safari/537.36 Edg/145.0.0.0',
  timestamp: '2026-02-23 11:58:48',
  level: 'info',
  message: 'Request'
}
{
  service: 'attendance-system',
  method: 'GET',
  url: '/api/policies/anonymous-feedback?_t=1771828128278',
  ip: '127.0.0.1',
  userAgent: 'Mozilla/5.0 (Windows NT 10.0; Win64; x64) AppleWebKit/537.36 (KHTML, like Gecko) Chrome/145.0.0.0 Safari/537.36 Edg/145.0.0.0',
  timestamp: '2026-02-23 11:58:48',
  level: 'info',
  message: 'Request'
}
{
  service: 'attendance-system',
  method: 'GET',
  url: '/?_t=1771828128278',
  statusCode: 200,
  duration: '12ms',
  contentLength: '15',
  level: 'info',
  message: 'Response',
  timestamp: '2026-02-23 11:58:48'
}
{
  service: 'attendance-system',
  method: 'GET',
  url: '/api/policies-gridfs?_t=1771828128278',
  ip: '127.0.0.1',
  userAgent: 'Mozilla/5.0 (Windows NT 10.0; Win64; x64) AppleWebKit/537.36 (KHTML, like Gecko) Chrome/145.0.0.0 Safari/537.36 Edg/145.0.0.0',
  timestamp: '2026-02-23 11:58:48',
  level: 'info',
  message: 'Request'
}
{
  service: 'attendance-system',
  method: 'GET',
  url: '/anonymous-feedback?_t=1771828128278',
  statusCode: 200,
  duration: '21ms',
  contentLength: '15',
  level: 'info',
  message: 'Response',
  timestamp: '2026-02-23 11:58:48'
}
{
  service: 'attendance-system',
  method: 'GET',
  url: '/?_t=1771828128278',
  statusCode: 304,
  duration: '12ms',
  contentLength: 0,
  level: 'info',
  message: 'Response',
  timestamp: '2026-02-23 11:58:48'
}
{
  service: 'attendance-system',
  method: 'GET',
  url: '/api/policies/anonymous-feedback?_t=1771828128278',
  ip: '127.0.0.1',
  userAgent: 'Mozilla/5.0 (Windows NT 10.0; Win64; x64) AppleWebKit/537.36 (KHTML, like Gecko) Chrome/145.0.0.0 Safari/537.36 Edg/145.0.0.0',
  timestamp: '2026-02-23 11:58:48',
  level: 'info',
  message: 'Request'
}
{
  service: 'attendance-system',
  method: 'GET',
  url: '/anonymous-feedback?_t=1771828128278',
  statusCode: 304,
  duration: '11ms',
  contentLength: 0,
  level: 'info',
  message: 'Response',
  timestamp: '2026-02-23 11:58:48'
}
{
  service: 'attendance-system',
  method: 'GET',
  url: '/api/admin/shifts?_t=1771828129205',
  ip: '127.0.0.1',
  userAgent: 'Mozilla/5.0 (Windows NT 10.0; Win64; x64) AppleWebKit/537.36 (KHTML, like Gecko) Chrome/145.0.0.0 Safari/537.36 Edg/145.0.0.0',
  timestamp: '2026-02-23 11:58:49',
  level: 'info',
  message: 'Request'
}
{
  service: 'attendance-system',
  method: 'GET',
  url: '/api/admin/employees?page=1&limit=10&status=active&_t=1771828129205',
  ip: '127.0.0.1',
  userAgent: 'Mozilla/5.0 (Windows NT 10.0; Win64; x64) AppleWebKit/537.36 (KHTML, like Gecko) Chrome/145.0.0.0 Safari/537.36 Edg/145.0.0.0',
  timestamp: '2026-02-23 11:58:49',
  level: 'info',
  message: 'Request'
}
{
  service: 'attendance-system',
  method: 'GET',
  url: '/?_t=1771828129205',
  statusCode: 200,
  duration: '18ms',
  contentLength: '802',
  level: 'info',
  message: 'Response',
  timestamp: '2026-02-23 11:58:49'
}
{
  service: 'attendance-system',
  method: 'GET',
  url: '/api/admin/shifts?_t=1771828129205',
  ip: '127.0.0.1',
  userAgent: 'Mozilla/5.0 (Windows NT 10.0; Win64; x64) AppleWebKit/537.36 (KHTML, like Gecko) Chrome/145.0.0.0 Safari/537.36 Edg/145.0.0.0',
  timestamp: '2026-02-23 11:58:49',
  level: 'info',
  message: 'Request'
}
{
  service: 'attendance-system',
  method: 'GET',
  url: '/?page=1&limit=10&status=active&_t=1771828129205',
  statusCode: 200,
  duration: '31ms',
  contentLength: '10220',
  level: 'info',
  message: 'Response',
  timestamp: '2026-02-23 11:58:49'
}
{
  service: 'attendance-system',
  method: 'GET',
  url: '/api/admin/employees?page=1&limit=10&status=active&_t=1771828129205',
  ip: '127.0.0.1',
  userAgent: 'Mozilla/5.0 (Windows NT 10.0; Win64; x64) AppleWebKit/537.36 (KHTML, like Gecko) Chrome/145.0.0.0 Safari/537.36 Edg/145.0.0.0',
  timestamp: '2026-02-23 11:58:49',
  level: 'info',
  message: 'Request'
}
{
  service: 'attendance-system',
  method: 'GET',
  url: '/?_t=1771828129205',
  statusCode: 304,
  duration: '21ms',
  contentLength: 0,
  level: 'info',
  message: 'Response',
  timestamp: '2026-02-23 11:58:49'
}
{
  service: 'attendance-system',
  method: 'GET',
  url: '/?page=1&limit=10&status=active&_t=1771828129205',
  statusCode: 304,
  duration: '30ms',
  contentLength: 0,
  level: 'info',
  message: 'Response',
  timestamp: '2026-02-23 11:58:49'
}
{
  service: 'attendance-system',
  method: 'GET',
  url: '/api/admin/employees?all=true&_t=1771828130291',
  ip: '127.0.0.1',
  userAgent: 'Mozilla/5.0 (Windows NT 10.0; Win64; x64) AppleWebKit/537.36 (KHTML, like Gecko) Chrome/145.0.0.0 Safari/537.36 Edg/145.0.0.0',
  timestamp: '2026-02-23 11:58:50',
  level: 'info',
  message: 'Request'
}
{
  service: 'attendance-system',
  method: 'GET',
  url: '/?all=true&_t=1771828130291',
  statusCode: 200,
  duration: '36ms',
  contentLength: '27292',
  level: 'info',
  message: 'Response',
  timestamp: '2026-02-23 11:58:50'
}
{
  service: 'attendance-system',
  method: 'GET',
  url: '/api/admin/employees?all=true&_t=1771828130291',
  ip: '127.0.0.1',
  userAgent: 'Mozilla/5.0 (Windows NT 10.0; Win64; x64) AppleWebKit/537.36 (KHTML, like Gecko) Chrome/145.0.0.0 Safari/537.36 Edg/145.0.0.0',
  timestamp: '2026-02-23 11:58:50',
  level: 'info',
  message: 'Request'
}
{
  service: 'attendance-system',
  method: 'GET',
  url: '/?all=true&_t=1771828130291',
  statusCode: 304,
  duration: '32ms',
  contentLength: 0,
  level: 'info',
  message: 'Response',
  timestamp: '2026-02-23 11:58:50'
}
{
  service: 'attendance-system',
  method: 'GET',
  url: '/api/admin/dashboard-summary?includePendingLeaves=true',
  ip: '127.0.0.1',
  userAgent: 'Mozilla/5.0 (Windows NT 10.0; Win64; x64) AppleWebKit/537.36 (KHTML, like Gecko) Chrome/145.0.0.0 Safari/537.36 Edg/145.0.0.0',
  timestamp: '2026-02-23 11:58:51',
  level: 'info',
  message: 'Request'
}
{
  service: 'attendance-system',
  method: 'GET',
  url: '/dashboard-summary?includePendingLeaves=true',
  statusCode: 304,
  duration: '215ms',
  contentLength: 0,
  level: 'info',
  message: 'Response',
  timestamp: '2026-02-23 11:58:51'
}
{
  service: 'attendance-system',
  method: 'GET',
  url: '/api/admin/dashboard-summary?includePendingLeaves=true',
  ip: '127.0.0.1',
  userAgent: 'Mozilla/5.0 (Windows NT 10.0; Win64; x64) AppleWebKit/537.36 (KHTML, like Gecko) Chrome/145.0.0.0 Safari/537.36 Edg/145.0.0.0',
  timestamp: '2026-02-23 11:58:51',
  level: 'info',
  message: 'Request'
}
{
  service: 'attendance-system',
  method: 'GET',
  url: '/dashboard-summary?includePendingLeaves=true',
  statusCode: 304,
  duration: '27ms',
  contentLength: 0,
  level: 'info',
  message: 'Response',
  timestamp: '2026-02-23 11:58:51'
}
{
  service: 'attendance-system',
  method: 'GET',
  url: '/api/admin/dashboard-employees/late?page=1&limit=50&_t=1771828132374',
  ip: '127.0.0.1',
  userAgent: 'Mozilla/5.0 (Windows NT 10.0; Win64; x64) AppleWebKit/537.36 (KHTML, like Gecko) Chrome/145.0.0.0 Safari/537.36 Edg/145.0.0.0',
  timestamp: '2026-02-23 11:58:52',
  level: 'info',
  message: 'Request'
}
{
  service: 'attendance-system',
  method: 'GET',
  url: '/dashboard-employees/late?page=1&limit=50&_t=1771828132374',
  statusCode: 200,
  duration: '24ms',
  contentLength: '282',
  level: 'info',
  message: 'Response',
  timestamp: '2026-02-23 11:58:52'
}
{
  service: 'attendance-system',
  method: 'GET',
  url: '/api/announcements?_t=1771828133473',
  ip: '127.0.0.1',
  userAgent: 'Mozilla/5.0 (Windows NT 10.0; Win64; x64) AppleWebKit/537.36 (KHTML, like Gecko) Chrome/145.0.0.0 Safari/537.36 Edg/145.0.0.0',
  timestamp: '2026-02-23 11:58:53',
  level: 'info',
  message: 'Request'
}
{
  service: 'attendance-system',
  method: 'GET',
  url: '/?_t=1771828133473',
  statusCode: 200,
  duration: '20ms',
  contentLength: '2',
  level: 'info',
  message: 'Response',
  timestamp: '2026-02-23 11:58:53'
}
{
  service: 'attendance-system',
  method: 'GET',
  url: '/api/admin/dashboard-employees/on-leave?page=1&limit=50&_t=1771828135869',
  ip: '127.0.0.1',
  userAgent: 'Mozilla/5.0 (Windows NT 10.0; Win64; x64) AppleWebKit/537.36 (KHTML, like Gecko) Chrome/145.0.0.0 Safari/537.36 Edg/145.0.0.0',
  timestamp: '2026-02-23 11:58:55',
  level: 'info',
  message: 'Request'
}
{
  service: 'attendance-system',
  method: 'GET',
  url: '/dashboard-employees/on-leave?page=1&limit=50&_t=1771828135869',
  statusCode: 200,
  duration: '16ms',
  contentLength: '58',
  level: 'info',
  message: 'Response',
  timestamp: '2026-02-23 11:58:55'
}
{
  service: 'attendance-system',
  method: 'GET',
  url: '/api/announcements?_t=1771828136357',
  ip: '127.0.0.1',
  userAgent: 'Mozilla/5.0 (Windows NT 10.0; Win64; x64) AppleWebKit/537.36 (KHTML, like Gecko) Chrome/145.0.0.0 Safari/537.36',
  timestamp: '2026-02-23 11:58:56',
  level: 'info',
  message: 'Request'
}
{
  service: 'attendance-system',
  method: 'GET',
  url: '/?_t=1771828136357',
  statusCode: 200,
  duration: '12ms',
  contentLength: '2',
  level: 'info',
  message: 'Response',
  timestamp: '2026-02-23 11:58:56'
}
{
  service: 'attendance-system',
  method: 'GET',
  url: '/api/announcements?_t=1771828164338',
  ip: '127.0.0.1',
  userAgent: 'Mozilla/5.0 (Windows NT 10.0; Win64; x64) AppleWebKit/537.36 (KHTML, like Gecko) Chrome/145.0.0.0 Safari/537.36 Edg/145.0.0.0',
  timestamp: '2026-02-23 11:59:24',
  level: 'info',
  message: 'Request'
}
{
  service: 'attendance-system',
  method: 'GET',
  url: '/?_t=1771828164338',
  statusCode: 200,
  duration: '19ms',
  contentLength: '2',
  level: 'info',
  message: 'Response',
  timestamp: '2026-02-23 11:59:24'
}
{
  service: 'attendance-system',
  method: 'GET',
  url: '/api/admin/shifts?_t=1771828167801',
  ip: '127.0.0.1',
  userAgent: 'Mozilla/5.0 (Windows NT 10.0; Win64; x64) AppleWebKit/537.36 (KHTML, like Gecko) Chrome/145.0.0.0 Safari/537.36 Edg/145.0.0.0',
  timestamp: '2026-02-23 11:59:27',
  level: 'info',
  message: 'Request'
}
{
  service: 'attendance-system',
  method: 'GET',
  url: '/api/admin/employees?page=1&limit=10&status=active&_t=1771828167801',
  ip: '127.0.0.1',
  userAgent: 'Mozilla/5.0 (Windows NT 10.0; Win64; x64) AppleWebKit/537.36 (KHTML, like Gecko) Chrome/145.0.0.0 Safari/537.36 Edg/145.0.0.0',
  timestamp: '2026-02-23 11:59:27',
  level: 'info',
  message: 'Request'
}
{
  service: 'attendance-system',
  method: 'GET',
  url: '/?_t=1771828167801',
  statusCode: 200,
  duration: '38ms',
  contentLength: '802',
  level: 'info',
  message: 'Response',
  timestamp: '2026-02-23 11:59:27'
}
{
  service: 'attendance-system',
  method: 'GET',
  url: '/api/admin/shifts?_t=1771828167801',
  ip: '127.0.0.1',
  userAgent: 'Mozilla/5.0 (Windows NT 10.0; Win64; x64) AppleWebKit/537.36 (KHTML, like Gecko) Chrome/145.0.0.0 Safari/537.36 Edg/145.0.0.0',
  timestamp: '2026-02-23 11:59:27',
  level: 'info',
  message: 'Request'
}
{
  service: 'attendance-system',
  method: 'GET',
  url: '/?page=1&limit=10&status=active&_t=1771828167801',
  statusCode: 200,
  duration: '49ms',
  contentLength: '10220',
  level: 'info',
  message: 'Response',
  timestamp: '2026-02-23 11:59:27'
}
{
  service: 'attendance-system',
  method: 'GET',
  url: '/api/admin/employees?page=1&limit=10&status=active&_t=1771828167801',
  ip: '127.0.0.1',
  userAgent: 'Mozilla/5.0 (Windows NT 10.0; Win64; x64) AppleWebKit/537.36 (KHTML, like Gecko) Chrome/145.0.0.0 Safari/537.36 Edg/145.0.0.0',
  timestamp: '2026-02-23 11:59:27',
  level: 'info',
  message: 'Request'
}
{
  service: 'attendance-system',
  method: 'GET',
  url: '/?_t=1771828167801',
  statusCode: 304,
  duration: '42ms',
  contentLength: 0,
  level: 'info',
  message: 'Response',
  timestamp: '2026-02-23 11:59:27'
}
{
  service: 'attendance-system',
  method: 'GET',
  url: '/?page=1&limit=10&status=active&_t=1771828167801',
  statusCode: 304,
  duration: '56ms',
  contentLength: 0,
  level: 'info',
  message: 'Response',
  timestamp: '2026-02-23 11:59:27'
}
{
  service: 'attendance-system',
  method: 'GET',
  url: '/api/admin/office-locations?_t=1771828171187',
  ip: '127.0.0.1',
  userAgent: 'Mozilla/5.0 (Windows NT 10.0; Win64; x64) AppleWebKit/537.36 (KHTML, like Gecko) Chrome/145.0.0.0 Safari/537.36 Edg/145.0.0.0',
  timestamp: '2026-02-23 11:59:31',
  level: 'info',
  message: 'Request'
}
{
  service: 'attendance-system',
  method: 'GET',
  url: '/api/admin/shifts?page=1&limit=10&_t=1771828171187',
  ip: '127.0.0.1',
  userAgent: 'Mozilla/5.0 (Windows NT 10.0; Win64; x64) AppleWebKit/537.36 (KHTML, like Gecko) Chrome/145.0.0.0 Safari/537.36 Edg/145.0.0.0',
  timestamp: '2026-02-23 11:59:31',
  level: 'info',
  message: 'Request'
}
{
  service: 'attendance-system',
  method: 'GET',
  url: '/?_t=1771828171187',
  statusCode: 200,
  duration: '14ms',
  contentLength: '323',
  level: 'info',
  message: 'Response',
  timestamp: '2026-02-23 11:59:31'
}
{
  service: 'attendance-system',
  method: 'GET',
  url: '/api/admin/office-locations?_t=1771828171187',
  ip: '127.0.0.1',
  userAgent: 'Mozilla/5.0 (Windows NT 10.0; Win64; x64) AppleWebKit/537.36 (KHTML, like Gecko) Chrome/145.0.0.0 Safari/537.36 Edg/145.0.0.0',
  timestamp: '2026-02-23 11:59:31',
  level: 'info',
  message: 'Request'
}
{
  service: 'attendance-system',
  method: 'GET',
  url: '/?page=1&limit=10&_t=1771828171187',
  statusCode: 200,
  duration: '22ms',
  contentLength: '802',
  level: 'info',
  message: 'Response',
  timestamp: '2026-02-23 11:59:31'
}
{
  service: 'attendance-system',
  method: 'GET',
  url: '/api/admin/shifts?page=1&limit=10&_t=1771828171187',
  ip: '127.0.0.1',
  userAgent: 'Mozilla/5.0 (Windows NT 10.0; Win64; x64) AppleWebKit/537.36 (KHTML, like Gecko) Chrome/145.0.0.0 Safari/537.36 Edg/145.0.0.0',
  timestamp: '2026-02-23 11:59:31',
  level: 'info',
  message: 'Request'
}
{
  service: 'attendance-system',
  method: 'GET',
  url: '/?_t=1771828171187',
  statusCode: 304,
  duration: '15ms',
  contentLength: 0,
  level: 'info',
  message: 'Response',
  timestamp: '2026-02-23 11:59:31'
}
{
  service: 'attendance-system',
  method: 'GET',
  url: '/?page=1&limit=10&_t=1771828171187',
  statusCode: 304,
  duration: '22ms',
  contentLength: 0,
  level: 'info',
  message: 'Response',
  timestamp: '2026-02-23 11:59:31'
}
{
  service: 'attendance-system',
  method: 'GET',
  url: '/api/admin/manage?_t=1771828172903',
  ip: '127.0.0.1',
  userAgent: 'Mozilla/5.0 (Windows NT 10.0; Win64; x64) AppleWebKit/537.36 (KHTML, like Gecko) Chrome/145.0.0.0 Safari/537.36 Edg/145.0.0.0',
  timestamp: '2026-02-23 11:59:32',
  level: 'info',
  message: 'Request'
}
{
  service: 'attendance-system',
  method: 'GET',
  url: '/api/analytics/late-grace-settings?_t=1771828172903',
  ip: '127.0.0.1',
  userAgent: 'Mozilla/5.0 (Windows NT 10.0; Win64; x64) AppleWebKit/537.36 (KHTML, like Gecko) Chrome/145.0.0.0 Safari/537.36 Edg/145.0.0.0',
  timestamp: '2026-02-23 11:59:32',
  level: 'info',
  message: 'Request'
}
{
  service: 'attendance-system',
  method: 'GET',
  path: '/analytics/late-grace-settings',
  query: [Object: null prototype] { _t: '1771828172903' },
  headers: { authorization: 'present', origin: undefined },
  level: 'warn',
  message: '[404] API route not found: GET /analytics/late-grace-settings',
  timestamp: '2026-02-23 11:59:32'
}
{
  service: 'attendance-system',
  method: 'GET',
  url: '/analytics/late-grace-settings?_t=1771828172903',
  statusCode: 404,
  duration: '3ms',
  contentLength: '190',
  level: 'info',
  message: 'Response',
  timestamp: '2026-02-23 11:59:32'
}
{
  service: 'attendance-system',
  method: 'GET',
  url: '/api/analytics/late-grace-settings?_t=1771828172903',
  ip: '127.0.0.1',
  userAgent: 'Mozilla/5.0 (Windows NT 10.0; Win64; x64) AppleWebKit/537.36 (KHTML, like Gecko) Chrome/145.0.0.0 Safari/537.36 Edg/145.0.0.0',
  timestamp: '2026-02-23 11:59:32',
  level: 'info',
  message: 'Request'
}
{
  service: 'attendance-system',
  method: 'GET',
  path: '/analytics/late-grace-settings',
  query: [Object: null prototype] { _t: '1771828172903' },
  headers: { authorization: 'present', origin: undefined },
  level: 'warn',
  message: '[404] API route not found: GET /analytics/late-grace-settings',
  timestamp: '2026-02-23 11:59:32'
}
{
  service: 'attendance-system',
  method: 'GET',
  url: '/analytics/late-grace-settings?_t=1771828172903',
  statusCode: 404,
  duration: '2ms',
  contentLength: '190',
  level: 'info',
  message: 'Response',
  timestamp: '2026-02-23 11:59:32'
}
{
  service: 'attendance-system',
  method: 'GET',
  url: '/?_t=1771828172903',
  statusCode: 200,
  duration: '31ms',
  contentLength: '29083',
  level: 'info',
  message: 'Response',
  timestamp: '2026-02-23 11:59:32'
}
{
  service: 'attendance-system',
  method: 'GET',
  url: '/api/admin/manage?_t=1771828172903',
  ip: '127.0.0.1',
  userAgent: 'Mozilla/5.0 (Windows NT 10.0; Win64; x64) AppleWebKit/537.36 (KHTML, like Gecko) Chrome/145.0.0.0 Safari/537.36 Edg/145.0.0.0',
  timestamp: '2026-02-23 11:59:32',
  level: 'info',
  message: 'Request'
}
{
  service: 'attendance-system',
  method: 'GET',
  url: '/?_t=1771828172903',
  statusCode: 304,
  duration: '24ms',
  contentLength: 0,
  level: 'info',
  message: 'Response',
  timestamp: '2026-02-23 11:59:32'
}
{
  service: 'attendance-system',
  method: 'GET',
  url: '/api/policies/anonymous-feedback?_t=1771828173612',
  ip: '127.0.0.1',
  userAgent: 'Mozilla/5.0 (Windows NT 10.0; Win64; x64) AppleWebKit/537.36 (KHTML, like Gecko) Chrome/145.0.0.0 Safari/537.36 Edg/145.0.0.0',
  timestamp: '2026-02-23 11:59:33',
  level: 'info',
  message: 'Request'
}
{
  service: 'attendance-system',
  method: 'GET',
  url: '/api/policies-gridfs?_t=1771828173612',
  ip: '127.0.0.1',
  userAgent: 'Mozilla/5.0 (Windows NT 10.0; Win64; x64) AppleWebKit/537.36 (KHTML, like Gecko) Chrome/145.0.0.0 Safari/537.36 Edg/145.0.0.0',
  timestamp: '2026-02-23 11:59:33',
  level: 'info',
  message: 'Request'
}
{
  service: 'attendance-system',
  method: 'GET',
  url: '/anonymous-feedback?_t=1771828173612',
  statusCode: 200,
  duration: '11ms',
  contentLength: '15',
  level: 'info',
  message: 'Response',
  timestamp: '2026-02-23 11:59:33'
}
{
  service: 'attendance-system',
  method: 'GET',
  url: '/api/policies/anonymous-feedback?_t=1771828173612',
  ip: '127.0.0.1',
  userAgent: 'Mozilla/5.0 (Windows NT 10.0; Win64; x64) AppleWebKit/537.36 (KHTML, like Gecko) Chrome/145.0.0.0 Safari/537.36 Edg/145.0.0.0',
  timestamp: '2026-02-23 11:59:33',
  level: 'info',
  message: 'Request'
}
{
  service: 'attendance-system',
  method: 'GET',
  url: '/?_t=1771828173612',
  statusCode: 200,
  duration: '16ms',
  contentLength: '15',
  level: 'info',
  message: 'Response',
  timestamp: '2026-02-23 11:59:33'
}
{
  service: 'attendance-system',
  method: 'GET',
  url: '/api/policies-gridfs?_t=1771828173612',
  ip: '127.0.0.1',
  userAgent: 'Mozilla/5.0 (Windows NT 10.0; Win64; x64) AppleWebKit/537.36 (KHTML, like Gecko) Chrome/145.0.0.0 Safari/537.36 Edg/145.0.0.0',
  timestamp: '2026-02-23 11:59:33',
  level: 'info',
  message: 'Request'
}
{
  service: 'attendance-system',
  method: 'GET',
  url: '/anonymous-feedback?_t=1771828173612',
  statusCode: 304,
  duration: '14ms',
  contentLength: 0,
  level: 'info',
  message: 'Response',
  timestamp: '2026-02-23 11:59:33'
}
{
  service: 'attendance-system',
  method: 'GET',
  url: '/?_t=1771828173612',
  statusCode: 304,
  duration: '12ms',
  contentLength: 0,
  level: 'info',
  message: 'Response',
  timestamp: '2026-02-23 11:59:33'
}
{
  service: 'attendance-system',
  method: 'GET',
  url: '/api/analytics/monthly-context-settings?_t=1771828175420',
  ip: '127.0.0.1',
  userAgent: 'Mozilla/5.0 (Windows NT 10.0; Win64; x64) AppleWebKit/537.36 (KHTML, like Gecko) Chrome/145.0.0.0 Safari/537.36 Edg/145.0.0.0',
  timestamp: '2026-02-23 11:59:35',
  level: 'info',
  message: 'Request'
}
{
  service: 'attendance-system',
  method: 'GET',
  path: '/analytics/monthly-context-settings',
  query: [Object: null prototype] { _t: '1771828175420' },
  headers: { authorization: 'present', origin: undefined },
  level: 'warn',
  message: '[404] API route not found: GET /analytics/monthly-context-settings',
  timestamp: '2026-02-23 11:59:35'
}
{
  service: 'attendance-system',
  method: 'GET',
  url: '/analytics/monthly-context-settings?_t=1771828175420',
  statusCode: 404,
  duration: '1ms',
  contentLength: '200',
  level: 'info',
  message: 'Response',
  timestamp: '2026-02-23 11:59:35'
}
{
  service: 'attendance-system',
  method: 'GET',
  url: '/api/analytics/monthly-context-settings?_t=1771828175420',
  ip: '127.0.0.1',
  userAgent: 'Mozilla/5.0 (Windows NT 10.0; Win64; x64) AppleWebKit/537.36 (KHTML, like Gecko) Chrome/145.0.0.0 Safari/537.36 Edg/145.0.0.0',
  timestamp: '2026-02-23 11:59:35',
  level: 'info',
  message: 'Request'
}
{
  service: 'attendance-system',
  method: 'GET',
  path: '/analytics/monthly-context-settings',
  query: [Object: null prototype] { _t: '1771828175420' },
  headers: { authorization: 'present', origin: undefined },
  level: 'warn',
  message: '[404] API route not found: GET /analytics/monthly-context-settings',
  timestamp: '2026-02-23 11:59:35'
}
{
  service: 'attendance-system',
  method: 'GET',
  url: '/analytics/monthly-context-settings?_t=1771828175420',
  statusCode: 404,
  duration: '2ms',
  contentLength: '200',
  level: 'info',
  message: 'Response',
  timestamp: '2026-02-23 11:59:35'
}
{
  service: 'attendance-system',
  method: 'GET',
  url: '/api/analytics/monthly-context-settings?_t=1771828175420',
  ip: '127.0.0.1',
  userAgent: 'Mozilla/5.0 (Windows NT 10.0; Win64; x64) AppleWebKit/537.36 (KHTML, like Gecko) Chrome/145.0.0.0 Safari/537.36 Edg/145.0.0.0',
  timestamp: '2026-02-23 11:59:35',
  level: 'info',
  message: 'Request'
}
{
  service: 'attendance-system',
  method: 'GET',
  path: '/analytics/monthly-context-settings',
  query: [Object: null prototype] { _t: '1771828175420' },
  headers: { authorization: 'present', origin: undefined },
  level: 'warn',
  message: '[404] API route not found: GET /analytics/monthly-context-settings',
  timestamp: '2026-02-23 11:59:35'
}
{
  service: 'attendance-system',
  method: 'GET',
  url: '/analytics/monthly-context-settings?_t=1771828175420',
  statusCode: 404,
  duration: '2ms',
  contentLength: '200',
  level: 'info',
  message: 'Response',
  timestamp: '2026-02-23 11:59:35'
}
{
  service: 'attendance-system',
  method: 'GET',
  url: '/api/analytics/monthly-context-settings?_t=1771828175420',
  ip: '127.0.0.1',
  userAgent: 'Mozilla/5.0 (Windows NT 10.0; Win64; x64) AppleWebKit/537.36 (KHTML, like Gecko) Chrome/145.0.0.0 Safari/537.36 Edg/145.0.0.0',
  timestamp: '2026-02-23 11:59:35',
  level: 'info',
  message: 'Request'
}
{
  service: 'attendance-system',
  method: 'GET',
  path: '/analytics/monthly-context-settings',
  query: [Object: null prototype] { _t: '1771828175420' },
  headers: { authorization: 'present', origin: undefined },
  level: 'warn',
  message: '[404] API route not found: GET /analytics/monthly-context-settings',
  timestamp: '2026-02-23 11:59:35'
}
{
  service: 'attendance-system',
  method: 'GET',
  url: '/analytics/monthly-context-settings?_t=1771828175420',
  statusCode: 404,
  duration: '2ms',
  contentLength: '200',
  level: 'info',
  message: 'Response',
  timestamp: '2026-02-23 11:59:35'
}
{
  service: 'attendance-system',
  method: 'GET',
  url: '/api/probation/tracker?_t=1771828176431',
  ip: '127.0.0.1',
  userAgent: 'Mozilla/5.0 (Windows NT 10.0; Win64; x64) AppleWebKit/537.36 (KHTML, like Gecko) Chrome/145.0.0.0 Safari/537.36 Edg/145.0.0.0',
  timestamp: '2026-02-23 11:59:36',
  level: 'info',
  message: 'Request'
}
{
  service: 'attendance-system',
  method: 'GET',
  url: '/tracker?_t=1771828176431',
  statusCode: 200,
  duration: '3ms',
  contentLength: '5964',
  level: 'info',
  message: 'Response',
  timestamp: '2026-02-23 11:59:36'
}
{
  service: 'attendance-system',
  method: 'GET',
  url: '/api/probation/tracker?_t=1771828176431',
  ip: '127.0.0.1',
  userAgent: 'Mozilla/5.0 (Windows NT 10.0; Win64; x64) AppleWebKit/537.36 (KHTML, like Gecko) Chrome/145.0.0.0 Safari/537.36 Edg/145.0.0.0',
  timestamp: '2026-02-23 11:59:36',
  level: 'info',
  message: 'Request'
}
{
  service: 'attendance-system',
  method: 'GET',
  url: '/tracker?_t=1771828176431',
  statusCode: 304,
  duration: '5ms',
  contentLength: 0,
  level: 'info',
  message: 'Response',
  timestamp: '2026-02-23 11:59:36'
}
{
  service: 'attendance-system',
  method: 'GET',
  url: '/api/analytics/monthly-context-settings?_t=1771828177005',
  ip: '127.0.0.1',
  userAgent: 'Mozilla/5.0 (Windows NT 10.0; Win64; x64) AppleWebKit/537.36 (KHTML, like Gecko) Chrome/145.0.0.0 Safari/537.36 Edg/145.0.0.0',
  timestamp: '2026-02-23 11:59:37',
  level: 'info',
  message: 'Request'
}
{
  service: 'attendance-system',
  method: 'GET',
  path: '/analytics/monthly-context-settings',
  query: [Object: null prototype] { _t: '1771828177005' },
  headers: { authorization: 'present', origin: undefined },
  level: 'warn',
  message: '[404] API route not found: GET /analytics/monthly-context-settings',
  timestamp: '2026-02-23 11:59:37'
}
{
  service: 'attendance-system',
  method: 'GET',
  url: '/analytics/monthly-context-settings?_t=1771828177005',
  statusCode: 404,
  duration: '2ms',
  contentLength: '200',
  level: 'info',
  message: 'Response',
  timestamp: '2026-02-23 11:59:37'
}
{
  service: 'attendance-system',
  method: 'GET',
  url: '/api/analytics/monthly-context-settings?_t=1771828177005',
  ip: '127.0.0.1',
  userAgent: 'Mozilla/5.0 (Windows NT 10.0; Win64; x64) AppleWebKit/537.36 (KHTML, like Gecko) Chrome/145.0.0.0 Safari/537.36 Edg/145.0.0.0',
  timestamp: '2026-02-23 11:59:37',
  level: 'info',
  message: 'Request'
}
{
  service: 'attendance-system',
  method: 'GET',
  path: '/analytics/monthly-context-settings',
  query: [Object: null prototype] { _t: '1771828177005' },
  headers: { authorization: 'present', origin: undefined },
  level: 'warn',
  message: '[404] API route not found: GET /analytics/monthly-context-settings',
  timestamp: '2026-02-23 11:59:37'
}
{
  service: 'attendance-system',
  method: 'GET',
  url: '/analytics/monthly-context-settings?_t=1771828177005',
  statusCode: 404,
  duration: '2ms',
  contentLength: '200',
  level: 'info',
  message: 'Response',
  timestamp: '2026-02-23 11:59:37'
}
{
  service: 'attendance-system',
  method: 'GET',
  url: '/api/analytics/monthly-context-settings?_t=1771828177005',
  ip: '127.0.0.1',
  userAgent: 'Mozilla/5.0 (Windows NT 10.0; Win64; x64) AppleWebKit/537.36 (KHTML, like Gecko) Chrome/145.0.0.0 Safari/537.36 Edg/145.0.0.0',
  timestamp: '2026-02-23 11:59:37',
  level: 'info',
  message: 'Request'
}
{
  service: 'attendance-system',
  method: 'GET',
  path: '/analytics/monthly-context-settings',
  query: [Object: null prototype] { _t: '1771828177005' },
  headers: { authorization: 'present', origin: undefined },
  level: 'warn',
  message: '[404] API route not found: GET /analytics/monthly-context-settings',
  timestamp: '2026-02-23 11:59:37'
}
{
  service: 'attendance-system',
  method: 'GET',
  url: '/analytics/monthly-context-settings?_t=1771828177005',
  statusCode: 404,
  duration: '1ms',
  contentLength: '200',
  level: 'info',
  message: 'Response',
  timestamp: '2026-02-23 11:59:37'
}
{
  service: 'attendance-system',
  method: 'GET',
  url: '/api/analytics/monthly-context-settings?_t=1771828177005',
  ip: '127.0.0.1',
  userAgent: 'Mozilla/5.0 (Windows NT 10.0; Win64; x64) AppleWebKit/537.36 (KHTML, like Gecko) Chrome/145.0.0.0 Safari/537.36 Edg/145.0.0.0',
  timestamp: '2026-02-23 11:59:37',
  level: 'info',
  message: 'Request'
}
{
  service: 'attendance-system',
  method: 'GET',
  path: '/analytics/monthly-context-settings',
  query: [Object: null prototype] { _t: '1771828177005' },
  headers: { authorization: 'present', origin: undefined },
  level: 'warn',
  message: '[404] API route not found: GET /analytics/monthly-context-settings',
  timestamp: '2026-02-23 11:59:37'
}
{
  service: 'attendance-system',
  method: 'GET',
  url: '/analytics/monthly-context-settings?_t=1771828177005',
  statusCode: 404,
  duration: '1ms',
  contentLength: '200',
  level: 'info',
  message: 'Response',
  timestamp: '2026-02-23 11:59:37'
}
{
  service: 'attendance-system',
  method: 'GET',
  url: '/api/admin/employees?all=true&_t=1771828186131',
  ip: '127.0.0.1',
  userAgent: 'Mozilla/5.0 (Windows NT 10.0; Win64; x64) AppleWebKit/537.36 (KHTML, like Gecko) Chrome/145.0.0.0 Safari/537.36 Edg/145.0.0.0',
  timestamp: '2026-02-23 11:59:46',
  level: 'info',
  message: 'Request'
}
{
  service: 'attendance-system',
  method: 'GET',
  url: '/?all=true&_t=1771828186131',
  statusCode: 200,
  duration: '56ms',
  contentLength: '27292',
  level: 'info',
  message: 'Response',
  timestamp: '2026-02-23 11:59:46'
}
{
  service: 'attendance-system',
  method: 'GET',
  url: '/api/admin/employees?all=true&_t=1771828186131',
  ip: '127.0.0.1',
  userAgent: 'Mozilla/5.0 (Windows NT 10.0; Win64; x64) AppleWebKit/537.36 (KHTML, like Gecko) Chrome/145.0.0.0 Safari/537.36 Edg/145.0.0.0',
  timestamp: '2026-02-23 11:59:46',
  level: 'info',
  message: 'Request'
}
{
  service: 'attendance-system',
  method: 'GET',
  url: '/?all=true&_t=1771828186131',
  statusCode: 304,
  duration: '45ms',
  contentLength: 0,
  level: 'info',
  message: 'Response',
  timestamp: '2026-02-23 11:59:46'
}
{
  service: 'attendance-system',
  method: 'GET',
  url: '/api/announcements?_t=1771828193476',
  ip: '127.0.0.1',
  userAgent: 'Mozilla/5.0 (Windows NT 10.0; Win64; x64) AppleWebKit/537.36 (KHTML, like Gecko) Chrome/145.0.0.0 Safari/537.36 Edg/145.0.0.0',
  timestamp: '2026-02-23 11:59:53',
  level: 'info',
  message: 'Request'
}
{
  service: 'attendance-system',
  method: 'GET',
  url: '/?_t=1771828193476',
  statusCode: 200,
  duration: '18ms',
  contentLength: '2',
  level: 'info',
  message: 'Response',
  timestamp: '2026-02-23 11:59:53'
}
{
  service: 'attendance-system',
  method: 'GET',
  url: '/api/announcements?_t=1771828196348',
  ip: '127.0.0.1',
  userAgent: 'Mozilla/5.0 (Windows NT 10.0; Win64; x64) AppleWebKit/537.36 (KHTML, like Gecko) Chrome/145.0.0.0 Safari/537.36',
  timestamp: '2026-02-23 11:59:56',
  level: 'info',
  message: 'Request'
}
{
  service: 'attendance-system',
  method: 'GET',
  url: '/?_t=1771828196348',
  statusCode: 200,
  duration: '13ms',
  contentLength: '2',
  level: 'info',
  message: 'Response',
  timestamp: '2026-02-23 11:59:56'
}
{
  service: 'attendance-system',
  method: 'GET',
  url: '/api/announcements?_t=1771828223473',
  ip: '127.0.0.1',
  userAgent: 'Mozilla/5.0 (Windows NT 10.0; Win64; x64) AppleWebKit/537.36 (KHTML, like Gecko) Chrome/145.0.0.0 Safari/537.36 Edg/145.0.0.0',
  timestamp: '2026-02-23 12:00:23',
  level: 'info',
  message: 'Request'
}
{
  service: 'attendance-system',
  method: 'GET',
  url: '/?_t=1771828223473',
  statusCode: 200,
  duration: '34ms',
  contentLength: '2',
  level: 'info',
  message: 'Response',
  timestamp: '2026-02-23 12:00:23'
}
{
  service: 'attendance-system',
  method: 'GET',
  url: '/api/announcements?_t=1771828253475',
  ip: '127.0.0.1',
  userAgent: 'Mozilla/5.0 (Windows NT 10.0; Win64; x64) AppleWebKit/537.36 (KHTML, like Gecko) Chrome/145.0.0.0 Safari/537.36 Edg/145.0.0.0',
  timestamp: '2026-02-23 12:00:53',
  level: 'info',
  message: 'Request'
}
{
  service: 'attendance-system',
  method: 'GET',
  url: '/?_t=1771828253475',
  statusCode: 200,
  duration: '15ms',
  contentLength: '2',
  level: 'info',
  message: 'Response',
  timestamp: '2026-02-23 12:00:53'
}
{
  service: 'attendance-system',
  method: 'GET',
  url: '/api/announcements?_t=1771828256370',
  ip: '127.0.0.1',
  userAgent: 'Mozilla/5.0 (Windows NT 10.0; Win64; x64) AppleWebKit/537.36 (KHTML, like Gecko) Chrome/145.0.0.0 Safari/537.36',
  timestamp: '2026-02-23 12:00:56',
  level: 'info',
  message: 'Request'
}
{
  service: 'attendance-system',
  method: 'GET',
  url: '/?_t=1771828256370',
  statusCode: 200,
  duration: '17ms',
  contentLength: '2',
  level: 'info',
  message: 'Response',
  timestamp: '2026-02-23 12:00:56'
}
{
  service: 'attendance-system',
  method: 'GET',
  url: '/api/announcements?_t=1771828283486',
  ip: '127.0.0.1',
  userAgent: 'Mozilla/5.0 (Windows NT 10.0; Win64; x64) AppleWebKit/537.36 (KHTML, like Gecko) Chrome/145.0.0.0 Safari/537.36 Edg/145.0.0.0',
  timestamp: '2026-02-23 12:01:23',
  level: 'info',
  message: 'Request'
}
{
  service: 'attendance-system',
  method: 'GET',
  url: '/?_t=1771828283486',
  statusCode: 200,
  duration: '16ms',
  contentLength: '2',
  level: 'info',
  message: 'Response',
  timestamp: '2026-02-23 12:01:23'
}
{
  service: 'attendance-system',
  method: 'GET',
  url: '/api/analytics/employee/687ddeb737735aa0fc5be0b7?month=02&year=2026&_t=1771828292119',
  ip: '127.0.0.1',
  userAgent: 'Mozilla/5.0 (Windows NT 10.0; Win64; x64) AppleWebKit/537.36 (KHTML, like Gecko) Chrome/145.0.0.0 Safari/537.36 Edg/145.0.0.0',
  timestamp: '2026-02-23 12:01:32',
  level: 'info',
  message: 'Request'
}
{
  service: 'attendance-system',
  method: 'GET',
  url: '/employee/687ddeb737735aa0fc5be0b7?month=02&year=2026&_t=1771828292119',
  statusCode: 200,
  duration: '150ms',
  contentLength: '7775',
  level: 'info',
  message: 'Response',
  timestamp: '2026-02-23 12:01:32'
}
{
  service: 'attendance-system',
  method: 'GET',
  url: '/api/analytics/attendance?startDate=2026-02-01&endDate=2026-02-23&page=1&limit=50&_t=1771828297239',
  ip: '127.0.0.1',
  userAgent: 'Mozilla/5.0 (Windows NT 10.0; Win64; x64) AppleWebKit/537.36 (KHTML, like Gecko) Chrome/145.0.0.0 Safari/537.36 Edg/145.0.0.0',
  timestamp: '2026-02-23 12:01:37',
  level: 'info',
  message: 'Request'
}
{
  service: 'attendance-system',
  method: 'GET',
  url: '/attendance?startDate=2026-02-01&endDate=2026-02-23&page=1&limit=50&_t=1771828297239',
  statusCode: 200,
  duration: '5ms',
  contentLength: '12630',
  level: 'info',
  message: 'Response',
  timestamp: '2026-02-23 12:01:37'
}
{
  service: 'attendance-system',
  method: 'GET',
  url: '/api/announcements?_t=1771828313482',
  ip: '127.0.0.1',
  userAgent: 'Mozilla/5.0 (Windows NT 10.0; Win64; x64) AppleWebKit/537.36 (KHTML, like Gecko) Chrome/145.0.0.0 Safari/537.36 Edg/145.0.0.0',
  timestamp: '2026-02-23 12:01:53',
  level: 'info',
  message: 'Request'
}
{
  service: 'attendance-system',
  method: 'GET',
  url: '/?_t=1771828313482',
  statusCode: 200,
  duration: '15ms',
  contentLength: '2',
  level: 'info',
  message: 'Response',
  timestamp: '2026-02-23 12:01:53'
}
{
  service: 'attendance-system',
  method: 'GET',
  url: '/api/announcements?_t=1771828316366',
  ip: '127.0.0.1',
  userAgent: 'Mozilla/5.0 (Windows NT 10.0; Win64; x64) AppleWebKit/537.36 (KHTML, like Gecko) Chrome/145.0.0.0 Safari/537.36',
  timestamp: '2026-02-23 12:01:56',
  level: 'info',
  message: 'Request'
}
{
  service: 'attendance-system',
  method: 'GET',
  url: '/?_t=1771828316366',
  statusCode: 200,
  duration: '14ms',
  contentLength: '2',
  level: 'info',
  message: 'Response',
  timestamp: '2026-02-23 12:01:56'
}
{
  service: 'attendance-system',
  method: 'GET',
  url: '/api/announcements?_t=1771828343478',
  ip: '127.0.0.1',
  userAgent: 'Mozilla/5.0 (Windows NT 10.0; Win64; x64) AppleWebKit/537.36 (KHTML, like Gecko) Chrome/145.0.0.0 Safari/537.36 Edg/145.0.0.0',
  timestamp: '2026-02-23 12:02:23',
  level: 'info',
  message: 'Request'
}
{
  service: 'attendance-system',
  method: 'GET',
  url: '/?_t=1771828343478',
  statusCode: 200,
  duration: '21ms',
  contentLength: '2',
  level: 'info',
  message: 'Response',
  timestamp: '2026-02-23 12:02:23'
}
{
  service: 'attendance-system',
  method: 'GET',
  url: '/api/admin/dashboard-summary?includePendingLeaves=true',
  ip: '127.0.0.1',
  userAgent: 'Mozilla/5.0 (Windows NT 10.0; Win64; x64) AppleWebKit/537.36 (KHTML, like Gecko) Chrome/145.0.0.0 Safari/537.36 Edg/145.0.0.0',
  timestamp: '2026-02-23 12:02:31',
  level: 'info',
  message: 'Request'
}
{
  service: 'attendance-system',
  method: 'GET',
  url: '/dashboard-summary?includePendingLeaves=true',
  statusCode: 304,
  duration: '212ms',
  contentLength: 0,
  level: 'info',
  message: 'Response',
  timestamp: '2026-02-23 12:02:32'
}
{
  service: 'attendance-system',
  method: 'GET',
  url: '/api/admin/dashboard-summary?includePendingLeaves=true',
  ip: '127.0.0.1',
  userAgent: 'Mozilla/5.0 (Windows NT 10.0; Win64; x64) AppleWebKit/537.36 (KHTML, like Gecko) Chrome/145.0.0.0 Safari/537.36 Edg/145.0.0.0',
  timestamp: '2026-02-23 12:02:32',
  level: 'info',
  message: 'Request'
}
{
  service: 'attendance-system',
  method: 'GET',
  url: '/dashboard-summary?includePendingLeaves=true',
  statusCode: 304,
  duration: '99ms',
  contentLength: 0,
  level: 'info',
  message: 'Response',
  timestamp: '2026-02-23 12:02:32'
}
{
  message: 'CORS Request: POST /api/announcements/mark-read from origin: http://localhost:5173',
  level: 'info',
  service: 'attendance-system',
  timestamp: '2026-02-23 12:02:42'
}
{
  service: 'attendance-system',
  method: 'POST',
  url: '/api/announcements/mark-read',
  ip: '127.0.0.1',
  userAgent: 'Mozilla/5.0 (Windows NT 10.0; Win64; x64) AppleWebKit/537.36 (KHTML, like Gecko) Chrome/145.0.0.0 Safari/537.36 Edg/145.0.0.0',
  timestamp: '2026-02-23 12:02:42',
  level: 'info',
  message: 'Request'
}
{
  service: 'attendance-system',
  method: 'GET',
  url: '/api/announcements?_t=1771828362119',
  ip: '127.0.0.1',
  userAgent: 'Mozilla/5.0 (Windows NT 10.0; Win64; x64) AppleWebKit/537.36 (KHTML, like Gecko) Chrome/145.0.0.0 Safari/537.36 Edg/145.0.0.0',
  timestamp: '2026-02-23 12:02:42',
  level: 'info',
  message: 'Request'
}
{
  service: 'attendance-system',
  method: 'POST',
  url: '/mark-read',
  statusCode: 200,
  duration: '86ms',
  contentLength: '58',
  level: 'info',
  message: 'Response',
  timestamp: '2026-02-23 12:02:42'
}
{
  service: 'attendance-system',
  method: 'GET',
  url: '/?_t=1771828362119',
  statusCode: 200,
  duration: '31ms',
  contentLength: '2',
  level: 'info',
  message: 'Response',
  timestamp: '2026-02-23 12:02:42'
}
{
  service: 'attendance-system',
  method: 'GET',
  url: '/api/announcements?_t=1771828362119',
  ip: '127.0.0.1',
  userAgent: 'Mozilla/5.0 (Windows NT 10.0; Win64; x64) AppleWebKit/537.36 (KHTML, like Gecko) Chrome/145.0.0.0 Safari/537.36 Edg/145.0.0.0',
  timestamp: '2026-02-23 12:02:42',
  level: 'info',
  message: 'Request'
}
{
  service: 'attendance-system',
  method: 'GET',
  url: '/?_t=1771828362119',
  statusCode: 304,
  duration: '14ms',
  contentLength: 0,
  level: 'info',
  message: 'Response',
  timestamp: '2026-02-23 12:02:42'
}
{
  message: 'CORS Request: POST /api/announcements/mark-read from origin: http://localhost:5173',
  level: 'info',
  service: 'attendance-system',
  timestamp: '2026-02-23 12:02:42'
}
{
  service: 'attendance-system',
  method: 'POST',
  url: '/api/announcements/mark-read',
  ip: '127.0.0.1',
  userAgent: 'Mozilla/5.0 (Windows NT 10.0; Win64; x64) AppleWebKit/537.36 (KHTML, like Gecko) Chrome/145.0.0.0 Safari/537.36 Edg/145.0.0.0',
  timestamp: '2026-02-23 12:02:42',
  level: 'info',
  message: 'Request'
}
{
  service: 'attendance-system',
  method: 'GET',
  url: '/api/announcements?_t=1771828362835',
  ip: '127.0.0.1',
  userAgent: 'Mozilla/5.0 (Windows NT 10.0; Win64; x64) AppleWebKit/537.36 (KHTML, like Gecko) Chrome/145.0.0.0 Safari/537.36 Edg/145.0.0.0',
  timestamp: '2026-02-23 12:02:42',
  level: 'info',
  message: 'Request'
}
{
  service: 'attendance-system',
  method: 'POST',
  url: '/mark-read',
  statusCode: 200,
  duration: '17ms',
  contentLength: '58',
  level: 'info',
  message: 'Response',
  timestamp: '2026-02-23 12:02:42'
}
{
  service: 'attendance-system',
  method: 'GET',
  url: '/?_t=1771828362835',
  statusCode: 200,
  duration: '13ms',
  contentLength: '2',
  level: 'info',
  message: 'Response',
  timestamp: '2026-02-23 12:02:42'
}
{
  service: 'attendance-system',
  method: 'GET',
  url: '/api/announcements?_t=1771828376371',
  ip: '127.0.0.1',
  userAgent: 'Mozilla/5.0 (Windows NT 10.0; Win64; x64) AppleWebKit/537.36 (KHTML, like Gecko) Chrome/145.0.0.0 Safari/537.36',
  timestamp: '2026-02-23 12:02:56',
  level: 'info',
  message: 'Request'
}
{
  service: 'attendance-system',
  method: 'GET',
  url: '/?_t=1771828376371',
  statusCode: 200,
  duration: '13ms',
  contentLength: '2',
  level: 'info',
  message: 'Response',
  timestamp: '2026-02-23 12:02:56'
}
{
  service: 'attendance-system',
  method: 'GET',
  url: '/api/announcements?_t=1771828393337',
  ip: '127.0.0.1',
  userAgent: 'Mozilla/5.0 (Windows NT 10.0; Win64; x64) AppleWebKit/537.36 (KHTML, like Gecko) Chrome/145.0.0.0 Safari/537.36 Edg/145.0.0.0',
  timestamp: '2026-02-23 12:03:13',
  level: 'info',
  message: 'Request'
}
{
  service: 'attendance-system',
  method: 'GET',
  url: '/?_t=1771828393337',
  statusCode: 200,
  duration: '15ms',
  contentLength: '2',
  level: 'info',
  message: 'Response',
  timestamp: '2026-02-23 12:03:13'
}
{
  service: 'attendance-system',
  method: 'GET',
  url: '/api/announcements?_t=1771828423339',
  ip: '127.0.0.1',
  userAgent: 'Mozilla/5.0 (Windows NT 10.0; Win64; x64) AppleWebKit/537.36 (KHTML, like Gecko) Chrome/145.0.0.0 Safari/537.36 Edg/145.0.0.0',
  timestamp: '2026-02-23 12:03:43',
  level: 'info',
  message: 'Request'
}
{
  service: 'attendance-system',
  method: 'GET',
  url: '/?_t=1771828423339',
  statusCode: 200,
  duration: '17ms',
  contentLength: '2',
  level: 'info',
  message: 'Response',
  timestamp: '2026-02-23 12:03:43'
}
{
  service: 'attendance-system',
  method: 'GET',
  url: '/api/announcements?_t=1771828436351',
  ip: '127.0.0.1',
  userAgent: 'Mozilla/5.0 (Windows NT 10.0; Win64; x64) AppleWebKit/537.36 (KHTML, like Gecko) Chrome/145.0.0.0 Safari/537.36',
  timestamp: '2026-02-23 12:03:56',
  level: 'info',
  message: 'Request'
}
{
  service: 'attendance-system',
  method: 'GET',
  url: '/?_t=1771828436351',
  statusCode: 200,
  duration: '15ms',
  contentLength: '2',
  level: 'info',
  message: 'Response',
  timestamp: '2026-02-23 12:03:56'
}
{
  service: 'attendance-system',
  method: 'GET',
  url: '/api/announcements?_t=1771828453337',
  ip: '127.0.0.1',
  userAgent: 'Mozilla/5.0 (Windows NT 10.0; Win64; x64) AppleWebKit/537.36 (KHTML, like Gecko) Chrome/145.0.0.0 Safari/537.36 Edg/145.0.0.0',
  timestamp: '2026-02-23 12:04:13',
  level: 'info',
  message: 'Request'
}
{
  service: 'attendance-system',
  method: 'GET',
  url: '/?_t=1771828453337',
  statusCode: 200,
  duration: '17ms',
  contentLength: '2',
  level: 'info',
  message: 'Response',
  timestamp: '2026-02-23 12:04:13'
}
{
  service: 'attendance-system',
  method: 'GET',
  url: '/api/announcements?_t=1771828483337',
  ip: '127.0.0.1',
  userAgent: 'Mozilla/5.0 (Windows NT 10.0; Win64; x64) AppleWebKit/537.36 (KHTML, like Gecko) Chrome/145.0.0.0 Safari/537.36 Edg/145.0.0.0',
  timestamp: '2026-02-23 12:04:43',
  level: 'info',
  message: 'Request'
}
{
  service: 'attendance-system',
  method: 'GET',
  url: '/?_t=1771828483337',
  statusCode: 200,
  duration: '17ms',
  contentLength: '2',
  level: 'info',
  message: 'Response',
  timestamp: '2026-02-23 12:04:43'
}
{
  service: 'attendance-system',
  method: 'GET',
  url: '/api/announcements?_t=1771828496360',
  ip: '127.0.0.1',
  userAgent: 'Mozilla/5.0 (Windows NT 10.0; Win64; x64) AppleWebKit/537.36 (KHTML, like Gecko) Chrome/145.0.0.0 Safari/537.36',
  timestamp: '2026-02-23 12:04:56',
  level: 'info',
  message: 'Request'
}
{
  service: 'attendance-system',
  method: 'GET',
  url: '/?_t=1771828496360',
  statusCode: 200,
  duration: '14ms',
  contentLength: '2',
  level: 'info',
  message: 'Response',
  timestamp: '2026-02-23 12:04:56'
}
{
  service: 'attendance-system',
  method: 'GET',
  url: '/api/announcements?_t=1771828513339',
  ip: '127.0.0.1',
  userAgent: 'Mozilla/5.0 (Windows NT 10.0; Win64; x64) AppleWebKit/537.36 (KHTML, like Gecko) Chrome/145.0.0.0 Safari/537.36 Edg/145.0.0.0',
  timestamp: '2026-02-23 12:05:13',
  level: 'info',
  message: 'Request'
}
{
  service: 'attendance-system',
  method: 'GET',
  url: '/?_t=1771828513339',
  statusCode: 200,
  duration: '19ms',
  contentLength: '2',
  level: 'info',
  message: 'Response',
  timestamp: '2026-02-23 12:05:13'
}
{
  service: 'attendance-system',
  method: 'GET',
  url: '/api/announcements?_t=1771828543335',
  ip: '127.0.0.1',
  userAgent: 'Mozilla/5.0 (Windows NT 10.0; Win64; x64) AppleWebKit/537.36 (KHTML, like Gecko) Chrome/145.0.0.0 Safari/537.36 Edg/145.0.0.0',
  timestamp: '2026-02-23 12:05:43',
  level: 'info',
  message: 'Request'
}
{
  service: 'attendance-system',
  method: 'GET',
  url: '/?_t=1771828543335',
  statusCode: 200,
  duration: '13ms',
  contentLength: '2',
  level: 'info',
  message: 'Response',
  timestamp: '2026-02-23 12:05:43'
}
{
  service: 'attendance-system',
  method: 'GET',
  url: '/api/announcements?_t=1771828556347',
  ip: '127.0.0.1',
  userAgent: 'Mozilla/5.0 (Windows NT 10.0; Win64; x64) AppleWebKit/537.36 (KHTML, like Gecko) Chrome/145.0.0.0 Safari/537.36',
  timestamp: '2026-02-23 12:05:56',
  level: 'info',
  message: 'Request'
}
{
  service: 'attendance-system',
  method: 'GET',
  url: '/?_t=1771828556347',
  statusCode: 200,
  duration: '15ms',
  contentLength: '2',
  level: 'info',
  message: 'Response',
  timestamp: '2026-02-23 12:05:56'
}
{
  service: 'attendance-system',
  method: 'GET',
  url: '/api/announcements?_t=1771828616336',
  ip: '127.0.0.1',
  userAgent: 'Mozilla/5.0 (Windows NT 10.0; Win64; x64) AppleWebKit/537.36 (KHTML, like Gecko) Chrome/145.0.0.0 Safari/537.36 Edg/145.0.0.0',
  timestamp: '2026-02-23 12:06:56',
  level: 'info',
  message: 'Request'
}
{
  service: 'attendance-system',
  method: 'GET',
  url: '/?_t=1771828616336',
  statusCode: 200,
  duration: '16ms',
  contentLength: '2',
  level: 'info',
  message: 'Response',
  timestamp: '2026-02-23 12:06:56'
}
{
  service: 'attendance-system',
  method: 'GET',
  url: '/api/announcements?_t=1771828616384',
  ip: '127.0.0.1',
  userAgent: 'Mozilla/5.0 (Windows NT 10.0; Win64; x64) AppleWebKit/537.36 (KHTML, like Gecko) Chrome/145.0.0.0 Safari/537.36',
  timestamp: '2026-02-23 12:06:56',
  level: 'info',
  message: 'Request'
}
{
  service: 'attendance-system',
  method: 'GET',
  url: '/?_t=1771828616384',
  statusCode: 200,
  duration: '14ms',
  contentLength: '2',
  level: 'info',
  message: 'Response',
  timestamp: '2026-02-23 12:06:56'
}
{
  service: 'attendance-system',
  method: 'GET',
  url: '/api/admin/dashboard-summary?includePendingLeaves=true',
  ip: '127.0.0.1',
  userAgent: 'Mozilla/5.0 (Windows NT 10.0; Win64; x64) AppleWebKit/537.36 (KHTML, like Gecko) Chrome/145.0.0.0 Safari/537.36 Edg/145.0.0.0',
  timestamp: '2026-02-23 12:06:59',
  level: 'info',
  message: 'Request'
}
{
  service: 'attendance-system',
  method: 'GET',
  url: '/dashboard-summary?includePendingLeaves=true',
  statusCode: 304,
  duration: '193ms',
  contentLength: 0,
  level: 'info',
  message: 'Response',
  timestamp: '2026-02-23 12:06:59'
}
{
  service: 'attendance-system',
  method: 'GET',
  url: '/api/announcements?_t=1771828633334',
  ip: '127.0.0.1',
  userAgent: 'Mozilla/5.0 (Windows NT 10.0; Win64; x64) AppleWebKit/537.36 (KHTML, like Gecko) Chrome/145.0.0.0 Safari/537.36 Edg/145.0.0.0',
  timestamp: '2026-02-23 12:07:13',
  level: 'info',
  message: 'Request'
}
{
  service: 'attendance-system',
  method: 'GET',
  url: '/?_t=1771828633334',
  statusCode: 200,
  duration: '13ms',
  contentLength: '2',
  level: 'info',
  message: 'Response',
  timestamp: '2026-02-23 12:07:13'
}
{
  service: 'attendance-system',
  method: 'GET',
  url: '/api/announcements?_t=1771828639262',
  ip: '127.0.0.1',
  userAgent: 'Mozilla/5.0 (Windows NT 10.0; Win64; x64) AppleWebKit/537.36 (KHTML, like Gecko) Chrome/145.0.0.0 Safari/537.36 Edg/145.0.0.0',
  timestamp: '2026-02-23 12:07:19',
  level: 'info',
  message: 'Request'
}
{
  service: 'attendance-system',
  method: 'GET',
  url: '/?_t=1771828639262',
  statusCode: 200,
  duration: '10ms',
  contentLength: '2',
  level: 'info',
  message: 'Response',
  timestamp: '2026-02-23 12:07:19'
}
{
  service: 'attendance-system',
  method: 'GET',
  url: '/api/admin/leave-years/active?_t=1771828646420',
  ip: '127.0.0.1',
  userAgent: 'Mozilla/5.0 (Windows NT 10.0; Win64; x64) AppleWebKit/537.36 (KHTML, like Gecko) Chrome/145.0.0.0 Safari/537.36 Edg/145.0.0.0',
  timestamp: '2026-02-23 12:07:26',
  level: 'info',
  message: 'Request'
}
{
  service: 'attendance-system',
  method: 'GET',
  url: '/api/auth/me?_t=1771828646420',
  ip: '127.0.0.1',
  userAgent: 'Mozilla/5.0 (Windows NT 10.0; Win64; x64) AppleWebKit/537.36 (KHTML, like Gecko) Chrome/145.0.0.0 Safari/537.36 Edg/145.0.0.0',
  timestamp: '2026-02-23 12:07:26',
  level: 'info',
  message: 'Request'
}
{
  service: 'attendance-system',
  method: 'GET',
  url: '/api/admin/leave-years/active?_t=1771828646420',
  ip: '127.0.0.1',
  userAgent: 'Mozilla/5.0 (Windows NT 10.0; Win64; x64) AppleWebKit/537.36 (KHTML, like Gecko) Chrome/145.0.0.0 Safari/537.36 Edg/145.0.0.0',
  timestamp: '2026-02-23 12:07:26',
  level: 'info',
  message: 'Request'
}
{
  service: 'attendance-system',
  method: 'GET',
  url: '/active?_t=1771828646420',
  statusCode: 200,
  duration: '40ms',
  contentLength: '194',
  level: 'info',
  message: 'Response',
  timestamp: '2026-02-23 12:07:26'
}
{
  service: 'attendance-system',
  method: 'GET',
  url: '/active?_t=1771828646420',
  statusCode: 200,
  duration: '28ms',
  contentLength: '194',
  level: 'info',
  message: 'Response',
  timestamp: '2026-02-23 12:07:26'
}
{
  service: 'attendance-system',
  method: 'GET',
  url: '/me?_t=1771828646420',
  statusCode: 200,
  duration: '49ms',
  contentLength: '1282',
  level: 'info',
  message: 'Response',
  timestamp: '2026-02-23 12:07:26'
}
{
  service: 'attendance-system',
  method: 'GET',
  url: '/api/announcements/last-read?_t=1771828646558',
  ip: '127.0.0.1',
  userAgent: 'Mozilla/5.0 (Windows NT 10.0; Win64; x64) AppleWebKit/537.36 (KHTML, like Gecko) Chrome/145.0.0.0 Safari/537.36 Edg/145.0.0.0',
  timestamp: '2026-02-23 12:07:26',
  level: 'info',
  message: 'Request'
}
{
  service: 'attendance-system',
  method: 'GET',
  url: '/api/attendance/current-status?_t=1771828646558',
  ip: '127.0.0.1',
  userAgent: 'Mozilla/5.0 (Windows NT 10.0; Win64; x64) AppleWebKit/537.36 (KHTML, like Gecko) Chrome/145.0.0.0 Safari/537.36 Edg/145.0.0.0',
  timestamp: '2026-02-23 12:07:26',
  level: 'info',
  message: 'Request'
}
{
  service: 'attendance-system',
  method: 'GET',
  url: '/api/new-notifications?_t=1771828646558',
  ip: '127.0.0.1',
  userAgent: 'Mozilla/5.0 (Windows NT 10.0; Win64; x64) AppleWebKit/537.36 (KHTML, like Gecko) Chrome/145.0.0.0 Safari/537.36 Edg/145.0.0.0',
  timestamp: '2026-02-23 12:07:26',
  level: 'info',
  message: 'Request'
}
{
  service: 'attendance-system',
  method: 'GET',
  url: '/api/announcements/last-read?_t=1771828646580',
  ip: '127.0.0.1',
  userAgent: 'Mozilla/5.0 (Windows NT 10.0; Win64; x64) AppleWebKit/537.36 (KHTML, like Gecko) Chrome/145.0.0.0 Safari/537.36 Edg/145.0.0.0',
  timestamp: '2026-02-23 12:07:26',
  level: 'info',
  message: 'Request'
}
{
  service: 'attendance-system',
  method: 'GET',
  url: '/last-read?_t=1771828646558',
  statusCode: 200,
  duration: '50ms',
  contentLength: '43',
  level: 'info',
  message: 'Response',
  timestamp: '2026-02-23 12:07:26'
}
{
  service: 'attendance-system',
  method: 'GET',
  url: '/current-status?_t=1771828646558',
  statusCode: 200,
  duration: '52ms',
  contentLength: '102',
  level: 'info',
  message: 'Response',
  timestamp: '2026-02-23 12:07:26'
}
{
  service: 'attendance-system',
  method: 'GET',
  url: '/last-read?_t=1771828646580',
  statusCode: 200,
  duration: '27ms',
  contentLength: '43',
  level: 'info',
  message: 'Response',
  timestamp: '2026-02-23 12:07:26'
}
{
  service: 'attendance-system',
  method: 'GET',
  url: '/?_t=1771828646558',
  statusCode: 200,
  duration: '59ms',
  contentLength: '20601',
  level: 'info',
  message: 'Response',
  timestamp: '2026-02-23 12:07:26'
}
{
  service: 'attendance-system',
  method: 'GET',
  url: '/api/announcements/last-read?_t=1771828646558',
  ip: '127.0.0.1',
  userAgent: 'Mozilla/5.0 (Windows NT 10.0; Win64; x64) AppleWebKit/537.36 (KHTML, like Gecko) Chrome/145.0.0.0 Safari/537.36 Edg/145.0.0.0',
  timestamp: '2026-02-23 12:07:26',
  level: 'info',
  message: 'Request'
}
{
  service: 'attendance-system',
  method: 'GET',
  url: '/api/announcements?_t=1771828646707',
  ip: '127.0.0.1',
  userAgent: 'Mozilla/5.0 (Windows NT 10.0; Win64; x64) AppleWebKit/537.36 (KHTML, like Gecko) Chrome/145.0.0.0 Safari/537.36 Edg/145.0.0.0',
  timestamp: '2026-02-23 12:07:26',
  level: 'info',
  message: 'Request'
}
{
  service: 'attendance-system',
  method: 'GET',
  url: '/last-read?_t=1771828646558',
  statusCode: 304,
  duration: '25ms',
  contentLength: 0,
  level: 'info',
  message: 'Response',
  timestamp: '2026-02-23 12:07:26'
}
{
  service: 'attendance-system',
  method: 'GET',
  url: '/?_t=1771828646707',
  statusCode: 200,
  duration: '15ms',
  contentLength: '2',
  level: 'info',
  message: 'Response',
  timestamp: '2026-02-23 12:07:26'
}
{
  service: 'attendance-system',
  method: 'GET',
  url: '/api/admin/dashboard-summary?includePendingLeaves=true',
  ip: '127.0.0.1',
  userAgent: 'Mozilla/5.0 (Windows NT 10.0; Win64; x64) AppleWebKit/537.36 (KHTML, like Gecko) Chrome/145.0.0.0 Safari/537.36 Edg/145.0.0.0',
  timestamp: '2026-02-23 12:07:26',
  level: 'info',
  message: 'Request'
}
{
  service: 'attendance-system',
  method: 'GET',
  url: '/api/announcements?_t=1771828646774',
  ip: '127.0.0.1',
  userAgent: 'Mozilla/5.0 (Windows NT 10.0; Win64; x64) AppleWebKit/537.36 (KHTML, like Gecko) Chrome/145.0.0.0 Safari/537.36 Edg/145.0.0.0',
  timestamp: '2026-02-23 12:07:26',
  level: 'info',
  message: 'Request'
}
{
  service: 'attendance-system',
  method: 'GET',
  url: '/api/announcements?_t=1771828646783',
  ip: '127.0.0.1',
  userAgent: 'Mozilla/5.0 (Windows NT 10.0; Win64; x64) AppleWebKit/537.36 (KHTML, like Gecko) Chrome/145.0.0.0 Safari/537.36 Edg/145.0.0.0',
  timestamp: '2026-02-23 12:07:26',
  level: 'info',
  message: 'Request'
}
{
  service: 'attendance-system',
  method: 'GET',
  url: '/?_t=1771828646774',
  statusCode: 200,
  duration: '33ms',
  contentLength: '2',
  level: 'info',
  message: 'Response',
  timestamp: '2026-02-23 12:07:26'
}
{
  service: 'attendance-system',
  method: 'GET',
  url: '/?_t=1771828646783',
  statusCode: 200,
  duration: '31ms',
  contentLength: '2',
  level: 'info',
  message: 'Response',
  timestamp: '2026-02-23 12:07:26'
}
{
  service: 'attendance-system',
  method: 'GET',
  url: '/dashboard-summary?includePendingLeaves=true',
  statusCode: 304,
  duration: '231ms',
  contentLength: 0,
  level: 'info',
  message: 'Response',
  timestamp: '2026-02-23 12:07:27'
}
{
  service: 'attendance-system',
  method: 'GET',
  url: '/api/admin/dashboard-summary?includePendingLeaves=true',
  ip: '127.0.0.1',
  userAgent: 'Mozilla/5.0 (Windows NT 10.0; Win64; x64) AppleWebKit/537.36 (KHTML, like Gecko) Chrome/145.0.0.0 Safari/537.36 Edg/145.0.0.0',
  timestamp: '2026-02-23 12:07:27',
  level: 'info',
  message: 'Request'
}
{
  service: 'attendance-system',
  method: 'GET',
  url: '/dashboard-summary?includePendingLeaves=true',
  statusCode: 304,
  duration: '25ms',
  contentLength: 0,
  level: 'info',
  message: 'Response',
  timestamp: '2026-02-23 12:07:27'
}
{
  service: 'attendance-system',
  method: 'GET',
  url: '/api/admin/employees?all=true&_t=1771828654397',
  ip: '127.0.0.1',
  userAgent: 'Mozilla/5.0 (Windows NT 10.0; Win64; x64) AppleWebKit/537.36 (KHTML, like Gecko) Chrome/145.0.0.0 Safari/537.36 Edg/145.0.0.0',
  timestamp: '2026-02-23 12:07:34',
  level: 'info',
  message: 'Request'
}
{
  service: 'attendance-system',
  method: 'GET',
  url: '/?all=true&_t=1771828654397',
  statusCode: 200,
  duration: '58ms',
  contentLength: '27292',
  level: 'info',
  message: 'Response',
  timestamp: '2026-02-23 12:07:34'
}
{
  service: 'attendance-system',
  method: 'GET',
  url: '/api/admin/employees?all=true&_t=1771828654397',
  ip: '127.0.0.1',
  userAgent: 'Mozilla/5.0 (Windows NT 10.0; Win64; x64) AppleWebKit/537.36 (KHTML, like Gecko) Chrome/145.0.0.0 Safari/537.36 Edg/145.0.0.0',
  timestamp: '2026-02-23 12:07:34',
  level: 'info',
  message: 'Request'
}
{
  service: 'attendance-system',
  method: 'GET',
  url: '/?all=true&_t=1771828654397',
  statusCode: 304,
  duration: '39ms',
  contentLength: 0,
  level: 'info',
  message: 'Response',
  timestamp: '2026-02-23 12:07:34'
}
{
  service: 'attendance-system',
  method: 'GET',
  url: '/api/admin/shifts?_t=1771828655317',
  ip: '127.0.0.1',
  userAgent: 'Mozilla/5.0 (Windows NT 10.0; Win64; x64) AppleWebKit/537.36 (KHTML, like Gecko) Chrome/145.0.0.0 Safari/537.36 Edg/145.0.0.0',
  timestamp: '2026-02-23 12:07:35',
  level: 'info',
  message: 'Request'
}
{
  service: 'attendance-system',
  method: 'GET',
  url: '/api/admin/employees?page=1&limit=10&status=active&_t=1771828655317',
  ip: '127.0.0.1',
  userAgent: 'Mozilla/5.0 (Windows NT 10.0; Win64; x64) AppleWebKit/537.36 (KHTML, like Gecko) Chrome/145.0.0.0 Safari/537.36 Edg/145.0.0.0',
  timestamp: '2026-02-23 12:07:35',
  level: 'info',
  message: 'Request'
}
{
  service: 'attendance-system',
  method: 'GET',
  url: '/?_t=1771828655317',
  statusCode: 200,
  duration: '23ms',
  contentLength: '802',
  level: 'info',
  message: 'Response',
  timestamp: '2026-02-23 12:07:35'
}
{
  service: 'attendance-system',
  method: 'GET',
  url: '/api/admin/shifts?_t=1771828655317',
  ip: '127.0.0.1',
  userAgent: 'Mozilla/5.0 (Windows NT 10.0; Win64; x64) AppleWebKit/537.36 (KHTML, like Gecko) Chrome/145.0.0.0 Safari/537.36 Edg/145.0.0.0',
  timestamp: '2026-02-23 12:07:35',
  level: 'info',
  message: 'Request'
}
{
  service: 'attendance-system',
  method: 'GET',
  url: '/?page=1&limit=10&status=active&_t=1771828655317',
  statusCode: 200,
  duration: '38ms',
  contentLength: '10220',
  level: 'info',
  message: 'Response',
  timestamp: '2026-02-23 12:07:35'
}
{
  service: 'attendance-system',
  method: 'GET',
  url: '/?_t=1771828655317',
  statusCode: 304,
  duration: '19ms',
  contentLength: 0,
  level: 'info',
  message: 'Response',
  timestamp: '2026-02-23 12:07:35'
}
{
  service: 'attendance-system',
  method: 'GET',
  url: '/api/admin/employees?page=1&limit=10&status=active&_t=1771828655317',
  ip: '127.0.0.1',
  userAgent: 'Mozilla/5.0 (Windows NT 10.0; Win64; x64) AppleWebKit/537.36 (KHTML, like Gecko) Chrome/145.0.0.0 Safari/537.36 Edg/145.0.0.0',
  timestamp: '2026-02-23 12:07:35',
  level: 'info',
  message: 'Request'
}
{
  service: 'attendance-system',
  method: 'GET',
  url: '/?page=1&limit=10&status=active&_t=1771828655317',
  statusCode: 304,
  duration: '36ms',
  contentLength: 0,
  level: 'info',
  message: 'Response',
  timestamp: '2026-02-23 12:07:35'
}
{
  service: 'attendance-system',
  method: 'GET',
  url: '/api/admin/office-locations?_t=1771828657451',
  ip: '127.0.0.1',
  userAgent: 'Mozilla/5.0 (Windows NT 10.0; Win64; x64) AppleWebKit/537.36 (KHTML, like Gecko) Chrome/145.0.0.0 Safari/537.36 Edg/145.0.0.0',
  timestamp: '2026-02-23 12:07:37',
  level: 'info',
  message: 'Request'
}
{
  service: 'attendance-system',
  method: 'GET',
  url: '/api/admin/shifts?page=1&limit=10&_t=1771828657451',
  ip: '127.0.0.1',
  userAgent: 'Mozilla/5.0 (Windows NT 10.0; Win64; x64) AppleWebKit/537.36 (KHTML, like Gecko) Chrome/145.0.0.0 Safari/537.36 Edg/145.0.0.0',
  timestamp: '2026-02-23 12:07:37',
  level: 'info',
  message: 'Request'
}
{
  service: 'attendance-system',
  method: 'GET',
  url: '/?_t=1771828657451',
  statusCode: 200,
  duration: '12ms',
  contentLength: '323',
  level: 'info',
  message: 'Response',
  timestamp: '2026-02-23 12:07:37'
}
{
  service: 'attendance-system',
  method: 'GET',
  url: '/api/admin/office-locations?_t=1771828657451',
  ip: '127.0.0.1',
  userAgent: 'Mozilla/5.0 (Windows NT 10.0; Win64; x64) AppleWebKit/537.36 (KHTML, like Gecko) Chrome/145.0.0.0 Safari/537.36 Edg/145.0.0.0',
  timestamp: '2026-02-23 12:07:37',
  level: 'info',
  message: 'Request'
}
{
  service: 'attendance-system',
  method: 'GET',
  url: '/?page=1&limit=10&_t=1771828657451',
  statusCode: 200,
  duration: '19ms',
  contentLength: '802',
  level: 'info',
  message: 'Response',
  timestamp: '2026-02-23 12:07:37'
}
{
  service: 'attendance-system',
  method: 'GET',
  url: '/api/admin/shifts?page=1&limit=10&_t=1771828657451',
  ip: '127.0.0.1',
  userAgent: 'Mozilla/5.0 (Windows NT 10.0; Win64; x64) AppleWebKit/537.36 (KHTML, like Gecko) Chrome/145.0.0.0 Safari/537.36 Edg/145.0.0.0',
  timestamp: '2026-02-23 12:07:37',
  level: 'info',
  message: 'Request'
}
{
  service: 'attendance-system',
  method: 'GET',
  url: '/?_t=1771828657451',
  statusCode: 304,
  duration: '15ms',
  contentLength: 0,
  level: 'info',
  message: 'Response',
  timestamp: '2026-02-23 12:07:37'
}
{
  service: 'attendance-system',
  method: 'GET',
  url: '/?page=1&limit=10&_t=1771828657451',
  statusCode: 304,
  duration: '17ms',
  contentLength: 0,
  level: 'info',
  message: 'Response',
  timestamp: '2026-02-23 12:07:37'
}
{
  service: 'attendance-system',
  method: 'GET',
  url: '/api/admin/shifts?_t=1771828657989',
  ip: '127.0.0.1',
  userAgent: 'Mozilla/5.0 (Windows NT 10.0; Win64; x64) AppleWebKit/537.36 (KHTML, like Gecko) Chrome/145.0.0.0 Safari/537.36 Edg/145.0.0.0',
  timestamp: '2026-02-23 12:07:37',
  level: 'info',
  message: 'Request'
}
{
  service: 'attendance-system',
  method: 'GET',
  url: '/api/admin/shifts?_t=1771828657988',
  ip: '127.0.0.1',
  userAgent: 'Mozilla/5.0 (Windows NT 10.0; Win64; x64) AppleWebKit/537.36 (KHTML, like Gecko) Chrome/145.0.0.0 Safari/537.36 Edg/145.0.0.0',
  timestamp: '2026-02-23 12:07:37',
  level: 'info',
  message: 'Request'
}
{
  service: 'attendance-system',
  method: 'GET',
  url: '/api/admin/employees?page=1&limit=10&status=active&_t=1771828657989',
  ip: '127.0.0.1',
  userAgent: 'Mozilla/5.0 (Windows NT 10.0; Win64; x64) AppleWebKit/537.36 (KHTML, like Gecko) Chrome/145.0.0.0 Safari/537.36 Edg/145.0.0.0',
  timestamp: '2026-02-23 12:07:37',
  level: 'info',
  message: 'Request'
}
{
  service: 'attendance-system',
  method: 'GET',
  url: '/?_t=1771828657989',
  statusCode: 200,
  duration: '24ms',
  contentLength: '802',
  level: 'info',
  message: 'Response',
  timestamp: '2026-02-23 12:07:38'
}
{
  service: 'attendance-system',
  method: 'GET',
  url: '/?_t=1771828657988',
  statusCode: 200,
  duration: '24ms',
  contentLength: '802',
  level: 'info',
  message: 'Response',
  timestamp: '2026-02-23 12:07:38'
}
{
  service: 'attendance-system',
  method: 'GET',
  url: '/?page=1&limit=10&status=active&_t=1771828657989',
  statusCode: 200,
  duration: '36ms',
  contentLength: '10220',
  level: 'info',
  message: 'Response',
  timestamp: '2026-02-23 12:07:38'
}
{
  service: 'attendance-system',
  method: 'GET',
  url: '/api/admin/employees?page=1&limit=10&status=active&_t=1771828657989',
  ip: '127.0.0.1',
  userAgent: 'Mozilla/5.0 (Windows NT 10.0; Win64; x64) AppleWebKit/537.36 (KHTML, like Gecko) Chrome/145.0.0.0 Safari/537.36 Edg/145.0.0.0',
  timestamp: '2026-02-23 12:07:38',
  level: 'info',
  message: 'Request'
}
{
  service: 'attendance-system',
  method: 'GET',
  url: '/?page=1&limit=10&status=active&_t=1771828657989',
  statusCode: 304,
  duration: '32ms',
  contentLength: 0,
  level: 'info',
  message: 'Response',
  timestamp: '2026-02-23 12:07:38'
}
{
  service: 'attendance-system',
  method: 'GET',
  url: '/api/admin/employees?page=2&limit=10&status=active&_t=1771828661113',
  ip: '127.0.0.1',
  userAgent: 'Mozilla/5.0 (Windows NT 10.0; Win64; x64) AppleWebKit/537.36 (KHTML, like Gecko) Chrome/145.0.0.0 Safari/537.36 Edg/145.0.0.0',
  timestamp: '2026-02-23 12:07:41',
  level: 'info',
  message: 'Request'
}
{
  service: 'attendance-system',
  method: 'GET',
  url: '/?page=2&limit=10&status=active&_t=1771828661113',
  statusCode: 200,
  duration: '50ms',
  contentLength: '9451',
  level: 'info',
  message: 'Response',
  timestamp: '2026-02-23 12:07:41'
}
{
  service: 'attendance-system',
  method: 'GET',
  url: '/api/users/avatar/6995899745bcb95176806a6f',
  ip: '127.0.0.1',
  userAgent: 'Mozilla/5.0 (Windows NT 10.0; Win64; x64) AppleWebKit/537.36 (KHTML, like Gecko) Chrome/145.0.0.0 Safari/537.36 Edg/145.0.0.0',
  timestamp: '2026-02-23 12:07:41',
  level: 'info',
  message: 'Request'
}
{
  service: 'attendance-system',
  method: 'GET',
  url: '/api/users/avatar/69956a6a9a85e3905bbeab83',
  ip: '127.0.0.1',
  userAgent: 'Mozilla/5.0 (Windows NT 10.0; Win64; x64) AppleWebKit/537.36 (KHTML, like Gecko) Chrome/145.0.0.0 Safari/537.36 Edg/145.0.0.0',
  timestamp: '2026-02-23 12:07:41',
  level: 'info',
  message: 'Request'
}
{
  service: 'attendance-system',
  method: 'GET',
  url: '/avatar/6995899745bcb95176806a6f',
  statusCode: 200,
  duration: '37ms',
  contentLength: '32174',
  level: 'info',
  message: 'Response',
  timestamp: '2026-02-23 12:07:41'
}
{
  service: 'attendance-system',
  method: 'GET',
  url: '/avatar/69956a6a9a85e3905bbeab83',
  statusCode: 200,
  duration: '38ms',
  contentLength: '32174',
  level: 'info',
  message: 'Response',
  timestamp: '2026-02-23 12:07:41'
}
{
  service: 'attendance-system',
  method: 'GET',
  url: '/api/admin/employees?page=3&limit=10&status=active&_t=1771828662059',
  ip: '127.0.0.1',
  userAgent: 'Mozilla/5.0 (Windows NT 10.0; Win64; x64) AppleWebKit/537.36 (KHTML, like Gecko) Chrome/145.0.0.0 Safari/537.36 Edg/145.0.0.0',
  timestamp: '2026-02-23 12:07:42',
  level: 'info',
  message: 'Request'
}
{
  service: 'attendance-system',
  method: 'GET',
  url: '/?page=3&limit=10&status=active&_t=1771828662059',
  statusCode: 200,
  duration: '33ms',
  contentLength: '10008',
  level: 'info',
  message: 'Response',
  timestamp: '2026-02-23 12:07:42'
}
{
  service: 'attendance-system',
  method: 'GET',
  url: '/api/users/avatar/69985a20f53415ef1b977e53',
  ip: '127.0.0.1',
  userAgent: 'Mozilla/5.0 (Windows NT 10.0; Win64; x64) AppleWebKit/537.36 (KHTML, like Gecko) Chrome/145.0.0.0 Safari/537.36 Edg/145.0.0.0',
  timestamp: '2026-02-23 12:07:42',
  level: 'info',
  message: 'Request'
}
{
  service: 'attendance-system',
  method: 'GET',
  url: '/api/users/avatar/69986493f53415ef1b979855',
  ip: '127.0.0.1',
  userAgent: 'Mozilla/5.0 (Windows NT 10.0; Win64; x64) AppleWebKit/537.36 (KHTML, like Gecko) Chrome/145.0.0.0 Safari/537.36 Edg/145.0.0.0',
  timestamp: '2026-02-23 12:07:42',
  level: 'info',
  message: 'Request'
}
{
  service: 'attendance-system',
  method: 'GET',
  url: '/avatar/69986493f53415ef1b979855',
  statusCode: 200,
  duration: '52ms',
  contentLength: '52801',
  level: 'info',
  message: 'Response',
  timestamp: '2026-02-23 12:07:42'
}
{
  service: 'attendance-system',
  method: 'GET',
  url: '/avatar/69985a20f53415ef1b977e53',
  statusCode: 200,
  duration: '115ms',
  contentLength: '1709439',
  level: 'info',
  message: 'Response',
  timestamp: '2026-02-23 12:07:42'
}
{
  service: 'attendance-system',
  method: 'GET',
  url: '/api/admin/employees?page=4&limit=10&status=active&_t=1771828662837',
  ip: '127.0.0.1',
  userAgent: 'Mozilla/5.0 (Windows NT 10.0; Win64; x64) AppleWebKit/537.36 (KHTML, like Gecko) Chrome/145.0.0.0 Safari/537.36 Edg/145.0.0.0',
  timestamp: '2026-02-23 12:07:42',
  level: 'info',
  message: 'Request'
}
{
  service: 'attendance-system',
  method: 'GET',
  url: '/?page=4&limit=10&status=active&_t=1771828662837',
  statusCode: 200,
  duration: '30ms',
  contentLength: '1152',
  level: 'info',
  message: 'Response',
  timestamp: '2026-02-23 12:07:42'
}
{
  service: 'attendance-system',
  method: 'GET',
  url: '/api/announcements?_t=1771828676357',
  ip: '127.0.0.1',
  userAgent: 'Mozilla/5.0 (Windows NT 10.0; Win64; x64) AppleWebKit/537.36 (KHTML, like Gecko) Chrome/145.0.0.0 Safari/537.36',
  timestamp: '2026-02-23 12:07:56',
  level: 'info',
  message: 'Request'
}
{
  service: 'attendance-system',
  method: 'GET',
  url: '/?_t=1771828676357',
  statusCode: 200,
  duration: '13ms',
  contentLength: '2',
  level: 'info',
  message: 'Response',
  timestamp: '2026-02-23 12:07:56'
}
{
  service: 'attendance-system',
  method: 'GET',
  url: '/api/announcements?_t=1771828676795',
  ip: '127.0.0.1',
  userAgent: 'Mozilla/5.0 (Windows NT 10.0; Win64; x64) AppleWebKit/537.36 (KHTML, like Gecko) Chrome/145.0.0.0 Safari/537.36 Edg/145.0.0.0',
  timestamp: '2026-02-23 12:07:56',
  level: 'info',
  message: 'Request'
}
{
  service: 'attendance-system',
  method: 'GET',
  url: '/?_t=1771828676795',
  statusCode: 200,
  duration: '14ms',
  contentLength: '2',
  level: 'info',
  message: 'Response',
  timestamp: '2026-02-23 12:07:56'
}
{
  service: 'attendance-system',
  method: 'GET',
  url: '/api/announcements?_t=1771828706791',
  ip: '127.0.0.1',
  userAgent: 'Mozilla/5.0 (Windows NT 10.0; Win64; x64) AppleWebKit/537.36 (KHTML, like Gecko) Chrome/145.0.0.0 Safari/537.36 Edg/145.0.0.0',
  timestamp: '2026-02-23 12:08:26',
  level: 'info',
  message: 'Request'
}
{
  service: 'attendance-system',
  method: 'GET',
  url: '/?_t=1771828706791',
  statusCode: 200,
  duration: '15ms',
  contentLength: '2',
  level: 'info',
  message: 'Response',
  timestamp: '2026-02-23 12:08:26'
}
{
  service: 'attendance-system',
  method: 'GET',
  url: '/api/announcements?_t=1771828736362',
  ip: '127.0.0.1',
  userAgent: 'Mozilla/5.0 (Windows NT 10.0; Win64; x64) AppleWebKit/537.36 (KHTML, like Gecko) Chrome/145.0.0.0 Safari/537.36',
  timestamp: '2026-02-23 12:08:56',
  level: 'info',
  message: 'Request'
}
{
  service: 'attendance-system',
  method: 'GET',
  url: '/?_t=1771828736362',
  statusCode: 200,
  duration: '17ms',
  contentLength: '2',
  level: 'info',
  message: 'Response',
  timestamp: '2026-02-23 12:08:56'
}
{
  service: 'attendance-system',
  method: 'GET',
  url: '/api/announcements?_t=1771828736798',
  ip: '127.0.0.1',
  userAgent: 'Mozilla/5.0 (Windows NT 10.0; Win64; x64) AppleWebKit/537.36 (KHTML, like Gecko) Chrome/145.0.0.0 Safari/537.36 Edg/145.0.0.0',
  timestamp: '2026-02-23 12:08:56',
  level: 'info',
  message: 'Request'
}
{
  service: 'attendance-system',
  method: 'GET',
  url: '/?_t=1771828736798',
  statusCode: 200,
  duration: '13ms',
  contentLength: '2',
  level: 'info',
  message: 'Response',
  timestamp: '2026-02-23 12:08:56'
}
{
  service: 'attendance-system',
  method: 'GET',
  url: '/api/announcements?_t=1771828766799',
  ip: '127.0.0.1',
  userAgent: 'Mozilla/5.0 (Windows NT 10.0; Win64; x64) AppleWebKit/537.36 (KHTML, like Gecko) Chrome/145.0.0.0 Safari/537.36 Edg/145.0.0.0',
  timestamp: '2026-02-23 12:09:26',
  level: 'info',
  message: 'Request'
}
{
  service: 'attendance-system',
  method: 'GET',
  url: '/?_t=1771828766799',
  statusCode: 200,
  duration: '14ms',
  contentLength: '2',
  level: 'info',
  message: 'Response',
  timestamp: '2026-02-23 12:09:26'
}
{
  service: 'attendance-system',
  method: 'GET',
  url: '/api/admin/office-locations?_t=1771828771792',
  ip: '127.0.0.1',
  userAgent: 'Mozilla/5.0 (Windows NT 10.0; Win64; x64) AppleWebKit/537.36 (KHTML, like Gecko) Chrome/145.0.0.0 Safari/537.36 Edg/145.0.0.0',
  timestamp: '2026-02-23 12:09:31',
  level: 'info',
  message: 'Request'
}
{
  service: 'attendance-system',
  method: 'GET',
  url: '/api/admin/shifts?page=1&limit=10&_t=1771828771792',
  ip: '127.0.0.1',
  userAgent: 'Mozilla/5.0 (Windows NT 10.0; Win64; x64) AppleWebKit/537.36 (KHTML, like Gecko) Chrome/145.0.0.0 Safari/537.36 Edg/145.0.0.0',
  timestamp: '2026-02-23 12:09:31',
  level: 'info',
  message: 'Request'
}
{
  service: 'attendance-system',
  method: 'GET',
  url: '/?_t=1771828771792',
  statusCode: 200,
  duration: '27ms',
  contentLength: '323',
  level: 'info',
  message: 'Response',
  timestamp: '2026-02-23 12:09:31'
}
{
  service: 'attendance-system',
  method: 'GET',
  url: '/api/admin/office-locations?_t=1771828771792',
  ip: '127.0.0.1',
  userAgent: 'Mozilla/5.0 (Windows NT 10.0; Win64; x64) AppleWebKit/537.36 (KHTML, like Gecko) Chrome/145.0.0.0 Safari/537.36 Edg/145.0.0.0',
  timestamp: '2026-02-23 12:09:31',
  level: 'info',
  message: 'Request'
}
{
  service: 'attendance-system',
  method: 'GET',
  url: '/?page=1&limit=10&_t=1771828771792',
  statusCode: 200,
  duration: '34ms',
  contentLength: '802',
  level: 'info',
  message: 'Response',
  timestamp: '2026-02-23 12:09:31'
}
{
  service: 'attendance-system',
  method: 'GET',
  url: '/api/admin/shifts?page=1&limit=10&_t=1771828771792',
  ip: '127.0.0.1',
  userAgent: 'Mozilla/5.0 (Windows NT 10.0; Win64; x64) AppleWebKit/537.36 (KHTML, like Gecko) Chrome/145.0.0.0 Safari/537.36 Edg/145.0.0.0',
  timestamp: '2026-02-23 12:09:31',
  level: 'info',
  message: 'Request'
}
{
  service: 'attendance-system',
  method: 'GET',
  url: '/?_t=1771828771792',
  statusCode: 304,
  duration: '22ms',
  contentLength: 0,
  level: 'info',
  message: 'Response',
  timestamp: '2026-02-23 12:09:31'
}
{
  service: 'attendance-system',
  method: 'GET',
  url: '/?page=1&limit=10&_t=1771828771792',
  statusCode: 304,
  duration: '28ms',
  contentLength: 0,
  level: 'info',
  message: 'Response',
  timestamp: '2026-02-23 12:09:31'
}
{
  service: 'attendance-system',
  method: 'GET',
  url: '/api/policies-gridfs?_t=1771828780457',
  ip: '127.0.0.1',
  userAgent: 'Mozilla/5.0 (Windows NT 10.0; Win64; x64) AppleWebKit/537.36 (KHTML, like Gecko) Chrome/145.0.0.0 Safari/537.36 Edg/145.0.0.0',
  timestamp: '2026-02-23 12:09:40',
  level: 'info',
  message: 'Request'
}
{
  service: 'attendance-system',
  method: 'GET',
  url: '/api/policies/anonymous-feedback?_t=1771828780457',
  ip: '127.0.0.1',
  userAgent: 'Mozilla/5.0 (Windows NT 10.0; Win64; x64) AppleWebKit/537.36 (KHTML, like Gecko) Chrome/145.0.0.0 Safari/537.36 Edg/145.0.0.0',
  timestamp: '2026-02-23 12:09:40',
  level: 'info',
  message: 'Request'
}
{
  service: 'attendance-system',
  method: 'GET',
  url: '/?_t=1771828780457',
  statusCode: 200,
  duration: '18ms',
  contentLength: '15',
  level: 'info',
  message: 'Response',
  timestamp: '2026-02-23 12:09:40'
}
{
  service: 'attendance-system',
  method: 'GET',
  url: '/api/policies-gridfs?_t=1771828780457',
  ip: '127.0.0.1',
  userAgent: 'Mozilla/5.0 (Windows NT 10.0; Win64; x64) AppleWebKit/537.36 (KHTML, like Gecko) Chrome/145.0.0.0 Safari/537.36 Edg/145.0.0.0',
  timestamp: '2026-02-23 12:09:40',
  level: 'info',
  message: 'Request'
}
{
  service: 'attendance-system',
  method: 'GET',
  url: '/anonymous-feedback?_t=1771828780457',
  statusCode: 200,
  duration: '19ms',
  contentLength: '15',
  level: 'info',
  message: 'Response',
  timestamp: '2026-02-23 12:09:40'
}
{
  service: 'attendance-system',
  method: 'GET',
  url: '/api/policies/anonymous-feedback?_t=1771828780457',
  ip: '127.0.0.1',
  userAgent: 'Mozilla/5.0 (Windows NT 10.0; Win64; x64) AppleWebKit/537.36 (KHTML, like Gecko) Chrome/145.0.0.0 Safari/537.36 Edg/145.0.0.0',
  timestamp: '2026-02-23 12:09:40',
  level: 'info',
  message: 'Request'
}
{
  service: 'attendance-system',
  method: 'GET',
  url: '/?_t=1771828780457',
  statusCode: 304,
  duration: '15ms',
  contentLength: 0,
  level: 'info',
  message: 'Response',
  timestamp: '2026-02-23 12:09:40'
}
{
  service: 'attendance-system',
  method: 'GET',
  url: '/anonymous-feedback?_t=1771828780457',
  statusCode: 304,
  duration: '14ms',
  contentLength: 0,
  level: 'info',
  message: 'Response',
  timestamp: '2026-02-23 12:09:40'
}
{
  service: 'attendance-system',
  method: 'GET',
  url: '/api/admin/manage?_t=1771828782622',
  ip: '127.0.0.1',
  userAgent: 'Mozilla/5.0 (Windows NT 10.0; Win64; x64) AppleWebKit/537.36 (KHTML, like Gecko) Chrome/145.0.0.0 Safari/537.36 Edg/145.0.0.0',
  timestamp: '2026-02-23 12:09:42',
  level: 'info',
  message: 'Request'
}
{
  service: 'attendance-system',
  method: 'GET',
  url: '/api/analytics/late-grace-settings?_t=1771828782622',
  ip: '127.0.0.1',
  userAgent: 'Mozilla/5.0 (Windows NT 10.0; Win64; x64) AppleWebKit/537.36 (KHTML, like Gecko) Chrome/145.0.0.0 Safari/537.36 Edg/145.0.0.0',
  timestamp: '2026-02-23 12:09:42',
  level: 'info',
  message: 'Request'
}
{
  service: 'attendance-system',
  method: 'GET',
  path: '/analytics/late-grace-settings',
  query: [Object: null prototype] { _t: '1771828782622' },
  headers: { authorization: 'present', origin: undefined },
  level: 'warn',
  message: '[404] API route not found: GET /analytics/late-grace-settings',
  timestamp: '2026-02-23 12:09:42'
}
{
  service: 'attendance-system',
  method: 'GET',
  url: '/analytics/late-grace-settings?_t=1771828782622',
  statusCode: 404,
  duration: '2ms',
  contentLength: '190',
  level: 'info',
  message: 'Response',
  timestamp: '2026-02-23 12:09:42'
}
{
  service: 'attendance-system',
  method: 'GET',
  url: '/api/analytics/late-grace-settings?_t=1771828782622',
  ip: '127.0.0.1',
  userAgent: 'Mozilla/5.0 (Windows NT 10.0; Win64; x64) AppleWebKit/537.36 (KHTML, like Gecko) Chrome/145.0.0.0 Safari/537.36 Edg/145.0.0.0',
  timestamp: '2026-02-23 12:09:42',
  level: 'info',
  message: 'Request'
}
{
  service: 'attendance-system',
  method: 'GET',
  path: '/analytics/late-grace-settings',
  query: [Object: null prototype] { _t: '1771828782622' },
  headers: { authorization: 'present', origin: undefined },
  level: 'warn',
  message: '[404] API route not found: GET /analytics/late-grace-settings',
  timestamp: '2026-02-23 12:09:42'
}
{
  service: 'attendance-system',
  method: 'GET',
  url: '/analytics/late-grace-settings?_t=1771828782622',
  statusCode: 404,
  duration: '2ms',
  contentLength: '190',
  level: 'info',
  message: 'Response',
  timestamp: '2026-02-23 12:09:42'
}
{
  service: 'attendance-system',
  method: 'GET',
  url: '/?_t=1771828782622',
  statusCode: 200,
  duration: '28ms',
  contentLength: '29083',
  level: 'info',
  message: 'Response',
  timestamp: '2026-02-23 12:09:42'
}
{
  service: 'attendance-system',
  method: 'GET',
  url: '/api/admin/manage?_t=1771828782622',
  ip: '127.0.0.1',
  userAgent: 'Mozilla/5.0 (Windows NT 10.0; Win64; x64) AppleWebKit/537.36 (KHTML, like Gecko) Chrome/145.0.0.0 Safari/537.36 Edg/145.0.0.0',
  timestamp: '2026-02-23 12:09:42',
  level: 'info',
  message: 'Request'
}
{
  service: 'attendance-system',
  method: 'GET',
  url: '/?_t=1771828782622',
  statusCode: 304,
  duration: '23ms',
  contentLength: 0,
  level: 'info',
  message: 'Response',
  timestamp: '2026-02-23 12:09:42'
}
{
  service: 'attendance-system',
  method: 'GET',
  url: '/api/probation/tracker?_t=1771828787910',
  ip: '127.0.0.1',
  userAgent: 'Mozilla/5.0 (Windows NT 10.0; Win64; x64) AppleWebKit/537.36 (KHTML, like Gecko) Chrome/145.0.0.0 Safari/537.36 Edg/145.0.0.0',
  timestamp: '2026-02-23 12:09:47',
  level: 'info',
  message: 'Request'
}
{
  service: 'attendance-system',
  method: 'GET',
  url: '/tracker?_t=1771828787910',
  statusCode: 200,
  duration: '2014ms',
  contentLength: '5964',
  level: 'info',
  message: 'Response',
  timestamp: '2026-02-23 12:09:49'
}
{
  service: 'attendance-system',
  method: 'GET',
  url: '/api/probation/tracker?_t=1771828787910',
  ip: '127.0.0.1',
  userAgent: 'Mozilla/5.0 (Windows NT 10.0; Win64; x64) AppleWebKit/537.36 (KHTML, like Gecko) Chrome/145.0.0.0 Safari/537.36 Edg/145.0.0.0',
  timestamp: '2026-02-23 12:09:49',
  level: 'info',
  message: 'Request'
}
{
  service: 'attendance-system',
  method: 'GET',
  url: '/tracker?_t=1771828787910',
  statusCode: 304,
  duration: '6ms',
  contentLength: 0,
  level: 'info',
  message: 'Response',
  timestamp: '2026-02-23 12:09:49'
}
{
  service: 'attendance-system',
  method: 'GET',
  url: '/api/announcements?_t=1771828796356',
  ip: '127.0.0.1',
  userAgent: 'Mozilla/5.0 (Windows NT 10.0; Win64; x64) AppleWebKit/537.36 (KHTML, like Gecko) Chrome/145.0.0.0 Safari/537.36',
  timestamp: '2026-02-23 12:09:56',
  level: 'info',
  message: 'Request'
}
{
  service: 'attendance-system',
  method: 'GET',
  url: '/?_t=1771828796356',
  statusCode: 200,
  duration: '22ms',
  contentLength: '2',
  level: 'info',
  message: 'Response',
  timestamp: '2026-02-23 12:09:56'
}
{
  service: 'attendance-system',
  method: 'GET',
  url: '/api/announcements?_t=1771828797326',
  ip: '127.0.0.1',
  userAgent: 'Mozilla/5.0 (Windows NT 10.0; Win64; x64) AppleWebKit/537.36 (KHTML, like Gecko) Chrome/145.0.0.0 Safari/537.36 Edg/145.0.0.0',
  timestamp: '2026-02-23 12:09:57',
  level: 'info',
  message: 'Request'
}
{
  service: 'attendance-system',
  method: 'GET',
  url: '/?_t=1771828797326',
  statusCode: 200,
  duration: '14ms',
  contentLength: '2',
  level: 'info',
  message: 'Response',
  timestamp: '2026-02-23 12:09:57'
}
{
  service: 'attendance-system',
  method: 'GET',
  url: '/api/announcements?_t=1771828827332',
  ip: '127.0.0.1',
  userAgent: 'Mozilla/5.0 (Windows NT 10.0; Win64; x64) AppleWebKit/537.36 (KHTML, like Gecko) Chrome/145.0.0.0 Safari/537.36 Edg/145.0.0.0',
  timestamp: '2026-02-23 12:10:27',
  level: 'info',
  message: 'Request'
}
{
  service: 'attendance-system',
  method: 'GET',
  url: '/?_t=1771828827332',
  statusCode: 200,
  duration: '15ms',
  contentLength: '2',
  level: 'info',
  message: 'Response',
  timestamp: '2026-02-23 12:10:27'
}
{
  service: 'attendance-system',
  method: 'GET',
  url: '/api/announcements?_t=1771828856360',
  ip: '127.0.0.1',
  userAgent: 'Mozilla/5.0 (Windows NT 10.0; Win64; x64) AppleWebKit/537.36 (KHTML, like Gecko) Chrome/145.0.0.0 Safari/537.36',
  timestamp: '2026-02-23 12:10:56',
  level: 'info',
  message: 'Request'
}
{
  service: 'attendance-system',
  method: 'GET',
  url: '/?_t=1771828856360',
  statusCode: 200,
  duration: '22ms',
  contentLength: '2',
  level: 'info',
  message: 'Response',
  timestamp: '2026-02-23 12:10:56'
}
{
  service: 'attendance-system',
  method: 'GET',
  url: '/api/probation/tracker?_t=1771828896447',
  ip: '127.0.0.1',
  userAgent: 'Mozilla/5.0 (Windows NT 10.0; Win64; x64) AppleWebKit/537.36 (KHTML, like Gecko) Chrome/145.0.0.0 Safari/537.36 Edg/145.0.0.0',
  timestamp: '2026-02-23 12:11:36',
  level: 'info',
  message: 'Request'
}
{
  service: 'attendance-system',
  method: 'GET',
  url: '/tracker?_t=1771828896447',
  statusCode: 200,
  duration: '9ms',
  contentLength: '5964',
  level: 'info',
  message: 'Response',
  timestamp: '2026-02-23 12:11:36'
}
{
  service: 'attendance-system',
  method: 'GET',
  url: '/api/probation/tracker?_t=1771828909402',
  ip: '127.0.0.1',
  userAgent: 'Mozilla/5.0 (Windows NT 10.0; Win64; x64) AppleWebKit/537.36 (KHTML, like Gecko) Chrome/145.0.0.0 Safari/537.36 Edg/145.0.0.0',
  timestamp: '2026-02-23 12:11:49',
  level: 'info',
  message: 'Request'
}
{
  service: 'attendance-system',
  method: 'GET',
  url: '/tracker?_t=1771828909402',
  statusCode: 200,
  duration: '2ms',
  contentLength: '5964',
  level: 'info',
  message: 'Response',
  timestamp: '2026-02-23 12:11:49'
}
{
  service: 'attendance-system',
  method: 'GET',
  url: '/api/announcements?_t=1771828916341',
  ip: '127.0.0.1',
  userAgent: 'Mozilla/5.0 (Windows NT 10.0; Win64; x64) AppleWebKit/537.36 (KHTML, like Gecko) Chrome/145.0.0.0 Safari/537.36 Edg/145.0.0.0',
  timestamp: '2026-02-23 12:11:56',
  level: 'info',
  message: 'Request'
}
{
  service: 'attendance-system',
  method: 'GET',
  url: '/?_t=1771828916341',
  statusCode: 200,
  duration: '11ms',
  contentLength: '2',
  level: 'info',
  message: 'Response',
  timestamp: '2026-02-23 12:11:56'
}
{
  service: 'attendance-system',
  method: 'GET',
  url: '/api/announcements?_t=1771828916373',
  ip: '127.0.0.1',
  userAgent: 'Mozilla/5.0 (Windows NT 10.0; Win64; x64) AppleWebKit/537.36 (KHTML, like Gecko) Chrome/145.0.0.0 Safari/537.36',
  timestamp: '2026-02-23 12:11:56',
  level: 'info',
  message: 'Request'
}
{
  service: 'attendance-system',
  method: 'GET',
  url: '/?_t=1771828916373',
  statusCode: 200,
  duration: '13ms',
  contentLength: '2',
  level: 'info',
  message: 'Response',
  timestamp: '2026-02-23 12:11:56'
}
{
  service: 'attendance-system',
  method: 'GET',
  url: '/api/announcements?_t=1771828946366',
  ip: '127.0.0.1',
  userAgent: 'Mozilla/5.0 (Windows NT 10.0; Win64; x64) AppleWebKit/537.36 (KHTML, like Gecko) Chrome/145.0.0.0 Safari/537.36 Edg/145.0.0.0',
  timestamp: '2026-02-23 12:12:26',
  level: 'info',
  message: 'Request'
}
{
  service: 'attendance-system',
  method: 'GET',
  url: '/?_t=1771828946366',
  statusCode: 200,
  duration: '17ms',
  contentLength: '2',
  level: 'info',
  message: 'Response',
  timestamp: '2026-02-23 12:12:26'
}
{
  service: 'attendance-system',
  method: 'GET',
  url: '/api/announcements?_t=1771828951490',
  ip: '127.0.0.1',
  userAgent: 'Mozilla/5.0 (Windows NT 10.0; Win64; x64) AppleWebKit/537.36 (KHTML, like Gecko) Chrome/145.0.0.0 Safari/537.36 Edg/145.0.0.0',
  timestamp: '2026-02-23 12:12:31',
  level: 'info',
  message: 'Request'
}
{
  service: 'attendance-system',
  method: 'GET',
  url: '/?_t=1771828951490',
  statusCode: 200,
  duration: '17ms',
  contentLength: '2',
  level: 'info',
  message: 'Response',
  timestamp: '2026-02-23 12:12:31'
}
{
  service: 'attendance-system',
  method: 'GET',
  url: '/api/admin/leave-years/active?_t=1771828953654',
  ip: '127.0.0.1',
  userAgent: 'Mozilla/5.0 (Windows NT 10.0; Win64; x64) AppleWebKit/537.36 (KHTML, like Gecko) Chrome/145.0.0.0 Safari/537.36 Edg/145.0.0.0',
  timestamp: '2026-02-23 12:12:33',
  level: 'info',
  message: 'Request'
}
{
  service: 'attendance-system',
  method: 'GET',
  url: '/api/auth/me?_t=1771828953654',
  ip: '127.0.0.1',
  userAgent: 'Mozilla/5.0 (Windows NT 10.0; Win64; x64) AppleWebKit/537.36 (KHTML, like Gecko) Chrome/145.0.0.0 Safari/537.36 Edg/145.0.0.0',
  timestamp: '2026-02-23 12:12:33',
  level: 'info',
  message: 'Request'
}
{
  service: 'attendance-system',
  method: 'GET',
  url: '/active?_t=1771828953654',
  statusCode: 200,
  duration: '26ms',
  contentLength: '194',
  level: 'info',
  message: 'Response',
  timestamp: '2026-02-23 12:12:33'
}
{
  service: 'attendance-system',
  method: 'GET',
  url: '/api/admin/leave-years/active?_t=1771828953654',
  ip: '127.0.0.1',
  userAgent: 'Mozilla/5.0 (Windows NT 10.0; Win64; x64) AppleWebKit/537.36 (KHTML, like Gecko) Chrome/145.0.0.0 Safari/537.36 Edg/145.0.0.0',
  timestamp: '2026-02-23 12:12:33',
  level: 'info',
  message: 'Request'
}
{
  service: 'attendance-system',
  method: 'GET',
  url: '/me?_t=1771828953654',
  statusCode: 200,
  duration: '32ms',
  contentLength: '1282',
  level: 'info',
  message: 'Response',
  timestamp: '2026-02-23 12:12:33'
}
{
  service: 'attendance-system',
  method: 'GET',
  url: '/active?_t=1771828953654',
  statusCode: 304,
  duration: '19ms',
  contentLength: 0,
  level: 'info',
  message: 'Response',
  timestamp: '2026-02-23 12:12:33'
}
{
  service: 'attendance-system',
  method: 'GET',
  url: '/api/announcements/last-read?_t=1771828953952',
  ip: '127.0.0.1',
  userAgent: 'Mozilla/5.0 (Windows NT 10.0; Win64; x64) AppleWebKit/537.36 (KHTML, like Gecko) Chrome/145.0.0.0 Safari/537.36 Edg/145.0.0.0',
  timestamp: '2026-02-23 12:12:33',
  level: 'info',
  message: 'Request'
}
{
  service: 'attendance-system',
  method: 'GET',
  url: '/api/attendance/current-status?_t=1771828953952',
  ip: '127.0.0.1',
  userAgent: 'Mozilla/5.0 (Windows NT 10.0; Win64; x64) AppleWebKit/537.36 (KHTML, like Gecko) Chrome/145.0.0.0 Safari/537.36 Edg/145.0.0.0',
  timestamp: '2026-02-23 12:12:33',
  level: 'info',
  message: 'Request'
}
{
  service: 'attendance-system',
  method: 'GET',
  url: '/last-read?_t=1771828953952',
  statusCode: 200,
  duration: '16ms',
  contentLength: '43',
  level: 'info',
  message: 'Response',
  timestamp: '2026-02-23 12:12:33'
}
{
  service: 'attendance-system',
  method: 'GET',
  url: '/api/new-notifications?_t=1771828953952',
  ip: '127.0.0.1',
  userAgent: 'Mozilla/5.0 (Windows NT 10.0; Win64; x64) AppleWebKit/537.36 (KHTML, like Gecko) Chrome/145.0.0.0 Safari/537.36 Edg/145.0.0.0',
  timestamp: '2026-02-23 12:12:33',
  level: 'info',
  message: 'Request'
}
{
  service: 'attendance-system',
  method: 'GET',
  url: '/api/announcements/last-read?_t=1771828953969',
  ip: '127.0.0.1',
  userAgent: 'Mozilla/5.0 (Windows NT 10.0; Win64; x64) AppleWebKit/537.36 (KHTML, like Gecko) Chrome/145.0.0.0 Safari/537.36 Edg/145.0.0.0',
  timestamp: '2026-02-23 12:12:33',
  level: 'info',
  message: 'Request'
}
{
  service: 'attendance-system',
  method: 'GET',
  url: '/api/announcements/last-read?_t=1771828953952',
  ip: '127.0.0.1',
  userAgent: 'Mozilla/5.0 (Windows NT 10.0; Win64; x64) AppleWebKit/537.36 (KHTML, like Gecko) Chrome/145.0.0.0 Safari/537.36 Edg/145.0.0.0',
  timestamp: '2026-02-23 12:12:33',
  level: 'info',
  message: 'Request'
}
{
  service: 'attendance-system',
  method: 'GET',
  url: '/current-status?_t=1771828953952',
  statusCode: 200,
  duration: '37ms',
  contentLength: '102',
  level: 'info',
  message: 'Response',
  timestamp: '2026-02-23 12:12:34'
}
{
  service: 'attendance-system',
  method: 'GET',
  url: '/last-read?_t=1771828953969',
  statusCode: 200,
  duration: '18ms',
  contentLength: '43',
  level: 'info',
  message: 'Response',
  timestamp: '2026-02-23 12:12:34'
}
{
  service: 'attendance-system',
  method: 'GET',
  url: '/last-read?_t=1771828953952',
  statusCode: 304,
  duration: '14ms',
  contentLength: 0,
  level: 'info',
  message: 'Response',
  timestamp: '2026-02-23 12:12:34'
}
{
  service: 'attendance-system',
  method: 'GET',
  url: '/?_t=1771828953952',
  statusCode: 200,
  duration: '46ms',
  contentLength: '20601',
  level: 'info',
  message: 'Response',
  timestamp: '2026-02-23 12:12:34'
}
{
  service: 'attendance-system',
  method: 'GET',
  url: '/api/announcements?_t=1771828954048',
  ip: '127.0.0.1',
  userAgent: 'Mozilla/5.0 (Windows NT 10.0; Win64; x64) AppleWebKit/537.36 (KHTML, like Gecko) Chrome/145.0.0.0 Safari/537.36 Edg/145.0.0.0',
  timestamp: '2026-02-23 12:12:34',
  level: 'info',
  message: 'Request'
}
{
  service: 'attendance-system',
  method: 'GET',
  url: '/?_t=1771828954048',
  statusCode: 200,
  duration: '14ms',
  contentLength: '2',
  level: 'info',
  message: 'Response',
  timestamp: '2026-02-23 12:12:34'
}
{
  service: 'attendance-system',
  method: 'GET',
  url: '/api/announcements?_t=1771828954120',
  ip: '127.0.0.1',
  userAgent: 'Mozilla/5.0 (Windows NT 10.0; Win64; x64) AppleWebKit/537.36 (KHTML, like Gecko) Chrome/145.0.0.0 Safari/537.36 Edg/145.0.0.0',
  timestamp: '2026-02-23 12:12:34',
  level: 'info',
  message: 'Request'
}
{
  service: 'attendance-system',
  method: 'GET',
  url: '/?_t=1771828954120',
  statusCode: 200,
  duration: '16ms',
  contentLength: '2',
  level: 'info',
  message: 'Response',
  timestamp: '2026-02-23 12:12:34'
}
{
  service: 'attendance-system',
  method: 'GET',
  url: '/api/announcements?_t=1771828954290',
  ip: '127.0.0.1',
  userAgent: 'Mozilla/5.0 (Windows NT 10.0; Win64; x64) AppleWebKit/537.36 (KHTML, like Gecko) Chrome/145.0.0.0 Safari/537.36 Edg/145.0.0.0',
  timestamp: '2026-02-23 12:12:34',
  level: 'info',
  message: 'Request'
}
{
  service: 'attendance-system',
  method: 'GET',
  url: '/?_t=1771828954290',
  statusCode: 200,
  duration: '16ms',
  contentLength: '2',
  level: 'info',
  message: 'Response',
  timestamp: '2026-02-23 12:12:34'
}
{
  service: 'attendance-system',
  method: 'GET',
  url: '/api/probation/tracker?_t=1771828954518',
  ip: '127.0.0.1',
  userAgent: 'Mozilla/5.0 (Windows NT 10.0; Win64; x64) AppleWebKit/537.36 (KHTML, like Gecko) Chrome/145.0.0.0 Safari/537.36 Edg/145.0.0.0',
  timestamp: '2026-02-23 12:12:34',
  level: 'info',
  message: 'Request'
}
{
  service: 'attendance-system',
  method: 'GET',
  url: '/api/admin/leave-years/active?_t=1771828954518',
  ip: '127.0.0.1',
  userAgent: 'Mozilla/5.0 (Windows NT 10.0; Win64; x64) AppleWebKit/537.36 (KHTML, like Gecko) Chrome/145.0.0.0 Safari/537.36 Edg/145.0.0.0',
  timestamp: '2026-02-23 12:12:34',
  level: 'info',
  message: 'Request'
}
{
  service: 'attendance-system',
  method: 'GET',
  url: '/active?_t=1771828954518',
  statusCode: 200,
  duration: '17ms',
  contentLength: '194',
  level: 'info',
  message: 'Response',
  timestamp: '2026-02-23 12:12:34'
}
{
  service: 'attendance-system',
  method: 'GET',
  url: '/tracker?_t=1771828954518',
  statusCode: 200,
  duration: '2279ms',
  contentLength: '5964',
  level: 'info',
  message: 'Response',
  timestamp: '2026-02-23 12:12:36'
}
{
  service: 'attendance-system',
  method: 'GET',
  url: '/api/probation/tracker?_t=1771828954518',
  ip: '127.0.0.1',
  userAgent: 'Mozilla/5.0 (Windows NT 10.0; Win64; x64) AppleWebKit/537.36 (KHTML, like Gecko) Chrome/145.0.0.0 Safari/537.36 Edg/145.0.0.0',
  timestamp: '2026-02-23 12:12:36',
  level: 'info',
  message: 'Request'
}
{
  service: 'attendance-system',
  method: 'GET',
  url: '/tracker?_t=1771828954518',
  statusCode: 304,
  duration: '6ms',
  contentLength: 0,
  level: 'info',
  message: 'Response',
  timestamp: '2026-02-23 12:12:36'
}
{
  service: 'attendance-system',
  method: 'GET',
  url: '/api/admin/leave-years/active?_t=1771828957413',
  ip: '127.0.0.1',
  userAgent: 'Mozilla/5.0 (Windows NT 10.0; Win64; x64) AppleWebKit/537.36 (KHTML, like Gecko) Chrome/145.0.0.0 Safari/537.36 Edg/145.0.0.0',
  timestamp: '2026-02-23 12:12:37',
  level: 'info',
  message: 'Request'
}
{
  service: 'attendance-system',
  method: 'GET',
  url: '/api/auth/me?_t=1771828957413',
  ip: '127.0.0.1',
  userAgent: 'Mozilla/5.0 (Windows NT 10.0; Win64; x64) AppleWebKit/537.36 (KHTML, like Gecko) Chrome/145.0.0.0 Safari/537.36 Edg/145.0.0.0',
  timestamp: '2026-02-23 12:12:37',
  level: 'info',
  message: 'Request'
}
{
  service: 'attendance-system',
  method: 'GET',
  url: '/me?_t=1771828957413',
  statusCode: 200,
  duration: '5ms',
  contentLength: '1282',
  level: 'info',
  message: 'Response',
  timestamp: '2026-02-23 12:12:37'
}
{
  service: 'attendance-system',
  method: 'GET',
  url: '/active?_t=1771828957413',
  statusCode: 200,
  duration: '20ms',
  contentLength: '194',
  level: 'info',
  message: 'Response',
  timestamp: '2026-02-23 12:12:37'
}
{
  service: 'attendance-system',
  method: 'GET',
  url: '/api/admin/leave-years/active?_t=1771828957413',
  ip: '127.0.0.1',
  userAgent: 'Mozilla/5.0 (Windows NT 10.0; Win64; x64) AppleWebKit/537.36 (KHTML, like Gecko) Chrome/145.0.0.0 Safari/537.36 Edg/145.0.0.0',
  timestamp: '2026-02-23 12:12:37',
  level: 'info',
  message: 'Request'
}
{
  service: 'attendance-system',
  method: 'GET',
  url: '/active?_t=1771828957413',
  statusCode: 304,
  duration: '13ms',
  contentLength: 0,
  level: 'info',
  message: 'Response',
  timestamp: '2026-02-23 12:12:37'
}
{
  service: 'attendance-system',
  method: 'GET',
  url: '/api/announcements/last-read?_t=1771828957459',
  ip: '127.0.0.1',
  userAgent: 'Mozilla/5.0 (Windows NT 10.0; Win64; x64) AppleWebKit/537.36 (KHTML, like Gecko) Chrome/145.0.0.0 Safari/537.36 Edg/145.0.0.0',
  timestamp: '2026-02-23 12:12:37',
  level: 'info',
  message: 'Request'
}
{
  service: 'attendance-system',
  method: 'GET',
  url: '/api/attendance/current-status?_t=1771828957459',
  ip: '127.0.0.1',
  userAgent: 'Mozilla/5.0 (Windows NT 10.0; Win64; x64) AppleWebKit/537.36 (KHTML, like Gecko) Chrome/145.0.0.0 Safari/537.36 Edg/145.0.0.0',
  timestamp: '2026-02-23 12:12:37',
  level: 'info',
  message: 'Request'
}
{
  service: 'attendance-system',
  method: 'GET',
  url: '/api/new-notifications?_t=1771828957459',
  ip: '127.0.0.1',
  userAgent: 'Mozilla/5.0 (Windows NT 10.0; Win64; x64) AppleWebKit/537.36 (KHTML, like Gecko) Chrome/145.0.0.0 Safari/537.36 Edg/145.0.0.0',
  timestamp: '2026-02-23 12:12:37',
  level: 'info',
  message: 'Request'
}
{
  service: 'attendance-system',
  method: 'GET',
  url: '/api/announcements/last-read?_t=1771828957464',
  ip: '127.0.0.1',
  userAgent: 'Mozilla/5.0 (Windows NT 10.0; Win64; x64) AppleWebKit/537.36 (KHTML, like Gecko) Chrome/145.0.0.0 Safari/537.36 Edg/145.0.0.0',
  timestamp: '2026-02-23 12:12:37',
  level: 'info',
  message: 'Request'
}
{
  service: 'attendance-system',
  method: 'GET',
  url: '/last-read?_t=1771828957459',
  statusCode: 200,
  duration: '23ms',
  contentLength: '43',
  level: 'info',
  message: 'Response',
  timestamp: '2026-02-23 12:12:37'
}
{
  service: 'attendance-system',
  method: 'GET',
  url: '/api/probation/tracker?_t=1771828957483',
  ip: '127.0.0.1',
  userAgent: 'Mozilla/5.0 (Windows NT 10.0; Win64; x64) AppleWebKit/537.36 (KHTML, like Gecko) Chrome/145.0.0.0 Safari/537.36 Edg/145.0.0.0',
  timestamp: '2026-02-23 12:12:37',
  level: 'info',
  message: 'Request'
}
{
  service: 'attendance-system',
  method: 'GET',
  url: '/tracker?_t=1771828957483',
  statusCode: 200,
  duration: '5ms',
  contentLength: '5964',
  level: 'info',
  message: 'Response',
  timestamp: '2026-02-23 12:12:37'
}
{
  service: 'attendance-system',
  method: 'GET',
  url: '/last-read?_t=1771828957464',
  statusCode: 200,
  duration: '15ms',
  contentLength: '43',
  level: 'info',
  message: 'Response',
  timestamp: '2026-02-23 12:12:37'
}
{
  service: 'attendance-system',
  method: 'GET',
  url: '/current-status?_t=1771828957459',
  statusCode: 200,
  duration: '37ms',
  contentLength: '102',
  level: 'info',
  message: 'Response',
  timestamp: '2026-02-23 12:12:37'
}
{
  service: 'attendance-system',
  method: 'GET',
  url: '/api/announcements/last-read?_t=1771828957459',
  ip: '127.0.0.1',
  userAgent: 'Mozilla/5.0 (Windows NT 10.0; Win64; x64) AppleWebKit/537.36 (KHTML, like Gecko) Chrome/145.0.0.0 Safari/537.36 Edg/145.0.0.0',
  timestamp: '2026-02-23 12:12:37',
  level: 'info',
  message: 'Request'
}
{
  service: 'attendance-system',
  method: 'GET',
  url: '/api/announcements?_t=1771828957491',
  ip: '127.0.0.1',
  userAgent: 'Mozilla/5.0 (Windows NT 10.0; Win64; x64) AppleWebKit/537.36 (KHTML, like Gecko) Chrome/145.0.0.0 Safari/537.36 Edg/145.0.0.0',
  timestamp: '2026-02-23 12:12:37',
  level: 'info',
  message: 'Request'
}
{
  service: 'attendance-system',
  method: 'GET',
  url: '/api/probation/tracker?_t=1771828957483',
  ip: '127.0.0.1',
  userAgent: 'Mozilla/5.0 (Windows NT 10.0; Win64; x64) AppleWebKit/537.36 (KHTML, like Gecko) Chrome/145.0.0.0 Safari/537.36 Edg/145.0.0.0',
  timestamp: '2026-02-23 12:12:37',
  level: 'info',
  message: 'Request'
}
{
  service: 'attendance-system',
  method: 'GET',
  url: '/tracker?_t=1771828957483',
  statusCode: 304,
  duration: '4ms',
  contentLength: 0,
  level: 'info',
  message: 'Response',
  timestamp: '2026-02-23 12:12:37'
}
{
  service: 'attendance-system',
  method: 'GET',
  url: '/api/announcements?_t=1771828957509',
  ip: '127.0.0.1',
  userAgent: 'Mozilla/5.0 (Windows NT 10.0; Win64; x64) AppleWebKit/537.36 (KHTML, like Gecko) Chrome/145.0.0.0 Safari/537.36 Edg/145.0.0.0',
  timestamp: '2026-02-23 12:12:37',
  level: 'info',
  message: 'Request'
}
{
  service: 'attendance-system',
  method: 'GET',
  url: '/?_t=1771828957459',
  statusCode: 200,
  duration: '60ms',
  contentLength: '20601',
  level: 'info',
  message: 'Response',
  timestamp: '2026-02-23 12:12:37'
}
{
  service: 'attendance-system',
  method: 'GET',
  url: '/last-read?_t=1771828957459',
  statusCode: 304,
  duration: '25ms',
  contentLength: 0,
  level: 'info',
  message: 'Response',
  timestamp: '2026-02-23 12:12:37'
}
{
  service: 'attendance-system',
  method: 'GET',
  url: '/?_t=1771828957491',
  statusCode: 200,
  duration: '21ms',
  contentLength: '2',
  level: 'info',
  message: 'Response',
  timestamp: '2026-02-23 12:12:37'
}
{
  service: 'attendance-system',
  method: 'GET',
  url: '/?_t=1771828957509',
  statusCode: 200,
  duration: '12ms',
  contentLength: '2',
  level: 'info',
  message: 'Response',
  timestamp: '2026-02-23 12:12:37'
}
{
  service: 'attendance-system',
  method: 'GET',
  url: '/api/announcements?_t=1771828957582',
  ip: '127.0.0.1',
  userAgent: 'Mozilla/5.0 (Windows NT 10.0; Win64; x64) AppleWebKit/537.36 (KHTML, like Gecko) Chrome/145.0.0.0 Safari/537.36 Edg/145.0.0.0',
  timestamp: '2026-02-23 12:12:37',
  level: 'info',
  message: 'Request'
}
{
  service: 'attendance-system',
  method: 'GET',
  url: '/?_t=1771828957582',
  statusCode: 200,
  duration: '12ms',
  contentLength: '2',
  level: 'info',
  message: 'Response',
  timestamp: '2026-02-23 12:12:37'
}
{
  service: 'attendance-system',
  method: 'GET',
  url: '/api/announcements?_t=1771828957626',
  ip: '127.0.0.1',
  userAgent: 'Mozilla/5.0 (Windows NT 10.0; Win64; x64) AppleWebKit/537.36 (KHTML, like Gecko) Chrome/145.0.0.0 Safari/537.36 Edg/145.0.0.0',
  timestamp: '2026-02-23 12:12:37',
  level: 'info',
  message: 'Request'
}
{
  service: 'attendance-system',
  method: 'GET',
  url: '/?_t=1771828957626',
  statusCode: 200,
  duration: '12ms',
  contentLength: '2',
  level: 'info',
  message: 'Response',
  timestamp: '2026-02-23 12:12:37'
}
{
  service: 'attendance-system',
  method: 'GET',
  url: '/api/announcements?_t=1771828976354',
  ip: '127.0.0.1',
  userAgent: 'Mozilla/5.0 (Windows NT 10.0; Win64; x64) AppleWebKit/537.36 (KHTML, like Gecko) Chrome/145.0.0.0 Safari/537.36',
  timestamp: '2026-02-23 12:12:56',
  level: 'info',
  message: 'Request'
}
{
  service: 'attendance-system',
  method: 'GET',
  url: '/?_t=1771828976354',
  statusCode: 200,
  duration: '18ms',
  contentLength: '2',
  level: 'info',
  message: 'Response',
  timestamp: '2026-02-23 12:12:56'
}
{
  service: 'attendance-system',
  method: 'GET',
  url: '/api/announcements?_t=1771828987636',
  ip: '127.0.0.1',
  userAgent: 'Mozilla/5.0 (Linux; Android 6.0; Nexus 5 Build/MRA58N) AppleWebKit/537.36 (KHTML, like Gecko) Chrome/145.0.0.0 Mobile Safari/537.36 Edg/145.0.0.0',
  timestamp: '2026-02-23 12:13:07',
  level: 'info',
  message: 'Request'
}
{
  service: 'attendance-system',
  method: 'GET',
  url: '/?_t=1771828987636',
  statusCode: 200,
  duration: '15ms',
  contentLength: '2',
  level: 'info',
  message: 'Response',
  timestamp: '2026-02-23 12:13:07'
}
{
  service: 'attendance-system',
  method: 'GET',
  url: '/api/admin/manage?_t=1771829002459',
  ip: '127.0.0.1',
  userAgent: 'Mozilla/5.0 (Linux; Android 6.0; Nexus 5 Build/MRA58N) AppleWebKit/537.36 (KHTML, like Gecko) Chrome/145.0.0.0 Mobile Safari/537.36 Edg/145.0.0.0',
  timestamp: '2026-02-23 12:13:22',
  level: 'info',
  message: 'Request'
}
{
  service: 'attendance-system',
  method: 'GET',
  url: '/api/analytics/late-grace-settings?_t=1771829002459',
  ip: '127.0.0.1',
  userAgent: 'Mozilla/5.0 (Linux; Android 6.0; Nexus 5 Build/MRA58N) AppleWebKit/537.36 (KHTML, like Gecko) Chrome/145.0.0.0 Mobile Safari/537.36 Edg/145.0.0.0',
  timestamp: '2026-02-23 12:13:22',
  level: 'info',
  message: 'Request'
}
{
  service: 'attendance-system',
  method: 'GET',
  path: '/analytics/late-grace-settings',
  query: [Object: null prototype] { _t: '1771829002459' },
  headers: { authorization: 'present', origin: undefined },
  level: 'warn',
  message: '[404] API route not found: GET /analytics/late-grace-settings',
  timestamp: '2026-02-23 12:13:22'
}
{
  service: 'attendance-system',
  method: 'GET',
  url: '/analytics/late-grace-settings?_t=1771829002459',
  statusCode: 404,
  duration: '2ms',
  contentLength: '190',
  level: 'info',
  message: 'Response',
  timestamp: '2026-02-23 12:13:22'
}
{
  service: 'attendance-system',
  method: 'GET',
  url: '/api/analytics/late-grace-settings?_t=1771829002459',
  ip: '127.0.0.1',
  userAgent: 'Mozilla/5.0 (Linux; Android 6.0; Nexus 5 Build/MRA58N) AppleWebKit/537.36 (KHTML, like Gecko) Chrome/145.0.0.0 Mobile Safari/537.36 Edg/145.0.0.0',
  timestamp: '2026-02-23 12:13:22',
  level: 'info',
  message: 'Request'
}
{
  service: 'attendance-system',
  method: 'GET',
  path: '/analytics/late-grace-settings',
  query: [Object: null prototype] { _t: '1771829002459' },
  headers: { authorization: 'present', origin: undefined },
  level: 'warn',
  message: '[404] API route not found: GET /analytics/late-grace-settings',
  timestamp: '2026-02-23 12:13:22'
}
{
  service: 'attendance-system',
  method: 'GET',
  url: '/analytics/late-grace-settings?_t=1771829002459',
  statusCode: 404,
  duration: '2ms',
  contentLength: '190',
  level: 'info',
  message: 'Response',
  timestamp: '2026-02-23 12:13:22'
}
{
  service: 'attendance-system',
  method: 'GET',
  url: '/?_t=1771829002459',
  statusCode: 200,
  duration: '34ms',
  contentLength: '29083',
  level: 'info',
  message: 'Response',
  timestamp: '2026-02-23 12:13:22'
}
{
  service: 'attendance-system',
  method: 'GET',
  url: '/api/admin/manage?_t=1771829002459',
  ip: '127.0.0.1',
  userAgent: 'Mozilla/5.0 (Linux; Android 6.0; Nexus 5 Build/MRA58N) AppleWebKit/537.36 (KHTML, like Gecko) Chrome/145.0.0.0 Mobile Safari/537.36 Edg/145.0.0.0',
  timestamp: '2026-02-23 12:13:22',
  level: 'info',
  message: 'Request'
}
{
  service: 'attendance-system',
  method: 'GET',
  url: '/?_t=1771829002459',
  statusCode: 304,
  duration: '25ms',
  contentLength: 0,
  level: 'info',
  message: 'Response',
  timestamp: '2026-02-23 12:13:22'
}
{
  service: 'attendance-system',
  method: 'GET',
  url: '/api/announcements?_t=1771829017627',
  ip: '127.0.0.1',
  userAgent: 'Mozilla/5.0 (Windows NT 10.0; Win64; x64) AppleWebKit/537.36 (KHTML, like Gecko) Chrome/145.0.0.0 Safari/537.36 Edg/145.0.0.0',
  timestamp: '2026-02-23 12:13:37',
  level: 'info',
  message: 'Request'
}
{
  service: 'attendance-system',
  method: 'GET',
  url: '/?_t=1771829017627',
  statusCode: 200,
  duration: '14ms',
  contentLength: '2',
  level: 'info',
  message: 'Response',
  timestamp: '2026-02-23 12:13:37'
}
{
  service: 'attendance-system',
  method: 'GET',
  url: '/api/admin/dashboard-summary?includePendingLeaves=true',
  ip: '127.0.0.1',
  userAgent: 'Mozilla/5.0 (Windows NT 10.0; Win64; x64) AppleWebKit/537.36 (KHTML, like Gecko) Chrome/145.0.0.0 Safari/537.36 Edg/145.0.0.0',
  timestamp: '2026-02-23 12:13:43',
  level: 'info',
  message: 'Request'
}
{
  service: 'attendance-system',
  method: 'GET',
  url: '/dashboard-summary?includePendingLeaves=true',
  statusCode: 304,
  duration: '196ms',
  contentLength: 0,
  level: 'info',
  message: 'Response',
  timestamp: '2026-02-23 12:13:43'
}
{
  service: 'attendance-system',
  method: 'GET',
  url: '/api/admin/dashboard-summary?includePendingLeaves=true',
  ip: '127.0.0.1',
  userAgent: 'Mozilla/5.0 (Windows NT 10.0; Win64; x64) AppleWebKit/537.36 (KHTML, like Gecko) Chrome/145.0.0.0 Safari/537.36 Edg/145.0.0.0',
  timestamp: '2026-02-23 12:13:43',
  level: 'info',
  message: 'Request'
}
{
  service: 'attendance-system',
  method: 'GET',
  url: '/dashboard-summary?includePendingLeaves=true',
  statusCode: 304,
  duration: '28ms',
  contentLength: 0,
  level: 'info',
  message: 'Response',
  timestamp: '2026-02-23 12:13:43'
}
{
  service: 'attendance-system',
  method: 'GET',
  url: '/api/admin/employees?all=true&_t=1771829024522',
  ip: '127.0.0.1',
  userAgent: 'Mozilla/5.0 (Windows NT 10.0; Win64; x64) AppleWebKit/537.36 (KHTML, like Gecko) Chrome/145.0.0.0 Safari/537.36 Edg/145.0.0.0',
  timestamp: '2026-02-23 12:13:44',
  level: 'info',
  message: 'Request'
}
{
  service: 'attendance-system',
  method: 'GET',
  url: '/?all=true&_t=1771829024522',
  statusCode: 200,
  duration: '40ms',
  contentLength: '27292',
  level: 'info',
  message: 'Response',
  timestamp: '2026-02-23 12:13:44'
}
{
  service: 'attendance-system',
  method: 'GET',
  url: '/api/admin/employees?all=true&_t=1771829024522',
  ip: '127.0.0.1',
  userAgent: 'Mozilla/5.0 (Windows NT 10.0; Win64; x64) AppleWebKit/537.36 (KHTML, like Gecko) Chrome/145.0.0.0 Safari/537.36 Edg/145.0.0.0',
  timestamp: '2026-02-23 12:13:44',
  level: 'info',
  message: 'Request'
}
{
  service: 'attendance-system',
  method: 'GET',
  url: '/?all=true&_t=1771829024522',
  statusCode: 304,
  duration: '35ms',
  contentLength: 0,
  level: 'info',
  message: 'Response',
  timestamp: '2026-02-23 12:13:44'
}
{
  service: 'attendance-system',
  method: 'GET',
  url: '/api/admin/employees?page=1&limit=10&status=active&_t=1771829025238',
  ip: '127.0.0.1',
  userAgent: 'Mozilla/5.0 (Windows NT 10.0; Win64; x64) AppleWebKit/537.36 (KHTML, like Gecko) Chrome/145.0.0.0 Safari/537.36 Edg/145.0.0.0',
  timestamp: '2026-02-23 12:13:45',
  level: 'info',
  message: 'Request'
}
{
  service: 'attendance-system',
  method: 'GET',
  url: '/api/admin/shifts?_t=1771829025238',
  ip: '127.0.0.1',
  userAgent: 'Mozilla/5.0 (Windows NT 10.0; Win64; x64) AppleWebKit/537.36 (KHTML, like Gecko) Chrome/145.0.0.0 Safari/537.36 Edg/145.0.0.0',
  timestamp: '2026-02-23 12:13:45',
  level: 'info',
  message: 'Request'
}
{
  service: 'attendance-system',
  method: 'GET',
  url: '/?_t=1771829025238',
  statusCode: 200,
  duration: '21ms',
  contentLength: '802',
  level: 'info',
  message: 'Response',
  timestamp: '2026-02-23 12:13:45'
}
{
  service: 'attendance-system',
  method: 'GET',
  url: '/api/admin/shifts?_t=1771829025238',
  ip: '127.0.0.1',
  userAgent: 'Mozilla/5.0 (Windows NT 10.0; Win64; x64) AppleWebKit/537.36 (KHTML, like Gecko) Chrome/145.0.0.0 Safari/537.36 Edg/145.0.0.0',
  timestamp: '2026-02-23 12:13:45',
  level: 'info',
  message: 'Request'
}
{
  service: 'attendance-system',
  method: 'GET',
  url: '/?page=1&limit=10&status=active&_t=1771829025238',
  statusCode: 200,
  duration: '33ms',
  contentLength: '10220',
  level: 'info',
  message: 'Response',
  timestamp: '2026-02-23 12:13:45'
}
{
  service: 'attendance-system',
  method: 'GET',
  url: '/api/admin/employees?page=1&limit=10&status=active&_t=1771829025238',
  ip: '127.0.0.1',
  userAgent: 'Mozilla/5.0 (Windows NT 10.0; Win64; x64) AppleWebKit/537.36 (KHTML, like Gecko) Chrome/145.0.0.0 Safari/537.36 Edg/145.0.0.0',
  timestamp: '2026-02-23 12:13:45',
  level: 'info',
  message: 'Request'
}
{
  service: 'attendance-system',
  method: 'GET',
  url: '/?_t=1771829025238',
  statusCode: 304,
  duration: '26ms',
  contentLength: 0,
  level: 'info',
  message: 'Response',
  timestamp: '2026-02-23 12:13:45'
}
{
  service: 'attendance-system',
  method: 'GET',
  url: '/?page=1&limit=10&status=active&_t=1771829025238',
  statusCode: 304,
  duration: '31ms',
  contentLength: 0,
  level: 'info',
  message: 'Response',
  timestamp: '2026-02-23 12:13:45'
}
{
  service: 'attendance-system',
  method: 'GET',
  url: '/api/admin/office-locations?_t=1771829026251',
  ip: '127.0.0.1',
  userAgent: 'Mozilla/5.0 (Windows NT 10.0; Win64; x64) AppleWebKit/537.36 (KHTML, like Gecko) Chrome/145.0.0.0 Safari/537.36 Edg/145.0.0.0',
  timestamp: '2026-02-23 12:13:46',
  level: 'info',
  message: 'Request'
}
{
  service: 'attendance-system',
  method: 'GET',
  url: '/api/admin/shifts?page=1&limit=10&_t=1771829026251',
  ip: '127.0.0.1',
  userAgent: 'Mozilla/5.0 (Windows NT 10.0; Win64; x64) AppleWebKit/537.36 (KHTML, like Gecko) Chrome/145.0.0.0 Safari/537.36 Edg/145.0.0.0',
  timestamp: '2026-02-23 12:13:46',
  level: 'info',
  message: 'Request'
}
{
  service: 'attendance-system',
  method: 'GET',
  url: '/?_t=1771829026251',
  statusCode: 200,
  duration: '14ms',
  contentLength: '323',
  level: 'info',
  message: 'Response',
  timestamp: '2026-02-23 12:13:46'
}
{
  service: 'attendance-system',
  method: 'GET',
  url: '/api/admin/office-locations?_t=1771829026251',
  ip: '127.0.0.1',
  userAgent: 'Mozilla/5.0 (Windows NT 10.0; Win64; x64) AppleWebKit/537.36 (KHTML, like Gecko) Chrome/145.0.0.0 Safari/537.36 Edg/145.0.0.0',
  timestamp: '2026-02-23 12:13:46',
  level: 'info',
  message: 'Request'
}
{
  service: 'attendance-system',
  method: 'GET',
  url: '/?page=1&limit=10&_t=1771829026251',
  statusCode: 200,
  duration: '23ms',
  contentLength: '802',
  level: 'info',
  message: 'Response',
  timestamp: '2026-02-23 12:13:46'
}
{
  service: 'attendance-system',
  method: 'GET',
  url: '/?_t=1771829026251',
  statusCode: 304,
  duration: '12ms',
  contentLength: 0,
  level: 'info',
  message: 'Response',
  timestamp: '2026-02-23 12:13:46'
}
{
  service: 'attendance-system',
  method: 'GET',
  url: '/api/admin/shifts?page=1&limit=10&_t=1771829026251',
  ip: '127.0.0.1',
  userAgent: 'Mozilla/5.0 (Windows NT 10.0; Win64; x64) AppleWebKit/537.36 (KHTML, like Gecko) Chrome/145.0.0.0 Safari/537.36 Edg/145.0.0.0',
  timestamp: '2026-02-23 12:13:46',
  level: 'info',
  message: 'Request'
}
{
  service: 'attendance-system',
  method: 'GET',
  url: '/?page=1&limit=10&_t=1771829026251',
  statusCode: 304,
  duration: '17ms',
  contentLength: 0,
  level: 'info',
  message: 'Response',
  timestamp: '2026-02-23 12:13:46'
}
{
  service: 'attendance-system',
  method: 'GET',
  url: '/api/policies-gridfs?_t=1771829026961',
  ip: '127.0.0.1',
  userAgent: 'Mozilla/5.0 (Windows NT 10.0; Win64; x64) AppleWebKit/537.36 (KHTML, like Gecko) Chrome/145.0.0.0 Safari/537.36 Edg/145.0.0.0',
  timestamp: '2026-02-23 12:13:46',
  level: 'info',
  message: 'Request'
}
{
  service: 'attendance-system',
  method: 'GET',
  url: '/api/policies/anonymous-feedback?_t=1771829026961',
  ip: '127.0.0.1',
  userAgent: 'Mozilla/5.0 (Windows NT 10.0; Win64; x64) AppleWebKit/537.36 (KHTML, like Gecko) Chrome/145.0.0.0 Safari/537.36 Edg/145.0.0.0',
  timestamp: '2026-02-23 12:13:46',
  level: 'info',
  message: 'Request'
}
{
  service: 'attendance-system',
  method: 'GET',
  url: '/?_t=1771829026961',
  statusCode: 200,
  duration: '14ms',
  contentLength: '15',
  level: 'info',
  message: 'Response',
  timestamp: '2026-02-23 12:13:46'
}
{
  service: 'attendance-system',
  method: 'GET',
  url: '/anonymous-feedback?_t=1771829026961',
  statusCode: 200,
  duration: '13ms',
  contentLength: '15',
  level: 'info',
  message: 'Response',
  timestamp: '2026-02-23 12:13:46'
}
{
  service: 'attendance-system',
  method: 'GET',
  url: '/api/policies-gridfs?_t=1771829026961',
  ip: '127.0.0.1',
  userAgent: 'Mozilla/5.0 (Windows NT 10.0; Win64; x64) AppleWebKit/537.36 (KHTML, like Gecko) Chrome/145.0.0.0 Safari/537.36 Edg/145.0.0.0',
  timestamp: '2026-02-23 12:13:46',
  level: 'info',
  message: 'Request'
}
{
  service: 'attendance-system',
  method: 'GET',
  url: '/api/policies/anonymous-feedback?_t=1771829026961',
  ip: '127.0.0.1',
  userAgent: 'Mozilla/5.0 (Windows NT 10.0; Win64; x64) AppleWebKit/537.36 (KHTML, like Gecko) Chrome/145.0.0.0 Safari/537.36 Edg/145.0.0.0',
  timestamp: '2026-02-23 12:13:46',
  level: 'info',
  message: 'Request'
}
{
  service: 'attendance-system',
  method: 'GET',
  url: '/?_t=1771829026961',
  statusCode: 304,
  duration: '14ms',
  contentLength: 0,
  level: 'info',
  message: 'Response',
  timestamp: '2026-02-23 12:13:46'
}
{
  service: 'attendance-system',
  method: 'GET',
  url: '/anonymous-feedback?_t=1771829026961',
  statusCode: 304,
  duration: '12ms',
  contentLength: 0,
  level: 'info',
  message: 'Response',
  timestamp: '2026-02-23 12:13:47'
}
{
  service: 'attendance-system',
  method: 'GET',
  url: '/api/probation/tracker?_t=1771829028015',
  ip: '127.0.0.1',
  userAgent: 'Mozilla/5.0 (Windows NT 10.0; Win64; x64) AppleWebKit/537.36 (KHTML, like Gecko) Chrome/145.0.0.0 Safari/537.36 Edg/145.0.0.0',
  timestamp: '2026-02-23 12:13:48',
  level: 'info',
  message: 'Request'
}
{
  service: 'attendance-system',
  method: 'GET',
  url: '/tracker?_t=1771829028015',
  statusCode: 200,
  duration: '2037ms',
  contentLength: '5964',
  level: 'info',
  message: 'Response',
  timestamp: '2026-02-23 12:13:50'
}
{
  service: 'attendance-system',
  method: 'GET',
  url: '/api/probation/tracker?_t=1771829028015',
  ip: '127.0.0.1',
  userAgent: 'Mozilla/5.0 (Windows NT 10.0; Win64; x64) AppleWebKit/537.36 (KHTML, like Gecko) Chrome/145.0.0.0 Safari/537.36 Edg/145.0.0.0',
  timestamp: '2026-02-23 12:13:50',
  level: 'info',
  message: 'Request'
}
{
  service: 'attendance-system',
  method: 'GET',
  url: '/tracker?_t=1771829028015',
  statusCode: 304,
  duration: '4ms',
  contentLength: 0,
  level: 'info',
  message: 'Response',
  timestamp: '2026-02-23 12:13:50'
}
{
  service: 'attendance-system',
  method: 'GET',
  url: '/api/admin/employees?all=true&_t=1771829031610',
  ip: '127.0.0.1',
  userAgent: 'Mozilla/5.0 (Windows NT 10.0; Win64; x64) AppleWebKit/537.36 (KHTML, like Gecko) Chrome/145.0.0.0 Safari/537.36 Edg/145.0.0.0',
  timestamp: '2026-02-23 12:13:51',
  level: 'info',
  message: 'Request'
}
{
  service: 'attendance-system',
  method: 'GET',
  url: '/api/admin/leaves/all?page=1&limit=10',
  ip: '127.0.0.1',
  userAgent: 'Mozilla/5.0 (Windows NT 10.0; Win64; x64) AppleWebKit/537.36 (KHTML, like Gecko) Chrome/145.0.0.0 Safari/537.36 Edg/145.0.0.0',
  timestamp: '2026-02-23 12:13:51',
  level: 'info',
  message: 'Request'
}
{
  service: 'attendance-system',
  method: 'GET',
  url: '/leaves/all?page=1&limit=10',
  statusCode: 304,
  duration: '25ms',
  contentLength: 0,
  level: 'info',
  message: 'Response',
  timestamp: '2026-02-23 12:13:51'
}
{
  service: 'attendance-system',
  method: 'GET',
  url: '/?all=true&_t=1771829031610',
  statusCode: 200,
  duration: '40ms',
  contentLength: '27292',
  level: 'info',
  message: 'Response',
  timestamp: '2026-02-23 12:13:51'
}
{
  service: 'attendance-system',
  method: 'GET',
  url: '/api/analytics/monthly-context-settings?_t=1771829031741',
  ip: '127.0.0.1',
  userAgent: 'Mozilla/5.0 (Windows NT 10.0; Win64; x64) AppleWebKit/537.36 (KHTML, like Gecko) Chrome/145.0.0.0 Safari/537.36 Edg/145.0.0.0',
  timestamp: '2026-02-23 12:13:51',
  level: 'info',
  message: 'Request'
}
{
  service: 'attendance-system',
  method: 'GET',
  path: '/analytics/monthly-context-settings',
  query: [Object: null prototype] { _t: '1771829031741' },
  headers: { authorization: 'present', origin: undefined },
  level: 'warn',
  message: '[404] API route not found: GET /analytics/monthly-context-settings',
  timestamp: '2026-02-23 12:13:51'
}
{
  service: 'attendance-system',
  method: 'GET',
  url: '/analytics/monthly-context-settings?_t=1771829031741',
  statusCode: 404,
  duration: '1ms',
  contentLength: '200',
  level: 'info',
  message: 'Response',
  timestamp: '2026-02-23 12:13:51'
}
{
  service: 'attendance-system',
  method: 'GET',
  url: '/api/analytics/monthly-context-settings?_t=1771829031741',
  ip: '127.0.0.1',
  userAgent: 'Mozilla/5.0 (Windows NT 10.0; Win64; x64) AppleWebKit/537.36 (KHTML, like Gecko) Chrome/145.0.0.0 Safari/537.36 Edg/145.0.0.0',
  timestamp: '2026-02-23 12:13:51',
  level: 'info',
  message: 'Request'
}
{
  service: 'attendance-system',
  method: 'GET',
  path: '/analytics/monthly-context-settings',
  query: [Object: null prototype] { _t: '1771829031741' },
  headers: { authorization: 'present', origin: undefined },
  level: 'warn',
  message: '[404] API route not found: GET /analytics/monthly-context-settings',
  timestamp: '2026-02-23 12:13:51'
}
{
  service: 'attendance-system',
  method: 'GET',
  url: '/analytics/monthly-context-settings?_t=1771829031741',
  statusCode: 404,
  duration: '1ms',
  contentLength: '200',
  level: 'info',
  message: 'Response',
  timestamp: '2026-02-23 12:13:51'
}
{
  service: 'attendance-system',
  method: 'GET',
  url: '/api/admin/leaves/analytics/counts?month=2&year=2026&role=Employee',
  ip: '127.0.0.1',
  userAgent: 'Mozilla/5.0 (Windows NT 10.0; Win64; x64) AppleWebKit/537.36 (KHTML, like Gecko) Chrome/145.0.0.0 Safari/537.36 Edg/145.0.0.0',
  timestamp: '2026-02-23 12:13:51',
  level: 'info',
  message: 'Request'
}
{
  service: 'attendance-system',
  method: 'GET',
  url: '/api/admin/leaves/analytics/counts?month=2&year=2026&role=Intern',
  ip: '127.0.0.1',
  userAgent: 'Mozilla/5.0 (Windows NT 10.0; Win64; x64) AppleWebKit/537.36 (KHTML, like Gecko) Chrome/145.0.0.0 Safari/537.36 Edg/145.0.0.0',
  timestamp: '2026-02-23 12:13:51',
  level: 'info',
  message: 'Request'
}
{
  service: 'attendance-system',
  method: 'GET',
  url: '/api/analytics/monthly-context-settings?_t=1771829031741',
  ip: '127.0.0.1',
  userAgent: 'Mozilla/5.0 (Windows NT 10.0; Win64; x64) AppleWebKit/537.36 (KHTML, like Gecko) Chrome/145.0.0.0 Safari/537.36 Edg/145.0.0.0',
  timestamp: '2026-02-23 12:13:51',
  level: 'info',
  message: 'Request'
}
{
  service: 'attendance-system',
  method: 'GET',
  path: '/analytics/monthly-context-settings',
  query: [Object: null prototype] { _t: '1771829031741' },
  headers: { authorization: 'present', origin: undefined },
  level: 'warn',
  message: '[404] API route not found: GET /analytics/monthly-context-settings',
  timestamp: '2026-02-23 12:13:51'
}
{
  service: 'attendance-system',
  method: 'GET',
  url: '/analytics/monthly-context-settings?_t=1771829031741',
  statusCode: 404,
  duration: '2ms',
  contentLength: '200',
  level: 'info',
  message: 'Response',
  timestamp: '2026-02-23 12:13:51'
}
{
  service: 'attendance-system',
  method: 'GET',
  url: '/api/analytics/monthly-context-settings?_t=1771829031741',
  ip: '127.0.0.1',
  userAgent: 'Mozilla/5.0 (Windows NT 10.0; Win64; x64) AppleWebKit/537.36 (KHTML, like Gecko) Chrome/145.0.0.0 Safari/537.36 Edg/145.0.0.0',
  timestamp: '2026-02-23 12:13:51',
  level: 'info',
  message: 'Request'
}
{
  service: 'attendance-system',
  method: 'GET',
  path: '/analytics/monthly-context-settings',
  query: [Object: null prototype] { _t: '1771829031741' },
  headers: { authorization: 'present', origin: undefined },
  level: 'warn',
  message: '[404] API route not found: GET /analytics/monthly-context-settings',
  timestamp: '2026-02-23 12:13:51'
}
{
  service: 'attendance-system',
  method: 'GET',
  url: '/analytics/monthly-context-settings?_t=1771829031741',
  statusCode: 404,
  duration: '2ms',
  contentLength: '200',
  level: 'info',
  message: 'Response',
  timestamp: '2026-02-23 12:13:51'
}
{
  service: 'attendance-system',
  method: 'GET',
  url: '/leaves/analytics/counts?month=2&year=2026&role=Employee',
  statusCode: 200,
  duration: '27ms',
  contentLength: '1932',
  level: 'info',
  message: 'Response',
  timestamp: '2026-02-23 12:13:51'
}
{
  service: 'attendance-system',
  method: 'GET',
  url: '/leaves/analytics/counts?month=2&year=2026&role=Intern',
  statusCode: 304,
  duration: '25ms',
  contentLength: 0,
  level: 'info',
  message: 'Response',
  timestamp: '2026-02-23 12:13:51'
}
{
  service: 'attendance-system',
  method: 'GET',
  url: '/api/attendance/actual-work-days?month=2&year=2026&_t=1771829031845',
  ip: '127.0.0.1',
  userAgent: 'Mozilla/5.0 (Windows NT 10.0; Win64; x64) AppleWebKit/537.36 (KHTML, like Gecko) Chrome/145.0.0.0 Safari/537.36 Edg/145.0.0.0',
  timestamp: '2026-02-23 12:13:51',
  level: 'info',
  message: 'Request'
}
{
  service: 'attendance-system',
  method: 'GET',
  url: '/actual-work-days?month=2&year=2026&_t=1771829031845',
  statusCode: 200,
  duration: '78ms',
  contentLength: '5941',
  level: 'info',
  message: 'Response',
  timestamp: '2026-02-23 12:13:51'
}
{
  service: 'attendance-system',
  method: 'GET',
  url: '/api/attendance/actual-work-days?month=2&year=2026&_t=1771829031954',
  ip: '127.0.0.1',
  userAgent: 'Mozilla/5.0 (Windows NT 10.0; Win64; x64) AppleWebKit/537.36 (KHTML, like Gecko) Chrome/145.0.0.0 Safari/537.36 Edg/145.0.0.0',
  timestamp: '2026-02-23 12:13:51',
  level: 'info',
  message: 'Request'
}
{
  service: 'attendance-system',
  method: 'GET',
  url: '/actual-work-days?month=2&year=2026&_t=1771829031954',
  statusCode: 200,
  duration: '52ms',
  contentLength: '5941',
  level: 'info',
  message: 'Response',
  timestamp: '2026-02-23 12:13:52'
}
{
  service: 'attendance-system',
  method: 'GET',
  url: '/api/admin/employees?all=true&_t=1771829032885',
  ip: '127.0.0.1',
  userAgent: 'Mozilla/5.0 (Windows NT 10.0; Win64; x64) AppleWebKit/537.36 (KHTML, like Gecko) Chrome/145.0.0.0 Safari/537.36 Edg/145.0.0.0',
  timestamp: '2026-02-23 12:13:52',
  level: 'info',
  message: 'Request'
}
{
  service: 'attendance-system',
  method: 'GET',
  url: '/?all=true&_t=1771829032885',
  statusCode: 200,
  duration: '41ms',
  contentLength: '27292',
  level: 'info',
  message: 'Response',
  timestamp: '2026-02-23 12:13:52'
}
{
  service: 'attendance-system',
  method: 'GET',
  url: '/api/admin/employees?all=true&_t=1771829032885',
  ip: '127.0.0.1',
  userAgent: 'Mozilla/5.0 (Windows NT 10.0; Win64; x64) AppleWebKit/537.36 (KHTML, like Gecko) Chrome/145.0.0.0 Safari/537.36 Edg/145.0.0.0',
  timestamp: '2026-02-23 12:13:52',
  level: 'info',
  message: 'Request'
}
{
  service: 'attendance-system',
  method: 'GET',
  url: '/?all=true&_t=1771829032885',
  statusCode: 304,
  duration: '33ms',
  contentLength: 0,
  level: 'info',
  message: 'Response',
  timestamp: '2026-02-23 12:13:52'
}
{
  service: 'attendance-system',
  method: 'GET',
  url: '/api/analytics/attendance?startDate=2026-02-01&endDate=2026-02-23&page=1&limit=50&_t=1771829034408',
  ip: '127.0.0.1',
  userAgent: 'Mozilla/5.0 (Windows NT 10.0; Win64; x64) AppleWebKit/537.36 (KHTML, like Gecko) Chrome/145.0.0.0 Safari/537.36 Edg/145.0.0.0',
  timestamp: '2026-02-23 12:13:54',
  level: 'info',
  message: 'Request'
}
{
  service: 'attendance-system',
  method: 'GET',
  url: '/api/admin/shifts?_t=1771829035542',
  ip: '127.0.0.1',
  userAgent: 'Mozilla/5.0 (Windows NT 10.0; Win64; x64) AppleWebKit/537.36 (KHTML, like Gecko) Chrome/145.0.0.0 Safari/537.36 Edg/145.0.0.0',
  timestamp: '2026-02-23 12:13:55',
  level: 'info',
  message: 'Request'
}
{
  service: 'attendance-system',
  method: 'GET',
  url: '/api/admin/employees?page=1&limit=10&status=active&_t=1771829035542',
  ip: '127.0.0.1',
  userAgent: 'Mozilla/5.0 (Windows NT 10.0; Win64; x64) AppleWebKit/537.36 (KHTML, like Gecko) Chrome/145.0.0.0 Safari/537.36 Edg/145.0.0.0',
  timestamp: '2026-02-23 12:13:55',
  level: 'info',
  message: 'Request'
}
{
  service: 'attendance-system',
  method: 'GET',
  url: '/attendance?startDate=2026-02-01&endDate=2026-02-23&page=1&limit=50&_t=1771829034408',
  statusCode: 200,
  duration: '1525ms',
  contentLength: '12631',
  level: 'info',
  message: 'Response',
  timestamp: '2026-02-23 12:13:55'
}
{
  service: 'attendance-system',
  method: 'GET',
  url: '/?_t=1771829035542',
  statusCode: 200,
  duration: '189ms',
  contentLength: '802',
  level: 'info',
  message: 'Response',
  timestamp: '2026-02-23 12:13:55'
}
{
  service: 'attendance-system',
  method: 'GET',
  url: '/api/admin/shifts?_t=1771829035542',
  ip: '127.0.0.1',
  userAgent: 'Mozilla/5.0 (Windows NT 10.0; Win64; x64) AppleWebKit/537.36 (KHTML, like Gecko) Chrome/145.0.0.0 Safari/537.36 Edg/145.0.0.0',
  timestamp: '2026-02-23 12:13:55',
  level: 'info',
  message: 'Request'
}
{
  service: 'attendance-system',
  method: 'GET',
  url: '/?page=1&limit=10&status=active&_t=1771829035542',
  statusCode: 200,
  duration: '201ms',
  contentLength: '10220',
  level: 'info',
  message: 'Response',
  timestamp: '2026-02-23 12:13:55'
}
{
  service: 'attendance-system',
  method: 'GET',
  url: '/api/admin/employees?page=1&limit=10&status=active&_t=1771829035542',
  ip: '127.0.0.1',
  userAgent: 'Mozilla/5.0 (Windows NT 10.0; Win64; x64) AppleWebKit/537.36 (KHTML, like Gecko) Chrome/145.0.0.0 Safari/537.36 Edg/145.0.0.0',
  timestamp: '2026-02-23 12:13:55',
  level: 'info',
  message: 'Request'
}
{
  service: 'attendance-system',
  method: 'GET',
  url: '/?_t=1771829035542',
  statusCode: 304,
  duration: '21ms',
  contentLength: 0,
  level: 'info',
  message: 'Response',
  timestamp: '2026-02-23 12:13:56'
}
{
  service: 'attendance-system',
  method: 'GET',
  url: '/?page=1&limit=10&status=active&_t=1771829035542',
  statusCode: 304,
  duration: '28ms',
  contentLength: 0,
  level: 'info',
  message: 'Response',
  timestamp: '2026-02-23 12:13:56'
}
{
  service: 'attendance-system',
  method: 'GET',
  url: '/api/admin/employees?all=true&_t=1771829036306',
  ip: '127.0.0.1',
  userAgent: 'Mozilla/5.0 (Windows NT 10.0; Win64; x64) AppleWebKit/537.36 (KHTML, like Gecko) Chrome/145.0.0.0 Safari/537.36 Edg/145.0.0.0',
  timestamp: '2026-02-23 12:13:56',
  level: 'info',
  message: 'Request'
}
{
  service: 'attendance-system',
  method: 'GET',
  url: '/?all=true&_t=1771829036306',
  statusCode: 200,
  duration: '41ms',
  contentLength: '27292',
  level: 'info',
  message: 'Response',
  timestamp: '2026-02-23 12:13:56'
}
{
  service: 'attendance-system',
  method: 'GET',
  url: '/api/admin/employees?all=true&_t=1771829036306',
  ip: '127.0.0.1',
  userAgent: 'Mozilla/5.0 (Windows NT 10.0; Win64; x64) AppleWebKit/537.36 (KHTML, like Gecko) Chrome/145.0.0.0 Safari/537.36 Edg/145.0.0.0',
  timestamp: '2026-02-23 12:13:56',
  level: 'info',
  message: 'Request'
}
{
  service: 'attendance-system',
  method: 'GET',
  url: '/api/announcements?_t=1771829036366',
  ip: '127.0.0.1',
  userAgent: 'Mozilla/5.0 (Windows NT 10.0; Win64; x64) AppleWebKit/537.36 (KHTML, like Gecko) Chrome/145.0.0.0 Safari/537.36',
  timestamp: '2026-02-23 12:13:56',
  level: 'info',
  message: 'Request'
}
{
  service: 'attendance-system',
  method: 'GET',
  url: '/?_t=1771829036366',
  statusCode: 200,
  duration: '12ms',
  contentLength: '2',
  level: 'info',
  message: 'Response',
  timestamp: '2026-02-23 12:13:56'
}
{
  service: 'attendance-system',
  method: 'GET',
  url: '/?all=true&_t=1771829036306',
  statusCode: 304,
  duration: '40ms',
  contentLength: 0,
  level: 'info',
  message: 'Response',
  timestamp: '2026-02-23 12:13:56'
}
{
  service: 'attendance-system',
  method: 'GET',
  url: '/api/attendance/summary?startDate=2026-02-22&endDate=2026-02-28&userId=693d39a2da051f96635ac9ad&includeHolidays=true&_t=1771829037790',
  ip: '127.0.0.1',
  userAgent: 'Mozilla/5.0 (Windows NT 10.0; Win64; x64) AppleWebKit/537.36 (KHTML, like Gecko) Chrome/145.0.0.0 Safari/537.36 Edg/145.0.0.0',
  timestamp: '2026-02-23 12:13:57',
  level: 'info',
  message: 'Request'
}
{
  service: 'attendance-system',
  method: 'GET',
  url: '/summary?startDate=2026-02-22&endDate=2026-02-28&userId=693d39a2da051f96635ac9ad&includeHolidays=true&_t=1771829037790',
  statusCode: 200,
  duration: '33ms',
  contentLength: '5601',
  level: 'info',
  message: 'Response',
  timestamp: '2026-02-23 12:13:57'
}
{
  service: 'attendance-system',
  method: 'GET',
  url: '/api/attendance/summary?startDate=2026-02-01&endDate=2026-02-28&userId=693d39a2da051f96635ac9ad&includeHolidays=true&_t=1771829039201',
  ip: '127.0.0.1',
  userAgent: 'Mozilla/5.0 (Windows NT 10.0; Win64; x64) AppleWebKit/537.36 (KHTML, like Gecko) Chrome/145.0.0.0 Safari/537.36 Edg/145.0.0.0',
  timestamp: '2026-02-23 12:13:59',
  level: 'info',
  message: 'Request'
}
{
  service: 'attendance-system',
  method: 'GET',
  url: '/summary?startDate=2026-02-01&endDate=2026-02-28&userId=693d39a2da051f96635ac9ad&includeHolidays=true&_t=1771829039201',
  statusCode: 200,
  duration: '69ms',
  contentLength: '27636',
  level: 'info',
  message: 'Response',
  timestamp: '2026-02-23 12:13:59'
}
{
  service: 'attendance-system',
  method: 'GET',
  url: '/api/announcements?_t=1771829048325',
  ip: '127.0.0.1',
  userAgent: 'Mozilla/5.0 (Windows NT 10.0; Win64; x64) AppleWebKit/537.36 (KHTML, like Gecko) Chrome/145.0.0.0 Safari/537.36 Edg/145.0.0.0',
  timestamp: '2026-02-23 12:14:08',
  level: 'info',
  message: 'Request'
}
{
  service: 'attendance-system',
  method: 'GET',
  url: '/?_t=1771829048325',
  statusCode: 200,
  duration: '12ms',
  contentLength: '2',
  level: 'info',
  message: 'Response',
  timestamp: '2026-02-23 12:14:08'
}
{
  service: 'attendance-system',
  method: 'GET',
  url: '/api/admin/leave-years/active?_t=1771830287053',
  ip: '127.0.0.1',
  userAgent: 'Mozilla/5.0 (Windows NT 10.0; Win64; x64) AppleWebKit/537.36 (KHTML, like Gecko) Chrome/145.0.0.0 Safari/537.36 Edg/145.0.0.0',
  timestamp: '2026-02-23 12:34:47',
  level: 'info',
  message: 'Request'
}
{
  service: 'attendance-system',
  method: 'GET',
  url: '/api/auth/me?_t=1771830287053',
  ip: '127.0.0.1',
  userAgent: 'Mozilla/5.0 (Windows NT 10.0; Win64; x64) AppleWebKit/537.36 (KHTML, like Gecko) Chrome/145.0.0.0 Safari/537.36 Edg/145.0.0.0',
  timestamp: '2026-02-23 12:34:47',
  level: 'info',
  message: 'Request'
}
{
  service: 'attendance-system',
  method: 'GET',
  url: '/api/admin/leave-years/active?_t=1771830287053',
  ip: '127.0.0.1',
  userAgent: 'Mozilla/5.0 (Windows NT 10.0; Win64; x64) AppleWebKit/537.36 (KHTML, like Gecko) Chrome/145.0.0.0 Safari/537.36 Edg/145.0.0.0',
  timestamp: '2026-02-23 12:34:47',
  level: 'info',
  message: 'Request'
}
{
  service: 'attendance-system',
  method: 'GET',
  url: '/active?_t=1771830287053',
  statusCode: 200,
  duration: '139ms',
  contentLength: '194',
  level: 'info',
  message: 'Response',
  timestamp: '2026-02-23 12:34:47'
}
{
  service: 'attendance-system',
  method: 'GET',
  url: '/active?_t=1771830287053',
  statusCode: 200,
  duration: '46ms',
  contentLength: '194',
  level: 'info',
  message: 'Response',
  timestamp: '2026-02-23 12:34:47'
}
{
  service: 'attendance-system',
  method: 'GET',
  url: '/me?_t=1771830287053',
  statusCode: 200,
  duration: '99ms',
  contentLength: '1282',
  level: 'info',
  message: 'Response',
  timestamp: '2026-02-23 12:34:47'
}
{
  service: 'attendance-system',
  method: 'GET',
  url: '/api/announcements/last-read?_t=1771830287302',
  ip: '127.0.0.1',
  userAgent: 'Mozilla/5.0 (Windows NT 10.0; Win64; x64) AppleWebKit/537.36 (KHTML, like Gecko) Chrome/145.0.0.0 Safari/537.36 Edg/145.0.0.0',
  timestamp: '2026-02-23 12:34:47',
  level: 'info',
  message: 'Request'
}
{
  service: 'attendance-system',
  method: 'GET',
  url: '/api/new-notifications?_t=1771830287302',
  ip: '127.0.0.1',
  userAgent: 'Mozilla/5.0 (Windows NT 10.0; Win64; x64) AppleWebKit/537.36 (KHTML, like Gecko) Chrome/145.0.0.0 Safari/537.36 Edg/145.0.0.0',
  timestamp: '2026-02-23 12:34:47',
  level: 'info',
  message: 'Request'
}
{
  service: 'attendance-system',
  method: 'GET',
  url: '/api/attendance/current-status?_t=1771830287302',
  ip: '127.0.0.1',
  userAgent: 'Mozilla/5.0 (Windows NT 10.0; Win64; x64) AppleWebKit/537.36 (KHTML, like Gecko) Chrome/145.0.0.0 Safari/537.36 Edg/145.0.0.0',
  timestamp: '2026-02-23 12:34:47',
  level: 'info',
  message: 'Request'
}
{
  service: 'attendance-system',
  method: 'GET',
  url: '/api/announcements/last-read?_t=1771830287307',
  ip: '127.0.0.1',
  userAgent: 'Mozilla/5.0 (Windows NT 10.0; Win64; x64) AppleWebKit/537.36 (KHTML, like Gecko) Chrome/145.0.0.0 Safari/537.36 Edg/145.0.0.0',
  timestamp: '2026-02-23 12:34:47',
  level: 'info',
  message: 'Request'
}
{
  service: 'attendance-system',
  method: 'GET',
  url: '/last-read?_t=1771830287302',
  statusCode: 200,
  duration: '55ms',
  contentLength: '43',
  level: 'info',
  message: 'Response',
  timestamp: '2026-02-23 12:34:47'
}
{
  service: 'attendance-system',
  method: 'GET',
  url: '/last-read?_t=1771830287307',
  statusCode: 200,
  duration: '35ms',
  contentLength: '43',
  level: 'info',
  message: 'Response',
  timestamp: '2026-02-23 12:34:47'
}
{
  service: 'attendance-system',
  method: 'GET',
  url: '/api/announcements/last-read?_t=1771830287302',
  ip: '127.0.0.1',
  userAgent: 'Mozilla/5.0 (Windows NT 10.0; Win64; x64) AppleWebKit/537.36 (KHTML, like Gecko) Chrome/145.0.0.0 Safari/537.36 Edg/145.0.0.0',
  timestamp: '2026-02-23 12:34:47',
  level: 'info',
  message: 'Request'
}
{
  service: 'attendance-system',
  method: 'GET',
  url: '/api/admin/employees?all=true&_t=1771830287370',
  ip: '127.0.0.1',
  userAgent: 'Mozilla/5.0 (Windows NT 10.0; Win64; x64) AppleWebKit/537.36 (KHTML, like Gecko) Chrome/145.0.0.0 Safari/537.36 Edg/145.0.0.0',
  timestamp: '2026-02-23 12:34:47',
  level: 'info',
  message: 'Request'
}
{
  service: 'attendance-system',
  method: 'GET',
  url: '/?_t=1771830287302',
  statusCode: 200,
  duration: '139ms',
  contentLength: '21128',
  level: 'info',
  message: 'Response',
  timestamp: '2026-02-23 12:34:47'
}
{
  service: 'attendance-system',
  method: 'GET',
  url: '/current-status?_t=1771830287302',
  statusCode: 200,
  duration: '130ms',
  contentLength: '102',
  level: 'info',
  message: 'Response',
  timestamp: '2026-02-23 12:34:47'
}
{
  service: 'attendance-system',
  method: 'GET',
  url: '/last-read?_t=1771830287302',
  statusCode: 304,
  duration: '61ms',
  contentLength: 0,
  level: 'info',
  message: 'Response',
  timestamp: '2026-02-23 12:34:47'
}
{
  service: 'attendance-system',
  method: 'GET',
  url: '/api/announcements?_t=1771830287389',
  ip: '127.0.0.1',
  userAgent: 'Mozilla/5.0 (Windows NT 10.0; Win64; x64) AppleWebKit/537.36 (KHTML, like Gecko) Chrome/145.0.0.0 Safari/537.36 Edg/145.0.0.0',
  timestamp: '2026-02-23 12:34:47',
  level: 'info',
  message: 'Request'
}
{
  service: 'attendance-system',
  method: 'GET',
  url: '/api/announcements?_t=1771830287392',
  ip: '127.0.0.1',
  userAgent: 'Mozilla/5.0 (Windows NT 10.0; Win64; x64) AppleWebKit/537.36 (KHTML, like Gecko) Chrome/145.0.0.0 Safari/537.36 Edg/145.0.0.0',
  timestamp: '2026-02-23 12:34:47',
  level: 'info',
  message: 'Request'
}
{
  service: 'attendance-system',
  method: 'GET',
  url: '/api/announcements?_t=1771830287472',
  ip: '127.0.0.1',
  userAgent: 'Mozilla/5.0 (Windows NT 10.0; Win64; x64) AppleWebKit/537.36 (KHTML, like Gecko) Chrome/145.0.0.0 Safari/537.36 Edg/145.0.0.0',
  timestamp: '2026-02-23 12:34:47',
  level: 'info',
  message: 'Request'
}
{
  service: 'attendance-system',
  method: 'GET',
  url: '/?_t=1771830287389',
  statusCode: 200,
  duration: '41ms',
  contentLength: '2',
  level: 'info',
  message: 'Response',
  timestamp: '2026-02-23 12:34:47'
}
{
  service: 'attendance-system',
  method: 'GET',
  url: '/?all=true&_t=1771830287370',
  statusCode: 200,
  duration: '98ms',
  contentLength: '27292',
  level: 'info',
  message: 'Response',
  timestamp: '2026-02-23 12:34:47'
}
{
  service: 'attendance-system',
  method: 'GET',
  url: '/?_t=1771830287392',
  statusCode: 200,
  duration: '31ms',
  contentLength: '2',
  level: 'info',
  message: 'Response',
  timestamp: '2026-02-23 12:34:47'
}
{
  service: 'attendance-system',
  method: 'GET',
  url: '/api/announcements?_t=1771830287492',
  ip: '127.0.0.1',
  userAgent: 'Mozilla/5.0 (Windows NT 10.0; Win64; x64) AppleWebKit/537.36 (KHTML, like Gecko) Chrome/145.0.0.0 Safari/537.36 Edg/145.0.0.0',
  timestamp: '2026-02-23 12:34:47',
  level: 'info',
  message: 'Request'
}
{
  service: 'attendance-system',
  method: 'GET',
  url: '/?_t=1771830287472',
  statusCode: 200,
  duration: '35ms',
  contentLength: '2',
  level: 'info',
  message: 'Response',
  timestamp: '2026-02-23 12:34:47'
}
{
  service: 'attendance-system',
  method: 'GET',
  url: '/?_t=1771830287492',
  statusCode: 200,
  duration: '17ms',
  contentLength: '2',
  level: 'info',
  message: 'Response',
  timestamp: '2026-02-23 12:34:47'
}
{
  service: 'attendance-system',
  method: 'GET',
  url: '/api/admin/employees?all=true&_t=1771830287370',
  ip: '127.0.0.1',
  userAgent: 'Mozilla/5.0 (Windows NT 10.0; Win64; x64) AppleWebKit/537.36 (KHTML, like Gecko) Chrome/145.0.0.0 Safari/537.36 Edg/145.0.0.0',
  timestamp: '2026-02-23 12:34:47',
  level: 'info',
  message: 'Request'
}
{
  service: 'attendance-system',
  method: 'GET',
  url: '/?all=true&_t=1771830287370',
  statusCode: 304,
  duration: '132ms',
  contentLength: 0,
  level: 'info',
  message: 'Response',
  timestamp: '2026-02-23 12:34:47'
}
{
  service: 'attendance-system',
  method: 'GET',
  url: '/api/new-notifications/activity-log?page=1&limit=25&search=&_t=1771830295499',
  ip: '127.0.0.1',
  userAgent: 'Mozilla/5.0 (Windows NT 10.0; Win64; x64) AppleWebKit/537.36 (KHTML, like Gecko) Chrome/145.0.0.0 Safari/537.36 Edg/145.0.0.0',
  timestamp: '2026-02-23 12:34:55',
  level: 'info',
  message: 'Request'
}
{
  service: 'attendance-system',
  method: 'GET',
  url: '/activity-log?page=1&limit=25&search=&_t=1771830295499',
  statusCode: 200,
  duration: '28ms',
  contentLength: '12998',
  level: 'info',
  message: 'Response',
  timestamp: '2026-02-23 12:34:55'
}
{
  service: 'attendance-system',
  method: 'GET',
  url: '/api/announcements?_t=1771830296495',
  ip: '127.0.0.1',
  userAgent: 'Mozilla/5.0 (Windows NT 10.0; Win64; x64) AppleWebKit/537.36 (KHTML, like Gecko) Chrome/145.0.0.0 Safari/537.36',
  timestamp: '2026-02-23 12:34:56',
  level: 'info',
  message: 'Request'
}
{
  service: 'attendance-system',
  method: 'GET',
  url: '/?_t=1771830296495',
  statusCode: 200,
  duration: '20ms',
  contentLength: '2',
  level: 'info',
  message: 'Response',
  timestamp: '2026-02-23 12:34:56'
}
{
  service: 'attendance-system',
  method: 'GET',
  url: '/api/announcements?_t=1771830317481',
  ip: '127.0.0.1',
  userAgent: 'Mozilla/5.0 (Windows NT 10.0; Win64; x64) AppleWebKit/537.36 (KHTML, like Gecko) Chrome/145.0.0.0 Safari/537.36 Edg/145.0.0.0',
  timestamp: '2026-02-23 12:35:17',
  level: 'info',
  message: 'Request'
}
{
  service: 'attendance-system',
  method: 'GET',
  url: '/?_t=1771830317481',
  statusCode: 200,
  duration: '16ms',
  contentLength: '2',
  level: 'info',
  message: 'Response',
  timestamp: '2026-02-23 12:35:17'
}
{
  service: 'attendance-system',
  method: 'GET',
  url: '/api/analytics/attendance?startDate=2026-02-01&endDate=2026-02-23&page=1&limit=50&_t=1771830317720',
  ip: '127.0.0.1',
  userAgent: 'Mozilla/5.0 (Windows NT 10.0; Win64; x64) AppleWebKit/537.36 (KHTML, like Gecko) Chrome/145.0.0.0 Safari/537.36 Edg/145.0.0.0',
  timestamp: '2026-02-23 12:35:17',
  level: 'info',
  message: 'Request'
}
{
  service: 'attendance-system',
  method: 'GET',
  url: '/attendance?startDate=2026-02-01&endDate=2026-02-23&page=1&limit=50&_t=1771830317720',
  statusCode: 200,
  duration: '900ms',
  contentLength: '12630',
  level: 'info',
  message: 'Response',
  timestamp: '2026-02-23 12:35:18'
}
{
  service: 'attendance-system',
  method: 'GET',
  url: '/api/announcements?_t=1771830347483',
  ip: '127.0.0.1',
  userAgent: 'Mozilla/5.0 (Windows NT 10.0; Win64; x64) AppleWebKit/537.36 (KHTML, like Gecko) Chrome/145.0.0.0 Safari/537.36 Edg/145.0.0.0',
  timestamp: '2026-02-23 12:35:47',
  level: 'info',
  message: 'Request'
}
{
  service: 'attendance-system',
  method: 'GET',
  url: '/?_t=1771830347483',
  statusCode: 200,
  duration: '26ms',
  contentLength: '2',
  level: 'info',
  message: 'Response',
  timestamp: '2026-02-23 12:35:47'
}
{
  service: 'attendance-system',
  method: 'GET',
  url: '/api/announcements?_t=1771830356360',
  ip: '127.0.0.1',
  userAgent: 'Mozilla/5.0 (Windows NT 10.0; Win64; x64) AppleWebKit/537.36 (KHTML, like Gecko) Chrome/145.0.0.0 Safari/537.36',
  timestamp: '2026-02-23 12:35:56',
  level: 'info',
  message: 'Request'
}
{
  service: 'attendance-system',
  method: 'GET',
  url: '/?_t=1771830356360',
  statusCode: 200,
  duration: '13ms',
  contentLength: '2',
  level: 'info',
  message: 'Response',
  timestamp: '2026-02-23 12:35:56'
}
{
  service: 'attendance-system',
  method: 'GET',
  url: '/api/announcements?_t=1771830377474',
  ip: '127.0.0.1',
  userAgent: 'Mozilla/5.0 (Windows NT 10.0; Win64; x64) AppleWebKit/537.36 (KHTML, like Gecko) Chrome/145.0.0.0 Safari/537.36 Edg/145.0.0.0',
  timestamp: '2026-02-23 12:36:17',
  level: 'info',
  message: 'Request'
}
{
  service: 'attendance-system',
  method: 'GET',
  url: '/?_t=1771830377474',
  statusCode: 200,
  duration: '11ms',
  contentLength: '2',
  level: 'info',
  message: 'Response',
  timestamp: '2026-02-23 12:36:17'
}
{
  service: 'attendance-system',
  method: 'GET',
  url: '/api/announcements?_t=1771830407474',
  ip: '127.0.0.1',
  userAgent: 'Mozilla/5.0 (Windows NT 10.0; Win64; x64) AppleWebKit/537.36 (KHTML, like Gecko) Chrome/145.0.0.0 Safari/537.36 Edg/145.0.0.0',
  timestamp: '2026-02-23 12:36:47',
  level: 'info',
  message: 'Request'
}
{
  service: 'attendance-system',
  method: 'GET',
  url: '/?_t=1771830407474',
  statusCode: 200,
  duration: '14ms',
  contentLength: '2',
  level: 'info',
  message: 'Response',
  timestamp: '2026-02-23 12:36:47'
}
{
  service: 'attendance-system',
  method: 'GET',
  url: '/api/announcements?_t=1771830416437',
  ip: '127.0.0.1',
  userAgent: 'Mozilla/5.0 (Windows NT 10.0; Win64; x64) AppleWebKit/537.36 (KHTML, like Gecko) Chrome/145.0.0.0 Safari/537.36',
  timestamp: '2026-02-23 12:36:56',
  level: 'info',
  message: 'Request'
}
{
  service: 'attendance-system',
  method: 'GET',
  url: '/?_t=1771830416437',
  statusCode: 200,
  duration: '15ms',
  contentLength: '2',
  level: 'info',
  message: 'Response',
  timestamp: '2026-02-23 12:36:56'
}
{
  service: 'attendance-system',
  method: 'GET',
  url: '/api/announcements?_t=1771830437476',
  ip: '127.0.0.1',
  userAgent: 'Mozilla/5.0 (Windows NT 10.0; Win64; x64) AppleWebKit/537.36 (KHTML, like Gecko) Chrome/145.0.0.0 Safari/537.36 Edg/145.0.0.0',
  timestamp: '2026-02-23 12:37:17',
  level: 'info',
  message: 'Request'
}
{
  service: 'attendance-system',
  method: 'GET',
  url: '/?_t=1771830437476',
  statusCode: 200,
  duration: '12ms',
  contentLength: '2',
  level: 'info',
  message: 'Response',
  timestamp: '2026-02-23 12:37:17'
}
{
  service: 'attendance-system',
  method: 'GET',
  url: '/api/analytics/employee/693d39ebda051f96635ac9bb?month=02&year=2026&_t=1771830450184',
  ip: '127.0.0.1',
  userAgent: 'Mozilla/5.0 (Windows NT 10.0; Win64; x64) AppleWebKit/537.36 (KHTML, like Gecko) Chrome/145.0.0.0 Safari/537.36 Edg/145.0.0.0',
  timestamp: '2026-02-23 12:37:30',
  level: 'info',
  message: 'Request'
}
{
  service: 'attendance-system',
  method: 'GET',
  url: '/employee/693d39ebda051f96635ac9bb?month=02&year=2026&_t=1771830450184',
  statusCode: 200,
  duration: '107ms',
  contentLength: '7650',
  level: 'info',
  message: 'Response',
  timestamp: '2026-02-23 12:37:30'
}
{
  service: 'attendance-system',
  method: 'GET',
  url: '/api/announcements?_t=1771830467474',
  ip: '127.0.0.1',
  userAgent: 'Mozilla/5.0 (Windows NT 10.0; Win64; x64) AppleWebKit/537.36 (KHTML, like Gecko) Chrome/145.0.0.0 Safari/537.36 Edg/145.0.0.0',
  timestamp: '2026-02-23 12:37:47',
  level: 'info',
  message: 'Request'
}
{
  service: 'attendance-system',
  method: 'GET',
  url: '/?_t=1771830467474',
  statusCode: 200,
  duration: '14ms',
  contentLength: '2',
  level: 'info',
  message: 'Response',
  timestamp: '2026-02-23 12:37:47'
}
{
  service: 'attendance-system',
  method: 'GET',
  url: '/api/announcements?_t=1771830476364',
  ip: '127.0.0.1',
  userAgent: 'Mozilla/5.0 (Windows NT 10.0; Win64; x64) AppleWebKit/537.36 (KHTML, like Gecko) Chrome/145.0.0.0 Safari/537.36',
  timestamp: '2026-02-23 12:37:56',
  level: 'info',
  message: 'Request'
}
{
  service: 'attendance-system',
  method: 'GET',
  url: '/?_t=1771830476364',
  statusCode: 200,
  duration: '12ms',
  contentLength: '2',
  level: 'info',
  message: 'Response',
  timestamp: '2026-02-23 12:37:56'
}
{
  service: 'attendance-system',
  method: 'GET',
  url: '/api/admin/dashboard-summary?includePendingLeaves=true',
  ip: '127.0.0.1',
  userAgent: 'Mozilla/5.0 (Windows NT 10.0; Win64; x64) AppleWebKit/537.36 (KHTML, like Gecko) Chrome/145.0.0.0 Safari/537.36 Edg/145.0.0.0',
  timestamp: '2026-02-23 12:37:59',
  level: 'info',
  message: 'Request'
}
{
  service: 'attendance-system',
  method: 'GET',
  url: '/dashboard-summary?includePendingLeaves=true',
  statusCode: 200,
  duration: '155ms',
  contentLength: '24466',
  level: 'info',
  message: 'Response',
  timestamp: '2026-02-23 12:37:59'
}
{
  service: 'attendance-system',
  method: 'GET',
  url: '/api/admin/dashboard-summary?includePendingLeaves=true',
  ip: '127.0.0.1',
  userAgent: 'Mozilla/5.0 (Windows NT 10.0; Win64; x64) AppleWebKit/537.36 (KHTML, like Gecko) Chrome/145.0.0.0 Safari/537.36 Edg/145.0.0.0',
  timestamp: '2026-02-23 12:37:59',
  level: 'info',
  message: 'Request'
}
{
  service: 'attendance-system',
  method: 'GET',
  url: '/dashboard-summary?includePendingLeaves=true',
  statusCode: 304,
  duration: '22ms',
  contentLength: 0,
  level: 'info',
  message: 'Response',
  timestamp: '2026-02-23 12:37:59'
}
{
  service: 'attendance-system',
  method: 'GET',
  url: '/api/admin/dashboard-employees/late?page=1&limit=50&_t=1771830480543',
  ip: '127.0.0.1',
  userAgent: 'Mozilla/5.0 (Windows NT 10.0; Win64; x64) AppleWebKit/537.36 (KHTML, like Gecko) Chrome/145.0.0.0 Safari/537.36 Edg/145.0.0.0',
  timestamp: '2026-02-23 12:38:00',
  level: 'info',
  message: 'Request'
}
{
  service: 'attendance-system',
  method: 'GET',
  url: '/dashboard-employees/late?page=1&limit=50&_t=1771830480543',
  statusCode: 200,
  duration: '18ms',
  contentLength: '519',
  level: 'info',
  message: 'Response',
  timestamp: '2026-02-23 12:38:00'
}
{
  service: 'attendance-system',
  method: 'GET',
  url: '/api/announcements?_t=1771830497474',
  ip: '127.0.0.1',
  userAgent: 'Mozilla/5.0 (Windows NT 10.0; Win64; x64) AppleWebKit/537.36 (KHTML, like Gecko) Chrome/145.0.0.0 Safari/537.36 Edg/145.0.0.0',
  timestamp: '2026-02-23 12:38:17',
  level: 'info',
  message: 'Request'
}
{
  service: 'attendance-system',
  method: 'GET',
  url: '/?_t=1771830497474',
  statusCode: 200,
  duration: '11ms',
  contentLength: '2',
  level: 'info',
  message: 'Response',
  timestamp: '2026-02-23 12:38:17'
}
{
  service: 'attendance-system',
  method: 'GET',
  url: '/api/announcements?_t=1771830528336',
  ip: '127.0.0.1',
  userAgent: 'Mozilla/5.0 (Windows NT 10.0; Win64; x64) AppleWebKit/537.36 (KHTML, like Gecko) Chrome/145.0.0.0 Safari/537.36 Edg/145.0.0.0',
  timestamp: '2026-02-23 12:38:48',
  level: 'info',
  message: 'Request'
}
{
  service: 'attendance-system',
  method: 'GET',
  url: '/?_t=1771830528336',
  statusCode: 200,
  duration: '16ms',
  contentLength: '2',
  level: 'info',
  message: 'Response',
  timestamp: '2026-02-23 12:38:48'
}
{
  service: 'attendance-system',
  method: 'GET',
  url: '/api/announcements?_t=1771830536361',
  ip: '127.0.0.1',
  userAgent: 'Mozilla/5.0 (Windows NT 10.0; Win64; x64) AppleWebKit/537.36 (KHTML, like Gecko) Chrome/145.0.0.0 Safari/537.36',
  timestamp: '2026-02-23 12:38:56',
  level: 'info',
  message: 'Request'
}
{
  service: 'attendance-system',
  method: 'GET',
  url: '/?_t=1771830536361',
  statusCode: 200,
  duration: '11ms',
  contentLength: '2',
  level: 'info',
  message: 'Response',
  timestamp: '2026-02-23 12:38:56'
}
{
  service: 'attendance-system',
  method: 'GET',
  url: '/api/announcements?_t=1771830558340',
  ip: '127.0.0.1',
  userAgent: 'Mozilla/5.0 (Windows NT 10.0; Win64; x64) AppleWebKit/537.36 (KHTML, like Gecko) Chrome/145.0.0.0 Safari/537.36 Edg/145.0.0.0',
  timestamp: '2026-02-23 12:39:18',
  level: 'info',
  message: 'Request'
}
{
  service: 'attendance-system',
  method: 'GET',
  url: '/?_t=1771830558340',
  statusCode: 200,
  duration: '9ms',
  contentLength: '2',
  level: 'info',
  message: 'Response',
  timestamp: '2026-02-23 12:39:18'
}
{
  service: 'attendance-system',
  method: 'GET',
  url: '/api/announcements?_t=1771830596336',
  ip: '127.0.0.1',
  userAgent: 'Mozilla/5.0 (Windows NT 10.0; Win64; x64) AppleWebKit/537.36 (KHTML, like Gecko) Chrome/145.0.0.0 Safari/537.36 Edg/145.0.0.0',
  timestamp: '2026-02-23 12:39:56',
  level: 'info',
  message: 'Request'
}
{
  service: 'attendance-system',
  method: 'GET',
  url: '/?_t=1771830596336',
  statusCode: 200,
  duration: '10ms',
  contentLength: '2',
  level: 'info',
  message: 'Response',
  timestamp: '2026-02-23 12:39:56'
}
{
  service: 'attendance-system',
  method: 'GET',
  url: '/api/announcements?_t=1771830596364',
  ip: '127.0.0.1',
  userAgent: 'Mozilla/5.0 (Windows NT 10.0; Win64; x64) AppleWebKit/537.36 (KHTML, like Gecko) Chrome/145.0.0.0 Safari/537.36',
  timestamp: '2026-02-23 12:39:56',
  level: 'info',
  message: 'Request'
}
{
  service: 'attendance-system',
  method: 'GET',
  url: '/?_t=1771830596364',
  statusCode: 200,
  duration: '11ms',
  contentLength: '2',
  level: 'info',
  message: 'Response',
  timestamp: '2026-02-23 12:39:56'
}
{
  service: 'attendance-system',
  method: 'GET',
  url: '/api/announcements?_t=1771830656339',
  ip: '127.0.0.1',
  userAgent: 'Mozilla/5.0 (Windows NT 10.0; Win64; x64) AppleWebKit/537.36 (KHTML, like Gecko) Chrome/145.0.0.0 Safari/537.36 Edg/145.0.0.0',
  timestamp: '2026-02-23 12:40:56',
  level: 'info',
  message: 'Request'
}
{
  service: 'attendance-system',
  method: 'GET',
  url: '/?_t=1771830656339',
  statusCode: 200,
  duration: '8ms',
  contentLength: '2',
  level: 'info',
  message: 'Response',
  timestamp: '2026-02-23 12:40:56'
}
{
  service: 'attendance-system',
  method: 'GET',
  url: '/api/announcements?_t=1771830656359',
  ip: '127.0.0.1',
  userAgent: 'Mozilla/5.0 (Windows NT 10.0; Win64; x64) AppleWebKit/537.36 (KHTML, like Gecko) Chrome/145.0.0.0 Safari/537.36',
  timestamp: '2026-02-23 12:40:56',
  level: 'info',
  message: 'Request'
}
{
  service: 'attendance-system',
  method: 'GET',
  url: '/?_t=1771830656359',
  statusCode: 200,
  duration: '8ms',
  contentLength: '2',
  level: 'info',
  message: 'Response',
  timestamp: '2026-02-23 12:40:56'
}
{
  service: 'attendance-system',
  method: 'GET',
  url: '/api/announcements?_t=1771830716340',
  ip: '127.0.0.1',
  userAgent: 'Mozilla/5.0 (Windows NT 10.0; Win64; x64) AppleWebKit/537.36 (KHTML, like Gecko) Chrome/145.0.0.0 Safari/537.36 Edg/145.0.0.0',
  timestamp: '2026-02-23 12:41:56',
  level: 'info',
  message: 'Request'
}
{
  service: 'attendance-system',
  method: 'GET',
  url: '/?_t=1771830716340',
  statusCode: 200,
  duration: '21ms',
  contentLength: '2',
  level: 'info',
  message: 'Response',
  timestamp: '2026-02-23 12:41:56'
}
{
  service: 'attendance-system',
  method: 'GET',
  url: '/api/announcements?_t=1771830716373',
  ip: '127.0.0.1',
  userAgent: 'Mozilla/5.0 (Windows NT 10.0; Win64; x64) AppleWebKit/537.36 (KHTML, like Gecko) Chrome/145.0.0.0 Safari/537.36',
  timestamp: '2026-02-23 12:41:56',
  level: 'info',
  message: 'Request'
}
{
  service: 'attendance-system',
  method: 'GET',
  url: '/?_t=1771830716373',
  statusCode: 200,
  duration: '7ms',
  contentLength: '2',
  level: 'info',
  message: 'Response',
  timestamp: '2026-02-23 12:41:56'
}
{
  service: 'attendance-system',
  method: 'GET',
  url: '/api/admin/leave-years/active?_t=1771830739884',
  ip: '127.0.0.1',
  userAgent: 'Mozilla/5.0 (Windows NT 10.0; Win64; x64) AppleWebKit/537.36 (KHTML, like Gecko) Chrome/145.0.0.0 Safari/537.36 Edg/145.0.0.0',
  timestamp: '2026-02-23 12:42:19',
  level: 'info',
  message: 'Request'
}
{
  service: 'attendance-system',
  method: 'GET',
  url: '/api/auth/me?_t=1771830739885',
  ip: '127.0.0.1',
  userAgent: 'Mozilla/5.0 (Windows NT 10.0; Win64; x64) AppleWebKit/537.36 (KHTML, like Gecko) Chrome/145.0.0.0 Safari/537.36 Edg/145.0.0.0',
  timestamp: '2026-02-23 12:42:19',
  level: 'info',
  message: 'Request'
}
{
  service: 'attendance-system',
  method: 'GET',
  url: '/api/admin/leave-years/active?_t=1771830739885',
  ip: '127.0.0.1',
  userAgent: 'Mozilla/5.0 (Windows NT 10.0; Win64; x64) AppleWebKit/537.36 (KHTML, like Gecko) Chrome/145.0.0.0 Safari/537.36 Edg/145.0.0.0',
  timestamp: '2026-02-23 12:42:20',
  level: 'info',
  message: 'Request'
}
{
  service: 'attendance-system',
  method: 'GET',
  url: '/active?_t=1771830739884',
  statusCode: 200,
  duration: '134ms',
  contentLength: '194',
  level: 'info',
  message: 'Response',
  timestamp: '2026-02-23 12:42:20'
}
{
  service: 'attendance-system',
  method: 'GET',
  url: '/active?_t=1771830739885',
  statusCode: 200,
  duration: '105ms',
  contentLength: '194',
  level: 'info',
  message: 'Response',
  timestamp: '2026-02-23 12:42:20'
}
{
  service: 'attendance-system',
  method: 'GET',
  url: '/me?_t=1771830739885',
  statusCode: 200,
  duration: '157ms',
  contentLength: '1282',
  level: 'info',
  message: 'Response',
  timestamp: '2026-02-23 12:42:20'
}
{
  service: 'attendance-system',
  method: 'GET',
  url: '/api/announcements/last-read?_t=1771830740183',
  ip: '127.0.0.1',
  userAgent: 'Mozilla/5.0 (Windows NT 10.0; Win64; x64) AppleWebKit/537.36 (KHTML, like Gecko) Chrome/145.0.0.0 Safari/537.36 Edg/145.0.0.0',
  timestamp: '2026-02-23 12:42:20',
  level: 'info',
  message: 'Request'
}
{
  service: 'attendance-system',
  method: 'GET',
  url: '/api/attendance/current-status?_t=1771830740183',
  ip: '127.0.0.1',
  userAgent: 'Mozilla/5.0 (Windows NT 10.0; Win64; x64) AppleWebKit/537.36 (KHTML, like Gecko) Chrome/145.0.0.0 Safari/537.36 Edg/145.0.0.0',
  timestamp: '2026-02-23 12:42:20',
  level: 'info',
  message: 'Request'
}
{
  service: 'attendance-system',
  method: 'GET',
  url: '/api/new-notifications?_t=1771830740183',
  ip: '127.0.0.1',
  userAgent: 'Mozilla/5.0 (Windows NT 10.0; Win64; x64) AppleWebKit/537.36 (KHTML, like Gecko) Chrome/145.0.0.0 Safari/537.36 Edg/145.0.0.0',
  timestamp: '2026-02-23 12:42:20',
  level: 'info',
  message: 'Request'
}
{
  service: 'attendance-system',
  method: 'GET',
  url: '/api/announcements/last-read?_t=1771830740188',
  ip: '127.0.0.1',
  userAgent: 'Mozilla/5.0 (Windows NT 10.0; Win64; x64) AppleWebKit/537.36 (KHTML, like Gecko) Chrome/145.0.0.0 Safari/537.36 Edg/145.0.0.0',
  timestamp: '2026-02-23 12:42:20',
  level: 'info',
  message: 'Request'
}
{
  service: 'attendance-system',
  method: 'GET',
  url: '/last-read?_t=1771830740183',
  statusCode: 200,
  duration: '136ms',
  contentLength: '43',
  level: 'info',
  message: 'Response',
  timestamp: '2026-02-23 12:42:20'
}
{
  service: 'attendance-system',
  method: 'GET',
  url: '/last-read?_t=1771830740188',
  statusCode: 200,
  duration: '132ms',
  contentLength: '43',
  level: 'info',
  message: 'Response',
  timestamp: '2026-02-23 12:42:20'
}
{
  service: 'attendance-system',
  method: 'GET',
  url: '/api/admin/dashboard-summary?includePendingLeaves=true',
  ip: '127.0.0.1',
  userAgent: 'Mozilla/5.0 (Windows NT 10.0; Win64; x64) AppleWebKit/537.36 (KHTML, like Gecko) Chrome/145.0.0.0 Safari/537.36 Edg/145.0.0.0',
  timestamp: '2026-02-23 12:42:20',
  level: 'info',
  message: 'Request'
}
{
  service: 'attendance-system',
  method: 'GET',
  url: '/current-status?_t=1771830740183',
  statusCode: 200,
  duration: '302ms',
  contentLength: '102',
  level: 'info',
  message: 'Response',
  timestamp: '2026-02-23 12:42:20'
}
{
  service: 'attendance-system',
  method: 'GET',
  url: '/?_t=1771830740183',
  statusCode: 200,
  duration: '292ms',
  contentLength: '21128',
  level: 'info',
  message: 'Response',
  timestamp: '2026-02-23 12:42:20'
}
{
  service: 'attendance-system',
  method: 'GET',
  url: '/api/announcements/last-read?_t=1771830740183',
  ip: '127.0.0.1',
  userAgent: 'Mozilla/5.0 (Windows NT 10.0; Win64; x64) AppleWebKit/537.36 (KHTML, like Gecko) Chrome/145.0.0.0 Safari/537.36 Edg/145.0.0.0',
  timestamp: '2026-02-23 12:42:20',
  level: 'info',
  message: 'Request'
}
{
  service: 'attendance-system',
  method: 'GET',
  url: '/api/announcements?_t=1771830740335',
  ip: '127.0.0.1',
  userAgent: 'Mozilla/5.0 (Windows NT 10.0; Win64; x64) AppleWebKit/537.36 (KHTML, like Gecko) Chrome/145.0.0.0 Safari/537.36 Edg/145.0.0.0',
  timestamp: '2026-02-23 12:42:20',
  level: 'info',
  message: 'Request'
}
{
  service: 'attendance-system',
  method: 'GET',
  url: '/last-read?_t=1771830740183',
  statusCode: 304,
  duration: '125ms',
  contentLength: 0,
  level: 'info',
  message: 'Response',
  timestamp: '2026-02-23 12:42:20'
}
{
  service: 'attendance-system',
  method: 'GET',
  url: '/?_t=1771830740335',
  statusCode: 200,
  duration: '115ms',
  contentLength: '2',
  level: 'info',
  message: 'Response',
  timestamp: '2026-02-23 12:42:20'
}
{
  service: 'attendance-system',
  method: 'GET',
  url: '/api/announcements?_t=1771830740407',
  ip: '127.0.0.1',
  userAgent: 'Mozilla/5.0 (Windows NT 10.0; Win64; x64) AppleWebKit/537.36 (KHTML, like Gecko) Chrome/145.0.0.0 Safari/537.36 Edg/145.0.0.0',
  timestamp: '2026-02-23 12:42:20',
  level: 'info',
  message: 'Request'
}
{
  service: 'attendance-system',
  method: 'GET',
  url: '/api/announcements?_t=1771830740536',
  ip: '127.0.0.1',
  userAgent: 'Mozilla/5.0 (Windows NT 10.0; Win64; x64) AppleWebKit/537.36 (KHTML, like Gecko) Chrome/145.0.0.0 Safari/537.36 Edg/145.0.0.0',
  timestamp: '2026-02-23 12:42:20',
  level: 'info',
  message: 'Request'
}
{
  service: 'attendance-system',
  method: 'GET',
  url: '/api/announcements?_t=1771830740670',
  ip: '127.0.0.1',
  userAgent: 'Mozilla/5.0 (Windows NT 10.0; Win64; x64) AppleWebKit/537.36 (KHTML, like Gecko) Chrome/145.0.0.0 Safari/537.36 Edg/145.0.0.0',
  timestamp: '2026-02-23 12:42:20',
  level: 'info',
  message: 'Request'
}
{
  service: 'attendance-system',
  method: 'GET',
  url: '/?_t=1771830740407',
  statusCode: 200,
  duration: '34ms',
  contentLength: '2',
  level: 'info',
  message: 'Response',
  timestamp: '2026-02-23 12:42:20'
}
{
  service: 'attendance-system',
  method: 'GET',
  url: '/?_t=1771830740536',
  statusCode: 200,
  duration: '24ms',
  contentLength: '2',
  level: 'info',
  message: 'Response',
  timestamp: '2026-02-23 12:42:20'
}
{
  service: 'attendance-system',
  method: 'GET',
  url: '/?_t=1771830740670',
  statusCode: 200,
  duration: '20ms',
  contentLength: '2',
  level: 'info',
  message: 'Response',
  timestamp: '2026-02-23 12:42:20'
}
{
  service: 'attendance-system',
  method: 'GET',
  url: '/dashboard-summary?includePendingLeaves=true',
  statusCode: 200,
  duration: '396ms',
  contentLength: '24466',
  level: 'info',
  message: 'Response',
  timestamp: '2026-02-23 12:42:20'
}
{
  service: 'attendance-system',
  method: 'GET',
  url: '/api/admin/dashboard-summary?includePendingLeaves=true',
  ip: '127.0.0.1',
  userAgent: 'Mozilla/5.0 (Windows NT 10.0; Win64; x64) AppleWebKit/537.36 (KHTML, like Gecko) Chrome/145.0.0.0 Safari/537.36 Edg/145.0.0.0',
  timestamp: '2026-02-23 12:42:20',
  level: 'info',
  message: 'Request'
}
{
  service: 'attendance-system',
  method: 'GET',
  url: '/dashboard-summary?includePendingLeaves=true',
  statusCode: 304,
  duration: '19ms',
  contentLength: 0,
  level: 'info',
  message: 'Response',
  timestamp: '2026-02-23 12:42:20'
}
{
  service: 'attendance-system',
  method: 'GET',
  url: '/api/admin/leave-years/active?_t=1771830746596',
  ip: '127.0.0.1',
  userAgent: 'Mozilla/5.0 (Windows NT 10.0; Win64; x64) AppleWebKit/537.36 (KHTML, like Gecko) Chrome/145.0.0.0 Safari/537.36 Edg/145.0.0.0',
  timestamp: '2026-02-23 12:42:26',
  level: 'info',
  message: 'Request'
}
{
  service: 'attendance-system',
  method: 'GET',
  url: '/api/auth/me?_t=1771830746596',
  ip: '127.0.0.1',
  userAgent: 'Mozilla/5.0 (Windows NT 10.0; Win64; x64) AppleWebKit/537.36 (KHTML, like Gecko) Chrome/145.0.0.0 Safari/537.36 Edg/145.0.0.0',
  timestamp: '2026-02-23 12:42:26',
  level: 'info',
  message: 'Request'
}
{
  service: 'attendance-system',
  method: 'GET',
  url: '/me?_t=1771830746596',
  statusCode: 200,
  duration: '5ms',
  contentLength: '1282',
  level: 'info',
  message: 'Response',
  timestamp: '2026-02-23 12:42:26'
}
{
  service: 'attendance-system',
  method: 'GET',
  url: '/api/admin/leave-years/active?_t=1771830746596',
  ip: '127.0.0.1',
  userAgent: 'Mozilla/5.0 (Windows NT 10.0; Win64; x64) AppleWebKit/537.36 (KHTML, like Gecko) Chrome/145.0.0.0 Safari/537.36 Edg/145.0.0.0',
  timestamp: '2026-02-23 12:42:26',
  level: 'info',
  message: 'Request'
}
{
  service: 'attendance-system',
  method: 'GET',
  url: '/active?_t=1771830746596',
  statusCode: 200,
  duration: '24ms',
  contentLength: '194',
  level: 'info',
  message: 'Response',
  timestamp: '2026-02-23 12:42:26'
}
{
  service: 'attendance-system',
  method: 'GET',
  url: '/active?_t=1771830746596',
  statusCode: 200,
  duration: '12ms',
  contentLength: '194',
  level: 'info',
  message: 'Response',
  timestamp: '2026-02-23 12:42:26'
}
{
  service: 'attendance-system',
  method: 'GET',
  url: '/api/announcements/last-read?_t=1771830746655',
  ip: '127.0.0.1',
  userAgent: 'Mozilla/5.0 (Windows NT 10.0; Win64; x64) AppleWebKit/537.36 (KHTML, like Gecko) Chrome/145.0.0.0 Safari/537.36 Edg/145.0.0.0',
  timestamp: '2026-02-23 12:42:26',
  level: 'info',
  message: 'Request'
}
{
  service: 'attendance-system',
  method: 'GET',
  url: '/api/attendance/current-status?_t=1771830746655',
  ip: '127.0.0.1',
  userAgent: 'Mozilla/5.0 (Windows NT 10.0; Win64; x64) AppleWebKit/537.36 (KHTML, like Gecko) Chrome/145.0.0.0 Safari/537.36 Edg/145.0.0.0',
  timestamp: '2026-02-23 12:42:26',
  level: 'info',
  message: 'Request'
}
{
  service: 'attendance-system',
  method: 'GET',
  url: '/api/new-notifications?_t=1771830746655',
  ip: '127.0.0.1',
  userAgent: 'Mozilla/5.0 (Windows NT 10.0; Win64; x64) AppleWebKit/537.36 (KHTML, like Gecko) Chrome/145.0.0.0 Safari/537.36 Edg/145.0.0.0',
  timestamp: '2026-02-23 12:42:26',
  level: 'info',
  message: 'Request'
}
{
  service: 'attendance-system',
  method: 'GET',
  url: '/last-read?_t=1771830746655',
  statusCode: 200,
  duration: '20ms',
  contentLength: '43',
  level: 'info',
  message: 'Response',
  timestamp: '2026-02-23 12:42:26'
}
{
  service: 'attendance-system',
  method: 'GET',
  url: '/api/announcements/last-read?_t=1771830746670',
  ip: '127.0.0.1',
  userAgent: 'Mozilla/5.0 (Windows NT 10.0; Win64; x64) AppleWebKit/537.36 (KHTML, like Gecko) Chrome/145.0.0.0 Safari/537.36 Edg/145.0.0.0',
  timestamp: '2026-02-23 12:42:26',
  level: 'info',
  message: 'Request'
}
{
  service: 'attendance-system',
  method: 'GET',
  url: '/current-status?_t=1771830746655',
  statusCode: 200,
  duration: '26ms',
  contentLength: '102',
  level: 'info',
  message: 'Response',
  timestamp: '2026-02-23 12:42:26'
}
{
  service: 'attendance-system',
  method: 'GET',
  url: '/api/announcements/last-read?_t=1771830746655',
  ip: '127.0.0.1',
  userAgent: 'Mozilla/5.0 (Windows NT 10.0; Win64; x64) AppleWebKit/537.36 (KHTML, like Gecko) Chrome/145.0.0.0 Safari/537.36 Edg/145.0.0.0',
  timestamp: '2026-02-23 12:42:26',
  level: 'info',
  message: 'Request'
}
{
  service: 'attendance-system',
  method: 'GET',
  url: '/last-read?_t=1771830746670',
  statusCode: 200,
  duration: '20ms',
  contentLength: '43',
  level: 'info',
  message: 'Response',
  timestamp: '2026-02-23 12:42:26'
}
{
  service: 'attendance-system',
  method: 'GET',
  url: '/api/announcements?_t=1771830746690',
  ip: '127.0.0.1',
  userAgent: 'Mozilla/5.0 (Windows NT 10.0; Win64; x64) AppleWebKit/537.36 (KHTML, like Gecko) Chrome/145.0.0.0 Safari/537.36 Edg/145.0.0.0',
  timestamp: '2026-02-23 12:42:26',
  level: 'info',
  message: 'Request'
}
{
  service: 'attendance-system',
  method: 'GET',
  url: '/last-read?_t=1771830746655',
  statusCode: 304,
  duration: '28ms',
  contentLength: 0,
  level: 'info',
  message: 'Response',
  timestamp: '2026-02-23 12:42:26'
}
{
  service: 'attendance-system',
  method: 'GET',
  url: '/?_t=1771830746655',
  statusCode: 200,
  duration: '54ms',
  contentLength: '21128',
  level: 'info',
  message: 'Response',
  timestamp: '2026-02-23 12:42:26'
}
{
  service: 'attendance-system',
  method: 'GET',
  url: '/?_t=1771830746690',
  statusCode: 200,
  duration: '18ms',
  contentLength: '2',
  level: 'info',
  message: 'Response',
  timestamp: '2026-02-23 12:42:26'
}
{
  service: 'attendance-system',
  method: 'GET',
  url: '/api/admin/dashboard-summary?includePendingLeaves=true',
  ip: '127.0.0.1',
  userAgent: 'Mozilla/5.0 (Windows NT 10.0; Win64; x64) AppleWebKit/537.36 (KHTML, like Gecko) Chrome/145.0.0.0 Safari/537.36 Edg/145.0.0.0',
  timestamp: '2026-02-23 12:42:26',
  level: 'info',
  message: 'Request'
}
{
  service: 'attendance-system',
  method: 'GET',
  url: '/api/announcements?_t=1771830746709',
  ip: '127.0.0.1',
  userAgent: 'Mozilla/5.0 (Windows NT 10.0; Win64; x64) AppleWebKit/537.36 (KHTML, like Gecko) Chrome/145.0.0.0 Safari/537.36 Edg/145.0.0.0',
  timestamp: '2026-02-23 12:42:26',
  level: 'info',
  message: 'Request'
}
{
  service: 'attendance-system',
  method: 'GET',
  url: '/api/announcements?_t=1771830746727',
  ip: '127.0.0.1',
  userAgent: 'Mozilla/5.0 (Windows NT 10.0; Win64; x64) AppleWebKit/537.36 (KHTML, like Gecko) Chrome/145.0.0.0 Safari/537.36 Edg/145.0.0.0',
  timestamp: '2026-02-23 12:42:26',
  level: 'info',
  message: 'Request'
}
{
  service: 'attendance-system',
  method: 'GET',
  url: '/?_t=1771830746709',
  statusCode: 200,
  duration: '18ms',
  contentLength: '2',
  level: 'info',
  message: 'Response',
  timestamp: '2026-02-23 12:42:26'
}
{
  service: 'attendance-system',
  method: 'GET',
  url: '/api/announcements?_t=1771830746745',
  ip: '127.0.0.1',
  userAgent: 'Mozilla/5.0 (Windows NT 10.0; Win64; x64) AppleWebKit/537.36 (KHTML, like Gecko) Chrome/145.0.0.0 Safari/537.36 Edg/145.0.0.0',
  timestamp: '2026-02-23 12:42:26',
  level: 'info',
  message: 'Request'
}
{
  service: 'attendance-system',
  method: 'GET',
  url: '/dashboard-summary?includePendingLeaves=true',
  statusCode: 304,
  duration: '35ms',
  contentLength: 0,
  level: 'info',
  message: 'Response',
  timestamp: '2026-02-23 12:42:26'
}
{
  service: 'attendance-system',
  method: 'GET',
  url: '/?_t=1771830746727',
  statusCode: 200,
  duration: '17ms',
  contentLength: '2',
  level: 'info',
  message: 'Response',
  timestamp: '2026-02-23 12:42:26'
}
{
  service: 'attendance-system',
  method: 'GET',
  url: '/?_t=1771830746745',
  statusCode: 200,
  duration: '11ms',
  contentLength: '2',
  level: 'info',
  message: 'Response',
  timestamp: '2026-02-23 12:42:26'
}
{
  service: 'attendance-system',
  method: 'GET',
  url: '/api/admin/dashboard-summary?includePendingLeaves=true',
  ip: '127.0.0.1',
  userAgent: 'Mozilla/5.0 (Windows NT 10.0; Win64; x64) AppleWebKit/537.36 (KHTML, like Gecko) Chrome/145.0.0.0 Safari/537.36 Edg/145.0.0.0',
  timestamp: '2026-02-23 12:42:26',
  level: 'info',
  message: 'Request'
}
{
  service: 'attendance-system',
  method: 'GET',
  url: '/dashboard-summary?includePendingLeaves=true',
  statusCode: 304,
  duration: '19ms',
  contentLength: 0,
  level: 'info',
  message: 'Response',
  timestamp: '2026-02-23 12:42:26'
}
{
  service: 'attendance-system',
  method: 'GET',
  url: '/api/admin/employees?all=true&slim=true&_t=1771830747265',
  ip: '127.0.0.1',
  userAgent: 'Mozilla/5.0 (Windows NT 10.0; Win64; x64) AppleWebKit/537.36 (KHTML, like Gecko) Chrome/145.0.0.0 Safari/537.36 Edg/145.0.0.0',
  timestamp: '2026-02-23 12:42:27',
  level: 'info',
  message: 'Request'
}
{
  service: 'attendance-system',
  method: 'GET',
  url: '/?all=true&slim=true&_t=1771830747265',
  statusCode: 200,
  duration: '26ms',
  contentLength: '10512',
  level: 'info',
  message: 'Response',
  timestamp: '2026-02-23 12:42:27'
}
{
  service: 'attendance-system',
  method: 'GET',
  url: '/api/admin/employees?all=true&slim=true&_t=1771830747265',
  ip: '127.0.0.1',
  userAgent: 'Mozilla/5.0 (Windows NT 10.0; Win64; x64) AppleWebKit/537.36 (KHTML, like Gecko) Chrome/145.0.0.0 Safari/537.36 Edg/145.0.0.0',
  timestamp: '2026-02-23 12:42:27',
  level: 'info',
  message: 'Request'
}
{
  service: 'attendance-system',
  method: 'GET',
  url: '/?all=true&slim=true&_t=1771830747265',
  statusCode: 304,
  duration: '20ms',
  contentLength: 0,
  level: 'info',
  message: 'Response',
  timestamp: '2026-02-23 12:42:27'
}
{
  service: 'attendance-system',
  method: 'GET',
  url: '/api/attendance/summary?startDate=2026-02-22&endDate=2026-02-28&userId=68bea78806b7a7115f2e1962&includeHolidays=true&_t=1771830749143',
  ip: '127.0.0.1',
  userAgent: 'Mozilla/5.0 (Windows NT 10.0; Win64; x64) AppleWebKit/537.36 (KHTML, like Gecko) Chrome/145.0.0.0 Safari/537.36 Edg/145.0.0.0',
  timestamp: '2026-02-23 12:42:29',
  level: 'info',
  message: 'Request'
}
{
  service: 'attendance-system',
  method: 'GET',
  url: '/summary?startDate=2026-02-22&endDate=2026-02-28&userId=68bea78806b7a7115f2e1962&includeHolidays=true&_t=1771830749143',
  statusCode: 200,
  duration: '30ms',
  contentLength: '5601',
  level: 'info',
  message: 'Response',
  timestamp: '2026-02-23 12:42:29'
}
{
  service: 'attendance-system',
  method: 'GET',
  url: '/api/attendance/summary?startDate=2026-02-01&endDate=2026-02-28&userId=68bea78806b7a7115f2e1962&includeHolidays=true&_t=1771830751267',
  ip: '127.0.0.1',
  userAgent: 'Mozilla/5.0 (Windows NT 10.0; Win64; x64) AppleWebKit/537.36 (KHTML, like Gecko) Chrome/145.0.0.0 Safari/537.36 Edg/145.0.0.0',
  timestamp: '2026-02-23 12:42:31',
  level: 'info',
  message: 'Request'
}
{
  service: 'attendance-system',
  method: 'GET',
  url: '/summary?startDate=2026-02-01&endDate=2026-02-28&userId=68bea78806b7a7115f2e1962&includeHolidays=true&_t=1771830751267',
  statusCode: 200,
  duration: '97ms',
  contentLength: '27511',
  level: 'info',
  message: 'Response',
  timestamp: '2026-02-23 12:42:31'
}
{
  service: 'attendance-system',
  method: 'GET',
  url: '/api/attendance/summary?startDate=2026-02-01&endDate=2026-02-28&userId=68d29f4cce5f5ad421bb6f93&includeHolidays=true&_t=1771830753361',
  ip: '127.0.0.1',
  userAgent: 'Mozilla/5.0 (Windows NT 10.0; Win64; x64) AppleWebKit/537.36 (KHTML, like Gecko) Chrome/145.0.0.0 Safari/537.36 Edg/145.0.0.0',
  timestamp: '2026-02-23 12:42:33',
  level: 'info',
  message: 'Request'
}
{
  service: 'attendance-system',
  method: 'GET',
  url: '/summary?startDate=2026-02-01&endDate=2026-02-28&userId=68d29f4cce5f5ad421bb6f93&includeHolidays=true&_t=1771830753361',
  statusCode: 200,
  duration: '92ms',
  contentLength: '27356',
  level: 'info',
  message: 'Response',
  timestamp: '2026-02-23 12:42:33'
}
{
  service: 'attendance-system',
  method: 'GET',
  url: '/api/announcements?_t=1771830776366',
  ip: '127.0.0.1',
  userAgent: 'Mozilla/5.0 (Windows NT 10.0; Win64; x64) AppleWebKit/537.36 (KHTML, like Gecko) Chrome/145.0.0.0 Safari/537.36',
  timestamp: '2026-02-23 12:42:56',
  level: 'info',
  message: 'Request'
}
{
  service: 'attendance-system',
  method: 'GET',
  url: '/?_t=1771830776366',
  statusCode: 200,
  duration: '12ms',
  contentLength: '2',
  level: 'info',
  message: 'Response',
  timestamp: '2026-02-23 12:42:56'
}
{
  service: 'attendance-system',
  method: 'GET',
  url: '/api/announcements?_t=1771830776740',
  ip: '127.0.0.1',
  userAgent: 'Mozilla/5.0 (Windows NT 10.0; Win64; x64) AppleWebKit/537.36 (KHTML, like Gecko) Chrome/145.0.0.0 Safari/537.36 Edg/145.0.0.0',
  timestamp: '2026-02-23 12:42:56',
  level: 'info',
  message: 'Request'
}
{
  service: 'attendance-system',
  method: 'GET',
  url: '/?_t=1771830776740',
  statusCode: 200,
  duration: '16ms',
  contentLength: '2',
  level: 'info',
  message: 'Response',
  timestamp: '2026-02-23 12:42:56'
}
{
  service: 'attendance-system',
  method: 'GET',
  url: '/api/announcements?_t=1771830807334',
  ip: '127.0.0.1',
  userAgent: 'Mozilla/5.0 (Windows NT 10.0; Win64; x64) AppleWebKit/537.36 (KHTML, like Gecko) Chrome/145.0.0.0 Safari/537.36 Edg/145.0.0.0',
  timestamp: '2026-02-23 12:43:27',
  level: 'info',
  message: 'Request'
}
{
  service: 'attendance-system',
  method: 'GET',
  url: '/?_t=1771830807334',
  statusCode: 200,
  duration: '13ms',
  contentLength: '2',
  level: 'info',
  message: 'Response',
  timestamp: '2026-02-23 12:43:27'
}
{
  service: 'attendance-system',
  method: 'GET',
  url: '/api/announcements?_t=1771830836354',
  ip: '127.0.0.1',
  userAgent: 'Mozilla/5.0 (Windows NT 10.0; Win64; x64) AppleWebKit/537.36 (KHTML, like Gecko) Chrome/145.0.0.0 Safari/537.36',
  timestamp: '2026-02-23 12:43:56',
  level: 'info',
  message: 'Request'
}
{
  service: 'attendance-system',
  method: 'GET',
  url: '/?_t=1771830836354',
  statusCode: 200,
  duration: '13ms',
  contentLength: '2',
  level: 'info',
  message: 'Response',
  timestamp: '2026-02-23 12:43:56'
}
{
  service: 'attendance-system',
  method: 'GET',
  url: '/api/announcements?_t=1771830837340',
  ip: '127.0.0.1',
  userAgent: 'Mozilla/5.0 (Windows NT 10.0; Win64; x64) AppleWebKit/537.36 (KHTML, like Gecko) Chrome/145.0.0.0 Safari/537.36 Edg/145.0.0.0',
  timestamp: '2026-02-23 12:43:57',
  level: 'info',
  message: 'Request'
}
{
  service: 'attendance-system',
  method: 'GET',
  url: '/?_t=1771830837340',
  statusCode: 200,
  duration: '10ms',
  contentLength: '2',
  level: 'info',
  message: 'Response',
  timestamp: '2026-02-23 12:43:57'
}
{
  service: 'attendance-system',
  method: 'GET',
  url: '/api/announcements?_t=1771830867328',
  ip: '127.0.0.1',
  userAgent: 'Mozilla/5.0 (Windows NT 10.0; Win64; x64) AppleWebKit/537.36 (KHTML, like Gecko) Chrome/145.0.0.0 Safari/537.36 Edg/145.0.0.0',
  timestamp: '2026-02-23 12:44:27',
  level: 'info',
  message: 'Request'
}
{
  service: 'attendance-system',
  method: 'GET',
  url: '/?_t=1771830867328',
  statusCode: 200,
  duration: '12ms',
  contentLength: '2',
  level: 'info',
  message: 'Response',
  timestamp: '2026-02-23 12:44:27'
}
{
  service: 'attendance-system',
  method: 'GET',
  url: '/api/announcements?_t=1771831024436',
  ip: '127.0.0.1',
  userAgent: 'Mozilla/5.0 (Windows NT 10.0; Win64; x64) AppleWebKit/537.36 (KHTML, like Gecko) Chrome/145.0.0.0 Safari/537.36',
  timestamp: '2026-02-23 12:47:07',
  level: 'info',
  message: 'Request'
}
{
  service: 'attendance-system',
  method: 'GET',
  url: '/?_t=1771831024436',
  statusCode: 200,
  duration: '49ms',
  contentLength: '2',
  level: 'info',
  message: 'Response',
  timestamp: '2026-02-23 12:47:07'
}
{
  service: 'attendance-system',
  method: 'GET',
  url: '/api/admin/leave-years/active?_t=1771831034407',
  ip: '127.0.0.1',
  userAgent: 'Mozilla/5.0 (Windows NT 10.0; Win64; x64) AppleWebKit/537.36 (KHTML, like Gecko) Chrome/145.0.0.0 Safari/537.36 Edg/145.0.0.0',
  timestamp: '2026-02-23 12:47:14',
  level: 'info',
  message: 'Request'
}
{
  service: 'attendance-system',
  method: 'GET',
  url: '/api/auth/me?_t=1771831034407',
  ip: '127.0.0.1',
  userAgent: 'Mozilla/5.0 (Windows NT 10.0; Win64; x64) AppleWebKit/537.36 (KHTML, like Gecko) Chrome/145.0.0.0 Safari/537.36 Edg/145.0.0.0',
  timestamp: '2026-02-23 12:47:14',
  level: 'info',
  message: 'Request'
}
{
  service: 'attendance-system',
  method: 'GET',
  url: '/active?_t=1771831034407',
  statusCode: 200,
  duration: '51ms',
  contentLength: '194',
  level: 'info',
  message: 'Response',
  timestamp: '2026-02-23 12:47:14'
}
{
  service: 'attendance-system',
  method: 'GET',
  url: '/api/admin/leave-years/active?_t=1771831034407',
  ip: '127.0.0.1',
  userAgent: 'Mozilla/5.0 (Windows NT 10.0; Win64; x64) AppleWebKit/537.36 (KHTML, like Gecko) Chrome/145.0.0.0 Safari/537.36 Edg/145.0.0.0',
  timestamp: '2026-02-23 12:47:14',
  level: 'info',
  message: 'Request'
}
{
  service: 'attendance-system',
  method: 'GET',
  url: '/active?_t=1771831034407',
  statusCode: 304,
  duration: '17ms',
  contentLength: 0,
  level: 'info',
  message: 'Response',
  timestamp: '2026-02-23 12:47:14'
}
{
  service: 'attendance-system',
  method: 'GET',
  url: '/me?_t=1771831034407',
  statusCode: 200,
  duration: '42ms',
  contentLength: '1282',
  level: 'info',
  message: 'Response',
  timestamp: '2026-02-23 12:47:14'
}
{
  service: 'attendance-system',
  method: 'GET',
  url: '/api/announcements/last-read?_t=1771831034542',
  ip: '127.0.0.1',
  userAgent: 'Mozilla/5.0 (Windows NT 10.0; Win64; x64) AppleWebKit/537.36 (KHTML, like Gecko) Chrome/145.0.0.0 Safari/537.36 Edg/145.0.0.0',
  timestamp: '2026-02-23 12:47:14',
  level: 'info',
  message: 'Request'
}
{
  service: 'attendance-system',
  method: 'GET',
  url: '/api/attendance/current-status?_t=1771831034542',
  ip: '127.0.0.1',
  userAgent: 'Mozilla/5.0 (Windows NT 10.0; Win64; x64) AppleWebKit/537.36 (KHTML, like Gecko) Chrome/145.0.0.0 Safari/537.36 Edg/145.0.0.0',
  timestamp: '2026-02-23 12:47:14',
  level: 'info',
  message: 'Request'
}
{
  service: 'attendance-system',
  method: 'GET',
  url: '/api/new-notifications?_t=1771831034542',
  ip: '127.0.0.1',
  userAgent: 'Mozilla/5.0 (Windows NT 10.0; Win64; x64) AppleWebKit/537.36 (KHTML, like Gecko) Chrome/145.0.0.0 Safari/537.36 Edg/145.0.0.0',
  timestamp: '2026-02-23 12:47:14',
  level: 'info',
  message: 'Request'
}
{
  service: 'attendance-system',
  method: 'GET',
  url: '/api/announcements/last-read?_t=1771831034546',
  ip: '127.0.0.1',
  userAgent: 'Mozilla/5.0 (Windows NT 10.0; Win64; x64) AppleWebKit/537.36 (KHTML, like Gecko) Chrome/145.0.0.0 Safari/537.36 Edg/145.0.0.0',
  timestamp: '2026-02-23 12:47:14',
  level: 'info',
  message: 'Request'
}
{
  service: 'attendance-system',
  method: 'GET',
  url: '/last-read?_t=1771831034542',
  statusCode: 200,
  duration: '174ms',
  contentLength: '43',
  level: 'info',
  message: 'Response',
  timestamp: '2026-02-23 12:47:14'
}
{
  service: 'attendance-system',
  method: 'GET',
  url: '/last-read?_t=1771831034546',
  statusCode: 200,
  duration: '50ms',
  contentLength: '43',
  level: 'info',
  message: 'Response',
  timestamp: '2026-02-23 12:47:14'
}
{
  service: 'attendance-system',
  method: 'GET',
  url: '/current-status?_t=1771831034542',
  statusCode: 200,
  duration: '187ms',
  contentLength: '102',
  level: 'info',
  message: 'Response',
  timestamp: '2026-02-23 12:47:14'
}
{
  service: 'attendance-system',
  method: 'GET',
  url: '/?_t=1771831034542',
  statusCode: 200,
  duration: '116ms',
  contentLength: '21128',
  level: 'info',
  message: 'Response',
  timestamp: '2026-02-23 12:47:14'
}
{
  service: 'attendance-system',
  method: 'GET',
  url: '/api/announcements/last-read?_t=1771831034542',
  ip: '127.0.0.1',
  userAgent: 'Mozilla/5.0 (Windows NT 10.0; Win64; x64) AppleWebKit/537.36 (KHTML, like Gecko) Chrome/145.0.0.0 Safari/537.36 Edg/145.0.0.0',
  timestamp: '2026-02-23 12:47:15',
  level: 'info',
  message: 'Request'
}
{
  service: 'attendance-system',
  method: 'GET',
  url: '/last-read?_t=1771831034542',
  statusCode: 304,
  duration: '22ms',
  contentLength: 0,
  level: 'info',
  message: 'Response',
  timestamp: '2026-02-23 12:47:15'
}
{
  service: 'attendance-system',
  method: 'GET',
  url: '/api/announcements?_t=1771831035068',
  ip: '127.0.0.1',
  userAgent: 'Mozilla/5.0 (Windows NT 10.0; Win64; x64) AppleWebKit/537.36 (KHTML, like Gecko) Chrome/145.0.0.0 Safari/537.36 Edg/145.0.0.0',
  timestamp: '2026-02-23 12:47:15',
  level: 'info',
  message: 'Request'
}
{
  service: 'attendance-system',
  method: 'GET',
  url: '/?_t=1771831035068',
  statusCode: 200,
  duration: '15ms',
  contentLength: '2',
  level: 'info',
  message: 'Response',
  timestamp: '2026-02-23 12:47:15'
}
{
  service: 'attendance-system',
  method: 'GET',
  url: '/api/announcements?_t=1771831035126',
  ip: '127.0.0.1',
  userAgent: 'Mozilla/5.0 (Windows NT 10.0; Win64; x64) AppleWebKit/537.36 (KHTML, like Gecko) Chrome/145.0.0.0 Safari/537.36 Edg/145.0.0.0',
  timestamp: '2026-02-23 12:47:15',
  level: 'info',
  message: 'Request'
}
{
  service: 'attendance-system',
  method: 'GET',
  url: '/api/announcements?_t=1771831035165',
  ip: '127.0.0.1',
  userAgent: 'Mozilla/5.0 (Windows NT 10.0; Win64; x64) AppleWebKit/537.36 (KHTML, like Gecko) Chrome/145.0.0.0 Safari/537.36 Edg/145.0.0.0',
  timestamp: '2026-02-23 12:47:15',
  level: 'info',
  message: 'Request'
}
{
  service: 'attendance-system',
  method: 'GET',
  url: '/?_t=1771831035126',
  statusCode: 200,
  duration: '15ms',
  contentLength: '2',
  level: 'info',
  message: 'Response',
  timestamp: '2026-02-23 12:47:15'
}
{
  service: 'attendance-system',
  method: 'GET',
  url: '/?_t=1771831035165',
  statusCode: 200,
  duration: '14ms',
  contentLength: '2',
  level: 'info',
  message: 'Response',
  timestamp: '2026-02-23 12:47:15'
}
{
  service: 'attendance-system',
  method: 'GET',
  url: '/api/admin/employees?all=true&slim=true&_t=1771831035251',
  ip: '127.0.0.1',
  userAgent: 'Mozilla/5.0 (Windows NT 10.0; Win64; x64) AppleWebKit/537.36 (KHTML, like Gecko) Chrome/145.0.0.0 Safari/537.36 Edg/145.0.0.0',
  timestamp: '2026-02-23 12:47:15',
  level: 'info',
  message: 'Request'
}
{
  service: 'attendance-system',
  method: 'GET',
  url: '/?all=true&slim=true&_t=1771831035251',
  statusCode: 200,
  duration: '29ms',
  contentLength: '10512',
  level: 'info',
  message: 'Response',
  timestamp: '2026-02-23 12:47:15'
}
{
  service: 'attendance-system',
  method: 'GET',
  url: '/api/admin/employees?all=true&slim=true&_t=1771831035251',
  ip: '127.0.0.1',
  userAgent: 'Mozilla/5.0 (Windows NT 10.0; Win64; x64) AppleWebKit/537.36 (KHTML, like Gecko) Chrome/145.0.0.0 Safari/537.36 Edg/145.0.0.0',
  timestamp: '2026-02-23 12:47:15',
  level: 'info',
  message: 'Request'
}
{
  service: 'attendance-system',
  method: 'GET',
  url: '/?all=true&slim=true&_t=1771831035251',
  statusCode: 304,
  duration: '33ms',
  contentLength: 0,
  level: 'info',
  message: 'Response',
  timestamp: '2026-02-23 12:47:15'
}
{
  service: 'attendance-system',
  method: 'GET',
  url: '/api/admin/dashboard-summary?includePendingLeaves=true',
  ip: '127.0.0.1',
  userAgent: 'Mozilla/5.0 (Windows NT 10.0; Win64; x64) AppleWebKit/537.36 (KHTML, like Gecko) Chrome/145.0.0.0 Safari/537.36 Edg/145.0.0.0',
  timestamp: '2026-02-23 12:47:16',
  level: 'info',
  message: 'Request'
}
{
  service: 'attendance-system',
  method: 'GET',
  url: '/dashboard-summary?includePendingLeaves=true',
  statusCode: 304,
  duration: '300ms',
  contentLength: 0,
  level: 'info',
  message: 'Response',
  timestamp: '2026-02-23 12:47:17'
}
{
  service: 'attendance-system',
  method: 'GET',
  url: '/api/admin/dashboard-summary?includePendingLeaves=true',
  ip: '127.0.0.1',
  userAgent: 'Mozilla/5.0 (Windows NT 10.0; Win64; x64) AppleWebKit/537.36 (KHTML, like Gecko) Chrome/145.0.0.0 Safari/537.36 Edg/145.0.0.0',
  timestamp: '2026-02-23 12:47:17',
  level: 'info',
  message: 'Request'
}
{
  service: 'attendance-system',
  method: 'GET',
  url: '/dashboard-summary?includePendingLeaves=true',
  statusCode: 304,
  duration: '27ms',
  contentLength: 0,
  level: 'info',
  message: 'Response',
  timestamp: '2026-02-23 12:47:17'
}
{
  service: 'attendance-system',
  method: 'GET',
  url: '/api/announcements?_t=1771831065135',
  ip: '127.0.0.1',
  userAgent: 'Mozilla/5.0 (Windows NT 10.0; Win64; x64) AppleWebKit/537.36 (KHTML, like Gecko) Chrome/145.0.0.0 Safari/537.36 Edg/145.0.0.0',
  timestamp: '2026-02-23 12:47:45',
  level: 'info',
  message: 'Request'
}
{
  service: 'attendance-system',
  method: 'GET',
  url: '/?_t=1771831065135',
  statusCode: 200,
  duration: '16ms',
  contentLength: '2',
  level: 'info',
  message: 'Response',
  timestamp: '2026-02-23 12:47:45'
}
{
  service: 'attendance-system',
  method: 'GET',
  url: '/api/announcements?_t=1771831076367',
  ip: '127.0.0.1',
  userAgent: 'Mozilla/5.0 (Windows NT 10.0; Win64; x64) AppleWebKit/537.36 (KHTML, like Gecko) Chrome/145.0.0.0 Safari/537.36',
  timestamp: '2026-02-23 12:47:56',
  level: 'info',
  message: 'Request'
}
{
  service: 'attendance-system',
  method: 'GET',
  url: '/?_t=1771831076367',
  statusCode: 200,
  duration: '15ms',
  contentLength: '2',
  level: 'info',
  message: 'Response',
  timestamp: '2026-02-23 12:47:56'
}
{
  service: 'attendance-system',
  method: 'GET',
  url: '/api/admin/employees?all=true&slim=true&_t=1771831077952',
  ip: '127.0.0.1',
  userAgent: 'Mozilla/5.0 (Windows NT 10.0; Win64; x64) AppleWebKit/537.36 (KHTML, like Gecko) Chrome/145.0.0.0 Safari/537.36 Edg/145.0.0.0',
  timestamp: '2026-02-23 12:47:57',
  level: 'info',
  message: 'Request'
}
{
  service: 'attendance-system',
  method: 'GET',
  url: '/?all=true&slim=true&_t=1771831077952',
  statusCode: 200,
  duration: '27ms',
  contentLength: '10512',
  level: 'info',
  message: 'Response',
  timestamp: '2026-02-23 12:47:57'
}
{
  service: 'attendance-system',
  method: 'GET',
  url: '/api/admin/employees?all=true&slim=true&_t=1771831077952',
  ip: '127.0.0.1',
  userAgent: 'Mozilla/5.0 (Windows NT 10.0; Win64; x64) AppleWebKit/537.36 (KHTML, like Gecko) Chrome/145.0.0.0 Safari/537.36 Edg/145.0.0.0',
  timestamp: '2026-02-23 12:47:57',
  level: 'info',
  message: 'Request'
}
{
  service: 'attendance-system',
  method: 'GET',
  url: '/?all=true&slim=true&_t=1771831077952',
  statusCode: 304,
  duration: '32ms',
  contentLength: 0,
  level: 'info',
  message: 'Response',
  timestamp: '2026-02-23 12:47:58'
}
{
  service: 'attendance-system',
  method: 'GET',
  url: '/api/attendance/summary?startDate=2026-02-22&endDate=2026-02-28&userId=687f797fcac0a473f5b46e07&includeHolidays=true&_t=1771831080495',
  ip: '127.0.0.1',
  userAgent: 'Mozilla/5.0 (Windows NT 10.0; Win64; x64) AppleWebKit/537.36 (KHTML, like Gecko) Chrome/145.0.0.0 Safari/537.36 Edg/145.0.0.0',
  timestamp: '2026-02-23 12:48:00',
  level: 'info',
  message: 'Request'
}
{
  service: 'attendance-system',
  method: 'GET',
  url: '/summary?startDate=2026-02-22&endDate=2026-02-28&userId=687f797fcac0a473f5b46e07&includeHolidays=true&_t=1771831080495',
  statusCode: 200,
  duration: '43ms',
  contentLength: '5705',
  level: 'info',
  message: 'Response',
  timestamp: '2026-02-23 12:48:00'
}
{
  service: 'attendance-system',
  method: 'GET',
  url: '/api/attendance/summary?startDate=2026-02-01&endDate=2026-02-28&userId=687f797fcac0a473f5b46e07&includeHolidays=true&_t=1771831081692',
  ip: '127.0.0.1',
  userAgent: 'Mozilla/5.0 (Windows NT 10.0; Win64; x64) AppleWebKit/537.36 (KHTML, like Gecko) Chrome/145.0.0.0 Safari/537.36 Edg/145.0.0.0',
  timestamp: '2026-02-23 12:48:01',
  level: 'info',
  message: 'Request'
}
{
  service: 'attendance-system',
  method: 'GET',
  url: '/summary?startDate=2026-02-01&endDate=2026-02-28&userId=687f797fcac0a473f5b46e07&includeHolidays=true&_t=1771831081692',
  statusCode: 200,
  duration: '73ms',
  contentLength: '28205',
  level: 'info',
  message: 'Response',
  timestamp: '2026-02-23 12:48:01'
}
{
  service: 'attendance-system',
  method: 'GET',
  url: '/api/announcements?_t=1771831095131',
  ip: '127.0.0.1',
  userAgent: 'Mozilla/5.0 (Windows NT 10.0; Win64; x64) AppleWebKit/537.36 (KHTML, like Gecko) Chrome/145.0.0.0 Safari/537.36 Edg/145.0.0.0',
  timestamp: '2026-02-23 12:48:15',
  level: 'info',
  message: 'Request'
}
{
  service: 'attendance-system',
  method: 'GET',
  url: '/?_t=1771831095131',
  statusCode: 200,
  duration: '15ms',
  contentLength: '2',
  level: 'info',
  message: 'Response',
  timestamp: '2026-02-23 12:48:15'
}
{
  service: 'attendance-system',
  method: 'GET',
  url: '/api/attendance/summary?startDate=2026-02-01&endDate=2026-02-28&userId=68bea78806b7a7115f2e1962&includeHolidays=true&_t=1771831095306',
  ip: '127.0.0.1',
  userAgent: 'Mozilla/5.0 (Windows NT 10.0; Win64; x64) AppleWebKit/537.36 (KHTML, like Gecko) Chrome/145.0.0.0 Safari/537.36 Edg/145.0.0.0',
  timestamp: '2026-02-23 12:48:15',
  level: 'info',
  message: 'Request'
}
{
  service: 'attendance-system',
  method: 'GET',
  url: '/summary?startDate=2026-02-01&endDate=2026-02-28&userId=68bea78806b7a7115f2e1962&includeHolidays=true&_t=1771831095306',
  statusCode: 200,
  duration: '68ms',
  contentLength: '27511',
  level: 'info',
  message: 'Response',
  timestamp: '2026-02-23 12:48:15'
}
{
  service: 'attendance-system',
  method: 'GET',
  url: '/api/announcements?_t=1771831125139',
  ip: '127.0.0.1',
  userAgent: 'Mozilla/5.0 (Windows NT 10.0; Win64; x64) AppleWebKit/537.36 (KHTML, like Gecko) Chrome/145.0.0.0 Safari/537.36 Edg/145.0.0.0',
  timestamp: '2026-02-23 12:48:45',
  level: 'info',
  message: 'Request'
}
{
  service: 'attendance-system',
  method: 'GET',
  url: '/?_t=1771831125139',
  statusCode: 200,
  duration: '15ms',
  contentLength: '2',
  level: 'info',
  message: 'Response',
  timestamp: '2026-02-23 12:48:45'
}
{
  message: 'CORS Request: PUT /api/admin/attendance/log/6997ef9d546acc259031d90d from origin: http://localhost:5173',
  level: 'info',
  service: 'attendance-system',
  timestamp: '2026-02-23 12:48:52'
}
{
  service: 'attendance-system',
  method: 'PUT',
  url: '/api/admin/attendance/log/6997ef9d546acc259031d90d',
  ip: '127.0.0.1',
  userAgent: 'Mozilla/5.0 (Windows NT 10.0; Win64; x64) AppleWebKit/537.36 (KHTML, like Gecko) Chrome/145.0.0.0 Safari/537.36 Edg/145.0.0.0',
  timestamp: '2026-02-23 12:48:52',
  level: 'info',
  message: 'Request'
}
{
  service: 'attendance-system',
  method: 'PUT',
  url: '/attendance/log/6997ef9d546acc259031d90d',
  statusCode: 200,
  duration: '166ms',
  contentLength: '54',
  level: 'info',
  message: 'Response',
  timestamp: '2026-02-23 12:48:53'
}
{
  service: 'attendance-system',
  method: 'GET',
  url: '/api/attendance/summary?startDate=2026-02-01&endDate=2026-02-28&userId=68bea78806b7a7115f2e1962&includeHolidays=true&_t=1771831133165',
  ip: '127.0.0.1',
  userAgent: 'Mozilla/5.0 (Windows NT 10.0; Win64; x64) AppleWebKit/537.36 (KHTML, like Gecko) Chrome/145.0.0.0 Safari/537.36 Edg/145.0.0.0',
  timestamp: '2026-02-23 12:48:53',
  level: 'info',
  message: 'Request'
}
{
  service: 'attendance-system',
  method: 'GET',
  url: '/summary?startDate=2026-02-01&endDate=2026-02-28&userId=68bea78806b7a7115f2e1962&includeHolidays=true&_t=1771831133165',
  statusCode: 200,
  duration: '71ms',
  contentLength: '27409',
  level: 'info',
  message: 'Response',
  timestamp: '2026-02-23 12:48:53'
}
{
  service: 'attendance-system',
  method: 'GET',
  url: '/api/attendance/summary?startDate=2026-02-01&endDate=2026-02-28&userId=68bea78806b7a7115f2e1962&includeHolidays=true&_t=1771831136165',
  ip: '127.0.0.1',
  userAgent: 'Mozilla/5.0 (Windows NT 10.0; Win64; x64) AppleWebKit/537.36 (KHTML, like Gecko) Chrome/145.0.0.0 Safari/537.36 Edg/145.0.0.0',
  timestamp: '2026-02-23 12:48:56',
  level: 'info',
  message: 'Request'
}
{
  service: 'attendance-system',
  method: 'GET',
  url: '/summary?startDate=2026-02-01&endDate=2026-02-28&userId=68bea78806b7a7115f2e1962&includeHolidays=true&_t=1771831136165',
  statusCode: 200,
  duration: '54ms',
  contentLength: '27409',
  level: 'info',
  message: 'Response',
  timestamp: '2026-02-23 12:48:56'
}
{
  service: 'attendance-system',
  method: 'GET',
  url: '/api/announcements?_t=1771831136378',
  ip: '127.0.0.1',
  userAgent: 'Mozilla/5.0 (Windows NT 10.0; Win64; x64) AppleWebKit/537.36 (KHTML, like Gecko) Chrome/145.0.0.0 Safari/537.36',
  timestamp: '2026-02-23 12:48:56',
  level: 'info',
  message: 'Request'
}
{
  service: 'attendance-system',
  method: 'GET',
  url: '/?_t=1771831136378',
  statusCode: 200,
  duration: '16ms',
  contentLength: '2',
  level: 'info',
  message: 'Response',
  timestamp: '2026-02-23 12:48:56'
}
{
  service: 'attendance-system',
  method: 'GET',
  url: '/api/announcements?_t=1771831155333',
  ip: '127.0.0.1',
  userAgent: 'Mozilla/5.0 (Windows NT 10.0; Win64; x64) AppleWebKit/537.36 (KHTML, like Gecko) Chrome/145.0.0.0 Safari/537.36 Edg/145.0.0.0',
  timestamp: '2026-02-23 12:49:15',
  level: 'info',
  message: 'Request'
}
{
  service: 'attendance-system',
  method: 'GET',
  url: '/?_t=1771831155333',
  statusCode: 200,
  duration: '17ms',
  contentLength: '2',
  level: 'info',
  message: 'Response',
  timestamp: '2026-02-23 12:49:15'
}
{
  service: 'attendance-system',
  method: 'GET',
  url: '/api/announcements?_t=1771831185341',
  ip: '127.0.0.1',
  userAgent: 'Mozilla/5.0 (Windows NT 10.0; Win64; x64) AppleWebKit/537.36 (KHTML, like Gecko) Chrome/145.0.0.0 Safari/537.36 Edg/145.0.0.0',
  timestamp: '2026-02-23 12:49:45',
  level: 'info',
  message: 'Request'
}
{
  service: 'attendance-system',
  method: 'GET',
  url: '/?_t=1771831185341',
  statusCode: 200,
  duration: '22ms',
  contentLength: '2',
  level: 'info',
  message: 'Response',
  timestamp: '2026-02-23 12:49:45'
}
{
  service: 'attendance-system',
  method: 'GET',
  url: '/api/announcements?_t=1771831196361',
  ip: '127.0.0.1',
  userAgent: 'Mozilla/5.0 (Windows NT 10.0; Win64; x64) AppleWebKit/537.36 (KHTML, like Gecko) Chrome/145.0.0.0 Safari/537.36',
  timestamp: '2026-02-23 12:49:56',
  level: 'info',
  message: 'Request'
}
{
  service: 'attendance-system',
  method: 'GET',
  url: '/?_t=1771831196361',
  statusCode: 200,
  duration: '14ms',
  contentLength: '2',
  level: 'info',
  message: 'Response',
  timestamp: '2026-02-23 12:49:56'
}
{
  service: 'attendance-system',
  method: 'GET',
  url: '/api/announcements?_t=1771831215137',
  ip: '127.0.0.1',
  userAgent: 'Mozilla/5.0 (Windows NT 10.0; Win64; x64) AppleWebKit/537.36 (KHTML, like Gecko) Chrome/145.0.0.0 Safari/537.36 Edg/145.0.0.0',
  timestamp: '2026-02-23 12:50:15',
  level: 'info',
  message: 'Request'
}
{
  service: 'attendance-system',
  method: 'GET',
  url: '/?_t=1771831215137',
  statusCode: 200,
  duration: '21ms',
  contentLength: '2',
  level: 'info',
  message: 'Response',
  timestamp: '2026-02-23 12:50:15'
}
{
  service: 'attendance-system',
  method: 'GET',
  url: '/api/announcements?_t=1771831245133',
  ip: '127.0.0.1',
  userAgent: 'Mozilla/5.0 (Windows NT 10.0; Win64; x64) AppleWebKit/537.36 (KHTML, like Gecko) Chrome/145.0.0.0 Safari/537.36 Edg/145.0.0.0',
  timestamp: '2026-02-23 12:50:45',
  level: 'info',
  message: 'Request'
}
{
  service: 'attendance-system',
  method: 'GET',
  url: '/?_t=1771831245133',
  statusCode: 200,
  duration: '16ms',
  contentLength: '2',
  level: 'info',
  message: 'Response',
  timestamp: '2026-02-23 12:50:45'
}
{
  service: 'attendance-system',
  method: 'GET',
  url: '/api/attendance/summary?startDate=2026-02-01&endDate=2026-02-28&userId=68d29f4cce5f5ad421bb6f93&includeHolidays=true&_t=1771831245786',
  ip: '127.0.0.1',
  userAgent: 'Mozilla/5.0 (Windows NT 10.0; Win64; x64) AppleWebKit/537.36 (KHTML, like Gecko) Chrome/145.0.0.0 Safari/537.36 Edg/145.0.0.0',
  timestamp: '2026-02-23 12:50:45',
  level: 'info',
  message: 'Request'
}
{
  service: 'attendance-system',
  method: 'GET',
  url: '/summary?startDate=2026-02-01&endDate=2026-02-28&userId=68d29f4cce5f5ad421bb6f93&includeHolidays=true&_t=1771831245786',
  statusCode: 200,
  duration: '112ms',
  contentLength: '27356',
  level: 'info',
  message: 'Response',
  timestamp: '2026-02-23 12:50:45'
}
{
  service: 'attendance-system',
  method: 'GET',
  url: '/api/announcements?_t=1771831256352',
  ip: '127.0.0.1',
  userAgent: 'Mozilla/5.0 (Windows NT 10.0; Win64; x64) AppleWebKit/537.36 (KHTML, like Gecko) Chrome/145.0.0.0 Safari/537.36',
  timestamp: '2026-02-23 12:50:56',
  level: 'info',
  message: 'Request'
}
{
  service: 'attendance-system',
  method: 'GET',
  url: '/?_t=1771831256352',
  statusCode: 200,
  duration: '18ms',
  contentLength: '2',
  level: 'info',
  message: 'Response',
  timestamp: '2026-02-23 12:50:56'
}
{
  service: 'attendance-system',
  method: 'GET',
  url: '/api/announcements?_t=1771831275127',
  ip: '127.0.0.1',
  userAgent: 'Mozilla/5.0 (Windows NT 10.0; Win64; x64) AppleWebKit/537.36 (KHTML, like Gecko) Chrome/145.0.0.0 Safari/537.36 Edg/145.0.0.0',
  timestamp: '2026-02-23 12:51:15',
  level: 'info',
  message: 'Request'
}
{
  service: 'attendance-system',
  method: 'GET',
  url: '/?_t=1771831275127',
  statusCode: 200,
  duration: '15ms',
  contentLength: '2',
  level: 'info',
  message: 'Response',
  timestamp: '2026-02-23 12:51:15'
}
{
  service: 'attendance-system',
  method: 'GET',
  url: '/api/announcements?_t=1771831305334',
  ip: '127.0.0.1',
  userAgent: 'Mozilla/5.0 (Windows NT 10.0; Win64; x64) AppleWebKit/537.36 (KHTML, like Gecko) Chrome/145.0.0.0 Safari/537.36 Edg/145.0.0.0',
  timestamp: '2026-02-23 12:51:45',
  level: 'info',
  message: 'Request'
}
{
  service: 'attendance-system',
  method: 'GET',
  url: '/?_t=1771831305334',
  statusCode: 200,
  duration: '18ms',
  contentLength: '2',
  level: 'info',
  message: 'Response',
  timestamp: '2026-02-23 12:51:45'
}
{
  service: 'attendance-system',
  method: 'GET',
  url: '/api/announcements?_t=1771831316354',
  ip: '127.0.0.1',
  userAgent: 'Mozilla/5.0 (Windows NT 10.0; Win64; x64) AppleWebKit/537.36 (KHTML, like Gecko) Chrome/145.0.0.0 Safari/537.36',
  timestamp: '2026-02-23 12:51:56',
  level: 'info',
  message: 'Request'
}
{
  service: 'attendance-system',
  method: 'GET',
  url: '/?_t=1771831316354',
  statusCode: 200,
  duration: '18ms',
  contentLength: '2',
  level: 'info',
  message: 'Response',
  timestamp: '2026-02-23 12:51:56'
}
{
  service: 'attendance-system',
  method: 'GET',
  url: '/api/announcements?_t=1771831335333',
  ip: '127.0.0.1',
  userAgent: 'Mozilla/5.0 (Windows NT 10.0; Win64; x64) AppleWebKit/537.36 (KHTML, like Gecko) Chrome/145.0.0.0 Safari/537.36 Edg/145.0.0.0',
  timestamp: '2026-02-23 12:52:15',
  level: 'info',
  message: 'Request'
}
{
  service: 'attendance-system',
  method: 'GET',
  url: '/?_t=1771831335333',
  statusCode: 200,
  duration: '16ms',
  contentLength: '2',
  level: 'info',
  message: 'Response',
  timestamp: '2026-02-23 12:52:15'
}
{
  service: 'attendance-system',
  method: 'GET',
  url: '/api/announcements?_t=1771831376340',
  ip: '127.0.0.1',
  userAgent: 'Mozilla/5.0 (Windows NT 10.0; Win64; x64) AppleWebKit/537.36 (KHTML, like Gecko) Chrome/145.0.0.0 Safari/537.36 Edg/145.0.0.0',
  timestamp: '2026-02-23 12:52:56',
  level: 'info',
  message: 'Request'
}
{
  service: 'attendance-system',
  method: 'GET',
  url: '/?_t=1771831376340',
  statusCode: 200,
  duration: '16ms',
  contentLength: '2',
  level: 'info',
  message: 'Response',
  timestamp: '2026-02-23 12:52:56'
}
{
  service: 'attendance-system',
  method: 'GET',
  url: '/api/announcements?_t=1771831376371',
  ip: '127.0.0.1',
  userAgent: 'Mozilla/5.0 (Windows NT 10.0; Win64; x64) AppleWebKit/537.36 (KHTML, like Gecko) Chrome/145.0.0.0 Safari/537.36',
  timestamp: '2026-02-23 12:52:56',
  level: 'info',
  message: 'Request'
}
{
  service: 'attendance-system',
  method: 'GET',
  url: '/?_t=1771831376371',
  statusCode: 200,
  duration: '17ms',
  contentLength: '2',
  level: 'info',
  message: 'Response',
  timestamp: '2026-02-23 12:52:56'
}
{
  service: 'attendance-system',
  method: 'GET',
  url: '/api/announcements?_t=1771831436342',
  ip: '127.0.0.1',
  userAgent: 'Mozilla/5.0 (Windows NT 10.0; Win64; x64) AppleWebKit/537.36 (KHTML, like Gecko) Chrome/145.0.0.0 Safari/537.36 Edg/145.0.0.0',
  timestamp: '2026-02-23 12:53:56',
  level: 'info',
  message: 'Request'
}
{
  service: 'attendance-system',
  method: 'GET',
  url: '/?_t=1771831436342',
  statusCode: 200,
  duration: '18ms',
  contentLength: '2',
  level: 'info',
  message: 'Response',
  timestamp: '2026-02-23 12:53:56'
}
{
  service: 'attendance-system',
  method: 'GET',
  url: '/api/announcements?_t=1771831436360',
  ip: '127.0.0.1',
  userAgent: 'Mozilla/5.0 (Windows NT 10.0; Win64; x64) AppleWebKit/537.36 (KHTML, like Gecko) Chrome/145.0.0.0 Safari/537.36',
  timestamp: '2026-02-23 12:53:56',
  level: 'info',
  message: 'Request'
}
{
  service: 'attendance-system',
  method: 'GET',
  url: '/?_t=1771831436360',
  statusCode: 200,
  duration: '20ms',
  contentLength: '2',
  level: 'info',
  message: 'Response',
  timestamp: '2026-02-23 12:53:56'
}
{
  service: 'attendance-system',
  method: 'GET',
  url: '/api/announcements?_t=1771831496334',
  ip: '127.0.0.1',
  userAgent: 'Mozilla/5.0 (Windows NT 10.0; Win64; x64) AppleWebKit/537.36 (KHTML, like Gecko) Chrome/145.0.0.0 Safari/537.36 Edg/145.0.0.0',
  timestamp: '2026-02-23 12:54:56',
  level: 'info',
  message: 'Request'
}
{
  service: 'attendance-system',
  method: 'GET',
  url: '/api/announcements?_t=1771831496353',
  ip: '127.0.0.1',
  userAgent: 'Mozilla/5.0 (Windows NT 10.0; Win64; x64) AppleWebKit/537.36 (KHTML, like Gecko) Chrome/145.0.0.0 Safari/537.36',
  timestamp: '2026-02-23 12:54:56',
  level: 'info',
  message: 'Request'
}
{
  service: 'attendance-system',
  method: 'GET',
  url: '/?_t=1771831496334',
  statusCode: 200,
  duration: '23ms',
  contentLength: '2',
  level: 'info',
  message: 'Response',
  timestamp: '2026-02-23 12:54:56'
}
{
  service: 'attendance-system',
  method: 'GET',
  url: '/?_t=1771831496353',
  statusCode: 200,
  duration: '20ms',
  contentLength: '2',
  level: 'info',
  message: 'Response',
  timestamp: '2026-02-23 12:54:56'
}
{
  service: 'attendance-system',
  method: 'GET',
  url: '/api/announcements?_t=1771831556331',
  ip: '127.0.0.1',
  userAgent: 'Mozilla/5.0 (Windows NT 10.0; Win64; x64) AppleWebKit/537.36 (KHTML, like Gecko) Chrome/145.0.0.0 Safari/537.36 Edg/145.0.0.0',
  timestamp: '2026-02-23 12:55:56',
  level: 'info',
  message: 'Request'
}
{
  service: 'attendance-system',
  method: 'GET',
  url: '/?_t=1771831556331',
  statusCode: 200,
  duration: '13ms',
  contentLength: '2',
  level: 'info',
  message: 'Response',
  timestamp: '2026-02-23 12:55:56'
}
{
  service: 'attendance-system',
  method: 'GET',
  url: '/api/announcements?_t=1771831556361',
  ip: '127.0.0.1',
  userAgent: 'Mozilla/5.0 (Windows NT 10.0; Win64; x64) AppleWebKit/537.36 (KHTML, like Gecko) Chrome/145.0.0.0 Safari/537.36',
  timestamp: '2026-02-23 12:55:56',
  level: 'info',
  message: 'Request'
}
{
  service: 'attendance-system',
  method: 'GET',
  url: '/?_t=1771831556361',
  statusCode: 200,
  duration: '19ms',
  contentLength: '2',
  level: 'info',
  message: 'Response',
  timestamp: '2026-02-23 12:55:56'
}
{
  service: 'attendance-system',
  method: 'GET',
  url: '/api/announcements?_t=1771831616340',
  ip: '127.0.0.1',
  userAgent: 'Mozilla/5.0 (Windows NT 10.0; Win64; x64) AppleWebKit/537.36 (KHTML, like Gecko) Chrome/145.0.0.0 Safari/537.36 Edg/145.0.0.0',
  timestamp: '2026-02-23 12:56:56',
  level: 'info',
  message: 'Request'
}
{
  service: 'attendance-system',
  method: 'GET',
  url: '/?_t=1771831616340',
  statusCode: 200,
  duration: '14ms',
  contentLength: '2',
  level: 'info',
  message: 'Response',
  timestamp: '2026-02-23 12:56:56'
}
{
  service: 'attendance-system',
  method: 'GET',
  url: '/api/announcements?_t=1771831616375',
  ip: '127.0.0.1',
  userAgent: 'Mozilla/5.0 (Windows NT 10.0; Win64; x64) AppleWebKit/537.36 (KHTML, like Gecko) Chrome/145.0.0.0 Safari/537.36',
  timestamp: '2026-02-23 12:56:56',
  level: 'info',
  message: 'Request'
}
{
  service: 'attendance-system',
  method: 'GET',
  url: '/?_t=1771831616375',
  statusCode: 200,
  duration: '14ms',
  contentLength: '2',
  level: 'info',
  message: 'Response',
  timestamp: '2026-02-23 12:56:56'
}
{
  service: 'attendance-system',
  method: 'GET',
  url: '/api/announcements?_t=1771831676340',
  ip: '127.0.0.1',
  userAgent: 'Mozilla/5.0 (Windows NT 10.0; Win64; x64) AppleWebKit/537.36 (KHTML, like Gecko) Chrome/145.0.0.0 Safari/537.36 Edg/145.0.0.0',
  timestamp: '2026-02-23 12:57:56',
  level: 'info',
  message: 'Request'
}
{
  service: 'attendance-system',
  method: 'GET',
  url: '/?_t=1771831676340',
  statusCode: 200,
  duration: '15ms',
  contentLength: '2',
  level: 'info',
  message: 'Response',
  timestamp: '2026-02-23 12:57:56'
}
{
  service: 'attendance-system',
  method: 'GET',
  url: '/api/announcements?_t=1771831676383',
  ip: '127.0.0.1',
  userAgent: 'Mozilla/5.0 (Windows NT 10.0; Win64; x64) AppleWebKit/537.36 (KHTML, like Gecko) Chrome/145.0.0.0 Safari/537.36',
  timestamp: '2026-02-23 12:57:56',
  level: 'info',
  message: 'Request'
}
{
  service: 'attendance-system',
  method: 'GET',
  url: '/?_t=1771831676383',
  statusCode: 200,
  duration: '15ms',
  contentLength: '2',
  level: 'info',
  message: 'Response',
  timestamp: '2026-02-23 12:57:56'
}
{
  service: 'attendance-system',
  method: 'GET',
  url: '/api/announcements?_t=1771831736343',
  ip: '127.0.0.1',
  userAgent: 'Mozilla/5.0 (Windows NT 10.0; Win64; x64) AppleWebKit/537.36 (KHTML, like Gecko) Chrome/145.0.0.0 Safari/537.36 Edg/145.0.0.0',
  timestamp: '2026-02-23 12:58:56',
  level: 'info',
  message: 'Request'
}
{
  service: 'attendance-system',
  method: 'GET',
  url: '/?_t=1771831736343',
  statusCode: 200,
  duration: '17ms',
  contentLength: '2',
  level: 'info',
  message: 'Response',
  timestamp: '2026-02-23 12:58:56'
}
{
  service: 'attendance-system',
  method: 'GET',
  url: '/api/announcements?_t=1771831736364',
  ip: '127.0.0.1',
  userAgent: 'Mozilla/5.0 (Windows NT 10.0; Win64; x64) AppleWebKit/537.36 (KHTML, like Gecko) Chrome/145.0.0.0 Safari/537.36',
  timestamp: '2026-02-23 12:58:56',
  level: 'info',
  message: 'Request'
}
{
  service: 'attendance-system',
  method: 'GET',
  url: '/?_t=1771831736364',
  statusCode: 200,
  duration: '15ms',
  contentLength: '2',
  level: 'info',
  message: 'Response',
  timestamp: '2026-02-23 12:58:56'
}
{
  service: 'attendance-system',
  method: 'GET',
  url: '/api/announcements?_t=1771831796331',
  ip: '127.0.0.1',
  userAgent: 'Mozilla/5.0 (Windows NT 10.0; Win64; x64) AppleWebKit/537.36 (KHTML, like Gecko) Chrome/145.0.0.0 Safari/537.36 Edg/145.0.0.0',
  timestamp: '2026-02-23 12:59:56',
  level: 'info',
  message: 'Request'
}
{
  service: 'attendance-system',
  method: 'GET',
  url: '/?_t=1771831796331',
  statusCode: 200,
  duration: '17ms',
  contentLength: '2',
  level: 'info',
  message: 'Response',
  timestamp: '2026-02-23 12:59:56'
}
{
  service: 'attendance-system',
  method: 'GET',
  url: '/api/announcements?_t=1771831796362',
  ip: '127.0.0.1',
  userAgent: 'Mozilla/5.0 (Windows NT 10.0; Win64; x64) AppleWebKit/537.36 (KHTML, like Gecko) Chrome/145.0.0.0 Safari/537.36',
  timestamp: '2026-02-23 12:59:56',
  level: 'info',
  message: 'Request'
}
{
  service: 'attendance-system',
  method: 'GET',
  url: '/?_t=1771831796362',
  statusCode: 200,
  duration: '29ms',
  contentLength: '2',
  level: 'info',
  message: 'Response',
  timestamp: '2026-02-23 12:59:56'
}
{
  service: 'attendance-system',
  method: 'GET',
  url: '/api/announcements?_t=1771831818796',
  ip: '127.0.0.1',
  userAgent: 'Mozilla/5.0 (Windows NT 10.0; Win64; x64) AppleWebKit/537.36 (KHTML, like Gecko) Chrome/145.0.0.0 Safari/537.36 Edg/145.0.0.0',
  timestamp: '2026-02-23 13:00:18',
  level: 'info',
  message: 'Request'
}
{
  service: 'attendance-system',
  method: 'GET',
  url: '/?_t=1771831818796',
  statusCode: 200,
  duration: '16ms',
  contentLength: '2',
  level: 'info',
  message: 'Response',
  timestamp: '2026-02-23 13:00:18'
}
{
  service: 'attendance-system',
  method: 'GET',
  url: '/api/announcements?_t=1771831845127',
  ip: '127.0.0.1',
  userAgent: 'Mozilla/5.0 (Windows NT 10.0; Win64; x64) AppleWebKit/537.36 (KHTML, like Gecko) Chrome/145.0.0.0 Safari/537.36 Edg/145.0.0.0',
  timestamp: '2026-02-23 13:00:45',
  level: 'info',
  message: 'Request'
}
{
  service: 'attendance-system',
  method: 'GET',
  url: '/?_t=1771831845127',
  statusCode: 200,
  duration: '16ms',
  contentLength: '2',
  level: 'info',
  message: 'Response',
  timestamp: '2026-02-23 13:00:45'
}
{
  service: 'attendance-system',
  method: 'GET',
  url: '/api/announcements?_t=1771831856382',
  ip: '127.0.0.1',
  userAgent: 'Mozilla/5.0 (Windows NT 10.0; Win64; x64) AppleWebKit/537.36 (KHTML, like Gecko) Chrome/145.0.0.0 Safari/537.36',
  timestamp: '2026-02-23 13:00:56',
  level: 'info',
  message: 'Request'
}
{
  service: 'attendance-system',
  method: 'GET',
  url: '/?_t=1771831856382',
  statusCode: 200,
  duration: '14ms',
  contentLength: '2',
  level: 'info',
  message: 'Response',
  timestamp: '2026-02-23 13:00:56'
}
{
  service: 'attendance-system',
  method: 'GET',
  url: '/api/attendance/summary?startDate=2026-02-01&endDate=2026-02-28&userId=693d39a2da051f96635ac9ad&includeHolidays=true&_t=1771831858845',
  ip: '127.0.0.1',
  userAgent: 'Mozilla/5.0 (Windows NT 10.0; Win64; x64) AppleWebKit/537.36 (KHTML, like Gecko) Chrome/145.0.0.0 Safari/537.36 Edg/145.0.0.0',
  timestamp: '2026-02-23 13:00:58',
  level: 'info',
  message: 'Request'
}
{
  service: 'attendance-system',
  method: 'GET',
  url: '/summary?startDate=2026-02-01&endDate=2026-02-28&userId=693d39a2da051f96635ac9ad&includeHolidays=true&_t=1771831858845',
  statusCode: 200,
  duration: '120ms',
  contentLength: '27636',
  level: 'info',
  message: 'Response',
  timestamp: '2026-02-23 13:00:58'
}
{
  service: 'attendance-system',
  method: 'GET',
  url: '/api/attendance/summary?startDate=2026-02-01&endDate=2026-02-28&userId=69411c40ba2a6021f52cc281&includeHolidays=true&_t=1771831862595',
  ip: '127.0.0.1',
  userAgent: 'Mozilla/5.0 (Windows NT 10.0; Win64; x64) AppleWebKit/537.36 (KHTML, like Gecko) Chrome/145.0.0.0 Safari/537.36 Edg/145.0.0.0',
  timestamp: '2026-02-23 13:01:02',
  level: 'info',
  message: 'Request'
}
{
  service: 'attendance-system',
  method: 'GET',
  url: '/summary?startDate=2026-02-01&endDate=2026-02-28&userId=69411c40ba2a6021f52cc281&includeHolidays=true&_t=1771831862595',
  statusCode: 200,
  duration: '103ms',
  contentLength: '30046',
  level: 'info',
  message: 'Response',
  timestamp: '2026-02-23 13:01:02'
}
{
  service: 'attendance-system',
  method: 'GET',
  url: '/api/attendance/summary?startDate=2026-02-01&endDate=2026-02-28&userId=6941045980ae214ab2b6b606&includeHolidays=true&_t=1771831865900',
  ip: '127.0.0.1',
  userAgent: 'Mozilla/5.0 (Windows NT 10.0; Win64; x64) AppleWebKit/537.36 (KHTML, like Gecko) Chrome/145.0.0.0 Safari/537.36 Edg/145.0.0.0',
  timestamp: '2026-02-23 13:01:05',
  level: 'info',
  message: 'Request'
}
{
  service: 'attendance-system',
  method: 'GET',
  url: '/summary?startDate=2026-02-01&endDate=2026-02-28&userId=6941045980ae214ab2b6b606&includeHolidays=true&_t=1771831865900',
  statusCode: 200,
  duration: '122ms',
  contentLength: '27726',
  level: 'info',
  message: 'Response',
  timestamp: '2026-02-23 13:01:06'
}
{
  service: 'attendance-system',
  method: 'GET',
  url: '/api/attendance/summary?startDate=2026-02-01&endDate=2026-02-28&userId=690b551dab52086e45b50d84&includeHolidays=true&_t=1771831872182',
  ip: '127.0.0.1',
  userAgent: 'Mozilla/5.0 (Windows NT 10.0; Win64; x64) AppleWebKit/537.36 (KHTML, like Gecko) Chrome/145.0.0.0 Safari/537.36 Edg/145.0.0.0',
  timestamp: '2026-02-23 13:01:12',
  level: 'info',
  message: 'Request'
}
{
  service: 'attendance-system',
  method: 'GET',
  url: '/summary?startDate=2026-02-01&endDate=2026-02-28&userId=690b551dab52086e45b50d84&includeHolidays=true&_t=1771831872182',
  statusCode: 200,
  duration: '137ms',
  contentLength: '27458',
  level: 'info',
  message: 'Response',
  timestamp: '2026-02-23 13:01:12'
}
{
  service: 'attendance-system',
  method: 'GET',
  url: '/api/announcements?_t=1771831875130',
  ip: '127.0.0.1',
  userAgent: 'Mozilla/5.0 (Windows NT 10.0; Win64; x64) AppleWebKit/537.36 (KHTML, like Gecko) Chrome/145.0.0.0 Safari/537.36 Edg/145.0.0.0',
  timestamp: '2026-02-23 13:01:15',
  level: 'info',
  message: 'Request'
}
{
  service: 'attendance-system',
  method: 'GET',
  url: '/?_t=1771831875130',
  statusCode: 200,
  duration: '13ms',
  contentLength: '2',
  level: 'info',
  message: 'Response',
  timestamp: '2026-02-23 13:01:15'
}
{
  service: 'attendance-system',
  method: 'GET',
  url: '/api/attendance/summary?startDate=2026-02-01&endDate=2026-02-28&userId=6908a3e9549111e069b67f80&includeHolidays=true&_t=1771831883669',
  ip: '127.0.0.1',
  userAgent: 'Mozilla/5.0 (Windows NT 10.0; Win64; x64) AppleWebKit/537.36 (KHTML, like Gecko) Chrome/145.0.0.0 Safari/537.36 Edg/145.0.0.0',
  timestamp: '2026-02-23 13:01:23',
  level: 'info',
  message: 'Request'
}
{
  service: 'attendance-system',
  method: 'GET',
  url: '/summary?startDate=2026-02-01&endDate=2026-02-28&userId=6908a3e9549111e069b67f80&includeHolidays=true&_t=1771831883669',
  statusCode: 200,
  duration: '88ms',
  contentLength: '27336',
  level: 'info',
  message: 'Response',
  timestamp: '2026-02-23 13:01:23'
}
{
  service: 'attendance-system',
  method: 'GET',
  url: '/api/attendance/summary?startDate=2026-02-01&endDate=2026-02-28&userId=69411d64ba2a6021f52cc9c8&includeHolidays=true&_t=1771831887509',
  ip: '127.0.0.1',
  userAgent: 'Mozilla/5.0 (Windows NT 10.0; Win64; x64) AppleWebKit/537.36 (KHTML, like Gecko) Chrome/145.0.0.0 Safari/537.36 Edg/145.0.0.0',
  timestamp: '2026-02-23 13:01:27',
  level: 'info',
  message: 'Request'
}
{
  service: 'attendance-system',
  method: 'GET',
  url: '/summary?startDate=2026-02-01&endDate=2026-02-28&userId=69411d64ba2a6021f52cc9c8&includeHolidays=true&_t=1771831887509',
  statusCode: 200,
  duration: '73ms',
  contentLength: '27480',
  level: 'info',
  message: 'Response',
  timestamp: '2026-02-23 13:01:27'
}
{
  service: 'attendance-system',
  method: 'GET',
  url: '/api/attendance/summary?startDate=2026-02-01&endDate=2026-02-28&userId=687ddeb737735aa0fc5be0b7&includeHolidays=true&_t=1771831897837',
  ip: '127.0.0.1',
  userAgent: 'Mozilla/5.0 (Windows NT 10.0; Win64; x64) AppleWebKit/537.36 (KHTML, like Gecko) Chrome/145.0.0.0 Safari/537.36 Edg/145.0.0.0',
  timestamp: '2026-02-23 13:01:37',
  level: 'info',
  message: 'Request'
}
{
  service: 'attendance-system',
  method: 'GET',
  url: '/summary?startDate=2026-02-01&endDate=2026-02-28&userId=687ddeb737735aa0fc5be0b7&includeHolidays=true&_t=1771831897837',
  statusCode: 200,
  duration: '98ms',
  contentLength: '28535',
  level: 'info',
  message: 'Response',
  timestamp: '2026-02-23 13:01:37'
}
{
  service: 'attendance-system',
  method: 'GET',
  url: '/api/attendance/summary?startDate=2026-02-01&endDate=2026-02-28&userId=69411e1cba2a6021f52cce7b&includeHolidays=true&_t=1771831902730',
  ip: '127.0.0.1',
  userAgent: 'Mozilla/5.0 (Windows NT 10.0; Win64; x64) AppleWebKit/537.36 (KHTML, like Gecko) Chrome/145.0.0.0 Safari/537.36 Edg/145.0.0.0',
  timestamp: '2026-02-23 13:01:42',
  level: 'info',
  message: 'Request'
}
{
  service: 'attendance-system',
  method: 'GET',
  url: '/summary?startDate=2026-02-01&endDate=2026-02-28&userId=69411e1cba2a6021f52cce7b&includeHolidays=true&_t=1771831902730',
  statusCode: 200,
  duration: '71ms',
  contentLength: '26241',
  level: 'info',
  message: 'Response',
  timestamp: '2026-02-23 13:01:42'
}
{
  service: 'attendance-system',
  method: 'GET',
  url: '/api/announcements?_t=1771831905127',
  ip: '127.0.0.1',
  userAgent: 'Mozilla/5.0 (Windows NT 10.0; Win64; x64) AppleWebKit/537.36 (KHTML, like Gecko) Chrome/145.0.0.0 Safari/537.36 Edg/145.0.0.0',
  timestamp: '2026-02-23 13:01:45',
  level: 'info',
  message: 'Request'
}
{
  service: 'attendance-system',
  method: 'GET',
  url: '/?_t=1771831905127',
  statusCode: 200,
  duration: '12ms',
  contentLength: '2',
  level: 'info',
  message: 'Response',
  timestamp: '2026-02-23 13:01:45'
}
{
  service: 'attendance-system',
  method: 'GET',
  url: '/api/attendance/summary?startDate=2026-02-01&endDate=2026-02-28&userId=687f2517a9dfd2a01b782b6d&includeHolidays=true&_t=1771831907683',
  ip: '127.0.0.1',
  userAgent: 'Mozilla/5.0 (Windows NT 10.0; Win64; x64) AppleWebKit/537.36 (KHTML, like Gecko) Chrome/145.0.0.0 Safari/537.36 Edg/145.0.0.0',
  timestamp: '2026-02-23 13:01:47',
  level: 'info',
  message: 'Request'
}
{
  service: 'attendance-system',
  method: 'GET',
  url: '/summary?startDate=2026-02-01&endDate=2026-02-28&userId=687f2517a9dfd2a01b782b6d&includeHolidays=true&_t=1771831907683',
  statusCode: 200,
  duration: '141ms',
  contentLength: '28027',
  level: 'info',
  message: 'Response',
  timestamp: '2026-02-23 13:01:47'
}
{
  service: 'attendance-system',
  method: 'GET',
  url: '/api/attendance/summary?startDate=2026-02-01&endDate=2026-02-28&userId=696488b2d087dadec66dea33&includeHolidays=true&_t=1771831910331',
  ip: '127.0.0.1',
  userAgent: 'Mozilla/5.0 (Windows NT 10.0; Win64; x64) AppleWebKit/537.36 (KHTML, like Gecko) Chrome/145.0.0.0 Safari/537.36 Edg/145.0.0.0',
  timestamp: '2026-02-23 13:01:50',
  level: 'info',
  message: 'Request'
}
{
  service: 'attendance-system',
  method: 'GET',
  url: '/summary?startDate=2026-02-01&endDate=2026-02-28&userId=696488b2d087dadec66dea33&includeHolidays=true&_t=1771831910331',
  statusCode: 200,
  duration: '79ms',
  contentLength: '27468',
  level: 'info',
  message: 'Response',
  timestamp: '2026-02-23 13:01:50'
}
{
  service: 'attendance-system',
  method: 'GET',
  url: '/api/attendance/summary?startDate=2026-02-01&endDate=2026-02-28&userId=687f797fcac0a473f5b46e07&includeHolidays=true&_t=1771831913171',
  ip: '127.0.0.1',
  userAgent: 'Mozilla/5.0 (Windows NT 10.0; Win64; x64) AppleWebKit/537.36 (KHTML, like Gecko) Chrome/145.0.0.0 Safari/537.36 Edg/145.0.0.0',
  timestamp: '2026-02-23 13:01:53',
  level: 'info',
  message: 'Request'
}
{
  service: 'attendance-system',
  method: 'GET',
  url: '/summary?startDate=2026-02-01&endDate=2026-02-28&userId=687f797fcac0a473f5b46e07&includeHolidays=true&_t=1771831913171',
  statusCode: 200,
  duration: '70ms',
  contentLength: '28205',
  level: 'info',
  message: 'Response',
  timestamp: '2026-02-23 13:01:53'
}
{
  service: 'attendance-system',
  method: 'GET',
  url: '/api/attendance/summary?startDate=2026-02-01&endDate=2026-02-28&userId=689c3e0088765df0f95b5807&includeHolidays=true&_t=1771831915614',
  ip: '127.0.0.1',
  userAgent: 'Mozilla/5.0 (Windows NT 10.0; Win64; x64) AppleWebKit/537.36 (KHTML, like Gecko) Chrome/145.0.0.0 Safari/537.36 Edg/145.0.0.0',
  timestamp: '2026-02-23 13:01:55',
  level: 'info',
  message: 'Request'
}
{
  service: 'attendance-system',
  method: 'GET',
  url: '/summary?startDate=2026-02-01&endDate=2026-02-28&userId=689c3e0088765df0f95b5807&includeHolidays=true&_t=1771831915614',
  statusCode: 200,
  duration: '79ms',
  contentLength: '27124',
  level: 'info',
  message: 'Response',
  timestamp: '2026-02-23 13:01:55'
}
{
  service: 'attendance-system',
  method: 'GET',
  url: '/api/announcements?_t=1771831916371',
  ip: '127.0.0.1',
  userAgent: 'Mozilla/5.0 (Windows NT 10.0; Win64; x64) AppleWebKit/537.36 (KHTML, like Gecko) Chrome/145.0.0.0 Safari/537.36',
  timestamp: '2026-02-23 13:01:56',
  level: 'info',
  message: 'Request'
}
{
  service: 'attendance-system',
  method: 'GET',
  url: '/?_t=1771831916371',
  statusCode: 200,
  duration: '81ms',
  contentLength: '2',
  level: 'info',
  message: 'Response',
  timestamp: '2026-02-23 13:01:56'
}
{
  service: 'attendance-system',
  method: 'GET',
  url: '/api/attendance/summary?startDate=2026-02-01&endDate=2026-02-28&userId=695b46534ac1620473c44c18&includeHolidays=true&_t=1771831918850',
  ip: '127.0.0.1',
  userAgent: 'Mozilla/5.0 (Windows NT 10.0; Win64; x64) AppleWebKit/537.36 (KHTML, like Gecko) Chrome/145.0.0.0 Safari/537.36 Edg/145.0.0.0',
  timestamp: '2026-02-23 13:01:58',
  level: 'info',
  message: 'Request'
}
{
  service: 'attendance-system',
  method: 'GET',
  url: '/summary?startDate=2026-02-01&endDate=2026-02-28&userId=695b46534ac1620473c44c18&includeHolidays=true&_t=1771831918850',
  statusCode: 200,
  duration: '86ms',
  contentLength: '27636',
  level: 'info',
  message: 'Response',
  timestamp: '2026-02-23 13:01:58'
}
{
  service: 'attendance-system',
  method: 'GET',
  url: '/api/attendance/summary?startDate=2026-02-01&endDate=2026-02-28&userId=696878fc2110792cfcbd78df&includeHolidays=true&_t=1771831921725',
  ip: '127.0.0.1',
  userAgent: 'Mozilla/5.0 (Windows NT 10.0; Win64; x64) AppleWebKit/537.36 (KHTML, like Gecko) Chrome/145.0.0.0 Safari/537.36 Edg/145.0.0.0',
  timestamp: '2026-02-23 13:02:01',
  level: 'info',
  message: 'Request'
}
{
  service: 'attendance-system',
  method: 'GET',
  url: '/summary?startDate=2026-02-01&endDate=2026-02-28&userId=696878fc2110792cfcbd78df&includeHolidays=true&_t=1771831921725',
  statusCode: 200,
  duration: '62ms',
  contentLength: '25615',
  level: 'info',
  message: 'Response',
  timestamp: '2026-02-23 13:02:01'
}
{
  service: 'attendance-system',
  method: 'GET',
  url: '/api/attendance/summary?startDate=2026-02-01&endDate=2026-02-28&userId=693d3a2fda051f96635ac9c9&includeHolidays=true&_t=1771831925795',
  ip: '127.0.0.1',
  userAgent: 'Mozilla/5.0 (Windows NT 10.0; Win64; x64) AppleWebKit/537.36 (KHTML, like Gecko) Chrome/145.0.0.0 Safari/537.36 Edg/145.0.0.0',
  timestamp: '2026-02-23 13:02:05',
  level: 'info',
  message: 'Request'
}
{
  service: 'attendance-system',
  method: 'GET',
  url: '/summary?startDate=2026-02-01&endDate=2026-02-28&userId=693d3a2fda051f96635ac9c9&includeHolidays=true&_t=1771831925795',
  statusCode: 200,
  duration: '73ms',
  contentLength: '28614',
  level: 'info',
  message: 'Response',
  timestamp: '2026-02-23 13:02:05'
}
{
  service: 'attendance-system',
  method: 'GET',
  url: '/api/announcements?_t=1771831935128',
  ip: '127.0.0.1',
  userAgent: 'Mozilla/5.0 (Windows NT 10.0; Win64; x64) AppleWebKit/537.36 (KHTML, like Gecko) Chrome/145.0.0.0 Safari/537.36 Edg/145.0.0.0',
  timestamp: '2026-02-23 13:02:15',
  level: 'info',
  message: 'Request'
}
{
  service: 'attendance-system',
  method: 'GET',
  url: '/?_t=1771831935128',
  statusCode: 200,
  duration: '13ms',
  contentLength: '2',
  level: 'info',
  message: 'Response',
  timestamp: '2026-02-23 13:02:15'
}
{
  service: 'attendance-system',
  method: 'GET',
  url: '/api/attendance/summary?startDate=2026-02-01&endDate=2026-02-28&userId=69410d7e64c128d40118fa8d&includeHolidays=true&_t=1771831940188',
  ip: '127.0.0.1',
  userAgent: 'Mozilla/5.0 (Windows NT 10.0; Win64; x64) AppleWebKit/537.36 (KHTML, like Gecko) Chrome/145.0.0.0 Safari/537.36 Edg/145.0.0.0',
  timestamp: '2026-02-23 13:02:20',
  level: 'info',
  message: 'Request'
}
{
  service: 'attendance-system',
  method: 'GET',
  url: '/summary?startDate=2026-02-01&endDate=2026-02-28&userId=69410d7e64c128d40118fa8d&includeHolidays=true&_t=1771831940188',
  statusCode: 200,
  duration: '86ms',
  contentLength: '27924',
  level: 'info',
  message: 'Response',
  timestamp: '2026-02-23 13:02:20'
}
{
  service: 'attendance-system',
  method: 'GET',
  url: '/api/announcements?_t=1771831965130',
  ip: '127.0.0.1',
  userAgent: 'Mozilla/5.0 (Windows NT 10.0; Win64; x64) AppleWebKit/537.36 (KHTML, like Gecko) Chrome/145.0.0.0 Safari/537.36 Edg/145.0.0.0',
  timestamp: '2026-02-23 13:02:45',
  level: 'info',
  message: 'Request'
}
{
  service: 'attendance-system',
  method: 'GET',
  url: '/?_t=1771831965130',
  statusCode: 200,
  duration: '14ms',
  contentLength: '2',
  level: 'info',
  message: 'Response',
  timestamp: '2026-02-23 13:02:45'
}
{
  service: 'attendance-system',
  method: 'GET',
  url: '/api/announcements?_t=1771831976357',
  ip: '127.0.0.1',
  userAgent: 'Mozilla/5.0 (Windows NT 10.0; Win64; x64) AppleWebKit/537.36 (KHTML, like Gecko) Chrome/145.0.0.0 Safari/537.36',
  timestamp: '2026-02-23 13:02:56',
  level: 'info',
  message: 'Request'
}
{
  service: 'attendance-system',
  method: 'GET',
  url: '/?_t=1771831976357',
  statusCode: 200,
  duration: '12ms',
  contentLength: '2',
  level: 'info',
  message: 'Response',
  timestamp: '2026-02-23 13:02:56'
}
{
  service: 'attendance-system',
  method: 'GET',
  url: '/api/attendance/summary?startDate=2026-02-01&endDate=2026-02-28&userId=696a16538b528459b1ebf42a&includeHolidays=true&_t=1771831987326',
  ip: '127.0.0.1',
  userAgent: 'Mozilla/5.0 (Windows NT 10.0; Win64; x64) AppleWebKit/537.36 (KHTML, like Gecko) Chrome/145.0.0.0 Safari/537.36 Edg/145.0.0.0',
  timestamp: '2026-02-23 13:03:07',
  level: 'info',
  message: 'Request'
}
{
  service: 'attendance-system',
  method: 'GET',
  url: '/summary?startDate=2026-02-01&endDate=2026-02-28&userId=696a16538b528459b1ebf42a&includeHolidays=true&_t=1771831987326',
  statusCode: 200,
  duration: '63ms',
  contentLength: '27855',
  level: 'info',
  message: 'Response',
  timestamp: '2026-02-23 13:03:07'
}
{
  service: 'attendance-system',
  method: 'GET',
  url: '/api/attendance/summary?startDate=2026-02-01&endDate=2026-02-28&userId=693d39ebda051f96635ac9bb&includeHolidays=true&_t=1771831991310',
  ip: '127.0.0.1',
  userAgent: 'Mozilla/5.0 (Windows NT 10.0; Win64; x64) AppleWebKit/537.36 (KHTML, like Gecko) Chrome/145.0.0.0 Safari/537.36 Edg/145.0.0.0',
  timestamp: '2026-02-23 13:03:11',
  level: 'info',
  message: 'Request'
}
{
  service: 'attendance-system',
  method: 'GET',
  url: '/summary?startDate=2026-02-01&endDate=2026-02-28&userId=693d39ebda051f96635ac9bb&includeHolidays=true&_t=1771831991310',
  statusCode: 200,
  duration: '59ms',
  contentLength: '27643',
  level: 'info',
  message: 'Response',
  timestamp: '2026-02-23 13:03:11'
}
{
  service: 'attendance-system',
  method: 'GET',
  url: '/api/attendance/summary?startDate=2026-02-01&endDate=2026-02-28&userId=69411cc1ba2a6021f52cc6a8&includeHolidays=true&_t=1771831993531',
  ip: '127.0.0.1',
  userAgent: 'Mozilla/5.0 (Windows NT 10.0; Win64; x64) AppleWebKit/537.36 (KHTML, like Gecko) Chrome/145.0.0.0 Safari/537.36 Edg/145.0.0.0',
  timestamp: '2026-02-23 13:03:13',
  level: 'info',
  message: 'Request'
}
{
  service: 'attendance-system',
  method: 'GET',
  url: '/summary?startDate=2026-02-01&endDate=2026-02-28&userId=69411cc1ba2a6021f52cc6a8&includeHolidays=true&_t=1771831993531',
  statusCode: 200,
  duration: '57ms',
  contentLength: '29092',
  level: 'info',
  message: 'Response',
  timestamp: '2026-02-23 13:03:13'
}
{
  service: 'attendance-system',
  method: 'GET',
  url: '/api/announcements?_t=1771831995128',
  ip: '127.0.0.1',
  userAgent: 'Mozilla/5.0 (Windows NT 10.0; Win64; x64) AppleWebKit/537.36 (KHTML, like Gecko) Chrome/145.0.0.0 Safari/537.36 Edg/145.0.0.0',
  timestamp: '2026-02-23 13:03:15',
  level: 'info',
  message: 'Request'
}
{
  service: 'attendance-system',
  method: 'GET',
  url: '/?_t=1771831995128',
  statusCode: 200,
  duration: '11ms',
  contentLength: '2',
  level: 'info',
  message: 'Response',
  timestamp: '2026-02-23 13:03:15'
}
{
  service: 'attendance-system',
  method: 'GET',
  url: '/api/attendance/summary?startDate=2026-02-01&endDate=2026-02-28&userId=6964895ed087dadec66dec30&includeHolidays=true&_t=1771832005365',
  ip: '127.0.0.1',
  userAgent: 'Mozilla/5.0 (Windows NT 10.0; Win64; x64) AppleWebKit/537.36 (KHTML, like Gecko) Chrome/145.0.0.0 Safari/537.36 Edg/145.0.0.0',
  timestamp: '2026-02-23 13:03:25',
  level: 'info',
  message: 'Request'
}
{
  service: 'attendance-system',
  method: 'GET',
  url: '/summary?startDate=2026-02-01&endDate=2026-02-28&userId=6964895ed087dadec66dec30&includeHolidays=true&_t=1771832005365',
  statusCode: 200,
  duration: '60ms',
  contentLength: '26236',
  level: 'info',
  message: 'Response',
  timestamp: '2026-02-23 13:03:25'
}
{
  service: 'attendance-system',
  method: 'GET',
  url: '/api/attendance/summary?startDate=2026-02-01&endDate=2026-02-28&userId=689ddd2e35a11aee6a182009&includeHolidays=true&_t=1771832011192',
  ip: '127.0.0.1',
  userAgent: 'Mozilla/5.0 (Windows NT 10.0; Win64; x64) AppleWebKit/537.36 (KHTML, like Gecko) Chrome/145.0.0.0 Safari/537.36 Edg/145.0.0.0',
  timestamp: '2026-02-23 13:03:31',
  level: 'info',
  message: 'Request'
}
{
  service: 'attendance-system',
  method: 'GET',
  url: '/summary?startDate=2026-02-01&endDate=2026-02-28&userId=689ddd2e35a11aee6a182009&includeHolidays=true&_t=1771832011192',
  statusCode: 200,
  duration: '56ms',
  contentLength: '28531',
  level: 'info',
  message: 'Response',
  timestamp: '2026-02-23 13:03:31'
}
{
  service: 'attendance-system',
  method: 'GET',
  url: '/api/attendance/summary?startDate=2026-02-01&endDate=2026-02-28&userId=691177970f3bc7c194c6c8bc&includeHolidays=true&_t=1771832022206',
  ip: '127.0.0.1',
  userAgent: 'Mozilla/5.0 (Windows NT 10.0; Win64; x64) AppleWebKit/537.36 (KHTML, like Gecko) Chrome/145.0.0.0 Safari/537.36 Edg/145.0.0.0',
  timestamp: '2026-02-23 13:03:42',
  level: 'info',
  message: 'Request'
}
{
  service: 'attendance-system',
  method: 'GET',
  url: '/summary?startDate=2026-02-01&endDate=2026-02-28&userId=691177970f3bc7c194c6c8bc&includeHolidays=true&_t=1771832022206',
  statusCode: 200,
  duration: '60ms',
  contentLength: '27652',
  level: 'info',
  message: 'Response',
  timestamp: '2026-02-23 13:03:42'
}
{
  service: 'attendance-system',
  method: 'GET',
  url: '/api/announcements?_t=1771832025130',
  ip: '127.0.0.1',
  userAgent: 'Mozilla/5.0 (Windows NT 10.0; Win64; x64) AppleWebKit/537.36 (KHTML, like Gecko) Chrome/145.0.0.0 Safari/537.36 Edg/145.0.0.0',
  timestamp: '2026-02-23 13:03:45',
  level: 'info',
  message: 'Request'
}
{
  service: 'attendance-system',
  method: 'GET',
  url: '/?_t=1771832025130',
  statusCode: 200,
  duration: '18ms',
  contentLength: '2',
  level: 'info',
  message: 'Response',
  timestamp: '2026-02-23 13:03:45'
}
{
  service: 'attendance-system',
  method: 'GET',
  url: '/api/attendance/summary?startDate=2026-02-01&endDate=2026-02-28&userId=691af3d1469c22f64733dcf2&includeHolidays=true&_t=1771832025374',
  ip: '127.0.0.1',
  userAgent: 'Mozilla/5.0 (Windows NT 10.0; Win64; x64) AppleWebKit/537.36 (KHTML, like Gecko) Chrome/145.0.0.0 Safari/537.36 Edg/145.0.0.0',
  timestamp: '2026-02-23 13:03:45',
  level: 'info',
  message: 'Request'
}
{
  service: 'attendance-system',
  method: 'GET',
  url: '/summary?startDate=2026-02-01&endDate=2026-02-28&userId=691af3d1469c22f64733dcf2&includeHolidays=true&_t=1771832025374',
  statusCode: 200,
  duration: '69ms',
  contentLength: '28813',
  level: 'info',
  message: 'Response',
  timestamp: '2026-02-23 13:03:45'
}
{
  service: 'attendance-system',
  method: 'GET',
  url: '/api/attendance/summary?startDate=2026-02-01&endDate=2026-02-28&userId=69410c9971a1865b60b1095f&includeHolidays=true&_t=1771832030710',
  ip: '127.0.0.1',
  userAgent: 'Mozilla/5.0 (Windows NT 10.0; Win64; x64) AppleWebKit/537.36 (KHTML, like Gecko) Chrome/145.0.0.0 Safari/537.36 Edg/145.0.0.0',
  timestamp: '2026-02-23 13:03:50',
  level: 'info',
  message: 'Request'
}
{
  service: 'attendance-system',
  method: 'GET',
  url: '/summary?startDate=2026-02-01&endDate=2026-02-28&userId=69410c9971a1865b60b1095f&includeHolidays=true&_t=1771832030710',
  statusCode: 200,
  duration: '58ms',
  contentLength: '28520',
  level: 'info',
  message: 'Response',
  timestamp: '2026-02-23 13:03:50'
}
{
  service: 'attendance-system',
  method: 'GET',
  url: '/api/attendance/summary?startDate=2026-02-01&endDate=2026-02-28&userId=69411dc3ba2a6021f52ccc6b&includeHolidays=true&_t=1771832035479',
  ip: '127.0.0.1',
  userAgent: 'Mozilla/5.0 (Windows NT 10.0; Win64; x64) AppleWebKit/537.36 (KHTML, like Gecko) Chrome/145.0.0.0 Safari/537.36 Edg/145.0.0.0',
  timestamp: '2026-02-23 13:03:55',
  level: 'info',
  message: 'Request'
}
{
  service: 'attendance-system',
  method: 'GET',
  url: '/summary?startDate=2026-02-01&endDate=2026-02-28&userId=69411dc3ba2a6021f52ccc6b&includeHolidays=true&_t=1771832035479',
  statusCode: 200,
  duration: '66ms',
  contentLength: '28587',
  level: 'info',
  message: 'Response',
  timestamp: '2026-02-23 13:03:55'
}
{
  service: 'attendance-system',
  method: 'GET',
  url: '/api/announcements?_t=1771832036358',
  ip: '127.0.0.1',
  userAgent: 'Mozilla/5.0 (Windows NT 10.0; Win64; x64) AppleWebKit/537.36 (KHTML, like Gecko) Chrome/145.0.0.0 Safari/537.36',
  timestamp: '2026-02-23 13:03:56',
  level: 'info',
  message: 'Request'
}
{
  service: 'attendance-system',
  method: 'GET',
  url: '/?_t=1771832036358',
  statusCode: 200,
  duration: '14ms',
  contentLength: '2',
  level: 'info',
  message: 'Response',
  timestamp: '2026-02-23 13:03:56'
}
{
  service: 'attendance-system',
  method: 'GET',
  url: '/api/attendance/summary?startDate=2026-02-01&endDate=2026-02-28&userId=69411d12ba2a6021f52cc87f&includeHolidays=true&_t=1771832038487',
  ip: '127.0.0.1',
  userAgent: 'Mozilla/5.0 (Windows NT 10.0; Win64; x64) AppleWebKit/537.36 (KHTML, like Gecko) Chrome/145.0.0.0 Safari/537.36 Edg/145.0.0.0',
  timestamp: '2026-02-23 13:03:58',
  level: 'info',
  message: 'Request'
}
{
  service: 'attendance-system',
  method: 'GET',
  url: '/summary?startDate=2026-02-01&endDate=2026-02-28&userId=69411d12ba2a6021f52cc87f&includeHolidays=true&_t=1771832038487',
  statusCode: 200,
  duration: '62ms',
  contentLength: '26995',
  level: 'info',
  message: 'Response',
  timestamp: '2026-02-23 13:03:58'
}
{
  service: 'attendance-system',
  method: 'GET',
  url: '/api/attendance/summary?startDate=2026-02-01&endDate=2026-02-28&userId=69411dc3ba2a6021f52ccc6b&includeHolidays=true&_t=1771832042206',
  ip: '127.0.0.1',
  userAgent: 'Mozilla/5.0 (Windows NT 10.0; Win64; x64) AppleWebKit/537.36 (KHTML, like Gecko) Chrome/145.0.0.0 Safari/537.36 Edg/145.0.0.0',
  timestamp: '2026-02-23 13:04:02',
  level: 'info',
  message: 'Request'
}
{
  service: 'attendance-system',
  method: 'GET',
  url: '/summary?startDate=2026-02-01&endDate=2026-02-28&userId=69411dc3ba2a6021f52ccc6b&includeHolidays=true&_t=1771832042206',
  statusCode: 200,
  duration: '63ms',
  contentLength: '28587',
  level: 'info',
  message: 'Response',
  timestamp: '2026-02-23 13:04:02'
}
{
  service: 'attendance-system',
  method: 'GET',
  url: '/api/attendance/summary?startDate=2026-02-01&endDate=2026-02-28&userId=691177e10f3bc7c194c6c990&includeHolidays=true&_t=1771832045093',
  ip: '127.0.0.1',
  userAgent: 'Mozilla/5.0 (Windows NT 10.0; Win64; x64) AppleWebKit/537.36 (KHTML, like Gecko) Chrome/145.0.0.0 Safari/537.36 Edg/145.0.0.0',
  timestamp: '2026-02-23 13:04:05',
  level: 'info',
  message: 'Request'
}
{
  service: 'attendance-system',
  method: 'GET',
  url: '/summary?startDate=2026-02-01&endDate=2026-02-28&userId=691177e10f3bc7c194c6c990&includeHolidays=true&_t=1771832045093',
  statusCode: 200,
  duration: '57ms',
  contentLength: '26050',
  level: 'info',
  message: 'Response',
  timestamp: '2026-02-23 13:04:05'
}
{
  service: 'attendance-system',
  method: 'GET',
  url: '/api/attendance/summary?startDate=2026-02-01&endDate=2026-02-28&userId=693d3a77da051f96635ac9dc&includeHolidays=true&_t=1771832050439',
  ip: '127.0.0.1',
  userAgent: 'Mozilla/5.0 (Windows NT 10.0; Win64; x64) AppleWebKit/537.36 (KHTML, like Gecko) Chrome/145.0.0.0 Safari/537.36 Edg/145.0.0.0',
  timestamp: '2026-02-23 13:04:10',
  level: 'info',
  message: 'Request'
}
{
  service: 'attendance-system',
  method: 'GET',
  url: '/summary?startDate=2026-02-01&endDate=2026-02-28&userId=693d3a77da051f96635ac9dc&includeHolidays=true&_t=1771832050439',
  statusCode: 200,
  duration: '70ms',
  contentLength: '28736',
  level: 'info',
  message: 'Response',
  timestamp: '2026-02-23 13:04:10'
}
{
  service: 'attendance-system',
  method: 'GET',
  url: '/api/announcements?_t=1771832055140',
  ip: '127.0.0.1',
  userAgent: 'Mozilla/5.0 (Windows NT 10.0; Win64; x64) AppleWebKit/537.36 (KHTML, like Gecko) Chrome/145.0.0.0 Safari/537.36 Edg/145.0.0.0',
  timestamp: '2026-02-23 13:04:15',
  level: 'info',
  message: 'Request'
}
{
  service: 'attendance-system',
  method: 'GET',
  url: '/?_t=1771832055140',
  statusCode: 200,
  duration: '15ms',
  contentLength: '2',
  level: 'info',
  message: 'Response',
  timestamp: '2026-02-23 13:04:15'
}
{
  service: 'attendance-system',
  method: 'GET',
  url: '/api/announcements?_t=1771832085131',
  ip: '127.0.0.1',
  userAgent: 'Mozilla/5.0 (Windows NT 10.0; Win64; x64) AppleWebKit/537.36 (KHTML, like Gecko) Chrome/145.0.0.0 Safari/537.36 Edg/145.0.0.0',
  timestamp: '2026-02-23 13:04:45',
  level: 'info',
  message: 'Request'
}
{
  service: 'attendance-system',
  method: 'GET',
  url: '/?_t=1771832085131',
  statusCode: 200,
  duration: '14ms',
  contentLength: '2',
  level: 'info',
  message: 'Response',
  timestamp: '2026-02-23 13:04:45'
}
{
  service: 'attendance-system',
  method: 'GET',
  url: '/api/analytics/attendance?startDate=2026-02-01&endDate=2026-02-23&page=1&limit=50&_t=1771832090230',
  ip: '127.0.0.1',
  userAgent: 'Mozilla/5.0 (Windows NT 10.0; Win64; x64) AppleWebKit/537.36 (KHTML, like Gecko) Chrome/145.0.0.0 Safari/537.36 Edg/145.0.0.0',
  timestamp: '2026-02-23 13:04:50',
  level: 'info',
  message: 'Request'
}
{
  service: 'attendance-system',
  method: 'GET',
  url: '/attendance?startDate=2026-02-01&endDate=2026-02-23&page=1&limit=50&_t=1771832090230',
  statusCode: 200,
  duration: '1368ms',
  contentLength: '12635',
  level: 'info',
  message: 'Response',
  timestamp: '2026-02-23 13:04:51'
}
{
  service: 'attendance-system',
  method: 'GET',
  url: '/api/admin/employees?all=true&_t=1771832094003',
  ip: '127.0.0.1',
  userAgent: 'Mozilla/5.0 (Windows NT 10.0; Win64; x64) AppleWebKit/537.36 (KHTML, like Gecko) Chrome/145.0.0.0 Safari/537.36 Edg/145.0.0.0',
  timestamp: '2026-02-23 13:04:54',
  level: 'info',
  message: 'Request'
}
{
  service: 'attendance-system',
  method: 'GET',
  url: '/?all=true&_t=1771832094003',
  statusCode: 200,
  duration: '44ms',
  contentLength: '27292',
  level: 'info',
  message: 'Response',
  timestamp: '2026-02-23 13:04:54'
}
{
  service: 'attendance-system',
  method: 'GET',
  url: '/api/admin/employees?all=true&_t=1771832094003',
  ip: '127.0.0.1',
  userAgent: 'Mozilla/5.0 (Windows NT 10.0; Win64; x64) AppleWebKit/537.36 (KHTML, like Gecko) Chrome/145.0.0.0 Safari/537.36 Edg/145.0.0.0',
  timestamp: '2026-02-23 13:04:54',
  level: 'info',
  message: 'Request'
}
{
  service: 'attendance-system',
  method: 'GET',
  url: '/?all=true&_t=1771832094003',
  statusCode: 304,
  duration: '34ms',
  contentLength: 0,
  level: 'info',
  message: 'Response',
  timestamp: '2026-02-23 13:04:54'
}
{
  service: 'attendance-system',
  method: 'GET',
  url: '/api/admin/employees?all=true&_t=1771832095661',
  ip: '127.0.0.1',
  userAgent: 'Mozilla/5.0 (Windows NT 10.0; Win64; x64) AppleWebKit/537.36 (KHTML, like Gecko) Chrome/145.0.0.0 Safari/537.36 Edg/145.0.0.0',
  timestamp: '2026-02-23 13:04:55',
  level: 'info',
  message: 'Request'
}
{
  service: 'attendance-system',
  method: 'GET',
  url: '/api/admin/leaves/all?page=1&limit=10',
  ip: '127.0.0.1',
  userAgent: 'Mozilla/5.0 (Windows NT 10.0; Win64; x64) AppleWebKit/537.36 (KHTML, like Gecko) Chrome/145.0.0.0 Safari/537.36 Edg/145.0.0.0',
  timestamp: '2026-02-23 13:04:55',
  level: 'info',
  message: 'Request'
}
{
  service: 'attendance-system',
  method: 'GET',
  url: '/leaves/all?page=1&limit=10',
  statusCode: 304,
  duration: '32ms',
  contentLength: 0,
  level: 'info',
  message: 'Response',
  timestamp: '2026-02-23 13:04:55'
}
{
  service: 'attendance-system',
  method: 'GET',
  url: '/?all=true&_t=1771832095661',
  statusCode: 200,
  duration: '47ms',
  contentLength: '27292',
  level: 'info',
  message: 'Response',
  timestamp: '2026-02-23 13:04:55'
}
{
  service: 'attendance-system',
  method: 'GET',
  url: '/api/analytics/monthly-context-settings?_t=1771832095826',
  ip: '127.0.0.1',
  userAgent: 'Mozilla/5.0 (Windows NT 10.0; Win64; x64) AppleWebKit/537.36 (KHTML, like Gecko) Chrome/145.0.0.0 Safari/537.36 Edg/145.0.0.0',
  timestamp: '2026-02-23 13:04:55',
  level: 'info',
  message: 'Request'
}
{
  service: 'attendance-system',
  method: 'GET',
  path: '/analytics/monthly-context-settings',
  query: [Object: null prototype] { _t: '1771832095826' },
  headers: { authorization: 'present', origin: undefined },
  level: 'warn',
  message: '[404] API route not found: GET /analytics/monthly-context-settings',
  timestamp: '2026-02-23 13:04:55'
}
{
  service: 'attendance-system',
  method: 'GET',
  url: '/analytics/monthly-context-settings?_t=1771832095826',
  statusCode: 404,
  duration: '2ms',
  contentLength: '200',
  level: 'info',
  message: 'Response',
  timestamp: '2026-02-23 13:04:55'
}
{
  service: 'attendance-system',
  method: 'GET',
  url: '/api/analytics/monthly-context-settings?_t=1771832095826',
  ip: '127.0.0.1',
  userAgent: 'Mozilla/5.0 (Windows NT 10.0; Win64; x64) AppleWebKit/537.36 (KHTML, like Gecko) Chrome/145.0.0.0 Safari/537.36 Edg/145.0.0.0',
  timestamp: '2026-02-23 13:04:55',
  level: 'info',
  message: 'Request'
}
{
  service: 'attendance-system',
  method: 'GET',
  path: '/analytics/monthly-context-settings',
  query: [Object: null prototype] { _t: '1771832095826' },
  headers: { authorization: 'present', origin: undefined },
  level: 'warn',
  message: '[404] API route not found: GET /analytics/monthly-context-settings',
  timestamp: '2026-02-23 13:04:55'
}
{
  service: 'attendance-system',
  method: 'GET',
  url: '/analytics/monthly-context-settings?_t=1771832095826',
  statusCode: 404,
  duration: '2ms',
  contentLength: '200',
  level: 'info',
  message: 'Response',
  timestamp: '2026-02-23 13:04:55'
}
{
  service: 'attendance-system',
  method: 'GET',
  url: '/api/admin/leaves/analytics/counts?month=2&year=2026&role=Employee',
  ip: '127.0.0.1',
  userAgent: 'Mozilla/5.0 (Windows NT 10.0; Win64; x64) AppleWebKit/537.36 (KHTML, like Gecko) Chrome/145.0.0.0 Safari/537.36 Edg/145.0.0.0',
  timestamp: '2026-02-23 13:04:55',
  level: 'info',
  message: 'Request'
}
{
  service: 'attendance-system',
  method: 'GET',
  url: '/api/admin/leaves/analytics/counts?month=2&year=2026&role=Intern',
  ip: '127.0.0.1',
  userAgent: 'Mozilla/5.0 (Windows NT 10.0; Win64; x64) AppleWebKit/537.36 (KHTML, like Gecko) Chrome/145.0.0.0 Safari/537.36 Edg/145.0.0.0',
  timestamp: '2026-02-23 13:04:55',
  level: 'info',
  message: 'Request'
}
{
  service: 'attendance-system',
  method: 'GET',
  url: '/api/analytics/monthly-context-settings?_t=1771832095826',
  ip: '127.0.0.1',
  userAgent: 'Mozilla/5.0 (Windows NT 10.0; Win64; x64) AppleWebKit/537.36 (KHTML, like Gecko) Chrome/145.0.0.0 Safari/537.36 Edg/145.0.0.0',
  timestamp: '2026-02-23 13:04:55',
  level: 'info',
  message: 'Request'
}
{
  service: 'attendance-system',
  method: 'GET',
  path: '/analytics/monthly-context-settings',
  query: [Object: null prototype] { _t: '1771832095826' },
  headers: { authorization: 'present', origin: undefined },
  level: 'warn',
  message: '[404] API route not found: GET /analytics/monthly-context-settings',
  timestamp: '2026-02-23 13:04:55'
}
{
  service: 'attendance-system',
  method: 'GET',
  url: '/analytics/monthly-context-settings?_t=1771832095826',
  statusCode: 404,
  duration: '1ms',
  contentLength: '200',
  level: 'info',
  message: 'Response',
  timestamp: '2026-02-23 13:04:55'
}
{
  service: 'attendance-system',
  method: 'GET',
  url: '/api/analytics/monthly-context-settings?_t=1771832095826',
  ip: '127.0.0.1',
  userAgent: 'Mozilla/5.0 (Windows NT 10.0; Win64; x64) AppleWebKit/537.36 (KHTML, like Gecko) Chrome/145.0.0.0 Safari/537.36 Edg/145.0.0.0',
  timestamp: '2026-02-23 13:04:55',
  level: 'info',
  message: 'Request'
}
{
  service: 'attendance-system',
  method: 'GET',
  path: '/analytics/monthly-context-settings',
  query: [Object: null prototype] { _t: '1771832095826' },
  headers: { authorization: 'present', origin: undefined },
  level: 'warn',
  message: '[404] API route not found: GET /analytics/monthly-context-settings',
  timestamp: '2026-02-23 13:04:55'
}
{
  service: 'attendance-system',
  method: 'GET',
  url: '/analytics/monthly-context-settings?_t=1771832095826',
  statusCode: 404,
  duration: '1ms',
  contentLength: '200',
  level: 'info',
  message: 'Response',
  timestamp: '2026-02-23 13:04:55'
}
{
  service: 'attendance-system',
  method: 'GET',
  url: '/leaves/analytics/counts?month=2&year=2026&role=Employee',
  statusCode: 200,
  duration: '25ms',
  contentLength: '1932',
  level: 'info',
  message: 'Response',
  timestamp: '2026-02-23 13:04:55'
}
{
  service: 'attendance-system',
  method: 'GET',
  url: '/leaves/analytics/counts?month=2&year=2026&role=Intern',
  statusCode: 304,
  duration: '20ms',
  contentLength: 0,
  level: 'info',
  message: 'Response',
  timestamp: '2026-02-23 13:04:55'
}
{
  service: 'attendance-system',
  method: 'GET',
  url: '/api/attendance/actual-work-days?month=2&year=2026&_t=1771832095924',
  ip: '127.0.0.1',
  userAgent: 'Mozilla/5.0 (Windows NT 10.0; Win64; x64) AppleWebKit/537.36 (KHTML, like Gecko) Chrome/145.0.0.0 Safari/537.36 Edg/145.0.0.0',
  timestamp: '2026-02-23 13:04:55',
  level: 'info',
  message: 'Request'
}
{
  service: 'attendance-system',
  method: 'GET',
  url: '/actual-work-days?month=2&year=2026&_t=1771832095924',
  statusCode: 200,
  duration: '72ms',
  contentLength: '5941',
  level: 'info',
  message: 'Response',
  timestamp: '2026-02-23 13:04:55'
}
{
  service: 'attendance-system',
  method: 'GET',
  url: '/api/attendance/actual-work-days?month=2&year=2026&_t=1771832096037',
  ip: '127.0.0.1',
  userAgent: 'Mozilla/5.0 (Windows NT 10.0; Win64; x64) AppleWebKit/537.36 (KHTML, like Gecko) Chrome/145.0.0.0 Safari/537.36 Edg/145.0.0.0',
  timestamp: '2026-02-23 13:04:56',
  level: 'info',
  message: 'Request'
}
{
  service: 'attendance-system',
  method: 'GET',
  url: '/actual-work-days?month=2&year=2026&_t=1771832096037',
  statusCode: 200,
  duration: '58ms',
  contentLength: '5941',
  level: 'info',
  message: 'Response',
  timestamp: '2026-02-23 13:04:56'
}
{
  service: 'attendance-system',
  method: 'GET',
  url: '/api/announcements?_t=1771832096356',
  ip: '127.0.0.1',
  userAgent: 'Mozilla/5.0 (Windows NT 10.0; Win64; x64) AppleWebKit/537.36 (KHTML, like Gecko) Chrome/145.0.0.0 Safari/537.36',
  timestamp: '2026-02-23 13:04:56',
  level: 'info',
  message: 'Request'
}
{
  service: 'attendance-system',
  method: 'GET',
  url: '/?_t=1771832096356',
  statusCode: 200,
  duration: '14ms',
  contentLength: '2',
  level: 'info',
  message: 'Response',
  timestamp: '2026-02-23 13:04:56'
}
{
  service: 'attendance-system',
  method: 'GET',
  url: '/api/probation/tracker?_t=1771832097302',
  ip: '127.0.0.1',
  userAgent: 'Mozilla/5.0 (Windows NT 10.0; Win64; x64) AppleWebKit/537.36 (KHTML, like Gecko) Chrome/145.0.0.0 Safari/537.36 Edg/145.0.0.0',
  timestamp: '2026-02-23 13:04:57',
  level: 'info',
  message: 'Request'
}
{
  service: 'attendance-system',
  method: 'GET',
  url: '/tracker?_t=1771832097302',
  statusCode: 200,
  duration: '1821ms',
  contentLength: '5964',
  level: 'info',
  message: 'Response',
  timestamp: '2026-02-23 13:04:59'
}
{
  service: 'attendance-system',
  method: 'GET',
  url: '/api/probation/tracker?_t=1771832097302',
  ip: '127.0.0.1',
  userAgent: 'Mozilla/5.0 (Windows NT 10.0; Win64; x64) AppleWebKit/537.36 (KHTML, like Gecko) Chrome/145.0.0.0 Safari/537.36 Edg/145.0.0.0',
  timestamp: '2026-02-23 13:04:59',
  level: 'info',
  message: 'Request'
}
{
  service: 'attendance-system',
  method: 'GET',
  url: '/tracker?_t=1771832097302',
  statusCode: 304,
  duration: '5ms',
  contentLength: 0,
  level: 'info',
  message: 'Response',
  timestamp: '2026-02-23 13:04:59'
}
{
  service: 'attendance-system',
  method: 'GET',
  url: '/api/analytics/late-grace-settings?_t=1771832105349',
  ip: '127.0.0.1',
  userAgent: 'Mozilla/5.0 (Windows NT 10.0; Win64; x64) AppleWebKit/537.36 (KHTML, like Gecko) Chrome/145.0.0.0 Safari/537.36 Edg/145.0.0.0',
  timestamp: '2026-02-23 13:05:05',
  level: 'info',
  message: 'Request'
}
{
  service: 'attendance-system',
  method: 'GET',
  path: '/analytics/late-grace-settings',
  query: [Object: null prototype] { _t: '1771832105349' },
  headers: { authorization: 'present', origin: undefined },
  level: 'warn',
  message: '[404] API route not found: GET /analytics/late-grace-settings',
  timestamp: '2026-02-23 13:05:05'
}
{
  service: 'attendance-system',
  method: 'GET',
  url: '/analytics/late-grace-settings?_t=1771832105349',
  statusCode: 404,
  duration: '1ms',
  contentLength: '190',
  level: 'info',
  message: 'Response',
  timestamp: '2026-02-23 13:05:05'
}
{
  service: 'attendance-system',
  method: 'GET',
  url: '/api/admin/manage?_t=1771832105349',
  ip: '127.0.0.1',
  userAgent: 'Mozilla/5.0 (Windows NT 10.0; Win64; x64) AppleWebKit/537.36 (KHTML, like Gecko) Chrome/145.0.0.0 Safari/537.36 Edg/145.0.0.0',
  timestamp: '2026-02-23 13:05:05',
  level: 'info',
  message: 'Request'
}
{
  service: 'attendance-system',
  method: 'GET',
  url: '/api/analytics/late-grace-settings?_t=1771832105349',
  ip: '127.0.0.1',
  userAgent: 'Mozilla/5.0 (Windows NT 10.0; Win64; x64) AppleWebKit/537.36 (KHTML, like Gecko) Chrome/145.0.0.0 Safari/537.36 Edg/145.0.0.0',
  timestamp: '2026-02-23 13:05:05',
  level: 'info',
  message: 'Request'
}
{
  service: 'attendance-system',
  method: 'GET',
  path: '/analytics/late-grace-settings',
  query: [Object: null prototype] { _t: '1771832105349' },
  headers: { authorization: 'present', origin: undefined },
  level: 'warn',
  message: '[404] API route not found: GET /analytics/late-grace-settings',
  timestamp: '2026-02-23 13:05:05'
}
{
  service: 'attendance-system',
  method: 'GET',
  url: '/analytics/late-grace-settings?_t=1771832105349',
  statusCode: 404,
  duration: '1ms',
  contentLength: '190',
  level: 'info',
  message: 'Response',
  timestamp: '2026-02-23 13:05:05'
}
{
  service: 'attendance-system',
  method: 'GET',
  url: '/?_t=1771832105349',
  statusCode: 200,
  duration: '23ms',
  contentLength: '29083',
  level: 'info',
  message: 'Response',
  timestamp: '2026-02-23 13:05:05'
}
{
  service: 'attendance-system',
  method: 'GET',
  url: '/api/admin/manage?_t=1771832105349',
  ip: '127.0.0.1',
  userAgent: 'Mozilla/5.0 (Windows NT 10.0; Win64; x64) AppleWebKit/537.36 (KHTML, like Gecko) Chrome/145.0.0.0 Safari/537.36 Edg/145.0.0.0',
  timestamp: '2026-02-23 13:05:05',
  level: 'info',
  message: 'Request'
}
{
  service: 'attendance-system',
  method: 'GET',
  url: '/?_t=1771832105349',
  statusCode: 304,
  duration: '14ms',
  contentLength: 0,
  level: 'info',
  message: 'Response',
  timestamp: '2026-02-23 13:05:05'
}
{
  service: 'attendance-system',
  method: 'GET',
  url: '/api/announcements?_t=1771832115129',
  ip: '127.0.0.1',
  userAgent: 'Mozilla/5.0 (Windows NT 10.0; Win64; x64) AppleWebKit/537.36 (KHTML, like Gecko) Chrome/145.0.0.0 Safari/537.36 Edg/145.0.0.0',
  timestamp: '2026-02-23 13:05:15',
  level: 'info',
  message: 'Request'
}
{
  service: 'attendance-system',
  method: 'GET',
  url: '/?_t=1771832115129',
  statusCode: 200,
  duration: '17ms',
  contentLength: '2',
  level: 'info',
  message: 'Response',
  timestamp: '2026-02-23 13:05:15'
}
{
  service: 'attendance-system',
  method: 'GET',
  url: '/api/policies-gridfs?_t=1771832115225',
  ip: '127.0.0.1',
  userAgent: 'Mozilla/5.0 (Windows NT 10.0; Win64; x64) AppleWebKit/537.36 (KHTML, like Gecko) Chrome/145.0.0.0 Safari/537.36 Edg/145.0.0.0',
  timestamp: '2026-02-23 13:05:15',
  level: 'info',
  message: 'Request'
}
{
  service: 'attendance-system',
  method: 'GET',
  url: '/api/policies/anonymous-feedback?_t=1771832115225',
  ip: '127.0.0.1',
  userAgent: 'Mozilla/5.0 (Windows NT 10.0; Win64; x64) AppleWebKit/537.36 (KHTML, like Gecko) Chrome/145.0.0.0 Safari/537.36 Edg/145.0.0.0',
  timestamp: '2026-02-23 13:05:15',
  level: 'info',
  message: 'Request'
}
{
  service: 'attendance-system',
  method: 'GET',
  url: '/?_t=1771832115225',
  statusCode: 200,
  duration: '15ms',
  contentLength: '15',
  level: 'info',
  message: 'Response',
  timestamp: '2026-02-23 13:05:15'
}
{
  service: 'attendance-system',
  method: 'GET',
  url: '/api/policies-gridfs?_t=1771832115225',
  ip: '127.0.0.1',
  userAgent: 'Mozilla/5.0 (Windows NT 10.0; Win64; x64) AppleWebKit/537.36 (KHTML, like Gecko) Chrome/145.0.0.0 Safari/537.36 Edg/145.0.0.0',
  timestamp: '2026-02-23 13:05:15',
  level: 'info',
  message: 'Request'
}
{
  service: 'attendance-system',
  method: 'GET',
  url: '/anonymous-feedback?_t=1771832115225',
  statusCode: 200,
  duration: '17ms',
  contentLength: '15',
  level: 'info',
  message: 'Response',
  timestamp: '2026-02-23 13:05:15'
}
{
  service: 'attendance-system',
  method: 'GET',
  url: '/api/policies/anonymous-feedback?_t=1771832115225',
  ip: '127.0.0.1',
  userAgent: 'Mozilla/5.0 (Windows NT 10.0; Win64; x64) AppleWebKit/537.36 (KHTML, like Gecko) Chrome/145.0.0.0 Safari/537.36 Edg/145.0.0.0',
  timestamp: '2026-02-23 13:05:15',
  level: 'info',
  message: 'Request'
}
{
  service: 'attendance-system',
  method: 'GET',
  url: '/?_t=1771832115225',
  statusCode: 304,
  duration: '12ms',
  contentLength: 0,
  level: 'info',
  message: 'Response',
  timestamp: '2026-02-23 13:05:15'
}
{
  service: 'attendance-system',
  method: 'GET',
  url: '/anonymous-feedback?_t=1771832115225',
  statusCode: 304,
  duration: '11ms',
  contentLength: 0,
  level: 'info',
  message: 'Response',
  timestamp: '2026-02-23 13:05:15'
}
{
  service: 'attendance-system',
  method: 'GET',
  url: '/api/analytics/monthly-context-settings?_t=1771832118224',
  ip: '127.0.0.1',
  userAgent: 'Mozilla/5.0 (Windows NT 10.0; Win64; x64) AppleWebKit/537.36 (KHTML, like Gecko) Chrome/145.0.0.0 Safari/537.36 Edg/145.0.0.0',
  timestamp: '2026-02-23 13:05:18',
  level: 'info',
  message: 'Request'
}
{
  service: 'attendance-system',
  method: 'GET',
  path: '/analytics/monthly-context-settings',
  query: [Object: null prototype] { _t: '1771832118224' },
  headers: { authorization: 'present', origin: undefined },
  level: 'warn',
  message: '[404] API route not found: GET /analytics/monthly-context-settings',
  timestamp: '2026-02-23 13:05:18'
}
{
  service: 'attendance-system',
  method: 'GET',
  url: '/analytics/monthly-context-settings?_t=1771832118224',
  statusCode: 404,
  duration: '1ms',
  contentLength: '200',
  level: 'info',
  message: 'Response',
  timestamp: '2026-02-23 13:05:18'
}
{
  service: 'attendance-system',
  method: 'GET',
  url: '/api/analytics/monthly-context-settings?_t=1771832118224',
  ip: '127.0.0.1',
  userAgent: 'Mozilla/5.0 (Windows NT 10.0; Win64; x64) AppleWebKit/537.36 (KHTML, like Gecko) Chrome/145.0.0.0 Safari/537.36 Edg/145.0.0.0',
  timestamp: '2026-02-23 13:05:18',
  level: 'info',
  message: 'Request'
}
{
  service: 'attendance-system',
  method: 'GET',
  path: '/analytics/monthly-context-settings',
  query: [Object: null prototype] { _t: '1771832118224' },
  headers: { authorization: 'present', origin: undefined },
  level: 'warn',
  message: '[404] API route not found: GET /analytics/monthly-context-settings',
  timestamp: '2026-02-23 13:05:18'
}
{
  service: 'attendance-system',
  method: 'GET',
  url: '/analytics/monthly-context-settings?_t=1771832118224',
  statusCode: 404,
  duration: '1ms',
  contentLength: '200',
  level: 'info',
  message: 'Response',
  timestamp: '2026-02-23 13:05:18'
}
{
  service: 'attendance-system',
  method: 'GET',
  url: '/api/analytics/monthly-context-settings?_t=1771832118224',
  ip: '127.0.0.1',
  userAgent: 'Mozilla/5.0 (Windows NT 10.0; Win64; x64) AppleWebKit/537.36 (KHTML, like Gecko) Chrome/145.0.0.0 Safari/537.36 Edg/145.0.0.0',
  timestamp: '2026-02-23 13:05:18',
  level: 'info',
  message: 'Request'
}
{
  service: 'attendance-system',
  method: 'GET',
  path: '/analytics/monthly-context-settings',
  query: [Object: null prototype] { _t: '1771832118224' },
  headers: { authorization: 'present', origin: undefined },
  level: 'warn',
  message: '[404] API route not found: GET /analytics/monthly-context-settings',
  timestamp: '2026-02-23 13:05:18'
}
{
  service: 'attendance-system',
  method: 'GET',
  url: '/analytics/monthly-context-settings?_t=1771832118224',
  statusCode: 404,
  duration: '2ms',
  contentLength: '200',
  level: 'info',
  message: 'Response',
  timestamp: '2026-02-23 13:05:18'
}
{
  service: 'attendance-system',
  method: 'GET',
  url: '/api/analytics/monthly-context-settings?_t=1771832118224',
  ip: '127.0.0.1',
  userAgent: 'Mozilla/5.0 (Windows NT 10.0; Win64; x64) AppleWebKit/537.36 (KHTML, like Gecko) Chrome/145.0.0.0 Safari/537.36 Edg/145.0.0.0',
  timestamp: '2026-02-23 13:05:18',
  level: 'info',
  message: 'Request'
}
{
  service: 'attendance-system',
  method: 'GET',
  path: '/analytics/monthly-context-settings',
  query: [Object: null prototype] { _t: '1771832118224' },
  headers: { authorization: 'present', origin: undefined },
  level: 'warn',
  message: '[404] API route not found: GET /analytics/monthly-context-settings',
  timestamp: '2026-02-23 13:05:18'
}
{
  service: 'attendance-system',
  method: 'GET',
  url: '/analytics/monthly-context-settings?_t=1771832118224',
  statusCode: 404,
  duration: '1ms',
  contentLength: '200',
  level: 'info',
  message: 'Response',
  timestamp: '2026-02-23 13:05:18'
}
{
  service: 'attendance-system',
  method: 'GET',
  url: '/api/admin/settings/hr-emails?_t=1771832123002',
  ip: '127.0.0.1',
  userAgent: 'Mozilla/5.0 (Windows NT 10.0; Win64; x64) AppleWebKit/537.36 (KHTML, like Gecko) Chrome/145.0.0.0 Safari/537.36 Edg/145.0.0.0',
  timestamp: '2026-02-23 13:05:23',
  level: 'info',
  message: 'Request'
}
{
  service: 'attendance-system',
  method: 'GET',
  url: '/hr-emails?_t=1771832123002',
  statusCode: 200,
  duration: '10ms',
  contentLength: '59',
  level: 'info',
  message: 'Response',
  timestamp: '2026-02-23 13:05:23'
}
{
  service: 'attendance-system',
  method: 'GET',
  url: '/api/admin/leave-years?_t=1771832125200',
  ip: '127.0.0.1',
  userAgent: 'Mozilla/5.0 (Windows NT 10.0; Win64; x64) AppleWebKit/537.36 (KHTML, like Gecko) Chrome/145.0.0.0 Safari/537.36 Edg/145.0.0.0',
  timestamp: '2026-02-23 13:05:25',
  level: 'info',
  message: 'Request'
}
{
  service: 'attendance-system',
  method: 'GET',
  url: '/?_t=1771832125200',
  statusCode: 200,
  duration: '15ms',
  contentLength: '588',
  level: 'info',
  message: 'Response',
  timestamp: '2026-02-23 13:05:25'
}
{
  service: 'attendance-system',
  method: 'GET',
  url: '/api/admin/leave-years?_t=1771832125200',
  ip: '127.0.0.1',
  userAgent: 'Mozilla/5.0 (Windows NT 10.0; Win64; x64) AppleWebKit/537.36 (KHTML, like Gecko) Chrome/145.0.0.0 Safari/537.36 Edg/145.0.0.0',
  timestamp: '2026-02-23 13:05:25',
  level: 'info',
  message: 'Request'
}
{
  service: 'attendance-system',
  method: 'GET',
  url: '/api/holidays/admin?yearId=699835a096e7118cec3a008b&_t=1771832125232',
  ip: '127.0.0.1',
  userAgent: 'Mozilla/5.0 (Windows NT 10.0; Win64; x64) AppleWebKit/537.36 (KHTML, like Gecko) Chrome/145.0.0.0 Safari/537.36 Edg/145.0.0.0',
  timestamp: '2026-02-23 13:05:25',
  level: 'info',
  message: 'Request'
}
{
  service: 'attendance-system',
  method: 'GET',
  url: '/?_t=1771832125200',
  statusCode: 304,
  duration: '17ms',
  contentLength: 0,
  level: 'info',
  message: 'Response',
  timestamp: '2026-02-23 13:05:25'
}
{
  service: 'attendance-system',
  method: 'GET',
  url: '/admin?yearId=699835a096e7118cec3a008b&_t=1771832125232',
  statusCode: 200,
  duration: '14ms',
  contentLength: '2293',
  level: 'info',
  message: 'Response',
  timestamp: '2026-02-23 13:05:25'
}
{
  service: 'attendance-system',
  method: 'GET',
  url: '/api/holidays/admin?yearId=699835a096e7118cec3a008b&_t=1771832125264',
  ip: '127.0.0.1',
  userAgent: 'Mozilla/5.0 (Windows NT 10.0; Win64; x64) AppleWebKit/537.36 (KHTML, like Gecko) Chrome/145.0.0.0 Safari/537.36 Edg/145.0.0.0',
  timestamp: '2026-02-23 13:05:25',
  level: 'info',
  message: 'Request'
}
{
  service: 'attendance-system',
  method: 'GET',
  url: '/admin?yearId=699835a096e7118cec3a008b&_t=1771832125264',
  statusCode: 200,
  duration: '15ms',
  contentLength: '2293',
  level: 'info',
  message: 'Response',
  timestamp: '2026-02-23 13:05:25'
}
{
  service: 'attendance-system',
  method: 'GET',
  url: '/api/admin/holiday-dataset/info?_t=1771832140028',
  ip: '127.0.0.1',
  userAgent: 'Mozilla/5.0 (Windows NT 10.0; Win64; x64) AppleWebKit/537.36 (KHTML, like Gecko) Chrome/145.0.0.0 Safari/537.36 Edg/145.0.0.0',
  timestamp: '2026-02-23 13:05:40',
  level: 'info',
  message: 'Request'
}
{
  service: 'attendance-system',
  method: 'GET',
  path: '/admin/holiday-dataset/info',
  query: [Object: null prototype] { _t: '1771832140028' },
  headers: { authorization: 'present', origin: undefined },
  level: 'warn',
  message: '[404] API route not found: GET /admin/holiday-dataset/info',
  timestamp: '2026-02-23 13:05:40'
}
{
  service: 'attendance-system',
  method: 'GET',
  url: '/admin/holiday-dataset/info?_t=1771832140028',
  statusCode: 404,
  duration: '4ms',
  contentLength: '184',
  level: 'info',
  message: 'Response',
  timestamp: '2026-02-23 13:05:40'
}
{
  service: 'attendance-system',
  method: 'GET',
  url: '/api/announcements?_t=1771832145133',
  ip: '127.0.0.1',
  userAgent: 'Mozilla/5.0 (Windows NT 10.0; Win64; x64) AppleWebKit/537.36 (KHTML, like Gecko) Chrome/145.0.0.0 Safari/537.36 Edg/145.0.0.0',
  timestamp: '2026-02-23 13:05:45',
  level: 'info',
  message: 'Request'
}
{
  service: 'attendance-system',
  method: 'GET',
  url: '/?_t=1771832145133',
  statusCode: 200,
  duration: '16ms',
  contentLength: '2',
  level: 'info',
  message: 'Response',
  timestamp: '2026-02-23 13:05:45'
}
{
  service: 'attendance-system',
  method: 'GET',
  url: '/api/announcements?_t=1771832156349',
  ip: '127.0.0.1',
  userAgent: 'Mozilla/5.0 (Windows NT 10.0; Win64; x64) AppleWebKit/537.36 (KHTML, like Gecko) Chrome/145.0.0.0 Safari/537.36',
  timestamp: '2026-02-23 13:05:56',
  level: 'info',
  message: 'Request'
}
{
  service: 'attendance-system',
  method: 'GET',
  url: '/?_t=1771832156349',
  statusCode: 200,
  duration: '13ms',
  contentLength: '2',
  level: 'info',
  message: 'Response',
  timestamp: '2026-02-23 13:05:56'
}
{
  service: 'attendance-system',
  method: 'GET',
  url: '/api/holidays/admin?yearId=6998408f0b6e65cc97182c2d&_t=1771832157947',
  ip: '127.0.0.1',
  userAgent: 'Mozilla/5.0 (Windows NT 10.0; Win64; x64) AppleWebKit/537.36 (KHTML, like Gecko) Chrome/145.0.0.0 Safari/537.36 Edg/145.0.0.0',
  timestamp: '2026-02-23 13:05:57',
  level: 'info',
  message: 'Request'
}
{
  service: 'attendance-system',
  method: 'GET',
  url: '/admin?yearId=6998408f0b6e65cc97182c2d&_t=1771832157947',
  statusCode: 200,
  duration: '13ms',
  contentLength: '1595',
  level: 'info',
  message: 'Response',
  timestamp: '2026-02-23 13:05:57'
}
{
  service: 'attendance-system',
  method: 'GET',
  url: '/api/holidays/admin?yearId=69984b1874062aec7777e0bf&_t=1771832167579',
  ip: '127.0.0.1',
  userAgent: 'Mozilla/5.0 (Windows NT 10.0; Win64; x64) AppleWebKit/537.36 (KHTML, like Gecko) Chrome/145.0.0.0 Safari/537.36 Edg/145.0.0.0',
  timestamp: '2026-02-23 13:06:07',
  level: 'info',
  message: 'Request'
}
{
  service: 'attendance-system',
  method: 'GET',
  url: '/admin?yearId=69984b1874062aec7777e0bf&_t=1771832167579',
  statusCode: 200,
  duration: '13ms',
  contentLength: '2',
  level: 'info',
  message: 'Response',
  timestamp: '2026-02-23 13:06:07'
}
{
  service: 'attendance-system',
  method: 'GET',
  url: '/api/holidays/admin?yearId=699835a096e7118cec3a008b&_t=1771832169084',
  ip: '127.0.0.1',
  userAgent: 'Mozilla/5.0 (Windows NT 10.0; Win64; x64) AppleWebKit/537.36 (KHTML, like Gecko) Chrome/145.0.0.0 Safari/537.36 Edg/145.0.0.0',
  timestamp: '2026-02-23 13:06:09',
  level: 'info',
  message: 'Request'
}
{
  service: 'attendance-system',
  method: 'GET',
  url: '/admin?yearId=699835a096e7118cec3a008b&_t=1771832169084',
  statusCode: 200,
  duration: '20ms',
  contentLength: '2293',
  level: 'info',
  message: 'Response',
  timestamp: '2026-02-23 13:06:09'
}
{
  service: 'attendance-system',
  method: 'GET',
  url: '/api/announcements?_t=1771832175127',
  ip: '127.0.0.1',
  userAgent: 'Mozilla/5.0 (Windows NT 10.0; Win64; x64) AppleWebKit/537.36 (KHTML, like Gecko) Chrome/145.0.0.0 Safari/537.36 Edg/145.0.0.0',
  timestamp: '2026-02-23 13:06:15',
  level: 'info',
  message: 'Request'
}
{
  service: 'attendance-system',
  method: 'GET',
  url: '/?_t=1771832175127',
  statusCode: 200,
  duration: '13ms',
  contentLength: '2',
  level: 'info',
  message: 'Response',
  timestamp: '2026-02-23 13:06:15'
}
{
  message: 'CORS Request: PUT /api/holidays/admin/6954d0fba2b57a6e53f1121b from origin: http://localhost:5173',
  level: 'info',
  service: 'attendance-system',
  timestamp: '2026-02-23 13:06:29'
}
{
  service: 'attendance-system',
  method: 'PUT',
  url: '/api/holidays/admin/6954d0fba2b57a6e53f1121b',
  ip: '127.0.0.1',
  userAgent: 'Mozilla/5.0 (Windows NT 10.0; Win64; x64) AppleWebKit/537.36 (KHTML, like Gecko) Chrome/145.0.0.0 Safari/537.36 Edg/145.0.0.0',
  timestamp: '2026-02-23 13:06:29',
  level: 'info',
  message: 'Request'
}
{
  service: 'attendance-system',
  method: 'PUT',
  url: '/admin/6954d0fba2b57a6e53f1121b',
  statusCode: 200,
  duration: '72ms',
  contentLength: '397',
  level: 'info',
  message: 'Response',
  timestamp: '2026-02-23 13:06:29'
}
{
  service: 'attendance-system',
  method: 'GET',
  url: '/api/holidays/admin?yearId=699835a096e7118cec3a008b&_t=1771832189519',
  ip: '127.0.0.1',
  userAgent: 'Mozilla/5.0 (Windows NT 10.0; Win64; x64) AppleWebKit/537.36 (KHTML, like Gecko) Chrome/145.0.0.0 Safari/537.36 Edg/145.0.0.0',
  timestamp: '2026-02-23 13:06:29',
  level: 'info',
  message: 'Request'
}
{
  service: 'attendance-system',
  method: 'GET',
  url: '/admin?yearId=699835a096e7118cec3a008b&_t=1771832189519',
  statusCode: 200,
  duration: '14ms',
  contentLength: '2439',
  level: 'info',
  message: 'Response',
  timestamp: '2026-02-23 13:06:29'
}
{
  service: 'attendance-system',
  method: 'GET',
  url: '/api/analytics/monthly-context-settings?_t=1771832201646',
  ip: '127.0.0.1',
  userAgent: 'Mozilla/5.0 (Windows NT 10.0; Win64; x64) AppleWebKit/537.36 (KHTML, like Gecko) Chrome/145.0.0.0 Safari/537.36 Edg/145.0.0.0',
  timestamp: '2026-02-23 13:06:41',
  level: 'info',
  message: 'Request'
}
{
  service: 'attendance-system',
  method: 'GET',
  path: '/analytics/monthly-context-settings',
  query: [Object: null prototype] { _t: '1771832201646' },
  headers: { authorization: 'present', origin: undefined },
  level: 'warn',
  message: '[404] API route not found: GET /analytics/monthly-context-settings',
  timestamp: '2026-02-23 13:06:41'
}
{
  service: 'attendance-system',
  method: 'GET',
  url: '/analytics/monthly-context-settings?_t=1771832201646',
  statusCode: 404,
  duration: '1ms',
  contentLength: '200',
  level: 'info',
  message: 'Response',
  timestamp: '2026-02-23 13:06:41'
}
{
  service: 'attendance-system',
  method: 'GET',
  url: '/api/analytics/monthly-context-settings?_t=1771832201646',
  ip: '127.0.0.1',
  userAgent: 'Mozilla/5.0 (Windows NT 10.0; Win64; x64) AppleWebKit/537.36 (KHTML, like Gecko) Chrome/145.0.0.0 Safari/537.36 Edg/145.0.0.0',
  timestamp: '2026-02-23 13:06:41',
  level: 'info',
  message: 'Request'
}
{
  service: 'attendance-system',
  method: 'GET',
  path: '/analytics/monthly-context-settings',
  query: [Object: null prototype] { _t: '1771832201646' },
  headers: { authorization: 'present', origin: undefined },
  level: 'warn',
  message: '[404] API route not found: GET /analytics/monthly-context-settings',
  timestamp: '2026-02-23 13:06:41'
}
{
  service: 'attendance-system',
  method: 'GET',
  url: '/analytics/monthly-context-settings?_t=1771832201646',
  statusCode: 404,
  duration: '1ms',
  contentLength: '200',
  level: 'info',
  message: 'Response',
  timestamp: '2026-02-23 13:06:41'
}
{
  service: 'attendance-system',
  method: 'GET',
  url: '/api/analytics/monthly-context-settings?_t=1771832201646',
  ip: '127.0.0.1',
  userAgent: 'Mozilla/5.0 (Windows NT 10.0; Win64; x64) AppleWebKit/537.36 (KHTML, like Gecko) Chrome/145.0.0.0 Safari/537.36 Edg/145.0.0.0',
  timestamp: '2026-02-23 13:06:41',
  level: 'info',
  message: 'Request'
}
{
  service: 'attendance-system',
  method: 'GET',
  path: '/analytics/monthly-context-settings',
  query: [Object: null prototype] { _t: '1771832201646' },
  headers: { authorization: 'present', origin: undefined },
  level: 'warn',
  message: '[404] API route not found: GET /analytics/monthly-context-settings',
  timestamp: '2026-02-23 13:06:41'
}
{
  service: 'attendance-system',
  method: 'GET',
  url: '/analytics/monthly-context-settings?_t=1771832201646',
  statusCode: 404,
  duration: '1ms',
  contentLength: '200',
  level: 'info',
  message: 'Response',
  timestamp: '2026-02-23 13:06:41'
}
{
  service: 'attendance-system',
  method: 'GET',
  url: '/api/analytics/monthly-context-settings?_t=1771832201646',
  ip: '127.0.0.1',
  userAgent: 'Mozilla/5.0 (Windows NT 10.0; Win64; x64) AppleWebKit/537.36 (KHTML, like Gecko) Chrome/145.0.0.0 Safari/537.36 Edg/145.0.0.0',
  timestamp: '2026-02-23 13:06:41',
  level: 'info',
  message: 'Request'
}
{
  service: 'attendance-system',
  method: 'GET',
  path: '/analytics/monthly-context-settings',
  query: [Object: null prototype] { _t: '1771832201646' },
  headers: { authorization: 'present', origin: undefined },
  level: 'warn',
  message: '[404] API route not found: GET /analytics/monthly-context-settings',
  timestamp: '2026-02-23 13:06:41'
}
{
  service: 'attendance-system',
  method: 'GET',
  url: '/analytics/monthly-context-settings?_t=1771832201646',
  statusCode: 404,
  duration: '1ms',
  contentLength: '200',
  level: 'info',
  message: 'Response',
  timestamp: '2026-02-23 13:06:41'
}
{
  service: 'attendance-system',
  method: 'GET',
  url: '/api/admin/leave-years/active?_t=1771832204079',
  ip: '127.0.0.1',
  userAgent: 'Mozilla/5.0 (Windows NT 10.0; Win64; x64) AppleWebKit/537.36 (KHTML, like Gecko) Chrome/145.0.0.0 Safari/537.36 Edg/145.0.0.0',
  timestamp: '2026-02-23 13:06:44',
  level: 'info',
  message: 'Request'
}
{
  service: 'attendance-system',
  method: 'GET',
  url: '/api/auth/me?_t=1771832204079',
  ip: '127.0.0.1',
  userAgent: 'Mozilla/5.0 (Windows NT 10.0; Win64; x64) AppleWebKit/537.36 (KHTML, like Gecko) Chrome/145.0.0.0 Safari/537.36 Edg/145.0.0.0',
  timestamp: '2026-02-23 13:06:44',
  level: 'info',
  message: 'Request'
}
{
  service: 'attendance-system',
  method: 'GET',
  url: '/active?_t=1771832204079',
  statusCode: 200,
  duration: '12ms',
  contentLength: '194',
  level: 'info',
  message: 'Response',
  timestamp: '2026-02-23 13:06:44'
}
{
  service: 'attendance-system',
  method: 'GET',
  url: '/api/admin/leave-years/active?_t=1771832204079',
  ip: '127.0.0.1',
  userAgent: 'Mozilla/5.0 (Windows NT 10.0; Win64; x64) AppleWebKit/537.36 (KHTML, like Gecko) Chrome/145.0.0.0 Safari/537.36 Edg/145.0.0.0',
  timestamp: '2026-02-23 13:06:44',
  level: 'info',
  message: 'Request'
}
{
  service: 'attendance-system',
  method: 'GET',
  url: '/active?_t=1771832204079',
  statusCode: 304,
  duration: '13ms',
  contentLength: 0,
  level: 'info',
  message: 'Response',
  timestamp: '2026-02-23 13:06:44'
}
{
  service: 'attendance-system',
  method: 'GET',
  url: '/me?_t=1771832204079',
  statusCode: 200,
  duration: '26ms',
  contentLength: '1282',
  level: 'info',
  message: 'Response',
  timestamp: '2026-02-23 13:06:44'
}
{
  service: 'attendance-system',
  method: 'GET',
  url: '/api/announcements/last-read?_t=1771832204157',
  ip: '127.0.0.1',
  userAgent: 'Mozilla/5.0 (Windows NT 10.0; Win64; x64) AppleWebKit/537.36 (KHTML, like Gecko) Chrome/145.0.0.0 Safari/537.36 Edg/145.0.0.0',
  timestamp: '2026-02-23 13:06:44',
  level: 'info',
  message: 'Request'
}
{
  service: 'attendance-system',
  method: 'GET',
  url: '/api/attendance/current-status?_t=1771832204157',
  ip: '127.0.0.1',
  userAgent: 'Mozilla/5.0 (Windows NT 10.0; Win64; x64) AppleWebKit/537.36 (KHTML, like Gecko) Chrome/145.0.0.0 Safari/537.36 Edg/145.0.0.0',
  timestamp: '2026-02-23 13:06:44',
  level: 'info',
  message: 'Request'
}
{
  service: 'attendance-system',
  method: 'GET',
  url: '/api/new-notifications?_t=1771832204157',
  ip: '127.0.0.1',
  userAgent: 'Mozilla/5.0 (Windows NT 10.0; Win64; x64) AppleWebKit/537.36 (KHTML, like Gecko) Chrome/145.0.0.0 Safari/537.36 Edg/145.0.0.0',
  timestamp: '2026-02-23 13:06:44',
  level: 'info',
  message: 'Request'
}
{
  service: 'attendance-system',
  method: 'GET',
  url: '/api/announcements/last-read?_t=1771832204161',
  ip: '127.0.0.1',
  userAgent: 'Mozilla/5.0 (Windows NT 10.0; Win64; x64) AppleWebKit/537.36 (KHTML, like Gecko) Chrome/145.0.0.0 Safari/537.36 Edg/145.0.0.0',
  timestamp: '2026-02-23 13:06:44',
  level: 'info',
  message: 'Request'
}
{
  service: 'attendance-system',
  method: 'GET',
  url: '/last-read?_t=1771832204157',
  statusCode: 200,
  duration: '38ms',
  contentLength: '43',
  level: 'info',
  message: 'Response',
  timestamp: '2026-02-23 13:06:44'
}
{
  service: 'attendance-system',
  method: 'GET',
  url: '/last-read?_t=1771832204161',
  statusCode: 200,
  duration: '15ms',
  contentLength: '43',
  level: 'info',
  message: 'Response',
  timestamp: '2026-02-23 13:06:44'
}
{
  service: 'attendance-system',
  method: 'GET',
  url: '/current-status?_t=1771832204157',
  statusCode: 200,
  duration: '38ms',
  contentLength: '102',
  level: 'info',
  message: 'Response',
  timestamp: '2026-02-23 13:06:44'
}
{
  service: 'attendance-system',
  method: 'GET',
  url: '/api/announcements/last-read?_t=1771832204157',
  ip: '127.0.0.1',
  userAgent: 'Mozilla/5.0 (Windows NT 10.0; Win64; x64) AppleWebKit/537.36 (KHTML, like Gecko) Chrome/145.0.0.0 Safari/537.36 Edg/145.0.0.0',
  timestamp: '2026-02-23 13:06:44',
  level: 'info',
  message: 'Request'
}
{
  service: 'attendance-system',
  method: 'GET',
  url: '/api/announcements?_t=1771832204367',
  ip: '127.0.0.1',
  userAgent: 'Mozilla/5.0 (Windows NT 10.0; Win64; x64) AppleWebKit/537.36 (KHTML, like Gecko) Chrome/145.0.0.0 Safari/537.36 Edg/145.0.0.0',
  timestamp: '2026-02-23 13:06:44',
  level: 'info',
  message: 'Request'
}
{
  service: 'attendance-system',
  method: 'GET',
  url: '/api/announcements?_t=1771832204369',
  ip: '127.0.0.1',
  userAgent: 'Mozilla/5.0 (Windows NT 10.0; Win64; x64) AppleWebKit/537.36 (KHTML, like Gecko) Chrome/145.0.0.0 Safari/537.36 Edg/145.0.0.0',
  timestamp: '2026-02-23 13:06:44',
  level: 'info',
  message: 'Request'
}
{
  service: 'attendance-system',
  method: 'GET',
  url: '/?_t=1771832204157',
  statusCode: 200,
  duration: '75ms',
  contentLength: '22197',
  level: 'info',
  message: 'Response',
  timestamp: '2026-02-23 13:06:44'
}
{
  service: 'attendance-system',
  method: 'GET',
  url: '/last-read?_t=1771832204157',
  statusCode: 304,
  duration: '32ms',
  contentLength: 0,
  level: 'info',
  message: 'Response',
  timestamp: '2026-02-23 13:06:44'
}
{
  service: 'attendance-system',
  method: 'GET',
  url: '/api/admin/employees?all=true&_t=1771832204389',
  ip: '127.0.0.1',
  userAgent: 'Mozilla/5.0 (Windows NT 10.0; Win64; x64) AppleWebKit/537.36 (KHTML, like Gecko) Chrome/145.0.0.0 Safari/537.36 Edg/145.0.0.0',
  timestamp: '2026-02-23 13:06:44',
  level: 'info',
  message: 'Request'
}
{
  service: 'attendance-system',
  method: 'GET',
  url: '/?_t=1771832204367',
  statusCode: 200,
  duration: '24ms',
  contentLength: '2',
  level: 'info',
  message: 'Response',
  timestamp: '2026-02-23 13:06:44'
}
{
  service: 'attendance-system',
  method: 'GET',
  url: '/?_t=1771832204369',
  statusCode: 200,
  duration: '20ms',
  contentLength: '2',
  level: 'info',
  message: 'Response',
  timestamp: '2026-02-23 13:06:44'
}
{
  service: 'attendance-system',
  method: 'GET',
  url: '/api/admin/leaves/all',
  ip: '127.0.0.1',
  userAgent: 'Mozilla/5.0 (Windows NT 10.0; Win64; x64) AppleWebKit/537.36 (KHTML, like Gecko) Chrome/145.0.0.0 Safari/537.36 Edg/145.0.0.0',
  timestamp: '2026-02-23 13:06:44',
  level: 'info',
  message: 'Request'
}
{
  service: 'attendance-system',
  method: 'GET',
  url: '/api/announcements?_t=1771832204407',
  ip: '127.0.0.1',
  userAgent: 'Mozilla/5.0 (Windows NT 10.0; Win64; x64) AppleWebKit/537.36 (KHTML, like Gecko) Chrome/145.0.0.0 Safari/537.36 Edg/145.0.0.0',
  timestamp: '2026-02-23 13:06:44',
  level: 'info',
  message: 'Request'
}
{
  service: 'attendance-system',
  method: 'GET',
  url: '/api/announcements?_t=1771832204409',
  ip: '127.0.0.1',
  userAgent: 'Mozilla/5.0 (Windows NT 10.0; Win64; x64) AppleWebKit/537.36 (KHTML, like Gecko) Chrome/145.0.0.0 Safari/537.36 Edg/145.0.0.0',
  timestamp: '2026-02-23 13:06:44',
  level: 'info',
  message: 'Request'
}
{
  service: 'attendance-system',
  method: 'GET',
  url: '/?_t=1771832204407',
  statusCode: 200,
  duration: '17ms',
  contentLength: '2',
  level: 'info',
  message: 'Response',
  timestamp: '2026-02-23 13:06:44'
}
{
  service: 'attendance-system',
  method: 'GET',
  url: '/?_t=1771832204409',
  statusCode: 200,
  duration: '16ms',
  contentLength: '2',
  level: 'info',
  message: 'Response',
  timestamp: '2026-02-23 13:06:44'
}
{
  service: 'attendance-system',
  method: 'GET',
  url: '/leaves/all',
  statusCode: 200,
  duration: '29ms',
  contentLength: '6584',
  level: 'info',
  message: 'Response',
  timestamp: '2026-02-23 13:06:44'
}
{
  service: 'attendance-system',
  method: 'GET',
  url: '/api/admin/leaves/all',
  ip: '127.0.0.1',
  userAgent: 'Mozilla/5.0 (Windows NT 10.0; Win64; x64) AppleWebKit/537.36 (KHTML, like Gecko) Chrome/145.0.0.0 Safari/537.36 Edg/145.0.0.0',
  timestamp: '2026-02-23 13:06:44',
  level: 'info',
  message: 'Request'
}
{
  service: 'attendance-system',
  method: 'GET',
  url: '/?all=true&_t=1771832204389',
  statusCode: 200,
  duration: '58ms',
  contentLength: '27292',
  level: 'info',
  message: 'Response',
  timestamp: '2026-02-23 13:06:44'
}
{
  service: 'attendance-system',
  method: 'GET',
  url: '/api/admin/employees?all=true&_t=1771832204389',
  ip: '127.0.0.1',
  userAgent: 'Mozilla/5.0 (Windows NT 10.0; Win64; x64) AppleWebKit/537.36 (KHTML, like Gecko) Chrome/145.0.0.0 Safari/537.36 Edg/145.0.0.0',
  timestamp: '2026-02-23 13:06:44',
  level: 'info',
  message: 'Request'
}
{
  service: 'attendance-system',
  method: 'GET',
  url: '/leaves/all',
  statusCode: 304,
  duration: '25ms',
  contentLength: 0,
  level: 'info',
  message: 'Response',
  timestamp: '2026-02-23 13:06:44'
}
{
  service: 'attendance-system',
  method: 'GET',
  url: '/?all=true&_t=1771832204389',
  statusCode: 304,
  duration: '37ms',
  contentLength: 0,
  level: 'info',
  message: 'Response',
  timestamp: '2026-02-23 13:06:44'
}
{
  service: 'attendance-system',
  method: 'GET',
  url: '/api/announcements?_t=1771832216366',
  ip: '127.0.0.1',
  userAgent: 'Mozilla/5.0 (Windows NT 10.0; Win64; x64) AppleWebKit/537.36 (KHTML, like Gecko) Chrome/145.0.0.0 Safari/537.36',
  timestamp: '2026-02-23 13:06:56',
  level: 'info',
  message: 'Request'
}
{
  service: 'attendance-system',
  method: 'GET',
  url: '/?_t=1771832216366',
  statusCode: 200,
  duration: '13ms',
  contentLength: '2',
  level: 'info',
  message: 'Response',
  timestamp: '2026-02-23 13:06:56'
}
{
  service: 'attendance-system',
  method: 'GET',
  url: '/api/admin/leaves/year-end-requests?employeeId=687f797fcac0a473f5b46e07&limit=100',
  ip: '127.0.0.1',
  userAgent: 'Mozilla/5.0 (Windows NT 10.0; Win64; x64) AppleWebKit/537.36 (KHTML, like Gecko) Chrome/145.0.0.0 Safari/537.36 Edg/145.0.0.0',
  timestamp: '2026-02-23 13:06:59',
  level: 'info',
  message: 'Request'
}
{
  service: 'attendance-system',
  method: 'GET',
  url: '/api/admin/leaves/employee/687f797fcac0a473f5b46e07?year=2025',
  ip: '127.0.0.1',
  userAgent: 'Mozilla/5.0 (Windows NT 10.0; Win64; x64) AppleWebKit/537.36 (KHTML, like Gecko) Chrome/145.0.0.0 Safari/537.36 Edg/145.0.0.0',
  timestamp: '2026-02-23 13:06:59',
  level: 'info',
  message: 'Request'
}
{
  service: 'attendance-system',
  method: 'GET',
  url: '/api/admin/leaves/employee/687f797fcac0a473f5b46e07?year=2026',
  ip: '127.0.0.1',
  userAgent: 'Mozilla/5.0 (Windows NT 10.0; Win64; x64) AppleWebKit/537.36 (KHTML, like Gecko) Chrome/145.0.0.0 Safari/537.36 Edg/145.0.0.0',
  timestamp: '2026-02-23 13:06:59',
  level: 'info',
  message: 'Request'
}
{
  service: 'attendance-system',
  method: 'GET',
  url: '/api/admin/leaves/year-end-requests?employeeId=687f797fcac0a473f5b46e07&year=2025',
  ip: '127.0.0.1',
  userAgent: 'Mozilla/5.0 (Windows NT 10.0; Win64; x64) AppleWebKit/537.36 (KHTML, like Gecko) Chrome/145.0.0.0 Safari/537.36 Edg/145.0.0.0',
  timestamp: '2026-02-23 13:06:59',
  level: 'info',
  message: 'Request'
}
{
  service: 'attendance-system',
  method: 'GET',
  url: '/leaves/employee/687f797fcac0a473f5b46e07?year=2025',
  statusCode: 200,
  duration: '17ms',
  contentLength: '2',
  level: 'info',
  message: 'Response',
  timestamp: '2026-02-23 13:06:59'
}
{
  service: 'attendance-system',
  method: 'GET',
  url: '/leaves/year-end-requests?employeeId=687f797fcac0a473f5b46e07&limit=100',
  statusCode: 200,
  duration: '29ms',
  contentLength: '61',
  level: 'info',
  message: 'Response',
  timestamp: '2026-02-23 13:06:59'
}
{
  service: 'attendance-system',
  method: 'GET',
  url: '/leaves/employee/687f797fcac0a473f5b46e07?year=2026',
  statusCode: 200,
  duration: '26ms',
  contentLength: '860',
  level: 'info',
  message: 'Response',
  timestamp: '2026-02-23 13:06:59'
}
{
  service: 'attendance-system',
  method: 'GET',
  url: '/leaves/year-end-requests?employeeId=687f797fcac0a473f5b46e07&year=2025',
  statusCode: 200,
  duration: '23ms',
  contentLength: '61',
  level: 'info',
  message: 'Response',
  timestamp: '2026-02-23 13:06:59'
}
{
  service: 'attendance-system',
  method: 'GET',
  url: '/api/announcements?_t=1771832234408',
  ip: '127.0.0.1',
  userAgent: 'Mozilla/5.0 (Windows NT 10.0; Win64; x64) AppleWebKit/537.36 (KHTML, like Gecko) Chrome/145.0.0.0 Safari/537.36 Edg/145.0.0.0',
  timestamp: '2026-02-23 13:07:14',
  level: 'info',
  message: 'Request'
}
{
  service: 'attendance-system',
  method: 'GET',
  url: '/?_t=1771832234408',
  statusCode: 200,
  duration: '14ms',
  contentLength: '2',
  level: 'info',
  message: 'Response',
  timestamp: '2026-02-23 13:07:14'
}
{
  service: 'attendance-system',
  method: 'GET',
  url: '/api/announcements?_t=1771832265335',
  ip: '127.0.0.1',
  userAgent: 'Mozilla/5.0 (Windows NT 10.0; Win64; x64) AppleWebKit/537.36 (KHTML, like Gecko) Chrome/145.0.0.0 Safari/537.36 Edg/145.0.0.0',
  timestamp: '2026-02-23 13:07:45',
  level: 'info',
  message: 'Request'
}
{
  service: 'attendance-system',
  method: 'GET',
  url: '/?_t=1771832265335',
  statusCode: 200,
  duration: '14ms',
  contentLength: '2',
  level: 'info',
  message: 'Response',
  timestamp: '2026-02-23 13:07:45'
}
{
  service: 'attendance-system',
  method: 'GET',
  url: '/api/announcements?_t=1771832276354',
  ip: '127.0.0.1',
  userAgent: 'Mozilla/5.0 (Windows NT 10.0; Win64; x64) AppleWebKit/537.36 (KHTML, like Gecko) Chrome/145.0.0.0 Safari/537.36',
  timestamp: '2026-02-23 13:07:56',
  level: 'info',
  message: 'Request'
}
{
  service: 'attendance-system',
  method: 'GET',
  url: '/?_t=1771832276354',
  statusCode: 200,
  duration: '14ms',
  contentLength: '2',
  level: 'info',
  message: 'Response',
  timestamp: '2026-02-23 13:07:56'
}
{
  service: 'attendance-system',
  method: 'GET',
  url: '/api/announcements?_t=1771832294421',
  ip: '127.0.0.1',
  userAgent: 'Mozilla/5.0 (Windows NT 10.0; Win64; x64) AppleWebKit/537.36 (KHTML, like Gecko) Chrome/145.0.0.0 Safari/537.36 Edg/145.0.0.0',
  timestamp: '2026-02-23 13:08:14',
  level: 'info',
  message: 'Request'
}
{
  service: 'attendance-system',
  method: 'GET',
  url: '/?_t=1771832294421',
  statusCode: 200,
  duration: '13ms',
  contentLength: '2',
  level: 'info',
  message: 'Response',
  timestamp: '2026-02-23 13:08:14'
}
{
  service: 'attendance-system',
  method: 'GET',
  url: '/api/announcements?_t=1771832324409',
  ip: '127.0.0.1',
  userAgent: 'Mozilla/5.0 (Windows NT 10.0; Win64; x64) AppleWebKit/537.36 (KHTML, like Gecko) Chrome/145.0.0.0 Safari/537.36 Edg/145.0.0.0',
  timestamp: '2026-02-23 13:08:44',
  level: 'info',
  message: 'Request'
}
{
  service: 'attendance-system',
  method: 'GET',
  url: '/?_t=1771832324409',
  statusCode: 200,
  duration: '12ms',
  contentLength: '2',
  level: 'info',
  message: 'Response',
  timestamp: '2026-02-23 13:08:44'
}
{
  service: 'attendance-system',
  method: 'GET',
  url: '/api/admin/leaves/year-end-requests?employeeId=693d39a2da051f96635ac9ad&limit=100',
  ip: '127.0.0.1',
  userAgent: 'Mozilla/5.0 (Windows NT 10.0; Win64; x64) AppleWebKit/537.36 (KHTML, like Gecko) Chrome/145.0.0.0 Safari/537.36 Edg/145.0.0.0',
  timestamp: '2026-02-23 13:08:48',
  level: 'info',
  message: 'Request'
}
{
  service: 'attendance-system',
  method: 'GET',
  url: '/api/admin/leaves/employee/693d39a2da051f96635ac9ad?year=2025',
  ip: '127.0.0.1',
  userAgent: 'Mozilla/5.0 (Windows NT 10.0; Win64; x64) AppleWebKit/537.36 (KHTML, like Gecko) Chrome/145.0.0.0 Safari/537.36 Edg/145.0.0.0',
  timestamp: '2026-02-23 13:08:48',
  level: 'info',
  message: 'Request'
}
{
  service: 'attendance-system',
  method: 'GET',
  url: '/api/admin/leaves/employee/693d39a2da051f96635ac9ad?year=2026',
  ip: '127.0.0.1',
  userAgent: 'Mozilla/5.0 (Windows NT 10.0; Win64; x64) AppleWebKit/537.36 (KHTML, like Gecko) Chrome/145.0.0.0 Safari/537.36 Edg/145.0.0.0',
  timestamp: '2026-02-23 13:08:48',
  level: 'info',
  message: 'Request'
}
{
  service: 'attendance-system',
  method: 'GET',
  url: '/api/admin/leaves/year-end-requests?employeeId=693d39a2da051f96635ac9ad&year=2025',
  ip: '127.0.0.1',
  userAgent: 'Mozilla/5.0 (Windows NT 10.0; Win64; x64) AppleWebKit/537.36 (KHTML, like Gecko) Chrome/145.0.0.0 Safari/537.36 Edg/145.0.0.0',
  timestamp: '2026-02-23 13:08:48',
  level: 'info',
  message: 'Request'
}
{
  service: 'attendance-system',
  method: 'GET',
  url: '/leaves/employee/693d39a2da051f96635ac9ad?year=2025',
  statusCode: 200,
  duration: '16ms',
  contentLength: '2',
  level: 'info',
  message: 'Response',
  timestamp: '2026-02-23 13:08:48'
}
{
  service: 'attendance-system',
  method: 'GET',
  url: '/leaves/year-end-requests?employeeId=693d39a2da051f96635ac9ad&limit=100',
  statusCode: 200,
  duration: '32ms',
  contentLength: '61',
  level: 'info',
  message: 'Response',
  timestamp: '2026-02-23 13:08:48'
}
{
  service: 'attendance-system',
  method: 'GET',
  url: '/leaves/employee/693d39a2da051f96635ac9ad?year=2026',
  statusCode: 200,
  duration: '28ms',
  contentLength: '975',
  level: 'info',
  message: 'Response',
  timestamp: '2026-02-23 13:08:48'
}
{
  service: 'attendance-system',
  method: 'GET',
  url: '/leaves/year-end-requests?employeeId=693d39a2da051f96635ac9ad&year=2025',
  statusCode: 200,
  duration: '24ms',
  contentLength: '61',
  level: 'info',
  message: 'Response',
  timestamp: '2026-02-23 13:08:48'
}
{
  service: 'attendance-system',
  method: 'GET',
  url: '/api/announcements?_t=1771832336347',
  ip: '127.0.0.1',
  userAgent: 'Mozilla/5.0 (Windows NT 10.0; Win64; x64) AppleWebKit/537.36 (KHTML, like Gecko) Chrome/145.0.0.0 Safari/537.36',
  timestamp: '2026-02-23 13:08:56',
  level: 'info',
  message: 'Request'
}
{
  service: 'attendance-system',
  method: 'GET',
  url: '/?_t=1771832336347',
  statusCode: 200,
  duration: '14ms',
  contentLength: '2',
  level: 'info',
  message: 'Response',
  timestamp: '2026-02-23 13:08:56'
}
{
  service: 'attendance-system',
  method: 'GET',
  url: '/api/admin/leaves/year-end-requests?employeeId=69410d7e64c128d40118fa8d&limit=100',
  ip: '127.0.0.1',
  userAgent: 'Mozilla/5.0 (Windows NT 10.0; Win64; x64) AppleWebKit/537.36 (KHTML, like Gecko) Chrome/145.0.0.0 Safari/537.36 Edg/145.0.0.0',
  timestamp: '2026-02-23 13:08:58',
  level: 'info',
  message: 'Request'
}
{
  service: 'attendance-system',
  method: 'GET',
  url: '/api/admin/leaves/employee/69410d7e64c128d40118fa8d?year=2025',
  ip: '127.0.0.1',
  userAgent: 'Mozilla/5.0 (Windows NT 10.0; Win64; x64) AppleWebKit/537.36 (KHTML, like Gecko) Chrome/145.0.0.0 Safari/537.36 Edg/145.0.0.0',
  timestamp: '2026-02-23 13:08:58',
  level: 'info',
  message: 'Request'
}
{
  service: 'attendance-system',
  method: 'GET',
  url: '/api/admin/leaves/employee/69410d7e64c128d40118fa8d?year=2026',
  ip: '127.0.0.1',
  userAgent: 'Mozilla/5.0 (Windows NT 10.0; Win64; x64) AppleWebKit/537.36 (KHTML, like Gecko) Chrome/145.0.0.0 Safari/537.36 Edg/145.0.0.0',
  timestamp: '2026-02-23 13:08:58',
  level: 'info',
  message: 'Request'
}
{
  service: 'attendance-system',
  method: 'GET',
  url: '/api/admin/leaves/year-end-requests?employeeId=69410d7e64c128d40118fa8d&year=2025',
  ip: '127.0.0.1',
  userAgent: 'Mozilla/5.0 (Windows NT 10.0; Win64; x64) AppleWebKit/537.36 (KHTML, like Gecko) Chrome/145.0.0.0 Safari/537.36 Edg/145.0.0.0',
  timestamp: '2026-02-23 13:08:58',
  level: 'info',
  message: 'Request'
}
{
  service: 'attendance-system',
  method: 'GET',
  url: '/leaves/employee/69410d7e64c128d40118fa8d?year=2025',
  statusCode: 200,
  duration: '17ms',
  contentLength: '2',
  level: 'info',
  message: 'Response',
  timestamp: '2026-02-23 13:08:58'
}
{
  service: 'attendance-system',
  method: 'GET',
  url: '/leaves/year-end-requests?employeeId=69410d7e64c128d40118fa8d&limit=100',
  statusCode: 200,
  duration: '29ms',
  contentLength: '61',
  level: 'info',
  message: 'Response',
  timestamp: '2026-02-23 13:08:58'
}
{
  service: 'attendance-system',
  method: 'GET',
  url: '/leaves/employee/69410d7e64c128d40118fa8d?year=2026',
  statusCode: 200,
  duration: '27ms',
  contentLength: '1175',
  level: 'info',
  message: 'Response',
  timestamp: '2026-02-23 13:08:58'
}
{
  service: 'attendance-system',
  method: 'GET',
  url: '/leaves/year-end-requests?employeeId=69410d7e64c128d40118fa8d&year=2025',
  statusCode: 200,
  duration: '24ms',
  contentLength: '61',
  level: 'info',
  message: 'Response',
  timestamp: '2026-02-23 13:08:58'
}
{
  service: 'attendance-system',
  method: 'GET',
  url: '/api/announcements?_t=1771832354410',
  ip: '127.0.0.1',
  userAgent: 'Mozilla/5.0 (Windows NT 10.0; Win64; x64) AppleWebKit/537.36 (KHTML, like Gecko) Chrome/145.0.0.0 Safari/537.36 Edg/145.0.0.0',
  timestamp: '2026-02-23 13:09:14',
  level: 'info',
  message: 'Request'
}
{
  service: 'attendance-system',
  method: 'GET',
  url: '/?_t=1771832354410',
  statusCode: 200,
  duration: '16ms',
  contentLength: '2',
  level: 'info',
  message: 'Response',
  timestamp: '2026-02-23 13:09:14'
}
{
  service: 'attendance-system',
  method: 'GET',
  url: '/api/admin/employees?all=true&_t=1771832356936',
  ip: '127.0.0.1',
  userAgent: 'Mozilla/5.0 (Windows NT 10.0; Win64; x64) AppleWebKit/537.36 (KHTML, like Gecko) Chrome/145.0.0.0 Safari/537.36 Edg/145.0.0.0',
  timestamp: '2026-02-23 13:09:16',
  level: 'info',
  message: 'Request'
}
{
  service: 'attendance-system',
  method: 'GET',
  url: '/api/admin/leaves/all?page=1&limit=10',
  ip: '127.0.0.1',
  userAgent: 'Mozilla/5.0 (Windows NT 10.0; Win64; x64) AppleWebKit/537.36 (KHTML, like Gecko) Chrome/145.0.0.0 Safari/537.36 Edg/145.0.0.0',
  timestamp: '2026-02-23 13:09:16',
  level: 'info',
  message: 'Request'
}
{
  service: 'attendance-system',
  method: 'GET',
  url: '/leaves/all?page=1&limit=10',
  statusCode: 304,
  duration: '27ms',
  contentLength: 0,
  level: 'info',
  message: 'Response',
  timestamp: '2026-02-23 13:09:16'
}
{
  service: 'attendance-system',
  method: 'GET',
  url: '/?all=true&_t=1771832356936',
  statusCode: 200,
  duration: '57ms',
  contentLength: '27292',
  level: 'info',
  message: 'Response',
  timestamp: '2026-02-23 13:09:16'
}
{
  service: 'attendance-system',
  method: 'GET',
  url: '/api/analytics/monthly-context-settings?_t=1771832357088',
  ip: '127.0.0.1',
  userAgent: 'Mozilla/5.0 (Windows NT 10.0; Win64; x64) AppleWebKit/537.36 (KHTML, like Gecko) Chrome/145.0.0.0 Safari/537.36 Edg/145.0.0.0',
  timestamp: '2026-02-23 13:09:17',
  level: 'info',
  message: 'Request'
}
{
  service: 'attendance-system',
  method: 'GET',
  path: '/analytics/monthly-context-settings',
  query: [Object: null prototype] { _t: '1771832357088' },
  headers: { authorization: 'present', origin: undefined },
  level: 'warn',
  message: '[404] API route not found: GET /analytics/monthly-context-settings',
  timestamp: '2026-02-23 13:09:17'
}
{
  service: 'attendance-system',
  method: 'GET',
  url: '/analytics/monthly-context-settings?_t=1771832357088',
  statusCode: 404,
  duration: '1ms',
  contentLength: '200',
  level: 'info',
  message: 'Response',
  timestamp: '2026-02-23 13:09:17'
}
{
  service: 'attendance-system',
  method: 'GET',
  url: '/api/analytics/monthly-context-settings?_t=1771832357088',
  ip: '127.0.0.1',
  userAgent: 'Mozilla/5.0 (Windows NT 10.0; Win64; x64) AppleWebKit/537.36 (KHTML, like Gecko) Chrome/145.0.0.0 Safari/537.36 Edg/145.0.0.0',
  timestamp: '2026-02-23 13:09:17',
  level: 'info',
  message: 'Request'
}
{
  service: 'attendance-system',
  method: 'GET',
  path: '/analytics/monthly-context-settings',
  query: [Object: null prototype] { _t: '1771832357088' },
  headers: { authorization: 'present', origin: undefined },
  level: 'warn',
  message: '[404] API route not found: GET /analytics/monthly-context-settings',
  timestamp: '2026-02-23 13:09:17'
}
{
  service: 'attendance-system',
  method: 'GET',
  url: '/analytics/monthly-context-settings?_t=1771832357088',
  statusCode: 404,
  duration: '2ms',
  contentLength: '200',
  level: 'info',
  message: 'Response',
  timestamp: '2026-02-23 13:09:17'
}
{
  service: 'attendance-system',
  method: 'GET',
  url: '/api/admin/leaves/analytics/counts?month=2&year=2026&role=Employee',
  ip: '127.0.0.1',
  userAgent: 'Mozilla/5.0 (Windows NT 10.0; Win64; x64) AppleWebKit/537.36 (KHTML, like Gecko) Chrome/145.0.0.0 Safari/537.36 Edg/145.0.0.0',
  timestamp: '2026-02-23 13:09:17',
  level: 'info',
  message: 'Request'
}
{
  service: 'attendance-system',
  method: 'GET',
  url: '/leaves/analytics/counts?month=2&year=2026&role=Employee',
  statusCode: 304,
  duration: '4ms',
  contentLength: 0,
  level: 'info',
  message: 'Response',
  timestamp: '2026-02-23 13:09:17'
}
{
  service: 'attendance-system',
  method: 'GET',
  url: '/api/admin/leaves/analytics/counts?month=2&year=2026&role=Intern',
  ip: '127.0.0.1',
  userAgent: 'Mozilla/5.0 (Windows NT 10.0; Win64; x64) AppleWebKit/537.36 (KHTML, like Gecko) Chrome/145.0.0.0 Safari/537.36 Edg/145.0.0.0',
  timestamp: '2026-02-23 13:09:17',
  level: 'info',
  message: 'Request'
}
{
  service: 'attendance-system',
  method: 'GET',
  url: '/leaves/analytics/counts?month=2&year=2026&role=Intern',
  statusCode: 304,
  duration: '4ms',
  contentLength: 0,
  level: 'info',
  message: 'Response',
  timestamp: '2026-02-23 13:09:17'
}
{
  service: 'attendance-system',
  method: 'GET',
  url: '/api/analytics/monthly-context-settings?_t=1771832357088',
  ip: '127.0.0.1',
  userAgent: 'Mozilla/5.0 (Windows NT 10.0; Win64; x64) AppleWebKit/537.36 (KHTML, like Gecko) Chrome/145.0.0.0 Safari/537.36 Edg/145.0.0.0',
  timestamp: '2026-02-23 13:09:17',
  level: 'info',
  message: 'Request'
}
{
  service: 'attendance-system',
  method: 'GET',
  path: '/analytics/monthly-context-settings',
  query: [Object: null prototype] { _t: '1771832357088' },
  headers: { authorization: 'present', origin: undefined },
  level: 'warn',
  message: '[404] API route not found: GET /analytics/monthly-context-settings',
  timestamp: '2026-02-23 13:09:17'
}
{
  service: 'attendance-system',
  method: 'GET',
  url: '/analytics/monthly-context-settings?_t=1771832357088',
  statusCode: 404,
  duration: '1ms',
  contentLength: '200',
  level: 'info',
  message: 'Response',
  timestamp: '2026-02-23 13:09:17'
}
{
  service: 'attendance-system',
  method: 'GET',
  url: '/api/analytics/monthly-context-settings?_t=1771832357088',
  ip: '127.0.0.1',
  userAgent: 'Mozilla/5.0 (Windows NT 10.0; Win64; x64) AppleWebKit/537.36 (KHTML, like Gecko) Chrome/145.0.0.0 Safari/537.36 Edg/145.0.0.0',
  timestamp: '2026-02-23 13:09:17',
  level: 'info',
  message: 'Request'
}
{
  service: 'attendance-system',
  method: 'GET',
  path: '/analytics/monthly-context-settings',
  query: [Object: null prototype] { _t: '1771832357088' },
  headers: { authorization: 'present', origin: undefined },
  level: 'warn',
  message: '[404] API route not found: GET /analytics/monthly-context-settings',
  timestamp: '2026-02-23 13:09:17'
}
{
  service: 'attendance-system',
  method: 'GET',
  url: '/analytics/monthly-context-settings?_t=1771832357088',
  statusCode: 404,
  duration: '1ms',
  contentLength: '200',
  level: 'info',
  message: 'Response',
  timestamp: '2026-02-23 13:09:17'
}
{
  service: 'attendance-system',
  method: 'GET',
  url: '/api/attendance/actual-work-days?month=2&year=2026&_t=1771832357198',
  ip: '127.0.0.1',
  userAgent: 'Mozilla/5.0 (Windows NT 10.0; Win64; x64) AppleWebKit/537.36 (KHTML, like Gecko) Chrome/145.0.0.0 Safari/537.36 Edg/145.0.0.0',
  timestamp: '2026-02-23 13:09:17',
  level: 'info',
  message: 'Request'
}
{
  service: 'attendance-system',
  method: 'GET',
  url: '/actual-work-days?month=2&year=2026&_t=1771832357198',
  statusCode: 200,
  duration: '57ms',
  contentLength: '5941',
  level: 'info',
  message: 'Response',
  timestamp: '2026-02-23 13:09:17'
}
{
  service: 'attendance-system',
  method: 'GET',
  url: '/api/attendance/actual-work-days?month=2&year=2026&_t=1771832357292',
  ip: '127.0.0.1',
  userAgent: 'Mozilla/5.0 (Windows NT 10.0; Win64; x64) AppleWebKit/537.36 (KHTML, like Gecko) Chrome/145.0.0.0 Safari/537.36 Edg/145.0.0.0',
  timestamp: '2026-02-23 13:09:17',
  level: 'info',
  message: 'Request'
}
{
  service: 'attendance-system',
  method: 'GET',
  url: '/actual-work-days?month=2&year=2026&_t=1771832357292',
  statusCode: 200,
  duration: '60ms',
  contentLength: '5941',
  level: 'info',
  message: 'Response',
  timestamp: '2026-02-23 13:09:17'
}
{
  service: 'attendance-system',
  method: 'GET',
  url: '/api/admin/leave-years?_t=1771832359550',
  ip: '127.0.0.1',
  userAgent: 'Mozilla/5.0 (Windows NT 10.0; Win64; x64) AppleWebKit/537.36 (KHTML, like Gecko) Chrome/145.0.0.0 Safari/537.36 Edg/145.0.0.0',
  timestamp: '2026-02-23 13:09:19',
  level: 'info',
  message: 'Request'
}
{
  service: 'attendance-system',
  method: 'GET',
  url: '/?_t=1771832359550',
  statusCode: 200,
  duration: '13ms',
  contentLength: '588',
  level: 'info',
  message: 'Response',
  timestamp: '2026-02-23 13:09:19'
}
{
  service: 'attendance-system',
  method: 'GET',
  url: '/api/admin/leave-years?_t=1771832359550',
  ip: '127.0.0.1',
  userAgent: 'Mozilla/5.0 (Windows NT 10.0; Win64; x64) AppleWebKit/537.36 (KHTML, like Gecko) Chrome/145.0.0.0 Safari/537.36 Edg/145.0.0.0',
  timestamp: '2026-02-23 13:09:19',
  level: 'info',
  message: 'Request'
}
{
  service: 'attendance-system',
  method: 'GET',
  url: '/api/holidays/admin?yearId=699835a096e7118cec3a008b&_t=1771832359580',
  ip: '127.0.0.1',
  userAgent: 'Mozilla/5.0 (Windows NT 10.0; Win64; x64) AppleWebKit/537.36 (KHTML, like Gecko) Chrome/145.0.0.0 Safari/537.36 Edg/145.0.0.0',
  timestamp: '2026-02-23 13:09:19',
  level: 'info',
  message: 'Request'
}
{
  service: 'attendance-system',
  method: 'GET',
  url: '/?_t=1771832359550',
  statusCode: 304,
  duration: '16ms',
  contentLength: 0,
  level: 'info',
  message: 'Response',
  timestamp: '2026-02-23 13:09:19'
}
{
  service: 'attendance-system',
  method: 'GET',
  url: '/admin?yearId=699835a096e7118cec3a008b&_t=1771832359580',
  statusCode: 200,
  duration: '15ms',
  contentLength: '2439',
  level: 'info',
  message: 'Response',
  timestamp: '2026-02-23 13:09:19'
}
{
  service: 'attendance-system',
  method: 'GET',
  url: '/api/holidays/admin?yearId=699835a096e7118cec3a008b&_t=1771832359605',
  ip: '127.0.0.1',
  userAgent: 'Mozilla/5.0 (Windows NT 10.0; Win64; x64) AppleWebKit/537.36 (KHTML, like Gecko) Chrome/145.0.0.0 Safari/537.36 Edg/145.0.0.0',
  timestamp: '2026-02-23 13:09:19',
  level: 'info',
  message: 'Request'
}
{
  service: 'attendance-system',
  method: 'GET',
  url: '/admin?yearId=699835a096e7118cec3a008b&_t=1771832359605',
  statusCode: 200,
  duration: '13ms',
  contentLength: '2439',
  level: 'info',
  message: 'Response',
  timestamp: '2026-02-23 13:09:19'
}
{
  service: 'attendance-system',
  method: 'GET',
  url: '/api/analytics/attendance?startDate=2026-02-01&endDate=2026-02-23&page=1&limit=50&_t=1771832364805',
  ip: '127.0.0.1',
  userAgent: 'Mozilla/5.0 (Windows NT 10.0; Win64; x64) AppleWebKit/537.36 (KHTML, like Gecko) Chrome/145.0.0.0 Safari/537.36 Edg/145.0.0.0',
  timestamp: '2026-02-23 13:09:24',
  level: 'info',
  message: 'Request'
}
{
  service: 'attendance-system',
  method: 'GET',
  url: '/attendance?startDate=2026-02-01&endDate=2026-02-23&page=1&limit=50&_t=1771832364805',
  statusCode: 200,
  duration: '6ms',
  contentLength: '12634',
  level: 'info',
  message: 'Response',
  timestamp: '2026-02-23 13:09:24'
}
{
  service: 'attendance-system',
  method: 'GET',
  url: '/api/admin/employees?all=true&_t=1771832364906',
  ip: '127.0.0.1',
  userAgent: 'Mozilla/5.0 (Windows NT 10.0; Win64; x64) AppleWebKit/537.36 (KHTML, like Gecko) Chrome/145.0.0.0 Safari/537.36 Edg/145.0.0.0',
  timestamp: '2026-02-23 13:09:24',
  level: 'info',
  message: 'Request'
}
{
  service: 'attendance-system',
  method: 'GET',
  url: '/?all=true&_t=1771832364906',
  statusCode: 200,
  duration: '46ms',
  contentLength: '27292',
  level: 'info',
  message: 'Response',
  timestamp: '2026-02-23 13:09:24'
}
{
  service: 'attendance-system',
  method: 'GET',
  url: '/api/admin/employees?all=true&_t=1771832364906',
  ip: '127.0.0.1',
  userAgent: 'Mozilla/5.0 (Windows NT 10.0; Win64; x64) AppleWebKit/537.36 (KHTML, like Gecko) Chrome/145.0.0.0 Safari/537.36 Edg/145.0.0.0',
  timestamp: '2026-02-23 13:09:24',
  level: 'info',
  message: 'Request'
}
{
  service: 'attendance-system',
  method: 'GET',
  url: '/?all=true&_t=1771832364906',
  statusCode: 304,
  duration: '56ms',
  contentLength: 0,
  level: 'info',
  message: 'Response',
  timestamp: '2026-02-23 13:09:25'
}
{
  service: 'attendance-system',
  method: 'GET',
  url: '/api/analytics/monthly-context-settings?_t=1771832366408',
  ip: '127.0.0.1',
  userAgent: 'Mozilla/5.0 (Windows NT 10.0; Win64; x64) AppleWebKit/537.36 (KHTML, like Gecko) Chrome/145.0.0.0 Safari/537.36 Edg/145.0.0.0',
  timestamp: '2026-02-23 13:09:26',
  level: 'info',
  message: 'Request'
}
{
  service: 'attendance-system',
  method: 'GET',
  path: '/analytics/monthly-context-settings',
  query: [Object: null prototype] { _t: '1771832366408' },
  headers: { authorization: 'present', origin: undefined },
  level: 'warn',
  message: '[404] API route not found: GET /analytics/monthly-context-settings',
  timestamp: '2026-02-23 13:09:26'
}
{
  service: 'attendance-system',
  method: 'GET',
  url: '/analytics/monthly-context-settings?_t=1771832366408',
  statusCode: 404,
  duration: '1ms',
  contentLength: '200',
  level: 'info',
  message: 'Response',
  timestamp: '2026-02-23 13:09:26'
}
{
  service: 'attendance-system',
  method: 'GET',
  url: '/api/analytics/monthly-context-settings?_t=1771832366408',
  ip: '127.0.0.1',
  userAgent: 'Mozilla/5.0 (Windows NT 10.0; Win64; x64) AppleWebKit/537.36 (KHTML, like Gecko) Chrome/145.0.0.0 Safari/537.36 Edg/145.0.0.0',
  timestamp: '2026-02-23 13:09:26',
  level: 'info',
  message: 'Request'
}
{
  service: 'attendance-system',
  method: 'GET',
  path: '/analytics/monthly-context-settings',
  query: [Object: null prototype] { _t: '1771832366408' },
  headers: { authorization: 'present', origin: undefined },
  level: 'warn',
  message: '[404] API route not found: GET /analytics/monthly-context-settings',
  timestamp: '2026-02-23 13:09:26'
}
{
  service: 'attendance-system',
  method: 'GET',
  url: '/analytics/monthly-context-settings?_t=1771832366408',
  statusCode: 404,
  duration: '2ms',
  contentLength: '200',
  level: 'info',
  message: 'Response',
  timestamp: '2026-02-23 13:09:26'
}
{
  service: 'attendance-system',
  method: 'GET',
  url: '/api/analytics/monthly-context-settings?_t=1771832366408',
  ip: '127.0.0.1',
  userAgent: 'Mozilla/5.0 (Windows NT 10.0; Win64; x64) AppleWebKit/537.36 (KHTML, like Gecko) Chrome/145.0.0.0 Safari/537.36 Edg/145.0.0.0',
  timestamp: '2026-02-23 13:09:26',
  level: 'info',
  message: 'Request'
}
{
  service: 'attendance-system',
  method: 'GET',
  path: '/analytics/monthly-context-settings',
  query: [Object: null prototype] { _t: '1771832366408' },
  headers: { authorization: 'present', origin: undefined },
  level: 'warn',
  message: '[404] API route not found: GET /analytics/monthly-context-settings',
  timestamp: '2026-02-23 13:09:26'
}
{
  service: 'attendance-system',
  method: 'GET',
  url: '/analytics/monthly-context-settings?_t=1771832366408',
  statusCode: 404,
  duration: '1ms',
  contentLength: '200',
  level: 'info',
  message: 'Response',
  timestamp: '2026-02-23 13:09:26'
}
{
  service: 'attendance-system',
  method: 'GET',
  url: '/api/analytics/monthly-context-settings?_t=1771832366408',
  ip: '127.0.0.1',
  userAgent: 'Mozilla/5.0 (Windows NT 10.0; Win64; x64) AppleWebKit/537.36 (KHTML, like Gecko) Chrome/145.0.0.0 Safari/537.36 Edg/145.0.0.0',
  timestamp: '2026-02-23 13:09:26',
  level: 'info',
  message: 'Request'
}
{
  service: 'attendance-system',
  method: 'GET',
  path: '/analytics/monthly-context-settings',
  query: [Object: null prototype] { _t: '1771832366408' },
  headers: { authorization: 'present', origin: undefined },
  level: 'warn',
  message: '[404] API route not found: GET /analytics/monthly-context-settings',
  timestamp: '2026-02-23 13:09:26'
}
{
  service: 'attendance-system',
  method: 'GET',
  url: '/analytics/monthly-context-settings?_t=1771832366408',
  statusCode: 404,
  duration: '1ms',
  contentLength: '200',
  level: 'info',
  message: 'Response',
  timestamp: '2026-02-23 13:09:26'
}
{
  service: 'attendance-system',
  method: 'GET',
  url: '/api/announcements?_t=1771832384408',
  ip: '127.0.0.1',
  userAgent: 'Mozilla/5.0 (Windows NT 10.0; Win64; x64) AppleWebKit/537.36 (KHTML, like Gecko) Chrome/145.0.0.0 Safari/537.36 Edg/145.0.0.0',
  timestamp: '2026-02-23 13:09:44',
  level: 'info',
  message: 'Request'
}
{
  service: 'attendance-system',
  method: 'GET',
  url: '/?_t=1771832384408',
  statusCode: 200,
  duration: '16ms',
  contentLength: '2',
  level: 'info',
  message: 'Response',
  timestamp: '2026-02-23 13:09:44'
}
{
  service: 'attendance-system',
  method: 'GET',
  url: '/api/announcements?_t=1771832396354',
  ip: '127.0.0.1',
  userAgent: 'Mozilla/5.0 (Windows NT 10.0; Win64; x64) AppleWebKit/537.36 (KHTML, like Gecko) Chrome/145.0.0.0 Safari/537.36',
  timestamp: '2026-02-23 13:09:56',
  level: 'info',
  message: 'Request'
}
{
  service: 'attendance-system',
  method: 'GET',
  url: '/?_t=1771832396354',
  statusCode: 200,
  duration: '14ms',
  contentLength: '2',
  level: 'info',
  message: 'Response',
  timestamp: '2026-02-23 13:09:56'
}
{
  service: 'attendance-system',
  method: 'GET',
  url: '/api/announcements?_t=1771832415331',
  ip: '127.0.0.1',
  userAgent: 'Mozilla/5.0 (Windows NT 10.0; Win64; x64) AppleWebKit/537.36 (KHTML, like Gecko) Chrome/145.0.0.0 Safari/537.36 Edg/145.0.0.0',
  timestamp: '2026-02-23 13:10:15',
  level: 'info',
  message: 'Request'
}
{
  service: 'attendance-system',
  method: 'GET',
  url: '/?_t=1771832415331',
  statusCode: 200,
  duration: '14ms',
  contentLength: '2',
  level: 'info',
  message: 'Response',
  timestamp: '2026-02-23 13:10:15'
}
{
  service: 'attendance-system',
  method: 'GET',
  url: '/api/announcements?_t=1771832445336',
  ip: '127.0.0.1',
  userAgent: 'Mozilla/5.0 (Windows NT 10.0; Win64; x64) AppleWebKit/537.36 (KHTML, like Gecko) Chrome/145.0.0.0 Safari/537.36 Edg/145.0.0.0',
  timestamp: '2026-02-23 13:10:45',
  level: 'info',
  message: 'Request'
}
{
  service: 'attendance-system',
  method: 'GET',
  url: '/?_t=1771832445336',
  statusCode: 200,
  duration: '13ms',
  contentLength: '2',
  level: 'info',
  message: 'Response',
  timestamp: '2026-02-23 13:10:45'
}
{
  service: 'attendance-system',
  method: 'GET',
  url: '/api/announcements?_t=1771832456354',
  ip: '127.0.0.1',
  userAgent: 'Mozilla/5.0 (Windows NT 10.0; Win64; x64) AppleWebKit/537.36 (KHTML, like Gecko) Chrome/145.0.0.0 Safari/537.36',
  timestamp: '2026-02-23 13:10:56',
  level: 'info',
  message: 'Request'
}
{
  service: 'attendance-system',
  method: 'GET',
  url: '/?_t=1771832456354',
  statusCode: 200,
  duration: '12ms',
  contentLength: '2',
  level: 'info',
  message: 'Response',
  timestamp: '2026-02-23 13:10:56'
}
{
  service: 'attendance-system',
  method: 'GET',
  url: '/api/announcements?_t=1771832506338',
  ip: '127.0.0.1',
  userAgent: 'Mozilla/5.0 (Windows NT 10.0; Win64; x64) AppleWebKit/537.36 (KHTML, like Gecko) Chrome/145.0.0.0 Safari/537.36 Edg/145.0.0.0',
  timestamp: '2026-02-23 13:11:46',
  level: 'info',
  message: 'Request'
}
{
  service: 'attendance-system',
  method: 'GET',
  url: '/?_t=1771832506338',
  statusCode: 200,
  duration: '12ms',
  contentLength: '2',
  level: 'info',
  message: 'Response',
  timestamp: '2026-02-23 13:11:46'
}
{
  service: 'attendance-system',
  method: 'GET',
  url: '/api/announcements?_t=1771832516356',
  ip: '127.0.0.1',
  userAgent: 'Mozilla/5.0 (Windows NT 10.0; Win64; x64) AppleWebKit/537.36 (KHTML, like Gecko) Chrome/145.0.0.0 Safari/537.36',
  timestamp: '2026-02-23 13:11:56',
  level: 'info',
  message: 'Request'
}
{
  service: 'attendance-system',
  method: 'GET',
  url: '/?_t=1771832516356',
  statusCode: 200,
  duration: '12ms',
  contentLength: '2',
  level: 'info',
  message: 'Response',
  timestamp: '2026-02-23 13:11:56'
}
{
  service: 'attendance-system',
  method: 'GET',
  url: '/api/announcements?_t=1771832567339',
  ip: '127.0.0.1',
  userAgent: 'Mozilla/5.0 (Windows NT 10.0; Win64; x64) AppleWebKit/537.36 (KHTML, like Gecko) Chrome/145.0.0.0 Safari/537.36 Edg/145.0.0.0',
  timestamp: '2026-02-23 13:12:47',
  level: 'info',
  message: 'Request'
}
{
  service: 'attendance-system',
  method: 'GET',
  url: '/?_t=1771832567339',
  statusCode: 200,
  duration: '22ms',
  contentLength: '2',
  level: 'info',
  message: 'Response',
  timestamp: '2026-02-23 13:12:47'
}
{
  service: 'attendance-system',
  method: 'GET',
  url: '/api/announcements?_t=1771832576362',
  ip: '127.0.0.1',
  userAgent: 'Mozilla/5.0 (Windows NT 10.0; Win64; x64) AppleWebKit/537.36 (KHTML, like Gecko) Chrome/145.0.0.0 Safari/537.36',
  timestamp: '2026-02-23 13:12:56',
  level: 'info',
  message: 'Request'
}
{
  service: 'attendance-system',
  method: 'GET',
  url: '/?_t=1771832576362',
  statusCode: 200,
  duration: '13ms',
  contentLength: '2',
  level: 'info',
  message: 'Response',
  timestamp: '2026-02-23 13:12:56'
}
{
  service: 'attendance-system',
  method: 'GET',
  url: '/api/admin/leave-years/active?_t=1771832618202',
  ip: '127.0.0.1',
  userAgent: 'Mozilla/5.0 (Windows NT 10.0; Win64; x64) AppleWebKit/537.36 (KHTML, like Gecko) Chrome/145.0.0.0 Safari/537.36 Edg/145.0.0.0',
  timestamp: '2026-02-23 13:13:38',
  level: 'info',
  message: 'Request'
}
{
  service: 'attendance-system',
  method: 'GET',
  url: '/api/admin/leave-years/active?_t=1771832618202',
  ip: '127.0.0.1',
  userAgent: 'Mozilla/5.0 (Windows NT 10.0; Win64; x64) AppleWebKit/537.36 (KHTML, like Gecko) Chrome/145.0.0.0 Safari/537.36 Edg/145.0.0.0',
  timestamp: '2026-02-23 13:13:38',
  level: 'info',
  message: 'Request'
}
{
  service: 'attendance-system',
  method: 'GET',
  url: '/api/auth/me?_t=1771832618202',
  ip: '127.0.0.1',
  userAgent: 'Mozilla/5.0 (Windows NT 10.0; Win64; x64) AppleWebKit/537.36 (KHTML, like Gecko) Chrome/145.0.0.0 Safari/537.36 Edg/145.0.0.0',
  timestamp: '2026-02-23 13:13:38',
  level: 'info',
  message: 'Request'
}
{
  service: 'attendance-system',
  method: 'GET',
  url: '/active?_t=1771832618202',
  statusCode: 200,
  duration: '118ms',
  contentLength: '194',
  level: 'info',
  message: 'Response',
  timestamp: '2026-02-23 13:13:38'
}
{
  service: 'attendance-system',
  method: 'GET',
  url: '/active?_t=1771832618202',
  statusCode: 200,
  duration: '66ms',
  contentLength: '194',
  level: 'info',
  message: 'Response',
  timestamp: '2026-02-23 13:13:38'
}
{
  service: 'attendance-system',
  method: 'GET',
  url: '/me?_t=1771832618202',
  statusCode: 200,
  duration: '74ms',
  contentLength: '1282',
  level: 'info',
  message: 'Response',
  timestamp: '2026-02-23 13:13:38'
}
{
  service: 'attendance-system',
  method: 'GET',
  url: '/api/announcements/last-read?_t=1771832618431',
  ip: '127.0.0.1',
  userAgent: 'Mozilla/5.0 (Windows NT 10.0; Win64; x64) AppleWebKit/537.36 (KHTML, like Gecko) Chrome/145.0.0.0 Safari/537.36 Edg/145.0.0.0',
  timestamp: '2026-02-23 13:13:38',
  level: 'info',
  message: 'Request'
}
{
  service: 'attendance-system',
  method: 'GET',
  url: '/api/attendance/current-status?_t=1771832618431',
  ip: '127.0.0.1',
  userAgent: 'Mozilla/5.0 (Windows NT 10.0; Win64; x64) AppleWebKit/537.36 (KHTML, like Gecko) Chrome/145.0.0.0 Safari/537.36 Edg/145.0.0.0',
  timestamp: '2026-02-23 13:13:38',
  level: 'info',
  message: 'Request'
}
{
  service: 'attendance-system',
  method: 'GET',
  url: '/api/new-notifications?_t=1771832618431',
  ip: '127.0.0.1',
  userAgent: 'Mozilla/5.0 (Windows NT 10.0; Win64; x64) AppleWebKit/537.36 (KHTML, like Gecko) Chrome/145.0.0.0 Safari/537.36 Edg/145.0.0.0',
  timestamp: '2026-02-23 13:13:38',
  level: 'info',
  message: 'Request'
}
{
  service: 'attendance-system',
  method: 'GET',
  url: '/api/announcements/last-read?_t=1771832618436',
  ip: '127.0.0.1',
  userAgent: 'Mozilla/5.0 (Windows NT 10.0; Win64; x64) AppleWebKit/537.36 (KHTML, like Gecko) Chrome/145.0.0.0 Safari/537.36 Edg/145.0.0.0',
  timestamp: '2026-02-23 13:13:38',
  level: 'info',
  message: 'Request'
}
{
  service: 'attendance-system',
  method: 'GET',
  url: '/last-read?_t=1771832618431',
  statusCode: 200,
  duration: '51ms',
  contentLength: '43',
  level: 'info',
  message: 'Response',
  timestamp: '2026-02-23 13:13:38'
}
{
  service: 'attendance-system',
  method: 'GET',
  url: '/last-read?_t=1771832618436',
  statusCode: 200,
  duration: '24ms',
  contentLength: '43',
  level: 'info',
  message: 'Response',
  timestamp: '2026-02-23 13:13:38'
}
{
  service: 'attendance-system',
  method: 'GET',
  url: '/current-status?_t=1771832618431',
  statusCode: 200,
  duration: '61ms',
  contentLength: '102',
  level: 'info',
  message: 'Response',
  timestamp: '2026-02-23 13:13:38'
}
{
  service: 'attendance-system',
  method: 'GET',
  url: '/api/announcements/last-read?_t=1771832618431',
  ip: '127.0.0.1',
  userAgent: 'Mozilla/5.0 (Windows NT 10.0; Win64; x64) AppleWebKit/537.36 (KHTML, like Gecko) Chrome/145.0.0.0 Safari/537.36 Edg/145.0.0.0',
  timestamp: '2026-02-23 13:13:38',
  level: 'info',
  message: 'Request'
}
{
  service: 'attendance-system',
  method: 'GET',
  url: '/api/announcements?_t=1771832618498',
  ip: '127.0.0.1',
  userAgent: 'Mozilla/5.0 (Windows NT 10.0; Win64; x64) AppleWebKit/537.36 (KHTML, like Gecko) Chrome/145.0.0.0 Safari/537.36 Edg/145.0.0.0',
  timestamp: '2026-02-23 13:13:38',
  level: 'info',
  message: 'Request'
}
{
  service: 'attendance-system',
  method: 'GET',
  url: '/?_t=1771832618431',
  statusCode: 200,
  duration: '66ms',
  contentLength: '22197',
  level: 'info',
  message: 'Response',
  timestamp: '2026-02-23 13:13:38'
}
{
  service: 'attendance-system',
  method: 'GET',
  url: '/last-read?_t=1771832618431',
  statusCode: 304,
  duration: '24ms',
  contentLength: 0,
  level: 'info',
  message: 'Response',
  timestamp: '2026-02-23 13:13:38'
}
{
  service: 'attendance-system',
  method: 'GET',
  url: '/api/admin/employees?all=true&_t=1771832618506',
  ip: '127.0.0.1',
  userAgent: 'Mozilla/5.0 (Windows NT 10.0; Win64; x64) AppleWebKit/537.36 (KHTML, like Gecko) Chrome/145.0.0.0 Safari/537.36 Edg/145.0.0.0',
  timestamp: '2026-02-23 13:13:38',
  level: 'info',
  message: 'Request'
}
{
  service: 'attendance-system',
  method: 'GET',
  url: '/api/admin/leaves/all?page=1&limit=10',
  ip: '127.0.0.1',
  userAgent: 'Mozilla/5.0 (Windows NT 10.0; Win64; x64) AppleWebKit/537.36 (KHTML, like Gecko) Chrome/145.0.0.0 Safari/537.36 Edg/145.0.0.0',
  timestamp: '2026-02-23 13:13:38',
  level: 'info',
  message: 'Request'
}
{
  service: 'attendance-system',
  method: 'GET',
  url: '/?_t=1771832618498',
  statusCode: 200,
  duration: '145ms',
  contentLength: '2',
  level: 'info',
  message: 'Response',
  timestamp: '2026-02-23 13:13:38'
}
{
  service: 'attendance-system',
  method: 'GET',
  url: '/leaves/all?page=1&limit=10',
  statusCode: 200,
  duration: '128ms',
  contentLength: '6584',
  level: 'info',
  message: 'Response',
  timestamp: '2026-02-23 13:13:38'
}
{
  service: 'attendance-system',
  method: 'GET',
  url: '/api/announcements?_t=1771832618515',
  ip: '127.0.0.1',
  userAgent: 'Mozilla/5.0 (Windows NT 10.0; Win64; x64) AppleWebKit/537.36 (KHTML, like Gecko) Chrome/145.0.0.0 Safari/537.36 Edg/145.0.0.0',
  timestamp: '2026-02-23 13:13:38',
  level: 'info',
  message: 'Request'
}
{
  service: 'attendance-system',
  method: 'GET',
  url: '/api/announcements?_t=1771832618549',
  ip: '127.0.0.1',
  userAgent: 'Mozilla/5.0 (Windows NT 10.0; Win64; x64) AppleWebKit/537.36 (KHTML, like Gecko) Chrome/145.0.0.0 Safari/537.36 Edg/145.0.0.0',
  timestamp: '2026-02-23 13:13:38',
  level: 'info',
  message: 'Request'
}
{
  service: 'attendance-system',
  method: 'GET',
  url: '/?_t=1771832618515',
  statusCode: 200,
  duration: '27ms',
  contentLength: '2',
  level: 'info',
  message: 'Response',
  timestamp: '2026-02-23 13:13:38'
}
{
  service: 'attendance-system',
  method: 'GET',
  url: '/api/announcements?_t=1771832618703',
  ip: '127.0.0.1',
  userAgent: 'Mozilla/5.0 (Windows NT 10.0; Win64; x64) AppleWebKit/537.36 (KHTML, like Gecko) Chrome/145.0.0.0 Safari/537.36 Edg/145.0.0.0',
  timestamp: '2026-02-23 13:13:38',
  level: 'info',
  message: 'Request'
}
{
  service: 'attendance-system',
  method: 'GET',
  url: '/?_t=1771832618549',
  statusCode: 200,
  duration: '25ms',
  contentLength: '2',
  level: 'info',
  message: 'Response',
  timestamp: '2026-02-23 13:13:38'
}
{
  service: 'attendance-system',
  method: 'GET',
  url: '/?all=true&_t=1771832618506',
  statusCode: 200,
  duration: '185ms',
  contentLength: '27292',
  level: 'info',
  message: 'Response',
  timestamp: '2026-02-23 13:13:38'
}
{
  service: 'attendance-system',
  method: 'GET',
  url: '/?_t=1771832618703',
  statusCode: 200,
  duration: '15ms',
  contentLength: '2',
  level: 'info',
  message: 'Response',
  timestamp: '2026-02-23 13:13:38'
}
{
  service: 'attendance-system',
  method: 'GET',
  url: '/api/analytics/monthly-context-settings?_t=1771832618839',
  ip: '127.0.0.1',
  userAgent: 'Mozilla/5.0 (Windows NT 10.0; Win64; x64) AppleWebKit/537.36 (KHTML, like Gecko) Chrome/145.0.0.0 Safari/537.36 Edg/145.0.0.0',
  timestamp: '2026-02-23 13:13:38',
  level: 'info',
  message: 'Request'
}
{
  service: 'attendance-system',
  method: 'GET',
  path: '/analytics/monthly-context-settings',
  query: [Object: null prototype] { _t: '1771832618839' },
  headers: { authorization: 'present', origin: undefined },
  level: 'warn',
  message: '[404] API route not found: GET /analytics/monthly-context-settings',
  timestamp: '2026-02-23 13:13:38'
}
{
  service: 'attendance-system',
  method: 'GET',
  url: '/analytics/monthly-context-settings?_t=1771832618839',
  statusCode: 404,
  duration: '2ms',
  contentLength: '200',
  level: 'info',
  message: 'Response',
  timestamp: '2026-02-23 13:13:38'
}
{
  service: 'attendance-system',
  method: 'GET',
  url: '/api/analytics/monthly-context-settings?_t=1771832618839',
  ip: '127.0.0.1',
  userAgent: 'Mozilla/5.0 (Windows NT 10.0; Win64; x64) AppleWebKit/537.36 (KHTML, like Gecko) Chrome/145.0.0.0 Safari/537.36 Edg/145.0.0.0',
  timestamp: '2026-02-23 13:13:38',
  level: 'info',
  message: 'Request'
}
{
  service: 'attendance-system',
  method: 'GET',
  path: '/analytics/monthly-context-settings',
  query: [Object: null prototype] { _t: '1771832618839' },
  headers: { authorization: 'present', origin: undefined },
  level: 'warn',
  message: '[404] API route not found: GET /analytics/monthly-context-settings',
  timestamp: '2026-02-23 13:13:38'
}
{
  service: 'attendance-system',
  method: 'GET',
  url: '/analytics/monthly-context-settings?_t=1771832618839',
  statusCode: 404,
  duration: '2ms',
  contentLength: '200',
  level: 'info',
  message: 'Response',
  timestamp: '2026-02-23 13:13:38'
}
{
  service: 'attendance-system',
  method: 'GET',
  url: '/api/admin/leaves/analytics/counts?month=2&year=2026&role=Intern',
  ip: '127.0.0.1',
  userAgent: 'Mozilla/5.0 (Windows NT 10.0; Win64; x64) AppleWebKit/537.36 (KHTML, like Gecko) Chrome/145.0.0.0 Safari/537.36 Edg/145.0.0.0',
  timestamp: '2026-02-23 13:13:38',
  level: 'info',
  message: 'Request'
}
{
  service: 'attendance-system',
  method: 'GET',
  url: '/api/admin/leaves/analytics/counts?month=2&year=2026&role=Employee',
  ip: '127.0.0.1',
  userAgent: 'Mozilla/5.0 (Windows NT 10.0; Win64; x64) AppleWebKit/537.36 (KHTML, like Gecko) Chrome/145.0.0.0 Safari/537.36 Edg/145.0.0.0',
  timestamp: '2026-02-23 13:13:38',
  level: 'info',
  message: 'Request'
}
{
  service: 'attendance-system',
  method: 'GET',
  url: '/api/analytics/monthly-context-settings?_t=1771832618839',
  ip: '127.0.0.1',
  userAgent: 'Mozilla/5.0 (Windows NT 10.0; Win64; x64) AppleWebKit/537.36 (KHTML, like Gecko) Chrome/145.0.0.0 Safari/537.36 Edg/145.0.0.0',
  timestamp: '2026-02-23 13:13:38',
  level: 'info',
  message: 'Request'
}
{
  service: 'attendance-system',
  method: 'GET',
  path: '/analytics/monthly-context-settings',
  query: [Object: null prototype] { _t: '1771832618839' },
  headers: { authorization: 'present', origin: undefined },
  level: 'warn',
  message: '[404] API route not found: GET /analytics/monthly-context-settings',
  timestamp: '2026-02-23 13:13:38'
}
{
  service: 'attendance-system',
  method: 'GET',
  url: '/analytics/monthly-context-settings?_t=1771832618839',
  statusCode: 404,
  duration: '1ms',
  contentLength: '200',
  level: 'info',
  message: 'Response',
  timestamp: '2026-02-23 13:13:38'
}
{
  service: 'attendance-system',
  method: 'GET',
  url: '/api/analytics/monthly-context-settings?_t=1771832618839',
  ip: '127.0.0.1',
  userAgent: 'Mozilla/5.0 (Windows NT 10.0; Win64; x64) AppleWebKit/537.36 (KHTML, like Gecko) Chrome/145.0.0.0 Safari/537.36 Edg/145.0.0.0',
  timestamp: '2026-02-23 13:13:38',
  level: 'info',
  message: 'Request'
}
{
  service: 'attendance-system',
  method: 'GET',
  path: '/analytics/monthly-context-settings',
  query: [Object: null prototype] { _t: '1771832618839' },
  headers: { authorization: 'present', origin: undefined },
  level: 'warn',
  message: '[404] API route not found: GET /analytics/monthly-context-settings',
  timestamp: '2026-02-23 13:13:38'
}
{
  service: 'attendance-system',
  method: 'GET',
  url: '/analytics/monthly-context-settings?_t=1771832618839',
  statusCode: 404,
  duration: '1ms',
  contentLength: '200',
  level: 'info',
  message: 'Response',
  timestamp: '2026-02-23 13:13:38'
}
{
  service: 'attendance-system',
  method: 'GET',
  url: '/leaves/analytics/counts?month=2&year=2026&role=Intern',
  statusCode: 304,
  duration: '22ms',
  contentLength: 0,
  level: 'info',
  message: 'Response',
  timestamp: '2026-02-23 13:13:38'
}
{
  service: 'attendance-system',
  method: 'GET',
  url: '/leaves/analytics/counts?month=2&year=2026&role=Employee',
  statusCode: 200,
  duration: '23ms',
  contentLength: '1932',
  level: 'info',
  message: 'Response',
  timestamp: '2026-02-23 13:13:38'
}
{
  service: 'attendance-system',
  method: 'GET',
  url: '/api/attendance/actual-work-days?month=2&year=2026&_t=1771832618936',
  ip: '127.0.0.1',
  userAgent: 'Mozilla/5.0 (Windows NT 10.0; Win64; x64) AppleWebKit/537.36 (KHTML, like Gecko) Chrome/145.0.0.0 Safari/537.36 Edg/145.0.0.0',
  timestamp: '2026-02-23 13:13:38',
  level: 'info',
  message: 'Request'
}
{
  service: 'attendance-system',
  method: 'GET',
  url: '/actual-work-days?month=2&year=2026&_t=1771832618936',
  statusCode: 200,
  duration: '54ms',
  contentLength: '5941',
  level: 'info',
  message: 'Response',
  timestamp: '2026-02-23 13:13:38'
}
{
  service: 'attendance-system',
  method: 'GET',
  url: '/api/attendance/actual-work-days?month=2&year=2026&_t=1771832619009',
  ip: '127.0.0.1',
  userAgent: 'Mozilla/5.0 (Windows NT 10.0; Win64; x64) AppleWebKit/537.36 (KHTML, like Gecko) Chrome/145.0.0.0 Safari/537.36 Edg/145.0.0.0',
  timestamp: '2026-02-23 13:13:39',
  level: 'info',
  message: 'Request'
}
{
  service: 'attendance-system',
  method: 'GET',
  url: '/actual-work-days?month=2&year=2026&_t=1771832619009',
  statusCode: 200,
  duration: '56ms',
  contentLength: '5941',
  level: 'info',
  message: 'Response',
  timestamp: '2026-02-23 13:13:39'
}
{
  service: 'attendance-system',
  method: 'GET',
  url: '/api/admin/employees?all=true&slim=true&_t=1771832619546',
  ip: '127.0.0.1',
  userAgent: 'Mozilla/5.0 (Windows NT 10.0; Win64; x64) AppleWebKit/537.36 (KHTML, like Gecko) Chrome/145.0.0.0 Safari/537.36 Edg/145.0.0.0',
  timestamp: '2026-02-23 13:13:39',
  level: 'info',
  message: 'Request'
}
{
  service: 'attendance-system',
  method: 'GET',
  url: '/?all=true&slim=true&_t=1771832619546',
  statusCode: 200,
  duration: '22ms',
  contentLength: '10512',
  level: 'info',
  message: 'Response',
  timestamp: '2026-02-23 13:13:39'
}
{
  service: 'attendance-system',
  method: 'GET',
  url: '/api/admin/employees?all=true&slim=true&_t=1771832619546',
  ip: '127.0.0.1',
  userAgent: 'Mozilla/5.0 (Windows NT 10.0; Win64; x64) AppleWebKit/537.36 (KHTML, like Gecko) Chrome/145.0.0.0 Safari/537.36 Edg/145.0.0.0',
  timestamp: '2026-02-23 13:13:39',
  level: 'info',
  message: 'Request'
}
{
  service: 'attendance-system',
  method: 'GET',
  url: '/?all=true&slim=true&_t=1771832619546',
  statusCode: 304,
  duration: '29ms',
  contentLength: 0,
  level: 'info',
  message: 'Response',
  timestamp: '2026-02-23 13:13:39'
}
{
  service: 'attendance-system',
  method: 'GET',
  url: '/api/admin/shifts?_t=1771832619832',
  ip: '127.0.0.1',
  userAgent: 'Mozilla/5.0 (Windows NT 10.0; Win64; x64) AppleWebKit/537.36 (KHTML, like Gecko) Chrome/145.0.0.0 Safari/537.36 Edg/145.0.0.0',
  timestamp: '2026-02-23 13:13:39',
  level: 'info',
  message: 'Request'
}
{
  service: 'attendance-system',
  method: 'GET',
  url: '/api/admin/employees?page=1&limit=10&status=active&_t=1771832619832',
  ip: '127.0.0.1',
  userAgent: 'Mozilla/5.0 (Windows NT 10.0; Win64; x64) AppleWebKit/537.36 (KHTML, like Gecko) Chrome/145.0.0.0 Safari/537.36 Edg/145.0.0.0',
  timestamp: '2026-02-23 13:13:39',
  level: 'info',
  message: 'Request'
}
{
  service: 'attendance-system',
  method: 'GET',
  url: '/?_t=1771832619832',
  statusCode: 200,
  duration: '23ms',
  contentLength: '802',
  level: 'info',
  message: 'Response',
  timestamp: '2026-02-23 13:13:39'
}
{
  service: 'attendance-system',
  method: 'GET',
  url: '/api/admin/shifts?_t=1771832619832',
  ip: '127.0.0.1',
  userAgent: 'Mozilla/5.0 (Windows NT 10.0; Win64; x64) AppleWebKit/537.36 (KHTML, like Gecko) Chrome/145.0.0.0 Safari/537.36 Edg/145.0.0.0',
  timestamp: '2026-02-23 13:13:39',
  level: 'info',
  message: 'Request'
}
{
  service: 'attendance-system',
  method: 'GET',
  url: '/?page=1&limit=10&status=active&_t=1771832619832',
  statusCode: 200,
  duration: '32ms',
  contentLength: '10220',
  level: 'info',
  message: 'Response',
  timestamp: '2026-02-23 13:13:39'
}
{
  service: 'attendance-system',
  method: 'GET',
  url: '/api/admin/employees?page=1&limit=10&status=active&_t=1771832619832',
  ip: '127.0.0.1',
  userAgent: 'Mozilla/5.0 (Windows NT 10.0; Win64; x64) AppleWebKit/537.36 (KHTML, like Gecko) Chrome/145.0.0.0 Safari/537.36 Edg/145.0.0.0',
  timestamp: '2026-02-23 13:13:39',
  level: 'info',
  message: 'Request'
}
{
  service: 'attendance-system',
  method: 'GET',
  url: '/?_t=1771832619832',
  statusCode: 304,
  duration: '20ms',
  contentLength: 0,
  level: 'info',
  message: 'Response',
  timestamp: '2026-02-23 13:13:39'
}
{
  service: 'attendance-system',
  method: 'GET',
  url: '/?page=1&limit=10&status=active&_t=1771832619832',
  statusCode: 304,
  duration: '44ms',
  contentLength: 0,
  level: 'info',
  message: 'Response',
  timestamp: '2026-02-23 13:13:39'
}
{
  service: 'attendance-system',
  method: 'GET',
  url: '/api/admin/employees?all=true&slim=true&_t=1771832621884',
  ip: '127.0.0.1',
  userAgent: 'Mozilla/5.0 (Windows NT 10.0; Win64; x64) AppleWebKit/537.36 (KHTML, like Gecko) Chrome/145.0.0.0 Safari/537.36 Edg/145.0.0.0',
  timestamp: '2026-02-23 13:13:41',
  level: 'info',
  message: 'Request'
}
{
  service: 'attendance-system',
  method: 'GET',
  url: '/?all=true&slim=true&_t=1771832621884',
  statusCode: 200,
  duration: '22ms',
  contentLength: '10512',
  level: 'info',
  message: 'Response',
  timestamp: '2026-02-23 13:13:41'
}
{
  service: 'attendance-system',
  method: 'GET',
  url: '/api/admin/employees?all=true&slim=true&_t=1771832621884',
  ip: '127.0.0.1',
  userAgent: 'Mozilla/5.0 (Windows NT 10.0; Win64; x64) AppleWebKit/537.36 (KHTML, like Gecko) Chrome/145.0.0.0 Safari/537.36 Edg/145.0.0.0',
  timestamp: '2026-02-23 13:13:41',
  level: 'info',
  message: 'Request'
}
{
  service: 'attendance-system',
  method: 'GET',
  url: '/?all=true&slim=true&_t=1771832621884',
  statusCode: 304,
  duration: '22ms',
  contentLength: 0,
  level: 'info',
  message: 'Response',
  timestamp: '2026-02-23 13:13:41'
}
{
  service: 'attendance-system',
  method: 'GET',
  url: '/api/attendance/summary?startDate=2026-02-22&endDate=2026-02-28&userId=68d29f4cce5f5ad421bb6f93&includeHolidays=true&_t=1771832623720',
  ip: '127.0.0.1',
  userAgent: 'Mozilla/5.0 (Windows NT 10.0; Win64; x64) AppleWebKit/537.36 (KHTML, like Gecko) Chrome/145.0.0.0 Safari/537.36 Edg/145.0.0.0',
  timestamp: '2026-02-23 13:13:43',
  level: 'info',
  message: 'Request'
}
{
  service: 'attendance-system',
  method: 'GET',
  url: '/summary?startDate=2026-02-22&endDate=2026-02-28&userId=68d29f4cce5f5ad421bb6f93&includeHolidays=true&_t=1771832623720',
  statusCode: 200,
  duration: '37ms',
  contentLength: '5705',
  level: 'info',
  message: 'Response',
  timestamp: '2026-02-23 13:13:43'
}
{
  service: 'attendance-system',
  method: 'GET',
  url: '/api/announcements?_t=1771832636351',
  ip: '127.0.0.1',
  userAgent: 'Mozilla/5.0 (Windows NT 10.0; Win64; x64) AppleWebKit/537.36 (KHTML, like Gecko) Chrome/145.0.0.0 Safari/537.36',
  timestamp: '2026-02-23 13:13:56',
  level: 'info',
  message: 'Request'
}
{
  service: 'attendance-system',
  method: 'GET',
  url: '/?_t=1771832636351',
  statusCode: 200,
  duration: '13ms',
  contentLength: '2',
  level: 'info',
  message: 'Response',
  timestamp: '2026-02-23 13:13:56'
}
{
  service: 'attendance-system',
  method: 'GET',
  url: '/api/announcements?_t=1771832649338',
  ip: '127.0.0.1',
  userAgent: 'Mozilla/5.0 (Windows NT 10.0; Win64; x64) AppleWebKit/537.36 (KHTML, like Gecko) Chrome/145.0.0.0 Safari/537.36 Edg/145.0.0.0',
  timestamp: '2026-02-23 13:14:09',
  level: 'info',
  message: 'Request'
}
{
  service: 'attendance-system',
  method: 'GET',
  url: '/?_t=1771832649338',
  statusCode: 200,
  duration: '13ms',
  contentLength: '2',
  level: 'info',
  message: 'Response',
  timestamp: '2026-02-23 13:14:09'
}
{
  service: 'attendance-system',
  method: 'GET',
  url: '/api/announcements?_t=1771832679340',
  ip: '127.0.0.1',
  userAgent: 'Mozilla/5.0 (Windows NT 10.0; Win64; x64) AppleWebKit/537.36 (KHTML, like Gecko) Chrome/145.0.0.0 Safari/537.36 Edg/145.0.0.0',
  timestamp: '2026-02-23 13:14:39',
  level: 'info',
  message: 'Request'
}
{
  service: 'attendance-system',
  method: 'GET',
  url: '/?_t=1771832679340',
  statusCode: 200,
  duration: '13ms',
  contentLength: '2',
  level: 'info',
  message: 'Response',
  timestamp: '2026-02-23 13:14:39'
}
{
  service: 'attendance-system',
  method: 'GET',
  url: '/api/announcements?_t=1771832696354',
  ip: '127.0.0.1',
  userAgent: 'Mozilla/5.0 (Windows NT 10.0; Win64; x64) AppleWebKit/537.36 (KHTML, like Gecko) Chrome/145.0.0.0 Safari/537.36',
  timestamp: '2026-02-23 13:14:56',
  level: 'info',
  message: 'Request'
}
{
  service: 'attendance-system',
  method: 'GET',
  url: '/?_t=1771832696354',
  statusCode: 200,
  duration: '11ms',
  contentLength: '2',
  level: 'info',
  message: 'Response',
  timestamp: '2026-02-23 13:14:56'
}
{
  service: 'attendance-system',
  method: 'GET',
  url: '/api/announcements?_t=1771832709328',
  ip: '127.0.0.1',
  userAgent: 'Mozilla/5.0 (Windows NT 10.0; Win64; x64) AppleWebKit/537.36 (KHTML, like Gecko) Chrome/145.0.0.0 Safari/537.36 Edg/145.0.0.0',
  timestamp: '2026-02-23 13:15:09',
  level: 'info',
  message: 'Request'
}
{
  service: 'attendance-system',
  method: 'GET',
  url: '/?_t=1771832709328',
  statusCode: 200,
  duration: '10ms',
  contentLength: '2',
  level: 'info',
  message: 'Response',
  timestamp: '2026-02-23 13:15:09'
}
{
  service: 'attendance-system',
  method: 'GET',
  url: '/api/announcements?_t=1771832739335',
  ip: '127.0.0.1',
  userAgent: 'Mozilla/5.0 (Windows NT 10.0; Win64; x64) AppleWebKit/537.36 (KHTML, like Gecko) Chrome/145.0.0.0 Safari/537.36 Edg/145.0.0.0',
  timestamp: '2026-02-23 13:15:39',
  level: 'info',
  message: 'Request'
}
{
  service: 'attendance-system',
  method: 'GET',
  url: '/?_t=1771832739335',
  statusCode: 200,
  duration: '12ms',
  contentLength: '2',
  level: 'info',
  message: 'Response',
  timestamp: '2026-02-23 13:15:39'
}
{
  service: 'attendance-system',
  method: 'GET',
  url: '/api/announcements?_t=1771832756359',
  ip: '127.0.0.1',
  userAgent: 'Mozilla/5.0 (Windows NT 10.0; Win64; x64) AppleWebKit/537.36 (KHTML, like Gecko) Chrome/145.0.0.0 Safari/537.36',
  timestamp: '2026-02-23 13:15:56',
  level: 'info',
  message: 'Request'
}
{
  service: 'attendance-system',
  method: 'GET',
  url: '/?_t=1771832756359',
  statusCode: 200,
  duration: '12ms',
  contentLength: '2',
  level: 'info',
  message: 'Response',
  timestamp: '2026-02-23 13:15:56'
}
{
  service: 'attendance-system',
  method: 'GET',
  url: '/api/announcements?_t=1771832769329',
  ip: '127.0.0.1',
  userAgent: 'Mozilla/5.0 (Windows NT 10.0; Win64; x64) AppleWebKit/537.36 (KHTML, like Gecko) Chrome/145.0.0.0 Safari/537.36 Edg/145.0.0.0',
  timestamp: '2026-02-23 13:16:09',
  level: 'info',
  message: 'Request'
}
{
  service: 'attendance-system',
  method: 'GET',
  url: '/?_t=1771832769329',
  statusCode: 200,
  duration: '14ms',
  contentLength: '2',
  level: 'info',
  message: 'Response',
  timestamp: '2026-02-23 13:16:09'
}
{
  service: 'attendance-system',
  method: 'GET',
  url: '/api/announcements?_t=1771832799340',
  ip: '127.0.0.1',
  userAgent: 'Mozilla/5.0 (Windows NT 10.0; Win64; x64) AppleWebKit/537.36 (KHTML, like Gecko) Chrome/145.0.0.0 Safari/537.36 Edg/145.0.0.0',
  timestamp: '2026-02-23 13:16:39',
  level: 'info',
  message: 'Request'
}
{
  service: 'attendance-system',
  method: 'GET',
  url: '/?_t=1771832799340',
  statusCode: 200,
  duration: '11ms',
  contentLength: '2',
  level: 'info',
  message: 'Response',
  timestamp: '2026-02-23 13:16:39'
}
{
  service: 'attendance-system',
  method: 'GET',
  url: '/api/announcements?_t=1771832816374',
  ip: '127.0.0.1',
  userAgent: 'Mozilla/5.0 (Windows NT 10.0; Win64; x64) AppleWebKit/537.36 (KHTML, like Gecko) Chrome/145.0.0.0 Safari/537.36',
  timestamp: '2026-02-23 13:16:56',
  level: 'info',
  message: 'Request'
}
{
  service: 'attendance-system',
  method: 'GET',
  url: '/?_t=1771832816374',
  statusCode: 200,
  duration: '13ms',
  contentLength: '2',
  level: 'info',
  message: 'Response',
  timestamp: '2026-02-23 13:16:56'
}
{
  service: 'attendance-system',
  method: 'GET',
  url: '/api/announcements?_t=1771832876327',
  ip: '127.0.0.1',
  userAgent: 'Mozilla/5.0 (Windows NT 10.0; Win64; x64) AppleWebKit/537.36 (KHTML, like Gecko) Chrome/145.0.0.0 Safari/537.36 Edg/145.0.0.0',
  timestamp: '2026-02-23 13:17:56',
  level: 'info',
  message: 'Request'
}
{
  service: 'attendance-system',
  method: 'GET',
  url: '/?_t=1771832876327',
  statusCode: 200,
  duration: '12ms',
  contentLength: '2',
  level: 'info',
  message: 'Response',
  timestamp: '2026-02-23 13:17:56'
}
{
  service: 'attendance-system',
  method: 'GET',
  url: '/api/announcements?_t=1771832876349',
  ip: '127.0.0.1',
  userAgent: 'Mozilla/5.0 (Windows NT 10.0; Win64; x64) AppleWebKit/537.36 (KHTML, like Gecko) Chrome/145.0.0.0 Safari/537.36',
  timestamp: '2026-02-23 13:17:56',
  level: 'info',
  message: 'Request'
}
{
  service: 'attendance-system',
  method: 'GET',
  url: '/?_t=1771832876349',
  statusCode: 200,
  duration: '18ms',
  contentLength: '2',
  level: 'info',
  message: 'Response',
  timestamp: '2026-02-23 13:17:56'
}
{
  service: 'attendance-system',
  method: 'GET',
  url: '/api/announcements?_t=1771832936330',
  ip: '127.0.0.1',
  userAgent: 'Mozilla/5.0 (Windows NT 10.0; Win64; x64) AppleWebKit/537.36 (KHTML, like Gecko) Chrome/145.0.0.0 Safari/537.36 Edg/145.0.0.0',
  timestamp: '2026-02-23 13:18:56',
  level: 'info',
  message: 'Request'
}
{
  service: 'attendance-system',
  method: 'GET',
  url: '/?_t=1771832936330',
  statusCode: 200,
  duration: '13ms',
  contentLength: '2',
  level: 'info',
  message: 'Response',
  timestamp: '2026-02-23 13:18:56'
}
{
  service: 'attendance-system',
  method: 'GET',
  url: '/api/announcements?_t=1771832936368',
  ip: '127.0.0.1',
  userAgent: 'Mozilla/5.0 (Windows NT 10.0; Win64; x64) AppleWebKit/537.36 (KHTML, like Gecko) Chrome/145.0.0.0 Safari/537.36',
  timestamp: '2026-02-23 13:18:56',
  level: 'info',
  message: 'Request'
}
{
  service: 'attendance-system',
  method: 'GET',
  url: '/?_t=1771832936368',
  statusCode: 200,
  duration: '12ms',
  contentLength: '2',
  level: 'info',
  message: 'Response',
  timestamp: '2026-02-23 13:18:56'
}
{
  service: 'attendance-system',
  method: 'GET',
  url: '/api/admin/leave-years/active?_t=1771832970888',
  ip: '127.0.0.1',
  userAgent: 'Mozilla/5.0 (Windows NT 10.0; Win64; x64) AppleWebKit/537.36 (KHTML, like Gecko) Chrome/145.0.0.0 Safari/537.36 Edg/145.0.0.0',
  timestamp: '2026-02-23 13:19:30',
  level: 'info',
  message: 'Request'
}
{
  service: 'attendance-system',
  method: 'GET',
  url: '/api/auth/me?_t=1771832970888',
  ip: '127.0.0.1',
  userAgent: 'Mozilla/5.0 (Windows NT 10.0; Win64; x64) AppleWebKit/537.36 (KHTML, like Gecko) Chrome/145.0.0.0 Safari/537.36 Edg/145.0.0.0',
  timestamp: '2026-02-23 13:19:30',
  level: 'info',
  message: 'Request'
}
{
  service: 'attendance-system',
  method: 'GET',
  url: '/api/admin/leave-years/active?_t=1771832970888',
  ip: '127.0.0.1',
  userAgent: 'Mozilla/5.0 (Windows NT 10.0; Win64; x64) AppleWebKit/537.36 (KHTML, like Gecko) Chrome/145.0.0.0 Safari/537.36 Edg/145.0.0.0',
  timestamp: '2026-02-23 13:19:31',
  level: 'info',
  message: 'Request'
}
{
  service: 'attendance-system',
  method: 'GET',
  url: '/active?_t=1771832970888',
  statusCode: 200,
  duration: '287ms',
  contentLength: '194',
  level: 'info',
  message: 'Response',
  timestamp: '2026-02-23 13:19:31'
}
{
  service: 'attendance-system',
  method: 'GET',
  url: '/active?_t=1771832970888',
  statusCode: 200,
  duration: '187ms',
  contentLength: '194',
  level: 'info',
  message: 'Response',
  timestamp: '2026-02-23 13:19:31'
}
{
  service: 'attendance-system',
  method: 'GET',
  url: '/me?_t=1771832970888',
  statusCode: 200,
  duration: '281ms',
  contentLength: '1282',
  level: 'info',
  message: 'Response',
  timestamp: '2026-02-23 13:19:31'
}
{
  service: 'attendance-system',
  method: 'GET',
  url: '/api/announcements/last-read?_t=1771832971262',
  ip: '127.0.0.1',
  userAgent: 'Mozilla/5.0 (Windows NT 10.0; Win64; x64) AppleWebKit/537.36 (KHTML, like Gecko) Chrome/145.0.0.0 Safari/537.36 Edg/145.0.0.0',
  timestamp: '2026-02-23 13:19:31',
  level: 'info',
  message: 'Request'
}
{
  service: 'attendance-system',
  method: 'GET',
  url: '/api/attendance/current-status?_t=1771832971262',
  ip: '127.0.0.1',
  userAgent: 'Mozilla/5.0 (Windows NT 10.0; Win64; x64) AppleWebKit/537.36 (KHTML, like Gecko) Chrome/145.0.0.0 Safari/537.36 Edg/145.0.0.0',
  timestamp: '2026-02-23 13:19:31',
  level: 'info',
  message: 'Request'
}
{
  service: 'attendance-system',
  method: 'GET',
  url: '/api/new-notifications?_t=1771832971262',
  ip: '127.0.0.1',
  userAgent: 'Mozilla/5.0 (Windows NT 10.0; Win64; x64) AppleWebKit/537.36 (KHTML, like Gecko) Chrome/145.0.0.0 Safari/537.36 Edg/145.0.0.0',
  timestamp: '2026-02-23 13:19:31',
  level: 'info',
  message: 'Request'
}
{
  service: 'attendance-system',
  method: 'GET',
  url: '/api/announcements/last-read?_t=1771832971267',
  ip: '127.0.0.1',
  userAgent: 'Mozilla/5.0 (Windows NT 10.0; Win64; x64) AppleWebKit/537.36 (KHTML, like Gecko) Chrome/145.0.0.0 Safari/537.36 Edg/145.0.0.0',
  timestamp: '2026-02-23 13:19:31',
  level: 'info',
  message: 'Request'
}
{
  service: 'attendance-system',
  method: 'GET',
  url: '/last-read?_t=1771832971262',
  statusCode: 200,
  duration: '40ms',
  contentLength: '43',
  level: 'info',
  message: 'Response',
  timestamp: '2026-02-23 13:19:31'
}
{
  service: 'attendance-system',
  method: 'GET',
  url: '/last-read?_t=1771832971267',
  statusCode: 200,
  duration: '15ms',
  contentLength: '43',
  level: 'info',
  message: 'Response',
  timestamp: '2026-02-23 13:19:31'
}
{
  service: 'attendance-system',
  method: 'GET',
  url: '/api/announcements/last-read?_t=1771832971262',
  ip: '127.0.0.1',
  userAgent: 'Mozilla/5.0 (Windows NT 10.0; Win64; x64) AppleWebKit/537.36 (KHTML, like Gecko) Chrome/145.0.0.0 Safari/537.36 Edg/145.0.0.0',
  timestamp: '2026-02-23 13:19:31',
  level: 'info',
  message: 'Request'
}
{
  service: 'attendance-system',
  method: 'GET',
  url: '/current-status?_t=1771832971262',
  statusCode: 200,
  duration: '45ms',
  contentLength: '102',
  level: 'info',
  message: 'Response',
  timestamp: '2026-02-23 13:19:31'
}
{
  service: 'attendance-system',
  method: 'GET',
  url: '/api/admin/employees?all=true&slim=true&_t=1771832971318',
  ip: '127.0.0.1',
  userAgent: 'Mozilla/5.0 (Windows NT 10.0; Win64; x64) AppleWebKit/537.36 (KHTML, like Gecko) Chrome/145.0.0.0 Safari/537.36 Edg/145.0.0.0',
  timestamp: '2026-02-23 13:19:31',
  level: 'info',
  message: 'Request'
}
{
  service: 'attendance-system',
  method: 'GET',
  url: '/last-read?_t=1771832971262',
  statusCode: 304,
  duration: '19ms',
  contentLength: 0,
  level: 'info',
  message: 'Response',
  timestamp: '2026-02-23 13:19:31'
}
{
  service: 'attendance-system',
  method: 'GET',
  url: '/?_t=1771832971262',
  statusCode: 200,
  duration: '67ms',
  contentLength: '25387',
  level: 'info',
  message: 'Response',
  timestamp: '2026-02-23 13:19:31'
}
{
  service: 'attendance-system',
  method: 'GET',
  url: '/api/announcements?_t=1771832971332',
  ip: '127.0.0.1',
  userAgent: 'Mozilla/5.0 (Windows NT 10.0; Win64; x64) AppleWebKit/537.36 (KHTML, like Gecko) Chrome/145.0.0.0 Safari/537.36 Edg/145.0.0.0',
  timestamp: '2026-02-23 13:19:31',
  level: 'info',
  message: 'Request'
}
{
  service: 'attendance-system',
  method: 'GET',
  url: '/api/announcements?_t=1771832971335',
  ip: '127.0.0.1',
  userAgent: 'Mozilla/5.0 (Windows NT 10.0; Win64; x64) AppleWebKit/537.36 (KHTML, like Gecko) Chrome/145.0.0.0 Safari/537.36 Edg/145.0.0.0',
  timestamp: '2026-02-23 13:19:31',
  level: 'info',
  message: 'Request'
}
{
  service: 'attendance-system',
  method: 'GET',
  url: '/?all=true&slim=true&_t=1771832971318',
  statusCode: 200,
  duration: '50ms',
  contentLength: '10512',
  level: 'info',
  message: 'Response',
  timestamp: '2026-02-23 13:19:31'
}
{
  service: 'attendance-system',
  method: 'GET',
  url: '/?_t=1771832971332',
  statusCode: 200,
  duration: '21ms',
  contentLength: '2',
  level: 'info',
  message: 'Response',
  timestamp: '2026-02-23 13:19:31'
}
{
  service: 'attendance-system',
  method: 'GET',
  url: '/?_t=1771832971335',
  statusCode: 200,
  duration: '20ms',
  contentLength: '2',
  level: 'info',
  message: 'Response',
  timestamp: '2026-02-23 13:19:31'
}
{
  service: 'attendance-system',
  method: 'GET',
  url: '/api/announcements?_t=1771832971370',
  ip: '127.0.0.1',
  userAgent: 'Mozilla/5.0 (Windows NT 10.0; Win64; x64) AppleWebKit/537.36 (KHTML, like Gecko) Chrome/145.0.0.0 Safari/537.36 Edg/145.0.0.0',
  timestamp: '2026-02-23 13:19:31',
  level: 'info',
  message: 'Request'
}
{
  service: 'attendance-system',
  method: 'GET',
  url: '/api/admin/employees?all=true&slim=true&_t=1771832971318',
  ip: '127.0.0.1',
  userAgent: 'Mozilla/5.0 (Windows NT 10.0; Win64; x64) AppleWebKit/537.36 (KHTML, like Gecko) Chrome/145.0.0.0 Safari/537.36 Edg/145.0.0.0',
  timestamp: '2026-02-23 13:19:31',
  level: 'info',
  message: 'Request'
}
{
  service: 'attendance-system',
  method: 'GET',
  url: '/?_t=1771832971370',
  statusCode: 200,
  duration: '17ms',
  contentLength: '2',
  level: 'info',
  message: 'Response',
  timestamp: '2026-02-23 13:19:31'
}
{
  service: 'attendance-system',
  method: 'GET',
  url: '/?all=true&slim=true&_t=1771832971318',
  statusCode: 304,
  duration: '23ms',
  contentLength: 0,
  level: 'info',
  message: 'Response',
  timestamp: '2026-02-23 13:19:31'
}
{
  service: 'attendance-system',
  method: 'GET',
  url: '/api/attendance/summary?startDate=2026-02-22&endDate=2026-02-28&userId=68d29f4cce5f5ad421bb6f93&includeHolidays=true&_t=1771832973220',
  ip: '127.0.0.1',
  userAgent: 'Mozilla/5.0 (Windows NT 10.0; Win64; x64) AppleWebKit/537.36 (KHTML, like Gecko) Chrome/145.0.0.0 Safari/537.36 Edg/145.0.0.0',
  timestamp: '2026-02-23 13:19:33',
  level: 'info',
  message: 'Request'
}
{
  service: 'attendance-system',
  method: 'GET',
  url: '/summary?startDate=2026-02-22&endDate=2026-02-28&userId=68d29f4cce5f5ad421bb6f93&includeHolidays=true&_t=1771832973220',
  statusCode: 200,
  duration: '42ms',
  contentLength: '5985',
  level: 'info',
  message: 'Response',
  timestamp: '2026-02-23 13:19:33'
}
{
  service: 'attendance-system',
  method: 'GET',
  url: '/api/attendance/summary?startDate=2026-02-01&endDate=2026-02-28&userId=68d29f4cce5f5ad421bb6f93&includeHolidays=true&_t=1771832974098',
  ip: '127.0.0.1',
  userAgent: 'Mozilla/5.0 (Windows NT 10.0; Win64; x64) AppleWebKit/537.36 (KHTML, like Gecko) Chrome/145.0.0.0 Safari/537.36 Edg/145.0.0.0',
  timestamp: '2026-02-23 13:19:34',
  level: 'info',
  message: 'Request'
}
{
  service: 'attendance-system',
  method: 'GET',
  url: '/summary?startDate=2026-02-01&endDate=2026-02-28&userId=68d29f4cce5f5ad421bb6f93&includeHolidays=true&_t=1771832974098',
  statusCode: 200,
  duration: '173ms',
  contentLength: '28520',
  level: 'info',
  message: 'Response',
  timestamp: '2026-02-23 13:19:34'
}
{
  service: 'attendance-system',
  method: 'GET',
  url: '/api/announcements?_t=1771832996355',
  ip: '127.0.0.1',
  userAgent: 'Mozilla/5.0 (Windows NT 10.0; Win64; x64) AppleWebKit/537.36 (KHTML, like Gecko) Chrome/145.0.0.0 Safari/537.36',
  timestamp: '2026-02-23 13:19:56',
  level: 'info',
  message: 'Request'
}
{
  service: 'attendance-system',
  method: 'GET',
  url: '/?_t=1771832996355',
  statusCode: 200,
  duration: '17ms',
  contentLength: '2',
  level: 'info',
  message: 'Response',
  timestamp: '2026-02-23 13:19:56'
}
{
  service: 'attendance-system',
  method: 'GET',
  url: '/api/announcements?_t=1771833001338',
  ip: '127.0.0.1',
  userAgent: 'Mozilla/5.0 (Windows NT 10.0; Win64; x64) AppleWebKit/537.36 (KHTML, like Gecko) Chrome/145.0.0.0 Safari/537.36 Edg/145.0.0.0',
  timestamp: '2026-02-23 13:20:01',
  level: 'info',
  message: 'Request'
}
{
  service: 'attendance-system',
  method: 'GET',
  url: '/?_t=1771833001338',
  statusCode: 200,
  duration: '25ms',
  contentLength: '2',
  level: 'info',
  message: 'Response',
  timestamp: '2026-02-23 13:20:01'
}
{
  service: 'attendance-system',
  method: 'GET',
  url: '/api/announcements?_t=1771833031347',
  ip: '127.0.0.1',
  userAgent: 'Mozilla/5.0 (Windows NT 10.0; Win64; x64) AppleWebKit/537.36 (KHTML, like Gecko) Chrome/145.0.0.0 Safari/537.36 Edg/145.0.0.0',
  timestamp: '2026-02-23 13:20:31',
  level: 'info',
  message: 'Request'
}
{
  service: 'attendance-system',
  method: 'GET',
  url: '/?_t=1771833031347',
  statusCode: 200,
  duration: '17ms',
  contentLength: '2',
  level: 'info',
  message: 'Response',
  timestamp: '2026-02-23 13:20:31'
}
{
  service: 'attendance-system',
  method: 'GET',
  url: '/api/announcements?_t=1771833056361',
  ip: '127.0.0.1',
  userAgent: 'Mozilla/5.0 (Windows NT 10.0; Win64; x64) AppleWebKit/537.36 (KHTML, like Gecko) Chrome/145.0.0.0 Safari/537.36',
  timestamp: '2026-02-23 13:20:56',
  level: 'info',
  message: 'Request'
}
{
  service: 'attendance-system',
  method: 'GET',
  url: '/?_t=1771833056361',
  statusCode: 200,
  duration: '14ms',
  contentLength: '2',
  level: 'info',
  message: 'Response',
  timestamp: '2026-02-23 13:20:56'
}
{
  service: 'attendance-system',
  method: 'GET',
  url: '/api/announcements?_t=1771833061341',
  ip: '127.0.0.1',
  userAgent: 'Mozilla/5.0 (Windows NT 10.0; Win64; x64) AppleWebKit/537.36 (KHTML, like Gecko) Chrome/145.0.0.0 Safari/537.36 Edg/145.0.0.0',
  timestamp: '2026-02-23 13:21:01',
  level: 'info',
  message: 'Request'
}
{
  service: 'attendance-system',
  method: 'GET',
  url: '/?_t=1771833061341',
  statusCode: 200,
  duration: '20ms',
  contentLength: '2',
  level: 'info',
  message: 'Response',
  timestamp: '2026-02-23 13:21:01'
}
{
  service: 'attendance-system',
  method: 'GET',
  url: '/api/announcements?_t=1771833091340',
  ip: '127.0.0.1',
  userAgent: 'Mozilla/5.0 (Windows NT 10.0; Win64; x64) AppleWebKit/537.36 (KHTML, like Gecko) Chrome/145.0.0.0 Safari/537.36 Edg/145.0.0.0',
  timestamp: '2026-02-23 13:21:31',
  level: 'info',
  message: 'Request'
}
{
  service: 'attendance-system',
  method: 'GET',
  url: '/?_t=1771833091340',
  statusCode: 200,
  duration: '18ms',
  contentLength: '2',
  level: 'info',
  message: 'Response',
  timestamp: '2026-02-23 13:21:31'
}
{
  service: 'attendance-system',
  method: 'GET',
  url: '/api/announcements?_t=1771833116368',
  ip: '127.0.0.1',
  userAgent: 'Mozilla/5.0 (Windows NT 10.0; Win64; x64) AppleWebKit/537.36 (KHTML, like Gecko) Chrome/145.0.0.0 Safari/537.36',
  timestamp: '2026-02-23 13:21:56',
  level: 'info',
  message: 'Request'
}
{
  service: 'attendance-system',
  method: 'GET',
  url: '/?_t=1771833116368',
  statusCode: 200,
  duration: '14ms',
  contentLength: '2',
  level: 'info',
  message: 'Response',
  timestamp: '2026-02-23 13:21:56'
}
{
  service: 'attendance-system',
  method: 'GET',
  url: '/api/announcements?_t=1771833121345',
  ip: '127.0.0.1',
  userAgent: 'Mozilla/5.0 (Windows NT 10.0; Win64; x64) AppleWebKit/537.36 (KHTML, like Gecko) Chrome/145.0.0.0 Safari/537.36 Edg/145.0.0.0',
  timestamp: '2026-02-23 13:22:01',
  level: 'info',
  message: 'Request'
}
{
  service: 'attendance-system',
  method: 'GET',
  url: '/?_t=1771833121345',
  statusCode: 200,
  duration: '14ms',
  contentLength: '2',
  level: 'info',
  message: 'Response',
  timestamp: '2026-02-23 13:22:01'
}
{
  service: 'attendance-system',
  method: 'GET',
  url: '/api/announcements?_t=1771833151337',
  ip: '127.0.0.1',
  userAgent: 'Mozilla/5.0 (Windows NT 10.0; Win64; x64) AppleWebKit/537.36 (KHTML, like Gecko) Chrome/145.0.0.0 Safari/537.36 Edg/145.0.0.0',
  timestamp: '2026-02-23 13:22:31',
  level: 'info',
  message: 'Request'
}
{
  service: 'attendance-system',
  method: 'GET',
  url: '/?_t=1771833151337',
  statusCode: 200,
  duration: '21ms',
  contentLength: '2',
  level: 'info',
  message: 'Response',
  timestamp: '2026-02-23 13:22:31'
}
{
  service: 'attendance-system',
  method: 'GET',
  url: '/api/announcements?_t=1771833176356',
  ip: '127.0.0.1',
  userAgent: 'Mozilla/5.0 (Windows NT 10.0; Win64; x64) AppleWebKit/537.36 (KHTML, like Gecko) Chrome/145.0.0.0 Safari/537.36',
  timestamp: '2026-02-23 13:22:56',
  level: 'info',
  message: 'Request'
}
{
  service: 'attendance-system',
  method: 'GET',
  url: '/?_t=1771833176356',
  statusCode: 200,
  duration: '15ms',
  contentLength: '2',
  level: 'info',
  message: 'Response',
  timestamp: '2026-02-23 13:22:56'
}
{
  service: 'attendance-system',
  method: 'GET',
  url: '/api/announcements?_t=1771833181340',
  ip: '127.0.0.1',
  userAgent: 'Mozilla/5.0 (Windows NT 10.0; Win64; x64) AppleWebKit/537.36 (KHTML, like Gecko) Chrome/145.0.0.0 Safari/537.36 Edg/145.0.0.0',
  timestamp: '2026-02-23 13:23:01',
  level: 'info',
  message: 'Request'
}
{
  service: 'attendance-system',
  method: 'GET',
  url: '/?_t=1771833181340',
  statusCode: 200,
  duration: '21ms',
  contentLength: '2',
  level: 'info',
  message: 'Response',
  timestamp: '2026-02-23 13:23:01'
}
{
  service: 'attendance-system',
  method: 'GET',
  url: '/api/announcements?_t=1771833211349',
  ip: '127.0.0.1',
  userAgent: 'Mozilla/5.0 (Windows NT 10.0; Win64; x64) AppleWebKit/537.36 (KHTML, like Gecko) Chrome/145.0.0.0 Safari/537.36 Edg/145.0.0.0',
  timestamp: '2026-02-23 13:23:31',
  level: 'info',
  message: 'Request'
}
{
  service: 'attendance-system',
  method: 'GET',
  url: '/?_t=1771833211349',
  statusCode: 200,
  duration: '21ms',
  contentLength: '2',
  level: 'info',
  message: 'Response',
  timestamp: '2026-02-23 13:23:31'
}
{
  service: 'attendance-system',
  method: 'GET',
  url: '/api/announcements?_t=1771833236359',
  ip: '127.0.0.1',
  userAgent: 'Mozilla/5.0 (Windows NT 10.0; Win64; x64) AppleWebKit/537.36 (KHTML, like Gecko) Chrome/145.0.0.0 Safari/537.36',
  timestamp: '2026-02-23 13:23:56',
  level: 'info',
  message: 'Request'
}
{
  service: 'attendance-system',
  method: 'GET',
  url: '/?_t=1771833236359',
  statusCode: 200,
  duration: '14ms',
  contentLength: '2',
  level: 'info',
  message: 'Response',
  timestamp: '2026-02-23 13:23:56'
}
{
  service: 'attendance-system',
  method: 'GET',
  url: '/api/announcements?_t=1771833241351',
  ip: '127.0.0.1',
  userAgent: 'Mozilla/5.0 (Windows NT 10.0; Win64; x64) AppleWebKit/537.36 (KHTML, like Gecko) Chrome/145.0.0.0 Safari/537.36 Edg/145.0.0.0',
  timestamp: '2026-02-23 13:24:01',
  level: 'info',
  message: 'Request'
}
{
  service: 'attendance-system',
  method: 'GET',
  url: '/?_t=1771833241351',
  statusCode: 200,
  duration: '23ms',
  contentLength: '2',
  level: 'info',
  message: 'Response',
  timestamp: '2026-02-23 13:24:01'
}
{
  service: 'attendance-system',
  method: 'GET',
  url: '/api/announcements?_t=1771833271337',
  ip: '127.0.0.1',
  userAgent: 'Mozilla/5.0 (Windows NT 10.0; Win64; x64) AppleWebKit/537.36 (KHTML, like Gecko) Chrome/145.0.0.0 Safari/537.36 Edg/145.0.0.0',
  timestamp: '2026-02-23 13:24:31',
  level: 'info',
  message: 'Request'
}
{
  service: 'attendance-system',
  method: 'GET',
  url: '/?_t=1771833271337',
  statusCode: 200,
  duration: '13ms',
  contentLength: '2',
  level: 'info',
  message: 'Response',
  timestamp: '2026-02-23 13:24:31'
}
{
  service: 'attendance-system',
  method: 'GET',
  url: '/api/announcements?_t=1771833296361',
  ip: '127.0.0.1',
  userAgent: 'Mozilla/5.0 (Windows NT 10.0; Win64; x64) AppleWebKit/537.36 (KHTML, like Gecko) Chrome/145.0.0.0 Safari/537.36',
  timestamp: '2026-02-23 13:24:56',
  level: 'info',
  message: 'Request'
}
{
  service: 'attendance-system',
  method: 'GET',
  url: '/?_t=1771833296361',
  statusCode: 200,
  duration: '14ms',
  contentLength: '2',
  level: 'info',
  message: 'Response',
  timestamp: '2026-02-23 13:24:56'
}
{
  service: 'attendance-system',
  method: 'GET',
  url: '/api/announcements?_t=1771833302326',
  ip: '127.0.0.1',
  userAgent: 'Mozilla/5.0 (Windows NT 10.0; Win64; x64) AppleWebKit/537.36 (KHTML, like Gecko) Chrome/145.0.0.0 Safari/537.36 Edg/145.0.0.0',
  timestamp: '2026-02-23 13:25:02',
  level: 'info',
  message: 'Request'
}
{
  service: 'attendance-system',
  method: 'GET',
  url: '/?_t=1771833302326',
  statusCode: 200,
  duration: '22ms',
  contentLength: '2',
  level: 'info',
  message: 'Response',
  timestamp: '2026-02-23 13:25:02'
}
{
  service: 'attendance-system',
  method: 'GET',
  url: '/api/announcements?_t=1771833332326',
  ip: '127.0.0.1',
  userAgent: 'Mozilla/5.0 (Windows NT 10.0; Win64; x64) AppleWebKit/537.36 (KHTML, like Gecko) Chrome/145.0.0.0 Safari/537.36 Edg/145.0.0.0',
  timestamp: '2026-02-23 13:25:32',
  level: 'info',
  message: 'Request'
}
{
  service: 'attendance-system',
  method: 'GET',
  url: '/?_t=1771833332326',
  statusCode: 200,
  duration: '16ms',
  contentLength: '2',
  level: 'info',
  message: 'Response',
  timestamp: '2026-02-23 13:25:32'
}
{
  service: 'attendance-system',
  method: 'GET',
  url: '/api/announcements?_t=1771833356362',
  ip: '127.0.0.1',
  userAgent: 'Mozilla/5.0 (Windows NT 10.0; Win64; x64) AppleWebKit/537.36 (KHTML, like Gecko) Chrome/145.0.0.0 Safari/537.36',
  timestamp: '2026-02-23 13:25:56',
  level: 'info',
  message: 'Request'
}
{
  service: 'attendance-system',
  method: 'GET',
  url: '/?_t=1771833356362',
  statusCode: 200,
  duration: '13ms',
  contentLength: '2',
  level: 'info',
  message: 'Response',
  timestamp: '2026-02-23 13:25:56'
}
{
  service: 'attendance-system',
  method: 'GET',
  url: '/api/announcements?_t=1771833416343',
  ip: '127.0.0.1',
  userAgent: 'Mozilla/5.0 (Windows NT 10.0; Win64; x64) AppleWebKit/537.36 (KHTML, like Gecko) Chrome/145.0.0.0 Safari/537.36 Edg/145.0.0.0',
  timestamp: '2026-02-23 13:26:56',
  level: 'info',
  message: 'Request'
}
{
  service: 'attendance-system',
  method: 'GET',
  url: '/?_t=1771833416343',
  statusCode: 200,
  duration: '15ms',
  contentLength: '2',
  level: 'info',
  message: 'Response',
  timestamp: '2026-02-23 13:26:56'
}
{
  service: 'attendance-system',
  method: 'GET',
  url: '/api/announcements?_t=1771833416376',
  ip: '127.0.0.1',
  userAgent: 'Mozilla/5.0 (Windows NT 10.0; Win64; x64) AppleWebKit/537.36 (KHTML, like Gecko) Chrome/145.0.0.0 Safari/537.36',
  timestamp: '2026-02-23 13:26:56',
  level: 'info',
  message: 'Request'
}
{
  service: 'attendance-system',
  method: 'GET',
  url: '/?_t=1771833416376',
  statusCode: 200,
  duration: '15ms',
  contentLength: '2',
  level: 'info',
  message: 'Response',
  timestamp: '2026-02-23 13:26:56'
}
{
  service: 'attendance-system',
  method: 'GET',
  url: '/api/announcements?_t=1771833476343',
  ip: '127.0.0.1',
  userAgent: 'Mozilla/5.0 (Windows NT 10.0; Win64; x64) AppleWebKit/537.36 (KHTML, like Gecko) Chrome/145.0.0.0 Safari/537.36 Edg/145.0.0.0',
  timestamp: '2026-02-23 13:27:56',
  level: 'info',
  message: 'Request'
}
{
  service: 'attendance-system',
  method: 'GET',
  url: '/?_t=1771833476343',
  statusCode: 200,
  duration: '16ms',
  contentLength: '2',
  level: 'info',
  message: 'Response',
  timestamp: '2026-02-23 13:27:56'
}
{
  service: 'attendance-system',
  method: 'GET',
  url: '/api/announcements?_t=1771833476361',
  ip: '127.0.0.1',
  userAgent: 'Mozilla/5.0 (Windows NT 10.0; Win64; x64) AppleWebKit/537.36 (KHTML, like Gecko) Chrome/145.0.0.0 Safari/537.36',
  timestamp: '2026-02-23 13:27:56',
  level: 'info',
  message: 'Request'
}
{
  service: 'attendance-system',
  method: 'GET',
  url: '/?_t=1771833476361',
  statusCode: 200,
  duration: '15ms',
  contentLength: '2',
  level: 'info',
  message: 'Response',
  timestamp: '2026-02-23 13:27:56'
}
{
  service: 'attendance-system',
  method: 'GET',
  url: '/api/announcements?_t=1771833536325',
  ip: '127.0.0.1',
  userAgent: 'Mozilla/5.0 (Windows NT 10.0; Win64; x64) AppleWebKit/537.36 (KHTML, like Gecko) Chrome/145.0.0.0 Safari/537.36 Edg/145.0.0.0',
  timestamp: '2026-02-23 13:28:56',
  level: 'info',
  message: 'Request'
}
{
  service: 'attendance-system',
  method: 'GET',
  url: '/?_t=1771833536325',
  statusCode: 200,
  duration: '14ms',
  contentLength: '2',
  level: 'info',
  message: 'Response',
  timestamp: '2026-02-23 13:28:56'
}
{
  service: 'attendance-system',
  method: 'GET',
  url: '/api/announcements?_t=1771833536354',
  ip: '127.0.0.1',
  userAgent: 'Mozilla/5.0 (Windows NT 10.0; Win64; x64) AppleWebKit/537.36 (KHTML, like Gecko) Chrome/145.0.0.0 Safari/537.36',
  timestamp: '2026-02-23 13:28:56',
  level: 'info',
  message: 'Request'
}
{
  service: 'attendance-system',
  method: 'GET',
  url: '/?_t=1771833536354',
  statusCode: 200,
  duration: '15ms',
  contentLength: '2',
  level: 'info',
  message: 'Response',
  timestamp: '2026-02-23 13:28:56'
}
{
  service: 'attendance-system',
  method: 'GET',
  url: '/api/announcements?_t=1771833596334',
  ip: '127.0.0.1',
  userAgent: 'Mozilla/5.0 (Windows NT 10.0; Win64; x64) AppleWebKit/537.36 (KHTML, like Gecko) Chrome/145.0.0.0 Safari/537.36 Edg/145.0.0.0',
  timestamp: '2026-02-23 13:29:56',
  level: 'info',
  message: 'Request'
}
{
  service: 'attendance-system',
  method: 'GET',
  url: '/?_t=1771833596334',
  statusCode: 200,
  duration: '14ms',
  contentLength: '2',
  level: 'info',
  message: 'Response',
  timestamp: '2026-02-23 13:29:56'
}
{
  service: 'attendance-system',
  method: 'GET',
  url: '/api/announcements?_t=1771833596362',
  ip: '127.0.0.1',
  userAgent: 'Mozilla/5.0 (Windows NT 10.0; Win64; x64) AppleWebKit/537.36 (KHTML, like Gecko) Chrome/145.0.0.0 Safari/537.36',
  timestamp: '2026-02-23 13:29:56',
  level: 'info',
  message: 'Request'
}
{
  service: 'attendance-system',
  method: 'GET',
  url: '/?_t=1771833596362',
  statusCode: 200,
  duration: '18ms',
  contentLength: '2',
  level: 'info',
  message: 'Response',
  timestamp: '2026-02-23 13:29:56'
}
{
  service: 'attendance-system',
  method: 'GET',
  url: '/api/announcements?_t=1771833656331',
  ip: '127.0.0.1',
  userAgent: 'Mozilla/5.0 (Windows NT 10.0; Win64; x64) AppleWebKit/537.36 (KHTML, like Gecko) Chrome/145.0.0.0 Safari/537.36 Edg/145.0.0.0',
  timestamp: '2026-02-23 13:30:56',
  level: 'info',
  message: 'Request'
}
{
  service: 'attendance-system',
  method: 'GET',
  url: '/?_t=1771833656331',
  statusCode: 200,
  duration: '15ms',
  contentLength: '2',
  level: 'info',
  message: 'Response',
  timestamp: '2026-02-23 13:30:56'
}
{
  service: 'attendance-system',
  method: 'GET',
  url: '/api/announcements?_t=1771833656374',
  ip: '127.0.0.1',
  userAgent: 'Mozilla/5.0 (Windows NT 10.0; Win64; x64) AppleWebKit/537.36 (KHTML, like Gecko) Chrome/145.0.0.0 Safari/537.36',
  timestamp: '2026-02-23 13:30:56',
  level: 'info',
  message: 'Request'
}
{
  service: 'attendance-system',
  method: 'GET',
  url: '/?_t=1771833656374',
  statusCode: 200,
  duration: '15ms',
  contentLength: '2',
  level: 'info',
  message: 'Response',
  timestamp: '2026-02-23 13:30:56'
}
{
  service: 'attendance-system',
  method: 'GET',
  url: '/api/announcements?_t=1771833716339',
  ip: '127.0.0.1',
  userAgent: 'Mozilla/5.0 (Windows NT 10.0; Win64; x64) AppleWebKit/537.36 (KHTML, like Gecko) Chrome/145.0.0.0 Safari/537.36 Edg/145.0.0.0',
  timestamp: '2026-02-23 13:31:56',
  level: 'info',
  message: 'Request'
}
{
  service: 'attendance-system',
  method: 'GET',
  url: '/?_t=1771833716339',
  statusCode: 200,
  duration: '17ms',
  contentLength: '2',
  level: 'info',
  message: 'Response',
  timestamp: '2026-02-23 13:31:56'
}
{
  service: 'attendance-system',
  method: 'GET',
  url: '/api/announcements?_t=1771833716376',
  ip: '127.0.0.1',
  userAgent: 'Mozilla/5.0 (Windows NT 10.0; Win64; x64) AppleWebKit/537.36 (KHTML, like Gecko) Chrome/145.0.0.0 Safari/537.36',
  timestamp: '2026-02-23 13:31:56',
  level: 'info',
  message: 'Request'
}
{
  service: 'attendance-system',
  method: 'GET',
  url: '/?_t=1771833716376',
  statusCode: 200,
  duration: '15ms',
  contentLength: '2',
  level: 'info',
  message: 'Response',
  timestamp: '2026-02-23 13:31:56'
}
{
  service: 'attendance-system',
  method: 'GET',
  url: '/api/announcements?_t=1771833776335',
  ip: '127.0.0.1',
  userAgent: 'Mozilla/5.0 (Windows NT 10.0; Win64; x64) AppleWebKit/537.36 (KHTML, like Gecko) Chrome/145.0.0.0 Safari/537.36 Edg/145.0.0.0',
  timestamp: '2026-02-23 13:32:56',
  level: 'info',
  message: 'Request'
}
{
  service: 'attendance-system',
  method: 'GET',
  url: '/?_t=1771833776335',
  statusCode: 200,
  duration: '18ms',
  contentLength: '2',
  level: 'info',
  message: 'Response',
  timestamp: '2026-02-23 13:32:56'
}
{
  service: 'attendance-system',
  method: 'GET',
  url: '/api/announcements?_t=1771833776368',
  ip: '127.0.0.1',
  userAgent: 'Mozilla/5.0 (Windows NT 10.0; Win64; x64) AppleWebKit/537.36 (KHTML, like Gecko) Chrome/145.0.0.0 Safari/537.36',
  timestamp: '2026-02-23 13:32:56',
  level: 'info',
  message: 'Request'
}
{
  service: 'attendance-system',
  method: 'GET',
  url: '/?_t=1771833776368',
  statusCode: 200,
  duration: '19ms',
  contentLength: '2',
  level: 'info',
  message: 'Response',
  timestamp: '2026-02-23 13:32:56'
}
{
  service: 'attendance-system',
  method: 'GET',
  url: '/api/announcements?_t=1771833836335',
  ip: '127.0.0.1',
  userAgent: 'Mozilla/5.0 (Windows NT 10.0; Win64; x64) AppleWebKit/537.36 (KHTML, like Gecko) Chrome/145.0.0.0 Safari/537.36 Edg/145.0.0.0',
  timestamp: '2026-02-23 13:33:56',
  level: 'info',
  message: 'Request'
}
{
  service: 'attendance-system',
  method: 'GET',
  url: '/api/announcements?_t=1771833836357',
  ip: '127.0.0.1',
  userAgent: 'Mozilla/5.0 (Windows NT 10.0; Win64; x64) AppleWebKit/537.36 (KHTML, like Gecko) Chrome/145.0.0.0 Safari/537.36',
  timestamp: '2026-02-23 13:33:56',
  level: 'info',
  message: 'Request'
}
{
  service: 'attendance-system',
  method: 'GET',
  url: '/?_t=1771833836357',
  statusCode: 200,
  duration: '17ms',
  contentLength: '2',
  level: 'info',
  message: 'Response',
  timestamp: '2026-02-23 13:33:56'
}
{
  service: 'attendance-system',
  method: 'GET',
  url: '/?_t=1771833836335',
  statusCode: 200,
  duration: '46ms',
  contentLength: '2',
  level: 'info',
  message: 'Response',
  timestamp: '2026-02-23 13:33:56'
}
{
  service: 'attendance-system',
  method: 'GET',
  url: '/api/announcements?_t=1771833896338',
  ip: '127.0.0.1',
  userAgent: 'Mozilla/5.0 (Windows NT 10.0; Win64; x64) AppleWebKit/537.36 (KHTML, like Gecko) Chrome/145.0.0.0 Safari/537.36 Edg/145.0.0.0',
  timestamp: '2026-02-23 13:34:56',
  level: 'info',
  message: 'Request'
}
{
  service: 'attendance-system',
  method: 'GET',
  url: '/api/announcements?_t=1771833896357',
  ip: '127.0.0.1',
  userAgent: 'Mozilla/5.0 (Windows NT 10.0; Win64; x64) AppleWebKit/537.36 (KHTML, like Gecko) Chrome/145.0.0.0 Safari/537.36',
  timestamp: '2026-02-23 13:34:56',
  level: 'info',
  message: 'Request'
}
{
  service: 'attendance-system',
  method: 'GET',
  url: '/?_t=1771833896338',
  statusCode: 200,
  duration: '19ms',
  contentLength: '2',
  level: 'info',
  message: 'Response',
  timestamp: '2026-02-23 13:34:56'
}
{
  service: 'attendance-system',
  method: 'GET',
  url: '/?_t=1771833896357',
  statusCode: 200,
  duration: '16ms',
  contentLength: '2',
  level: 'info',
  message: 'Response',
  timestamp: '2026-02-23 13:34:56'
}
{
  service: 'attendance-system',
  method: 'GET',
  url: '/api/announcements?_t=1771833956330',
  ip: '127.0.0.1',
  userAgent: 'Mozilla/5.0 (Windows NT 10.0; Win64; x64) AppleWebKit/537.36 (KHTML, like Gecko) Chrome/145.0.0.0 Safari/537.36 Edg/145.0.0.0',
  timestamp: '2026-02-23 13:35:56',
  level: 'info',
  message: 'Request'
}
{
  service: 'attendance-system',
  method: 'GET',
  url: '/?_t=1771833956330',
  statusCode: 200,
  duration: '16ms',
  contentLength: '2',
  level: 'info',
  message: 'Response',
  timestamp: '2026-02-23 13:35:56'
}
{
  service: 'attendance-system',
  method: 'GET',
  url: '/api/announcements?_t=1771833956358',
  ip: '127.0.0.1',
  userAgent: 'Mozilla/5.0 (Windows NT 10.0; Win64; x64) AppleWebKit/537.36 (KHTML, like Gecko) Chrome/145.0.0.0 Safari/537.36',
  timestamp: '2026-02-23 13:35:56',
  level: 'info',
  message: 'Request'
}
{
  service: 'attendance-system',
  method: 'GET',
  url: '/?_t=1771833956358',
  statusCode: 200,
  duration: '16ms',
  contentLength: '2',
  level: 'info',
  message: 'Response',
  timestamp: '2026-02-23 13:35:56'
}
{
  service: 'attendance-system',
  method: 'GET',
  url: '/api/announcements?_t=1771834016339',
  ip: '127.0.0.1',
  userAgent: 'Mozilla/5.0 (Windows NT 10.0; Win64; x64) AppleWebKit/537.36 (KHTML, like Gecko) Chrome/145.0.0.0 Safari/537.36 Edg/145.0.0.0',
  timestamp: '2026-02-23 13:36:56',
  level: 'info',
  message: 'Request'
}
{
  service: 'attendance-system',
  method: 'GET',
  url: '/?_t=1771834016339',
  statusCode: 200,
  duration: '16ms',
  contentLength: '2',
  level: 'info',
  message: 'Response',
  timestamp: '2026-02-23 13:36:56'
}
{
  service: 'attendance-system',
  method: 'GET',
  url: '/api/announcements?_t=1771834016370',
  ip: '127.0.0.1',
  userAgent: 'Mozilla/5.0 (Windows NT 10.0; Win64; x64) AppleWebKit/537.36 (KHTML, like Gecko) Chrome/145.0.0.0 Safari/537.36',
  timestamp: '2026-02-23 13:36:56',
  level: 'info',
  message: 'Request'
}
{
  service: 'attendance-system',
  method: 'GET',
  url: '/?_t=1771834016370',
  statusCode: 200,
  duration: '15ms',
  contentLength: '2',
  level: 'info',
  message: 'Response',
  timestamp: '2026-02-23 13:36:56'
}
{
  service: 'attendance-system',
  method: 'GET',
  url: '/api/announcements?_t=1771834076338',
  ip: '127.0.0.1',
  userAgent: 'Mozilla/5.0 (Windows NT 10.0; Win64; x64) AppleWebKit/537.36 (KHTML, like Gecko) Chrome/145.0.0.0 Safari/537.36 Edg/145.0.0.0',
  timestamp: '2026-02-23 13:37:56',
  level: 'info',
  message: 'Request'
}
{
  service: 'attendance-system',
  method: 'GET',
  url: '/?_t=1771834076338',
  statusCode: 200,
  duration: '14ms',
  contentLength: '2',
  level: 'info',
  message: 'Response',
  timestamp: '2026-02-23 13:37:56'
}
{
  service: 'attendance-system',
  method: 'GET',
  url: '/api/announcements?_t=1771834076372',
  ip: '127.0.0.1',
  userAgent: 'Mozilla/5.0 (Windows NT 10.0; Win64; x64) AppleWebKit/537.36 (KHTML, like Gecko) Chrome/145.0.0.0 Safari/537.36',
  timestamp: '2026-02-23 13:37:56',
  level: 'info',
  message: 'Request'
}
{
  service: 'attendance-system',
  method: 'GET',
  url: '/?_t=1771834076372',
  statusCode: 200,
  duration: '15ms',
  contentLength: '2',
  level: 'info',
  message: 'Response',
  timestamp: '2026-02-23 13:37:56'
}
{
  service: 'attendance-system',
  method: 'GET',
  url: '/api/announcements?_t=1771834136335',
  ip: '127.0.0.1',
  userAgent: 'Mozilla/5.0 (Windows NT 10.0; Win64; x64) AppleWebKit/537.36 (KHTML, like Gecko) Chrome/145.0.0.0 Safari/537.36 Edg/145.0.0.0',
  timestamp: '2026-02-23 13:38:56',
  level: 'info',
  message: 'Request'
}
{
  service: 'attendance-system',
  method: 'GET',
  url: '/?_t=1771834136335',
  statusCode: 200,
  duration: '15ms',
  contentLength: '2',
  level: 'info',
  message: 'Response',
  timestamp: '2026-02-23 13:38:56'
}
{
  service: 'attendance-system',
  method: 'GET',
  url: '/api/announcements?_t=1771834136354',
  ip: '127.0.0.1',
  userAgent: 'Mozilla/5.0 (Windows NT 10.0; Win64; x64) AppleWebKit/537.36 (KHTML, like Gecko) Chrome/145.0.0.0 Safari/537.36',
  timestamp: '2026-02-23 13:38:56',
  level: 'info',
  message: 'Request'
}
{
  service: 'attendance-system',
  method: 'GET',
  url: '/?_t=1771834136354',
  statusCode: 200,
  duration: '14ms',
  contentLength: '2',
  level: 'info',
  message: 'Response',
  timestamp: '2026-02-23 13:38:56'
}
{
  service: 'attendance-system',
  method: 'GET',
  url: '/api/announcements?_t=1771834196342',
  ip: '127.0.0.1',
  userAgent: 'Mozilla/5.0 (Windows NT 10.0; Win64; x64) AppleWebKit/537.36 (KHTML, like Gecko) Chrome/145.0.0.0 Safari/537.36 Edg/145.0.0.0',
  timestamp: '2026-02-23 13:39:56',
  level: 'info',
  message: 'Request'
}
{
  service: 'attendance-system',
  method: 'GET',
  url: '/?_t=1771834196342',
  statusCode: 200,
  duration: '14ms',
  contentLength: '2',
  level: 'info',
  message: 'Response',
  timestamp: '2026-02-23 13:39:56'
}
{
  service: 'attendance-system',
  method: 'GET',
  url: '/api/announcements?_t=1771834196358',
  ip: '127.0.0.1',
  userAgent: 'Mozilla/5.0 (Windows NT 10.0; Win64; x64) AppleWebKit/537.36 (KHTML, like Gecko) Chrome/145.0.0.0 Safari/537.36',
  timestamp: '2026-02-23 13:39:56',
  level: 'info',
  message: 'Request'
}
{
  service: 'attendance-system',
  method: 'GET',
  url: '/?_t=1771834196358',
  statusCode: 200,
  duration: '13ms',
  contentLength: '2',
  level: 'info',
  message: 'Response',
  timestamp: '2026-02-23 13:39:56'
}
{
  service: 'attendance-system',
  method: 'GET',
  url: '/api/announcements?_t=1771834256332',
  ip: '127.0.0.1',
  userAgent: 'Mozilla/5.0 (Windows NT 10.0; Win64; x64) AppleWebKit/537.36 (KHTML, like Gecko) Chrome/145.0.0.0 Safari/537.36 Edg/145.0.0.0',
  timestamp: '2026-02-23 13:40:56',
  level: 'info',
  message: 'Request'
}
{
  service: 'attendance-system',
  method: 'GET',
  url: '/?_t=1771834256332',
  statusCode: 200,
  duration: '15ms',
  contentLength: '2',
  level: 'info',
  message: 'Response',
  timestamp: '2026-02-23 13:40:56'
}
{
  service: 'attendance-system',
  method: 'GET',
  url: '/api/announcements?_t=1771834256353',
  ip: '127.0.0.1',
  userAgent: 'Mozilla/5.0 (Windows NT 10.0; Win64; x64) AppleWebKit/537.36 (KHTML, like Gecko) Chrome/145.0.0.0 Safari/537.36',
  timestamp: '2026-02-23 13:40:56',
  level: 'info',
  message: 'Request'
}
{
  service: 'attendance-system',
  method: 'GET',
  url: '/?_t=1771834256353',
  statusCode: 200,
  duration: '13ms',
  contentLength: '2',
  level: 'info',
  message: 'Response',
  timestamp: '2026-02-23 13:40:56'
}
{
  service: 'attendance-system',
  method: 'GET',
  url: '/api/announcements?_t=1771834316338',
  ip: '127.0.0.1',
  userAgent: 'Mozilla/5.0 (Windows NT 10.0; Win64; x64) AppleWebKit/537.36 (KHTML, like Gecko) Chrome/145.0.0.0 Safari/537.36 Edg/145.0.0.0',
  timestamp: '2026-02-23 13:41:56',
  level: 'info',
  message: 'Request'
}
{
  service: 'attendance-system',
  method: 'GET',
  url: '/?_t=1771834316338',
  statusCode: 200,
  duration: '14ms',
  contentLength: '2',
  level: 'info',
  message: 'Response',
  timestamp: '2026-02-23 13:41:56'
}
{
  service: 'attendance-system',
  method: 'GET',
  url: '/api/announcements?_t=1771834316363',
  ip: '127.0.0.1',
  userAgent: 'Mozilla/5.0 (Windows NT 10.0; Win64; x64) AppleWebKit/537.36 (KHTML, like Gecko) Chrome/145.0.0.0 Safari/537.36',
  timestamp: '2026-02-23 13:41:56',
  level: 'info',
  message: 'Request'
}
{
  service: 'attendance-system',
  method: 'GET',
  url: '/?_t=1771834316363',
  statusCode: 200,
  duration: '15ms',
  contentLength: '2',
  level: 'info',
  message: 'Response',
  timestamp: '2026-02-23 13:41:56'
}
{
  service: 'attendance-system',
  method: 'GET',
  url: '/api/announcements?_t=1771834376332',
  ip: '127.0.0.1',
  userAgent: 'Mozilla/5.0 (Windows NT 10.0; Win64; x64) AppleWebKit/537.36 (KHTML, like Gecko) Chrome/145.0.0.0 Safari/537.36 Edg/145.0.0.0',
  timestamp: '2026-02-23 13:42:56',
  level: 'info',
  message: 'Request'
}
{
  service: 'attendance-system',
  method: 'GET',
  url: '/?_t=1771834376332',
  statusCode: 200,
  duration: '14ms',
  contentLength: '2',
  level: 'info',
  message: 'Response',
  timestamp: '2026-02-23 13:42:56'
}
{
  service: 'attendance-system',
  method: 'GET',
  url: '/api/announcements?_t=1771834376365',
  ip: '127.0.0.1',
  userAgent: 'Mozilla/5.0 (Windows NT 10.0; Win64; x64) AppleWebKit/537.36 (KHTML, like Gecko) Chrome/145.0.0.0 Safari/537.36',
  timestamp: '2026-02-23 13:42:56',
  level: 'info',
  message: 'Request'
}
{
  service: 'attendance-system',
  method: 'GET',
  url: '/?_t=1771834376365',
  statusCode: 200,
  duration: '20ms',
  contentLength: '2',
  level: 'info',
  message: 'Response',
  timestamp: '2026-02-23 13:42:56'
}
{
  service: 'attendance-system',
  method: 'GET',
  url: '/api/announcements?_t=1771834436335',
  ip: '127.0.0.1',
  userAgent: 'Mozilla/5.0 (Windows NT 10.0; Win64; x64) AppleWebKit/537.36 (KHTML, like Gecko) Chrome/145.0.0.0 Safari/537.36 Edg/145.0.0.0',
  timestamp: '2026-02-23 13:43:56',
  level: 'info',
  message: 'Request'
}
{
  service: 'attendance-system',
  method: 'GET',
  url: '/?_t=1771834436335',
  statusCode: 200,
  duration: '14ms',
  contentLength: '2',
  level: 'info',
  message: 'Response',
  timestamp: '2026-02-23 13:43:56'
}
{
  service: 'attendance-system',
  method: 'GET',
  url: '/api/announcements?_t=1771834436355',
  ip: '127.0.0.1',
  userAgent: 'Mozilla/5.0 (Windows NT 10.0; Win64; x64) AppleWebKit/537.36 (KHTML, like Gecko) Chrome/145.0.0.0 Safari/537.36',
  timestamp: '2026-02-23 13:43:56',
  level: 'info',
  message: 'Request'
}
{
  service: 'attendance-system',
  method: 'GET',
  url: '/?_t=1771834436355',
  statusCode: 200,
  duration: '14ms',
  contentLength: '2',
  level: 'info',
  message: 'Response',
  timestamp: '2026-02-23 13:43:56'
}
{
  service: 'attendance-system',
  method: 'GET',
  url: '/api/announcements?_t=1771834496338',
  ip: '127.0.0.1',
  userAgent: 'Mozilla/5.0 (Windows NT 10.0; Win64; x64) AppleWebKit/537.36 (KHTML, like Gecko) Chrome/145.0.0.0 Safari/537.36 Edg/145.0.0.0',
  timestamp: '2026-02-23 13:44:56',
  level: 'info',
  message: 'Request'
}
{
  service: 'attendance-system',
  method: 'GET',
  url: '/?_t=1771834496338',
  statusCode: 200,
  duration: '15ms',
  contentLength: '2',
  level: 'info',
  message: 'Response',
  timestamp: '2026-02-23 13:44:56'
}
{
  service: 'attendance-system',
  method: 'GET',
  url: '/api/announcements?_t=1771834496357',
  ip: '127.0.0.1',
  userAgent: 'Mozilla/5.0 (Windows NT 10.0; Win64; x64) AppleWebKit/537.36 (KHTML, like Gecko) Chrome/145.0.0.0 Safari/537.36',
  timestamp: '2026-02-23 13:44:56',
  level: 'info',
  message: 'Request'
}
{
  service: 'attendance-system',
  method: 'GET',
  url: '/?_t=1771834496357',
  statusCode: 200,
  duration: '20ms',
  contentLength: '2',
  level: 'info',
  message: 'Response',
  timestamp: '2026-02-23 13:44:56'
}
{
  service: 'attendance-system',
  method: 'GET',
  url: '/api/announcements?_t=1771834556347',
  ip: '127.0.0.1',
  userAgent: 'Mozilla/5.0 (Windows NT 10.0; Win64; x64) AppleWebKit/537.36 (KHTML, like Gecko) Chrome/145.0.0.0 Safari/537.36 Edg/145.0.0.0',
  timestamp: '2026-02-23 13:45:56',
  level: 'info',
  message: 'Request'
}
{
  service: 'attendance-system',
  method: 'GET',
  url: '/?_t=1771834556347',
  statusCode: 200,
  duration: '16ms',
  contentLength: '2',
  level: 'info',
  message: 'Response',
  timestamp: '2026-02-23 13:45:56'
}
{
  service: 'attendance-system',
  method: 'GET',
  url: '/api/announcements?_t=1771834556397',
  ip: '127.0.0.1',
  userAgent: 'Mozilla/5.0 (Windows NT 10.0; Win64; x64) AppleWebKit/537.36 (KHTML, like Gecko) Chrome/145.0.0.0 Safari/537.36',
  timestamp: '2026-02-23 13:45:56',
  level: 'info',
  message: 'Request'
}
{
  service: 'attendance-system',
  method: 'GET',
  url: '/?_t=1771834556397',
  statusCode: 200,
  duration: '14ms',
  contentLength: '2',
  level: 'info',
  message: 'Response',
  timestamp: '2026-02-23 13:45:56'
}
{
  service: 'attendance-system',
  method: 'GET',
  url: '/api/announcements?_t=1771834616337',
  ip: '127.0.0.1',
  userAgent: 'Mozilla/5.0 (Windows NT 10.0; Win64; x64) AppleWebKit/537.36 (KHTML, like Gecko) Chrome/145.0.0.0 Safari/537.36 Edg/145.0.0.0',
  timestamp: '2026-02-23 13:46:56',
  level: 'info',
  message: 'Request'
}
{
  service: 'attendance-system',
  method: 'GET',
  url: '/?_t=1771834616337',
  statusCode: 200,
  duration: '14ms',
  contentLength: '2',
  level: 'info',
  message: 'Response',
  timestamp: '2026-02-23 13:46:56'
}
{
  service: 'attendance-system',
  method: 'GET',
  url: '/api/announcements?_t=1771834616375',
  ip: '127.0.0.1',
  userAgent: 'Mozilla/5.0 (Windows NT 10.0; Win64; x64) AppleWebKit/537.36 (KHTML, like Gecko) Chrome/145.0.0.0 Safari/537.36',
  timestamp: '2026-02-23 13:46:56',
  level: 'info',
  message: 'Request'
}
{
  service: 'attendance-system',
  method: 'GET',
  url: '/?_t=1771834616375',
  statusCode: 200,
  duration: '17ms',
  contentLength: '2',
  level: 'info',
  message: 'Response',
  timestamp: '2026-02-23 13:46:56'
}
{
  service: 'attendance-system',
  method: 'GET',
  url: '/api/announcements?_t=1771834676338',
  ip: '127.0.0.1',
  userAgent: 'Mozilla/5.0 (Windows NT 10.0; Win64; x64) AppleWebKit/537.36 (KHTML, like Gecko) Chrome/145.0.0.0 Safari/537.36 Edg/145.0.0.0',
  timestamp: '2026-02-23 13:47:56',
  level: 'info',
  message: 'Request'
}
{
  service: 'attendance-system',
  method: 'GET',
  url: '/?_t=1771834676338',
  statusCode: 200,
  duration: '14ms',
  contentLength: '2',
  level: 'info',
  message: 'Response',
  timestamp: '2026-02-23 13:47:56'
}
{
  service: 'attendance-system',
  method: 'GET',
  url: '/api/announcements?_t=1771834676460',
  ip: '127.0.0.1',
  userAgent: 'Mozilla/5.0 (Windows NT 10.0; Win64; x64) AppleWebKit/537.36 (KHTML, like Gecko) Chrome/145.0.0.0 Safari/537.36',
  timestamp: '2026-02-23 13:47:56',
  level: 'info',
  message: 'Request'
}
{
  service: 'attendance-system',
  method: 'GET',
  url: '/?_t=1771834676460',
  statusCode: 200,
  duration: '14ms',
  contentLength: '2',
  level: 'info',
  message: 'Response',
  timestamp: '2026-02-23 13:47:56'
}
{
  service: 'attendance-system',
  method: 'GET',
  url: '/api/announcements?_t=1771834736329',
  ip: '127.0.0.1',
  userAgent: 'Mozilla/5.0 (Windows NT 10.0; Win64; x64) AppleWebKit/537.36 (KHTML, like Gecko) Chrome/145.0.0.0 Safari/537.36 Edg/145.0.0.0',
  timestamp: '2026-02-23 13:48:56',
  level: 'info',
  message: 'Request'
}
{
  service: 'attendance-system',
  method: 'GET',
  url: '/?_t=1771834736329',
  statusCode: 200,
  duration: '15ms',
  contentLength: '2',
  level: 'info',
  message: 'Response',
  timestamp: '2026-02-23 13:48:56'
}
{
  service: 'attendance-system',
  method: 'GET',
  url: '/api/announcements?_t=1771834736351',
  ip: '127.0.0.1',
  userAgent: 'Mozilla/5.0 (Windows NT 10.0; Win64; x64) AppleWebKit/537.36 (KHTML, like Gecko) Chrome/145.0.0.0 Safari/537.36',
  timestamp: '2026-02-23 13:48:56',
  level: 'info',
  message: 'Request'
}
{
  service: 'attendance-system',
  method: 'GET',
  url: '/?_t=1771834736351',
  statusCode: 200,
  duration: '15ms',
  contentLength: '2',
  level: 'info',
  message: 'Response',
  timestamp: '2026-02-23 13:48:56'
}
{
  service: 'attendance-system',
  method: 'GET',
  url: '/api/announcements?_t=1771834796339',
  ip: '127.0.0.1',
  userAgent: 'Mozilla/5.0 (Windows NT 10.0; Win64; x64) AppleWebKit/537.36 (KHTML, like Gecko) Chrome/145.0.0.0 Safari/537.36 Edg/145.0.0.0',
  timestamp: '2026-02-23 13:49:56',
  level: 'info',
  message: 'Request'
}
{
  service: 'attendance-system',
  method: 'GET',
  url: '/?_t=1771834796339',
  statusCode: 200,
  duration: '14ms',
  contentLength: '2',
  level: 'info',
  message: 'Response',
  timestamp: '2026-02-23 13:49:56'
}
{
  service: 'attendance-system',
  method: 'GET',
  url: '/api/announcements?_t=1771834796359',
  ip: '127.0.0.1',
  userAgent: 'Mozilla/5.0 (Windows NT 10.0; Win64; x64) AppleWebKit/537.36 (KHTML, like Gecko) Chrome/145.0.0.0 Safari/537.36',
  timestamp: '2026-02-23 13:49:56',
  level: 'info',
  message: 'Request'
}
{
  service: 'attendance-system',
  method: 'GET',
  url: '/?_t=1771834796359',
  statusCode: 200,
  duration: '14ms',
  contentLength: '2',
  level: 'info',
  message: 'Response',
  timestamp: '2026-02-23 13:49:56'
}
{
  service: 'attendance-system',
  method: 'GET',
  url: '/api/announcements?_t=1771834856342',
  ip: '127.0.0.1',
  userAgent: 'Mozilla/5.0 (Windows NT 10.0; Win64; x64) AppleWebKit/537.36 (KHTML, like Gecko) Chrome/145.0.0.0 Safari/537.36 Edg/145.0.0.0',
  timestamp: '2026-02-23 13:50:56',
  level: 'info',
  message: 'Request'
}
{
  service: 'attendance-system',
  method: 'GET',
  url: '/?_t=1771834856342',
  statusCode: 200,
  duration: '13ms',
  contentLength: '2',
  level: 'info',
  message: 'Response',
  timestamp: '2026-02-23 13:50:56'
}
{
  service: 'attendance-system',
  method: 'GET',
  url: '/api/announcements?_t=1771834856360',
  ip: '127.0.0.1',
  userAgent: 'Mozilla/5.0 (Windows NT 10.0; Win64; x64) AppleWebKit/537.36 (KHTML, like Gecko) Chrome/145.0.0.0 Safari/537.36',
  timestamp: '2026-02-23 13:50:56',
  level: 'info',
  message: 'Request'
}
{
  service: 'attendance-system',
  method: 'GET',
  url: '/?_t=1771834856360',
  statusCode: 200,
  duration: '13ms',
  contentLength: '2',
  level: 'info',
  message: 'Response',
  timestamp: '2026-02-23 13:50:56'
}
{
  service: 'attendance-system',
  method: 'GET',
  url: '/api/announcements?_t=1771834916341',
  ip: '127.0.0.1',
  userAgent: 'Mozilla/5.0 (Windows NT 10.0; Win64; x64) AppleWebKit/537.36 (KHTML, like Gecko) Chrome/145.0.0.0 Safari/537.36 Edg/145.0.0.0',
  timestamp: '2026-02-23 13:51:56',
  level: 'info',
  message: 'Request'
}
{
  service: 'attendance-system',
  method: 'GET',
  url: '/?_t=1771834916341',
  statusCode: 200,
  duration: '16ms',
  contentLength: '2',
  level: 'info',
  message: 'Response',
  timestamp: '2026-02-23 13:51:56'
}
{
  service: 'attendance-system',
  method: 'GET',
  url: '/api/announcements?_t=1771834916373',
  ip: '127.0.0.1',
  userAgent: 'Mozilla/5.0 (Windows NT 10.0; Win64; x64) AppleWebKit/537.36 (KHTML, like Gecko) Chrome/145.0.0.0 Safari/537.36',
  timestamp: '2026-02-23 13:51:56',
  level: 'info',
  message: 'Request'
}
{
  service: 'attendance-system',
  method: 'GET',
  url: '/?_t=1771834916373',
  statusCode: 200,
  duration: '15ms',
  contentLength: '2',
  level: 'info',
  message: 'Response',
  timestamp: '2026-02-23 13:51:56'
}
{
  service: 'attendance-system',
  method: 'GET',
  url: '/api/announcements?_t=1771834976336',
  ip: '127.0.0.1',
  userAgent: 'Mozilla/5.0 (Windows NT 10.0; Win64; x64) AppleWebKit/537.36 (KHTML, like Gecko) Chrome/145.0.0.0 Safari/537.36 Edg/145.0.0.0',
  timestamp: '2026-02-23 13:52:56',
  level: 'info',
  message: 'Request'
}
{
  service: 'attendance-system',
  method: 'GET',
  url: '/?_t=1771834976336',
  statusCode: 200,
  duration: '15ms',
  contentLength: '2',
  level: 'info',
  message: 'Response',
  timestamp: '2026-02-23 13:52:56'
}
{
  service: 'attendance-system',
  method: 'GET',
  url: '/api/announcements?_t=1771834976354',
  ip: '127.0.0.1',
  userAgent: 'Mozilla/5.0 (Windows NT 10.0; Win64; x64) AppleWebKit/537.36 (KHTML, like Gecko) Chrome/145.0.0.0 Safari/537.36',
  timestamp: '2026-02-23 13:52:56',
  level: 'info',
  message: 'Request'
}
{
  service: 'attendance-system',
  method: 'GET',
  url: '/?_t=1771834976354',
  statusCode: 200,
  duration: '15ms',
  contentLength: '2',
  level: 'info',
  message: 'Response',
  timestamp: '2026-02-23 13:52:56'
}
{
  service: 'attendance-system',
  method: 'GET',
  url: '/api/announcements?_t=1771835036344',
  ip: '127.0.0.1',
  userAgent: 'Mozilla/5.0 (Windows NT 10.0; Win64; x64) AppleWebKit/537.36 (KHTML, like Gecko) Chrome/145.0.0.0 Safari/537.36 Edg/145.0.0.0',
  timestamp: '2026-02-23 13:53:56',
  level: 'info',
  message: 'Request'
}
{
  service: 'attendance-system',
  method: 'GET',
  url: '/?_t=1771835036344',
  statusCode: 200,
  duration: '13ms',
  contentLength: '2',
  level: 'info',
  message: 'Response',
  timestamp: '2026-02-23 13:53:56'
}
{
  service: 'attendance-system',
  method: 'GET',
  url: '/api/announcements?_t=1771835036367',
  ip: '127.0.0.1',
  userAgent: 'Mozilla/5.0 (Windows NT 10.0; Win64; x64) AppleWebKit/537.36 (KHTML, like Gecko) Chrome/145.0.0.0 Safari/537.36',
  timestamp: '2026-02-23 13:53:56',
  level: 'info',
  message: 'Request'
}
{
  service: 'attendance-system',
  method: 'GET',
  url: '/?_t=1771835036367',
  statusCode: 200,
  duration: '13ms',
  contentLength: '2',
  level: 'info',
  message: 'Response',
  timestamp: '2026-02-23 13:53:56'
}
{
  service: 'attendance-system',
  method: 'GET',
  url: '/api/announcements?_t=1771835096330',
  ip: '127.0.0.1',
  userAgent: 'Mozilla/5.0 (Windows NT 10.0; Win64; x64) AppleWebKit/537.36 (KHTML, like Gecko) Chrome/145.0.0.0 Safari/537.36 Edg/145.0.0.0',
  timestamp: '2026-02-23 13:54:56',
  level: 'info',
  message: 'Request'
}
{
  service: 'attendance-system',
  method: 'GET',
  url: '/api/announcements?_t=1771835096350',
  ip: '127.0.0.1',
  userAgent: 'Mozilla/5.0 (Windows NT 10.0; Win64; x64) AppleWebKit/537.36 (KHTML, like Gecko) Chrome/145.0.0.0 Safari/537.36',
  timestamp: '2026-02-23 13:54:56',
  level: 'info',
  message: 'Request'
}
{
  service: 'attendance-system',
  method: 'GET',
  url: '/?_t=1771835096330',
  statusCode: 200,
  duration: '26ms',
  contentLength: '2',
  level: 'info',
  message: 'Response',
  timestamp: '2026-02-23 13:54:56'
}
{
  service: 'attendance-system',
  method: 'GET',
  url: '/?_t=1771835096350',
  statusCode: 200,
  duration: '13ms',
  contentLength: '2',
  level: 'info',
  message: 'Response',
  timestamp: '2026-02-23 13:54:56'
}
{
  service: 'attendance-system',
  method: 'GET',
  url: '/api/announcements?_t=1771835156339',
  ip: '127.0.0.1',
  userAgent: 'Mozilla/5.0 (Windows NT 10.0; Win64; x64) AppleWebKit/537.36 (KHTML, like Gecko) Chrome/145.0.0.0 Safari/537.36 Edg/145.0.0.0',
  timestamp: '2026-02-23 13:55:56',
  level: 'info',
  message: 'Request'
}
{
  service: 'attendance-system',
  method: 'GET',
  url: '/api/announcements?_t=1771835156359',
  ip: '127.0.0.1',
  userAgent: 'Mozilla/5.0 (Windows NT 10.0; Win64; x64) AppleWebKit/537.36 (KHTML, like Gecko) Chrome/145.0.0.0 Safari/537.36',
  timestamp: '2026-02-23 13:55:56',
  level: 'info',
  message: 'Request'
}
{
  service: 'attendance-system',
  method: 'GET',
  url: '/?_t=1771835156339',
  statusCode: 200,
  duration: '26ms',
  contentLength: '2',
  level: 'info',
  message: 'Response',
  timestamp: '2026-02-23 13:55:56'
}
{
  service: 'attendance-system',
  method: 'GET',
  url: '/?_t=1771835156359',
  statusCode: 200,
  duration: '13ms',
  contentLength: '2',
  level: 'info',
  message: 'Response',
  timestamp: '2026-02-23 13:55:56'
}
{
  service: 'attendance-system',
  method: 'GET',
  url: '/api/announcements?_t=1771835216331',
  ip: '127.0.0.1',
  userAgent: 'Mozilla/5.0 (Windows NT 10.0; Win64; x64) AppleWebKit/537.36 (KHTML, like Gecko) Chrome/145.0.0.0 Safari/537.36 Edg/145.0.0.0',
  timestamp: '2026-02-23 13:56:56',
  level: 'info',
  message: 'Request'
}
{
  service: 'attendance-system',
  method: 'GET',
  url: '/?_t=1771835216331',
  statusCode: 200,
  duration: '16ms',
  contentLength: '2',
  level: 'info',
  message: 'Response',
  timestamp: '2026-02-23 13:56:56'
}
{
  service: 'attendance-system',
  method: 'GET',
  url: '/api/announcements?_t=1771835216368',
  ip: '127.0.0.1',
  userAgent: 'Mozilla/5.0 (Windows NT 10.0; Win64; x64) AppleWebKit/537.36 (KHTML, like Gecko) Chrome/145.0.0.0 Safari/537.36',
  timestamp: '2026-02-23 13:56:56',
  level: 'info',
  message: 'Request'
}
{
  service: 'attendance-system',
  method: 'GET',
  url: '/?_t=1771835216368',
  statusCode: 200,
  duration: '14ms',
  contentLength: '2',
  level: 'info',
  message: 'Response',
  timestamp: '2026-02-23 13:56:56'
}
{
  service: 'attendance-system',
  method: 'GET',
  url: '/api/announcements?_t=1771835276335',
  ip: '127.0.0.1',
  userAgent: 'Mozilla/5.0 (Windows NT 10.0; Win64; x64) AppleWebKit/537.36 (KHTML, like Gecko) Chrome/145.0.0.0 Safari/537.36 Edg/145.0.0.0',
  timestamp: '2026-02-23 13:57:56',
  level: 'info',
  message: 'Request'
}
{
  service: 'attendance-system',
  method: 'GET',
  url: '/?_t=1771835276335',
  statusCode: 200,
  duration: '13ms',
  contentLength: '2',
  level: 'info',
  message: 'Response',
  timestamp: '2026-02-23 13:57:56'
}
{
  service: 'attendance-system',
  method: 'GET',
  url: '/api/announcements?_t=1771835276352',
  ip: '127.0.0.1',
  userAgent: 'Mozilla/5.0 (Windows NT 10.0; Win64; x64) AppleWebKit/537.36 (KHTML, like Gecko) Chrome/145.0.0.0 Safari/537.36',
  timestamp: '2026-02-23 13:57:56',
  level: 'info',
  message: 'Request'
}
{
  service: 'attendance-system',
  method: 'GET',
  url: '/?_t=1771835276352',
  statusCode: 200,
  duration: '13ms',
  contentLength: '2',
  level: 'info',
  message: 'Response',
  timestamp: '2026-02-23 13:57:56'
}
{
  service: 'attendance-system',
  method: 'GET',
  url: '/api/announcements?_t=1771835336344',
  ip: '127.0.0.1',
  userAgent: 'Mozilla/5.0 (Windows NT 10.0; Win64; x64) AppleWebKit/537.36 (KHTML, like Gecko) Chrome/145.0.0.0 Safari/537.36 Edg/145.0.0.0',
  timestamp: '2026-02-23 13:58:56',
  level: 'info',
  message: 'Request'
}
{
  service: 'attendance-system',
  method: 'GET',
  url: '/?_t=1771835336344',
  statusCode: 200,
  duration: '17ms',
  contentLength: '2',
  level: 'info',
  message: 'Response',
  timestamp: '2026-02-23 13:58:56'
}
{
  service: 'attendance-system',
  method: 'GET',
  url: '/api/announcements?_t=1771835336363',
  ip: '127.0.0.1',
  userAgent: 'Mozilla/5.0 (Windows NT 10.0; Win64; x64) AppleWebKit/537.36 (KHTML, like Gecko) Chrome/145.0.0.0 Safari/537.36',
  timestamp: '2026-02-23 13:58:56',
  level: 'info',
  message: 'Request'
}
{
  service: 'attendance-system',
  method: 'GET',
  url: '/?_t=1771835336363',
  statusCode: 200,
  duration: '64ms',
  contentLength: '2',
  level: 'info',
  message: 'Response',
  timestamp: '2026-02-23 13:58:56'
}
{
  service: 'attendance-system',
  method: 'GET',
  url: '/api/announcements?_t=1771835396335',
  ip: '127.0.0.1',
  userAgent: 'Mozilla/5.0 (Windows NT 10.0; Win64; x64) AppleWebKit/537.36 (KHTML, like Gecko) Chrome/145.0.0.0 Safari/537.36 Edg/145.0.0.0',
  timestamp: '2026-02-23 13:59:56',
  level: 'info',
  message: 'Request'
}
{
  service: 'attendance-system',
  method: 'GET',
  url: '/?_t=1771835396335',
  statusCode: 200,
  duration: '13ms',
  contentLength: '2',
  level: 'info',
  message: 'Response',
  timestamp: '2026-02-23 13:59:56'
}
{
  service: 'attendance-system',
  method: 'GET',
  url: '/api/announcements?_t=1771835396353',
  ip: '127.0.0.1',
  userAgent: 'Mozilla/5.0 (Windows NT 10.0; Win64; x64) AppleWebKit/537.36 (KHTML, like Gecko) Chrome/145.0.0.0 Safari/537.36',
  timestamp: '2026-02-23 13:59:56',
  level: 'info',
  message: 'Request'
}
{
  service: 'attendance-system',
  method: 'GET',
  url: '/?_t=1771835396353',
  statusCode: 200,
  duration: '15ms',
  contentLength: '2',
  level: 'info',
  message: 'Response',
  timestamp: '2026-02-23 13:59:56'
}
{
  service: 'attendance-system',
  method: 'GET',
  url: '/api/announcements?_t=1771835456329',
  ip: '127.0.0.1',
  userAgent: 'Mozilla/5.0 (Windows NT 10.0; Win64; x64) AppleWebKit/537.36 (KHTML, like Gecko) Chrome/145.0.0.0 Safari/537.36 Edg/145.0.0.0',
  timestamp: '2026-02-23 14:00:56',
  level: 'info',
  message: 'Request'
}
{
  service: 'attendance-system',
  method: 'GET',
  url: '/?_t=1771835456329',
  statusCode: 200,
  duration: '19ms',
  contentLength: '2',
  level: 'info',
  message: 'Response',
  timestamp: '2026-02-23 14:00:56'
}
{
  service: 'attendance-system',
  method: 'GET',
  url: '/api/announcements?_t=1771835456369',
  ip: '127.0.0.1',
  userAgent: 'Mozilla/5.0 (Windows NT 10.0; Win64; x64) AppleWebKit/537.36 (KHTML, like Gecko) Chrome/145.0.0.0 Safari/537.36',
  timestamp: '2026-02-23 14:00:56',
  level: 'info',
  message: 'Request'
}
{
  service: 'attendance-system',
  method: 'GET',
  url: '/?_t=1771835456369',
  statusCode: 200,
  duration: '12ms',
  contentLength: '2',
  level: 'info',
  message: 'Response',
  timestamp: '2026-02-23 14:00:56'
}
{
  service: 'attendance-system',
  method: 'GET',
  url: '/api/announcements?_t=1771835516333',
  ip: '127.0.0.1',
  userAgent: 'Mozilla/5.0 (Windows NT 10.0; Win64; x64) AppleWebKit/537.36 (KHTML, like Gecko) Chrome/145.0.0.0 Safari/537.36 Edg/145.0.0.0',
  timestamp: '2026-02-23 14:01:56',
  level: 'info',
  message: 'Request'
}
{
  service: 'attendance-system',
  method: 'GET',
  url: '/?_t=1771835516333',
  statusCode: 200,
  duration: '16ms',
  contentLength: '2',
  level: 'info',
  message: 'Response',
  timestamp: '2026-02-23 14:01:56'
}
{
  service: 'attendance-system',
  method: 'GET',
  url: '/api/announcements?_t=1771835516374',
  ip: '127.0.0.1',
  userAgent: 'Mozilla/5.0 (Windows NT 10.0; Win64; x64) AppleWebKit/537.36 (KHTML, like Gecko) Chrome/145.0.0.0 Safari/537.36',
  timestamp: '2026-02-23 14:01:56',
  level: 'info',
  message: 'Request'
}
{
  service: 'attendance-system',
  method: 'GET',
  url: '/?_t=1771835516374',
  statusCode: 200,
  duration: '13ms',
  contentLength: '2',
  level: 'info',
  message: 'Response',
  timestamp: '2026-02-23 14:01:56'
}
{
  service: 'attendance-system',
  method: 'GET',
  url: '/api/announcements?_t=1771835576340',
  ip: '127.0.0.1',
  userAgent: 'Mozilla/5.0 (Windows NT 10.0; Win64; x64) AppleWebKit/537.36 (KHTML, like Gecko) Chrome/145.0.0.0 Safari/537.36 Edg/145.0.0.0',
  timestamp: '2026-02-23 14:02:56',
  level: 'info',
  message: 'Request'
}
{
  service: 'attendance-system',
  method: 'GET',
  url: '/?_t=1771835576340',
  statusCode: 200,
  duration: '21ms',
  contentLength: '2',
  level: 'info',
  message: 'Response',
  timestamp: '2026-02-23 14:02:56'
}
{
  service: 'attendance-system',
  method: 'GET',
  url: '/api/announcements?_t=1771835576441',
  ip: '127.0.0.1',
  userAgent: 'Mozilla/5.0 (Windows NT 10.0; Win64; x64) AppleWebKit/537.36 (KHTML, like Gecko) Chrome/145.0.0.0 Safari/537.36',
  timestamp: '2026-02-23 14:02:56',
  level: 'info',
  message: 'Request'
}
{
  service: 'attendance-system',
  method: 'GET',
  url: '/?_t=1771835576441',
  statusCode: 200,
  duration: '27ms',
  contentLength: '2',
  level: 'info',
  message: 'Response',
  timestamp: '2026-02-23 14:02:56'
}
{
  service: 'attendance-system',
  method: 'GET',
  url: '/api/announcements?_t=1771835636342',
  ip: '127.0.0.1',
  userAgent: 'Mozilla/5.0 (Windows NT 10.0; Win64; x64) AppleWebKit/537.36 (KHTML, like Gecko) Chrome/145.0.0.0 Safari/537.36 Edg/145.0.0.0',
  timestamp: '2026-02-23 14:03:56',
  level: 'info',
  message: 'Request'
}
{
  service: 'attendance-system',
  method: 'GET',
  url: '/?_t=1771835636342',
  statusCode: 200,
  duration: '14ms',
  contentLength: '2',
  level: 'info',
  message: 'Response',
  timestamp: '2026-02-23 14:03:56'
}
{
  service: 'attendance-system',
  method: 'GET',
  url: '/api/announcements?_t=1771835636361',
  ip: '127.0.0.1',
  userAgent: 'Mozilla/5.0 (Windows NT 10.0; Win64; x64) AppleWebKit/537.36 (KHTML, like Gecko) Chrome/145.0.0.0 Safari/537.36',
  timestamp: '2026-02-23 14:03:56',
  level: 'info',
  message: 'Request'
}
{
  service: 'attendance-system',
  method: 'GET',
  url: '/?_t=1771835636361',
  statusCode: 200,
  duration: '13ms',
  contentLength: '2',
  level: 'info',
  message: 'Response',
  timestamp: '2026-02-23 14:03:56'
}
{
  service: 'attendance-system',
  method: 'GET',
  url: '/api/announcements?_t=1771835696332',
  ip: '127.0.0.1',
  userAgent: 'Mozilla/5.0 (Windows NT 10.0; Win64; x64) AppleWebKit/537.36 (KHTML, like Gecko) Chrome/145.0.0.0 Safari/537.36 Edg/145.0.0.0',
  timestamp: '2026-02-23 14:04:56',
  level: 'info',
  message: 'Request'
}
{
  service: 'attendance-system',
  method: 'GET',
  url: '/api/announcements?_t=1771835696350',
  ip: '127.0.0.1',
  userAgent: 'Mozilla/5.0 (Windows NT 10.0; Win64; x64) AppleWebKit/537.36 (KHTML, like Gecko) Chrome/145.0.0.0 Safari/537.36',
  timestamp: '2026-02-23 14:04:56',
  level: 'info',
  message: 'Request'
}
{
  service: 'attendance-system',
  method: 'GET',
  url: '/?_t=1771835696332',
  statusCode: 200,
  duration: '20ms',
  contentLength: '2',
  level: 'info',
  message: 'Response',
  timestamp: '2026-02-23 14:04:56'
}
{
  service: 'attendance-system',
  method: 'GET',
  url: '/?_t=1771835696350',
  statusCode: 200,
  duration: '15ms',
  contentLength: '2',
  level: 'info',
  message: 'Response',
  timestamp: '2026-02-23 14:04:56'
}
{
  service: 'attendance-system',
  method: 'GET',
  url: '/api/announcements?_t=1771835756330',
  ip: '127.0.0.1',
  userAgent: 'Mozilla/5.0 (Windows NT 10.0; Win64; x64) AppleWebKit/537.36 (KHTML, like Gecko) Chrome/145.0.0.0 Safari/537.36 Edg/145.0.0.0',
  timestamp: '2026-02-23 14:05:56',
  level: 'info',
  message: 'Request'
}
{
  service: 'attendance-system',
  method: 'GET',
  url: '/?_t=1771835756330',
  statusCode: 200,
  duration: '15ms',
  contentLength: '2',
  level: 'info',
  message: 'Response',
  timestamp: '2026-02-23 14:05:56'
}
{
  service: 'attendance-system',
  method: 'GET',
  url: '/api/announcements?_t=1771835756349',
  ip: '127.0.0.1',
  userAgent: 'Mozilla/5.0 (Windows NT 10.0; Win64; x64) AppleWebKit/537.36 (KHTML, like Gecko) Chrome/145.0.0.0 Safari/537.36',
  timestamp: '2026-02-23 14:05:56',
  level: 'info',
  message: 'Request'
}
{
  service: 'attendance-system',
  method: 'GET',
  url: '/?_t=1771835756349',
  statusCode: 200,
  duration: '14ms',
  contentLength: '2',
  level: 'info',
  message: 'Response',
  timestamp: '2026-02-23 14:05:56'
}
{
  service: 'attendance-system',
  method: 'GET',
  url: '/api/announcements?_t=1771835816328',
  ip: '127.0.0.1',
  userAgent: 'Mozilla/5.0 (Windows NT 10.0; Win64; x64) AppleWebKit/537.36 (KHTML, like Gecko) Chrome/145.0.0.0 Safari/537.36 Edg/145.0.0.0',
  timestamp: '2026-02-23 14:06:56',
  level: 'info',
  message: 'Request'
}
{
  service: 'attendance-system',
  method: 'GET',
  url: '/?_t=1771835816328',
  statusCode: 200,
  duration: '12ms',
  contentLength: '2',
  level: 'info',
  message: 'Response',
  timestamp: '2026-02-23 14:06:56'
}
{
  service: 'attendance-system',
  method: 'GET',
  url: '/api/announcements?_t=1771835816366',
  ip: '127.0.0.1',
  userAgent: 'Mozilla/5.0 (Windows NT 10.0; Win64; x64) AppleWebKit/537.36 (KHTML, like Gecko) Chrome/145.0.0.0 Safari/537.36',
  timestamp: '2026-02-23 14:06:56',
  level: 'info',
  message: 'Request'
}
{
  service: 'attendance-system',
  method: 'GET',
  url: '/?_t=1771835816366',
  statusCode: 200,
  duration: '11ms',
  contentLength: '2',
  level: 'info',
  message: 'Response',
  timestamp: '2026-02-23 14:06:56'
}
{
  service: 'attendance-system',
  method: 'GET',
  url: '/api/announcements?_t=1771835821350',
  ip: '127.0.0.1',
  userAgent: 'Mozilla/5.0 (Windows NT 10.0; Win64; x64) AppleWebKit/537.36 (KHTML, like Gecko) Chrome/145.0.0.0 Safari/537.36 Edg/145.0.0.0',
  timestamp: '2026-02-23 14:07:01',
  level: 'info',
  message: 'Request'
}
{
  service: 'attendance-system',
  method: 'GET',
  url: '/?_t=1771835821350',
  statusCode: 200,
  duration: '18ms',
  contentLength: '2',
  level: 'info',
  message: 'Response',
  timestamp: '2026-02-23 14:07:01'
}
{
  message: 'CORS Request: POST /api/admin/attendance/bulk-override from origin: http://localhost:5173',
  level: 'info',
  service: 'attendance-system',
  timestamp: '2026-02-23 14:07:08'
}
{
  service: 'attendance-system',
  method: 'POST',
  url: '/api/admin/attendance/bulk-override',
  ip: '127.0.0.1',
  userAgent: 'Mozilla/5.0 (Windows NT 10.0; Win64; x64) AppleWebKit/537.36 (KHTML, like Gecko) Chrome/145.0.0.0 Safari/537.36 Edg/145.0.0.0',
  timestamp: '2026-02-23 14:07:08',
  level: 'info',
  message: 'Request'
}
{
  service: 'attendance-system',
  method: 'POST',
  url: '/attendance/bulk-override',
  statusCode: 500,
  duration: '58ms',
  contentLength: '273',
  level: 'info',
  message: 'Response',
  timestamp: '2026-02-23 14:07:08'
}
{
  service: 'attendance-system',
  method: 'GET',
  url: '/api/announcements?_t=1771835851342',
  ip: '127.0.0.1',
  userAgent: 'Mozilla/5.0 (Linux; Android 6.0; Nexus 5 Build/MRA58N) AppleWebKit/537.36 (KHTML, like Gecko) Chrome/145.0.0.0 Mobile Safari/537.36 Edg/145.0.0.0',
  timestamp: '2026-02-23 14:07:31',
  level: 'info',
  message: 'Request'
}
{
  service: 'attendance-system',
  method: 'GET',
  url: '/?_t=1771835851342',
  statusCode: 200,
  duration: '11ms',
  contentLength: '2',
  level: 'info',
  message: 'Response',
  timestamp: '2026-02-23 14:07:31'
}
{
  service: 'attendance-system',
  method: 'GET',
  url: '/api/announcements?_t=1771835876361',
  ip: '127.0.0.1',
  userAgent: 'Mozilla/5.0 (Windows NT 10.0; Win64; x64) AppleWebKit/537.36 (KHTML, like Gecko) Chrome/145.0.0.0 Safari/537.36',
  timestamp: '2026-02-23 14:07:56',
  level: 'info',
  message: 'Request'
}
{
  service: 'attendance-system',
  method: 'GET',
  url: '/?_t=1771835876361',
  statusCode: 200,
  duration: '15ms',
  contentLength: '2',
  level: 'info',
  message: 'Response',
  timestamp: '2026-02-23 14:07:56'
}
{
  service: 'attendance-system',
  method: 'GET',
  url: '/api/announcements?_t=1771835881354',
  ip: '127.0.0.1',
  userAgent: 'Mozilla/5.0 (Linux; Android 6.0; Nexus 5 Build/MRA58N) AppleWebKit/537.36 (KHTML, like Gecko) Chrome/145.0.0.0 Mobile Safari/537.36 Edg/145.0.0.0',
  timestamp: '2026-02-23 14:08:01',
  level: 'info',
  message: 'Request'
}
{
  service: 'attendance-system',
  method: 'GET',
  url: '/?_t=1771835881354',
  statusCode: 200,
  duration: '14ms',
  contentLength: '2',
  level: 'info',
  message: 'Response',
  timestamp: '2026-02-23 14:08:01'
}
{
  service: 'attendance-system',
  method: 'GET',
  url: '/api/announcements?_t=1771835912334',
  ip: '127.0.0.1',
  userAgent: 'Mozilla/5.0 (Linux; Android 6.0; Nexus 5 Build/MRA58N) AppleWebKit/537.36 (KHTML, like Gecko) Chrome/145.0.0.0 Mobile Safari/537.36 Edg/145.0.0.0',
  timestamp: '2026-02-23 14:08:32',
  level: 'info',
  message: 'Request'
}
{
  service: 'attendance-system',
  method: 'GET',
  url: '/?_t=1771835912334',
  statusCode: 200,
  duration: '14ms',
  contentLength: '2',
  level: 'info',
  message: 'Response',
  timestamp: '2026-02-23 14:08:32'
}
{
  service: 'attendance-system',
  method: 'GET',
  url: '/api/announcements?_t=1771835936362',
  ip: '127.0.0.1',
  userAgent: 'Mozilla/5.0 (Windows NT 10.0; Win64; x64) AppleWebKit/537.36 (KHTML, like Gecko) Chrome/145.0.0.0 Safari/537.36',
  timestamp: '2026-02-23 14:08:56',
  level: 'info',
  message: 'Request'
}
{
  service: 'attendance-system',
  method: 'GET',
  url: '/?_t=1771835936362',
  statusCode: 200,
  duration: '18ms',
  contentLength: '2',
  level: 'info',
  message: 'Response',
  timestamp: '2026-02-23 14:08:56'
}
{
  service: 'attendance-system',
  method: 'GET',
  url: '/api/announcements?_t=1771835942336',
  ip: '127.0.0.1',
  userAgent: 'Mozilla/5.0 (Linux; Android 6.0; Nexus 5 Build/MRA58N) AppleWebKit/537.36 (KHTML, like Gecko) Chrome/145.0.0.0 Mobile Safari/537.36 Edg/145.0.0.0',
  timestamp: '2026-02-23 14:09:02',
  level: 'info',
  message: 'Request'
}
{
  service: 'attendance-system',
  method: 'GET',
  url: '/?_t=1771835942336',
  statusCode: 200,
  duration: '13ms',
  contentLength: '2',
  level: 'info',
  message: 'Response',
  timestamp: '2026-02-23 14:09:02'
}
{
  service: 'attendance-system',
  method: 'GET',
  url: '/api/announcements?_t=1771835972333',
  ip: '127.0.0.1',
  userAgent: 'Mozilla/5.0 (Linux; Android 6.0; Nexus 5 Build/MRA58N) AppleWebKit/537.36 (KHTML, like Gecko) Chrome/145.0.0.0 Mobile Safari/537.36 Edg/145.0.0.0',
  timestamp: '2026-02-23 14:09:32',
  level: 'info',
  message: 'Request'
}
{
  service: 'attendance-system',
  method: 'GET',
  url: '/?_t=1771835972333',
  statusCode: 200,
  duration: '13ms',
  contentLength: '2',
  level: 'info',
  message: 'Response',
  timestamp: '2026-02-23 14:09:32'
}
{
  service: 'attendance-system',
  method: 'GET',
  url: '/api/announcements?_t=1771835996351',
  ip: '127.0.0.1',
  userAgent: 'Mozilla/5.0 (Windows NT 10.0; Win64; x64) AppleWebKit/537.36 (KHTML, like Gecko) Chrome/145.0.0.0 Safari/537.36',
  timestamp: '2026-02-23 14:09:56',
  level: 'info',
  message: 'Request'
}
{
  service: 'attendance-system',
  method: 'GET',
  url: '/?_t=1771835996351',
  statusCode: 200,
  duration: '14ms',
  contentLength: '2',
  level: 'info',
  message: 'Response',
  timestamp: '2026-02-23 14:09:56'
}
{
  service: 'attendance-system',
  method: 'GET',
  url: '/api/announcements?_t=1771836001344',
  ip: '127.0.0.1',
  userAgent: 'Mozilla/5.0 (Linux; Android 6.0; Nexus 5 Build/MRA58N) AppleWebKit/537.36 (KHTML, like Gecko) Chrome/145.0.0.0 Mobile Safari/537.36 Edg/145.0.0.0',
  timestamp: '2026-02-23 14:10:01',
  level: 'info',
  message: 'Request'
}
{
  service: 'attendance-system',
  method: 'GET',
  url: '/?_t=1771836001344',
  statusCode: 200,
  duration: '14ms',
  contentLength: '2',
  level: 'info',
  message: 'Response',
  timestamp: '2026-02-23 14:10:01'
}
{
  service: 'attendance-system',
  method: 'GET',
  url: '/api/announcements?_t=1771836037947',
  ip: '127.0.0.1',
  userAgent: 'Mozilla/5.0 (Linux; Android 6.0; Nexus 5 Build/MRA58N) AppleWebKit/537.36 (KHTML, like Gecko) Chrome/145.0.0.0 Mobile Safari/537.36 Edg/145.0.0.0',
  timestamp: '2026-02-23 14:10:37',
  level: 'info',
  message: 'Request'
}
{
  service: 'attendance-system',
  method: 'GET',
  url: '/?_t=1771836037947',
  statusCode: 200,
  duration: '13ms',
  contentLength: '2',
  level: 'info',
  message: 'Response',
  timestamp: '2026-02-23 14:10:37'
}
{
  service: 'attendance-system',
  method: 'GET',
  url: '/api/announcements?_t=1771836056358',
  ip: '127.0.0.1',
  userAgent: 'Mozilla/5.0 (Windows NT 10.0; Win64; x64) AppleWebKit/537.36 (KHTML, like Gecko) Chrome/145.0.0.0 Safari/537.36',
  timestamp: '2026-02-23 14:10:56',
  level: 'info',
  message: 'Request'
}
{
  service: 'attendance-system',
  method: 'GET',
  url: '/?_t=1771836056358',
  statusCode: 200,
  duration: '13ms',
  contentLength: '2',
  level: 'info',
  message: 'Response',
  timestamp: '2026-02-23 14:10:56'
}
{
  service: 'attendance-system',
  method: 'GET',
  url: '/api/announcements?_t=1771836061351',
  ip: '127.0.0.1',
  userAgent: 'Mozilla/5.0 (Linux; Android 6.0; Nexus 5 Build/MRA58N) AppleWebKit/537.36 (KHTML, like Gecko) Chrome/145.0.0.0 Mobile Safari/537.36 Edg/145.0.0.0',
  timestamp: '2026-02-23 14:11:01',
  level: 'info',
  message: 'Request'
}
{
  service: 'attendance-system',
  method: 'GET',
  url: '/?_t=1771836061351',
  statusCode: 200,
  duration: '15ms',
  contentLength: '2',
  level: 'info',
  message: 'Response',
  timestamp: '2026-02-23 14:11:01'
}
{
  service: 'attendance-system',
  method: 'GET',
  url: '/api/announcements?_t=1771836091338',
  ip: '127.0.0.1',
  userAgent: 'Mozilla/5.0 (Linux; Android 6.0; Nexus 5 Build/MRA58N) AppleWebKit/537.36 (KHTML, like Gecko) Chrome/145.0.0.0 Mobile Safari/537.36 Edg/145.0.0.0',
  timestamp: '2026-02-23 14:11:31',
  level: 'info',
  message: 'Request'
}
{
  service: 'attendance-system',
  method: 'GET',
  url: '/?_t=1771836091338',
  statusCode: 200,
  duration: '16ms',
  contentLength: '2',
  level: 'info',
  message: 'Response',
  timestamp: '2026-02-23 14:11:31'
}
{
  service: 'attendance-system',
  method: 'GET',
  url: '/api/announcements?_t=1771836116351',
  ip: '127.0.0.1',
  userAgent: 'Mozilla/5.0 (Windows NT 10.0; Win64; x64) AppleWebKit/537.36 (KHTML, like Gecko) Chrome/145.0.0.0 Safari/537.36',
  timestamp: '2026-02-23 14:11:56',
  level: 'info',
  message: 'Request'
}
{
  service: 'attendance-system',
  method: 'GET',
  url: '/?_t=1771836116351',
  statusCode: 200,
  duration: '13ms',
  contentLength: '2',
  level: 'info',
  message: 'Response',
  timestamp: '2026-02-23 14:11:56'
}
{
  service: 'attendance-system',
  method: 'GET',
  url: '/api/announcements?_t=1771836638813',
  ip: '127.0.0.1',
  userAgent: 'Mozilla/5.0 (Linux; Android 6.0; Nexus 5 Build/MRA58N) AppleWebKit/537.36 (KHTML, like Gecko) Chrome/145.0.0.0 Mobile Safari/537.36 Edg/145.0.0.0',
  timestamp: '2026-02-23 14:20:38',
  level: 'info',
  message: 'Request'
}
{
  service: 'attendance-system',
  method: 'GET',
  url: '/?_t=1771836638813',
  statusCode: 200,
  duration: '129ms',
  contentLength: '2',
  level: 'info',
  message: 'Response',
  timestamp: '2026-02-23 14:20:39'
}
{
  service: 'attendance-system',
  method: 'GET',
  url: '/api/announcements?_t=1771836664186',
  ip: '127.0.0.1',
  userAgent: 'Mozilla/5.0 (Windows NT 10.0; Win64; x64) AppleWebKit/537.36 (KHTML, like Gecko) Chrome/145.0.0.0 Safari/537.36',
  timestamp: '2026-02-23 14:21:04',
  level: 'info',
  message: 'Request'
}
{
  service: 'attendance-system',
  method: 'GET',
  url: '/?_t=1771836664186',
  statusCode: 200,
  duration: '21ms',
  contentLength: '2',
  level: 'info',
  message: 'Response',
  timestamp: '2026-02-23 14:21:04'
}
{
  service: 'attendance-system',
  method: 'GET',
  url: '/api/admin/leave-years/active?_t=1771836698625',
  ip: '127.0.0.1',
  userAgent: 'Mozilla/5.0 (Linux; Android 6.0; Nexus 5 Build/MRA58N) AppleWebKit/537.36 (KHTML, like Gecko) Chrome/145.0.0.0 Mobile Safari/537.36 Edg/145.0.0.0',
  timestamp: '2026-02-23 14:21:38',
  level: 'info',
  message: 'Request'
}
{
  service: 'attendance-system',
  method: 'GET',
  url: '/api/auth/me?_t=1771836698625',
  ip: '127.0.0.1',
  userAgent: 'Mozilla/5.0 (Linux; Android 6.0; Nexus 5 Build/MRA58N) AppleWebKit/537.36 (KHTML, like Gecko) Chrome/145.0.0.0 Mobile Safari/537.36 Edg/145.0.0.0',
  timestamp: '2026-02-23 14:21:38',
  level: 'info',
  message: 'Request'
}
{
  service: 'attendance-system',
  method: 'GET',
  url: '/api/admin/leave-years/active?_t=1771836698626',
  ip: '127.0.0.1',
  userAgent: 'Mozilla/5.0 (Linux; Android 6.0; Nexus 5 Build/MRA58N) AppleWebKit/537.36 (KHTML, like Gecko) Chrome/145.0.0.0 Mobile Safari/537.36 Edg/145.0.0.0',
  timestamp: '2026-02-23 14:21:38',
  level: 'info',
  message: 'Request'
}
{
  service: 'attendance-system',
  method: 'GET',
  url: '/active?_t=1771836698625',
  statusCode: 200,
  duration: '31ms',
  contentLength: '194',
  level: 'info',
  message: 'Response',
  timestamp: '2026-02-23 14:21:38'
}
{
  service: 'attendance-system',
  method: 'GET',
  url: '/active?_t=1771836698626',
  statusCode: 200,
  duration: '19ms',
  contentLength: '194',
  level: 'info',
  message: 'Response',
  timestamp: '2026-02-23 14:21:38'
}
{
  service: 'attendance-system',
  method: 'GET',
  url: '/me?_t=1771836698625',
  statusCode: 200,
  duration: '42ms',
  contentLength: '1282',
  level: 'info',
  message: 'Response',
  timestamp: '2026-02-23 14:21:38'
}
{
  service: 'attendance-system',
  method: 'GET',
  url: '/api/announcements/last-read?_t=1771836699195',
  ip: '127.0.0.1',
  userAgent: 'Mozilla/5.0 (Linux; Android 6.0; Nexus 5 Build/MRA58N) AppleWebKit/537.36 (KHTML, like Gecko) Chrome/145.0.0.0 Mobile Safari/537.36 Edg/145.0.0.0',
  timestamp: '2026-02-23 14:21:39',
  level: 'info',
  message: 'Request'
}
{
  service: 'attendance-system',
  method: 'GET',
  url: '/api/attendance/current-status?_t=1771836699195',
  ip: '127.0.0.1',
  userAgent: 'Mozilla/5.0 (Linux; Android 6.0; Nexus 5 Build/MRA58N) AppleWebKit/537.36 (KHTML, like Gecko) Chrome/145.0.0.0 Mobile Safari/537.36 Edg/145.0.0.0',
  timestamp: '2026-02-23 14:21:39',
  level: 'info',
  message: 'Request'
}
{
  service: 'attendance-system',
  method: 'GET',
  url: '/api/new-notifications?_t=1771836699196',
  ip: '127.0.0.1',
  userAgent: 'Mozilla/5.0 (Linux; Android 6.0; Nexus 5 Build/MRA58N) AppleWebKit/537.36 (KHTML, like Gecko) Chrome/145.0.0.0 Mobile Safari/537.36 Edg/145.0.0.0',
  timestamp: '2026-02-23 14:21:39',
  level: 'info',
  message: 'Request'
}
{
  service: 'attendance-system',
  method: 'GET',
  url: '/api/announcements/last-read?_t=1771836699196',
  ip: '127.0.0.1',
  userAgent: 'Mozilla/5.0 (Linux; Android 6.0; Nexus 5 Build/MRA58N) AppleWebKit/537.36 (KHTML, like Gecko) Chrome/145.0.0.0 Mobile Safari/537.36 Edg/145.0.0.0',
  timestamp: '2026-02-23 14:21:39',
  level: 'info',
  message: 'Request'
}
{
  service: 'attendance-system',
  method: 'GET',
  url: '/api/announcements/last-read?_t=1771836699224',
  ip: '127.0.0.1',
  userAgent: 'Mozilla/5.0 (Linux; Android 6.0; Nexus 5 Build/MRA58N) AppleWebKit/537.36 (KHTML, like Gecko) Chrome/145.0.0.0 Mobile Safari/537.36 Edg/145.0.0.0',
  timestamp: '2026-02-23 14:21:39',
  level: 'info',
  message: 'Request'
}
{
  service: 'attendance-system',
  method: 'GET',
  url: '/last-read?_t=1771836699195',
  statusCode: 200,
  duration: '60ms',
  contentLength: '43',
  level: 'info',
  message: 'Response',
  timestamp: '2026-02-23 14:21:39'
}
{
  service: 'attendance-system',
  method: 'GET',
  url: '/last-read?_t=1771836699196',
  statusCode: 200,
  duration: '31ms',
  contentLength: '43',
  level: 'info',
  message: 'Response',
  timestamp: '2026-02-23 14:21:39'
}
{
  service: 'attendance-system',
  method: 'GET',
  url: '/last-read?_t=1771836699224',
  statusCode: 200,
  duration: '27ms',
  contentLength: '43',
  level: 'info',
  message: 'Response',
  timestamp: '2026-02-23 14:21:39'
}
{
  service: 'attendance-system',
  method: 'GET',
  url: '/current-status?_t=1771836699195',
  statusCode: 200,
  duration: '61ms',
  contentLength: '102',
  level: 'info',
  message: 'Response',
  timestamp: '2026-02-23 14:21:39'
}
{
  service: 'attendance-system',
  method: 'GET',
  url: '/?_t=1771836699196',
  statusCode: 200,
  duration: '61ms',
  contentLength: '26640',
  level: 'info',
  message: 'Response',
  timestamp: '2026-02-23 14:21:39'
}
{
  service: 'attendance-system',
  method: 'GET',
  url: '/api/announcements?_t=1771836699453',
  ip: '127.0.0.1',
  userAgent: 'Mozilla/5.0 (Linux; Android 6.0; Nexus 5 Build/MRA58N) AppleWebKit/537.36 (KHTML, like Gecko) Chrome/145.0.0.0 Mobile Safari/537.36 Edg/145.0.0.0',
  timestamp: '2026-02-23 14:21:39',
  level: 'info',
  message: 'Request'
}
{
  service: 'attendance-system',
  method: 'GET',
  url: '/api/announcements?_t=1771836699466',
  ip: '127.0.0.1',
  userAgent: 'Mozilla/5.0 (Linux; Android 6.0; Nexus 5 Build/MRA58N) AppleWebKit/537.36 (KHTML, like Gecko) Chrome/145.0.0.0 Mobile Safari/537.36 Edg/145.0.0.0',
  timestamp: '2026-02-23 14:21:39',
  level: 'info',
  message: 'Request'
}
{
  service: 'attendance-system',
  method: 'GET',
  url: '/?_t=1771836699453',
  statusCode: 200,
  duration: '14ms',
  contentLength: '2',
  level: 'info',
  message: 'Response',
  timestamp: '2026-02-23 14:21:39'
}
{
  service: 'attendance-system',
  method: 'GET',
  url: '/?_t=1771836699466',
  statusCode: 200,
  duration: '16ms',
  contentLength: '2',
  level: 'info',
  message: 'Response',
  timestamp: '2026-02-23 14:21:39'
}
{
  service: 'attendance-system',
  method: 'GET',
  url: '/api/admin/employees?all=true&slim=true&_t=1771836699837',
  ip: '127.0.0.1',
  userAgent: 'Mozilla/5.0 (Linux; Android 6.0; Nexus 5 Build/MRA58N) AppleWebKit/537.36 (KHTML, like Gecko) Chrome/145.0.0.0 Mobile Safari/537.36 Edg/145.0.0.0',
  timestamp: '2026-02-23 14:21:39',
  level: 'info',
  message: 'Request'
}
{
  service: 'attendance-system',
  method: 'GET',
  url: '/?all=true&slim=true&_t=1771836699837',
  statusCode: 200,
  duration: '28ms',
  contentLength: '10512',
  level: 'info',
  message: 'Response',
  timestamp: '2026-02-23 14:21:39'
}
{
  service: 'attendance-system',
  method: 'GET',
  url: '/api/admin/employees?all=true&slim=true&_t=1771836699837',
  ip: '127.0.0.1',
  userAgent: 'Mozilla/5.0 (Linux; Android 6.0; Nexus 5 Build/MRA58N) AppleWebKit/537.36 (KHTML, like Gecko) Chrome/145.0.0.0 Mobile Safari/537.36 Edg/145.0.0.0',
  timestamp: '2026-02-23 14:21:39',
  level: 'info',
  message: 'Request'
}
{
  service: 'attendance-system',
  method: 'GET',
  url: '/?all=true&slim=true&_t=1771836699837',
  statusCode: 304,
  duration: '28ms',
  contentLength: 0,
  level: 'info',
  message: 'Response',
  timestamp: '2026-02-23 14:21:39'
}
{
  service: 'attendance-system',
  method: 'GET',
  url: '/api/attendance/dashboard/employee?date=2026-02-23',
  ip: '127.0.0.1',
  userAgent: 'Mozilla/5.0 (Windows NT 10.0; Win64; x64) AppleWebKit/537.36 (KHTML, like Gecko) Chrome/145.0.0.0 Safari/537.36',
  timestamp: '2026-02-23 14:21:45',
  level: 'info',
  message: 'Request'
}
{
  service: 'attendance-system',
  method: 'GET',
  url: '/api/announcements?_t=1771836705632',
  ip: '127.0.0.1',
  userAgent: 'Mozilla/5.0 (Windows NT 10.0; Win64; x64) AppleWebKit/537.36 (KHTML, like Gecko) Chrome/145.0.0.0 Safari/537.36',
  timestamp: '2026-02-23 14:21:45',
  level: 'info',
  message: 'Request'
}
{
  service: 'attendance-system',
  method: 'GET',
  url: '/?_t=1771836705632',
  statusCode: 200,
  duration: '19ms',
  contentLength: '2',
  level: 'info',
  message: 'Response',
  timestamp: '2026-02-23 14:21:45'
}
{
  service: 'attendance-system',
  method: 'GET',
  url: '/dashboard/employee?date=2026-02-23',
  statusCode: 200,
  duration: '88ms',
  contentLength: '2624',
  level: 'info',
  message: 'Response',
  timestamp: '2026-02-23 14:21:45'
}
{
  service: 'attendance-system',
  method: 'GET',
  url: '/api/admin/leave-years/active?_t=1771836706114',
  ip: '127.0.0.1',
  userAgent: 'Mozilla/5.0 (Windows NT 10.0; Win64; x64) AppleWebKit/537.36 (KHTML, like Gecko) Chrome/145.0.0.0 Safari/537.36',
  timestamp: '2026-02-23 14:21:46',
  level: 'info',
  message: 'Request'
}
{
  service: 'attendance-system',
  method: 'GET',
  url: '/active?_t=1771836706114',
  statusCode: 403,
  duration: '5ms',
  contentLength: '105',
  level: 'info',
  message: 'Response',
  timestamp: '2026-02-23 14:21:46'
}
{
  service: 'attendance-system',
  method: 'GET',
  url: '/api/auth/me?_t=1771836706114',
  ip: '127.0.0.1',
  userAgent: 'Mozilla/5.0 (Windows NT 10.0; Win64; x64) AppleWebKit/537.36 (KHTML, like Gecko) Chrome/145.0.0.0 Safari/537.36',
  timestamp: '2026-02-23 14:21:46',
  level: 'info',
  message: 'Request'
}
{
  service: 'attendance-system',
  method: 'GET',
  url: '/api/admin/leave-years/active?_t=1771836706115',
  ip: '127.0.0.1',
  userAgent: 'Mozilla/5.0 (Windows NT 10.0; Win64; x64) AppleWebKit/537.36 (KHTML, like Gecko) Chrome/145.0.0.0 Safari/537.36',
  timestamp: '2026-02-23 14:21:46',
  level: 'info',
  message: 'Request'
}
{
  service: 'attendance-system',
  method: 'GET',
  url: '/active?_t=1771836706115',
  statusCode: 403,
  duration: '5ms',
  contentLength: '105',
  level: 'info',
  message: 'Response',
  timestamp: '2026-02-23 14:21:46'
}
{
  service: 'attendance-system',
  method: 'GET',
  url: '/me?_t=1771836706114',
  statusCode: 200,
  duration: '42ms',
  contentLength: '1749',
  level: 'info',
  message: 'Response',
  timestamp: '2026-02-23 14:21:46'
}
{
  service: 'attendance-system',
  method: 'GET',
  url: '/api/announcements/last-read?_t=1771836706219',
  ip: '127.0.0.1',
  userAgent: 'Mozilla/5.0 (Windows NT 10.0; Win64; x64) AppleWebKit/537.36 (KHTML, like Gecko) Chrome/145.0.0.0 Safari/537.36',
  timestamp: '2026-02-23 14:21:46',
  level: 'info',
  message: 'Request'
}
{
  service: 'attendance-system',
  method: 'GET',
  url: '/api/attendance/current-status?_t=1771836706219',
  ip: '127.0.0.1',
  userAgent: 'Mozilla/5.0 (Windows NT 10.0; Win64; x64) AppleWebKit/537.36 (KHTML, like Gecko) Chrome/145.0.0.0 Safari/537.36',
  timestamp: '2026-02-23 14:21:46',
  level: 'info',
  message: 'Request'
}
{
  service: 'attendance-system',
  method: 'GET',
  url: '/api/new-notifications?_t=1771836706219',
  ip: '127.0.0.1',
  userAgent: 'Mozilla/5.0 (Windows NT 10.0; Win64; x64) AppleWebKit/537.36 (KHTML, like Gecko) Chrome/145.0.0.0 Safari/537.36',
  timestamp: '2026-02-23 14:21:46',
  level: 'info',
  message: 'Request'
}
{
  service: 'attendance-system',
  method: 'GET',
  url: '/api/announcements/last-read?_t=1771836706225',
  ip: '127.0.0.1',
  userAgent: 'Mozilla/5.0 (Windows NT 10.0; Win64; x64) AppleWebKit/537.36 (KHTML, like Gecko) Chrome/145.0.0.0 Safari/537.36',
  timestamp: '2026-02-23 14:21:46',
  level: 'info',
  message: 'Request'
}
{
  service: 'attendance-system',
  method: 'GET',
  url: '/last-read?_t=1771836706219',
  statusCode: 200,
  duration: '28ms',
  contentLength: '43',
  level: 'info',
  message: 'Response',
  timestamp: '2026-02-23 14:21:46'
}
{
  service: 'attendance-system',
  method: 'GET',
  url: '/last-read?_t=1771836706225',
  statusCode: 200,
  duration: '19ms',
  contentLength: '43',
  level: 'info',
  message: 'Response',
  timestamp: '2026-02-23 14:21:46'
}
{
  service: 'attendance-system',
  method: 'GET',
  url: '/api/announcements/last-read?_t=1771836706219',
  ip: '127.0.0.1',
  userAgent: 'Mozilla/5.0 (Windows NT 10.0; Win64; x64) AppleWebKit/537.36 (KHTML, like Gecko) Chrome/145.0.0.0 Safari/537.36',
  timestamp: '2026-02-23 14:21:46',
  level: 'info',
  message: 'Request'
}
{
  service: 'attendance-system',
  method: 'GET',
  url: '/api/announcements?_t=1771836706258',
  ip: '127.0.0.1',
  userAgent: 'Mozilla/5.0 (Windows NT 10.0; Win64; x64) AppleWebKit/537.36 (KHTML, like Gecko) Chrome/145.0.0.0 Safari/537.36',
  timestamp: '2026-02-23 14:21:46',
  level: 'info',
  message: 'Request'
}
{
  service: 'attendance-system',
  method: 'GET',
  url: '/?_t=1771836706219',
  statusCode: 200,
  duration: '53ms',
  contentLength: '20662',
  level: 'info',
  message: 'Response',
  timestamp: '2026-02-23 14:21:46'
}
{
  service: 'attendance-system',
  method: 'GET',
  url: '/last-read?_t=1771836706219',
  statusCode: 304,
  duration: '27ms',
  contentLength: 0,
  level: 'info',
  message: 'Response',
  timestamp: '2026-02-23 14:21:46'
}
{
  service: 'attendance-system',
  method: 'GET',
  url: '/api/announcements?_t=1771836706284',
  ip: '127.0.0.1',
  userAgent: 'Mozilla/5.0 (Windows NT 10.0; Win64; x64) AppleWebKit/537.36 (KHTML, like Gecko) Chrome/145.0.0.0 Safari/537.36',
  timestamp: '2026-02-23 14:21:46',
  level: 'info',
  message: 'Request'
}
{
  service: 'attendance-system',
  method: 'GET',
  url: '/?_t=1771836706258',
  statusCode: 200,
  duration: '29ms',
  contentLength: '2',
  level: 'info',
  message: 'Response',
  timestamp: '2026-02-23 14:21:46'
}
{
  service: 'attendance-system',
  method: 'GET',
  url: '/current-status?_t=1771836706219',
  statusCode: 200,
  duration: '77ms',
  contentLength: '123',
  level: 'info',
  message: 'Response',
  timestamp: '2026-02-23 14:21:46'
}
{
  service: 'attendance-system',
  method: 'GET',
  url: '/api/announcements?_t=1771836706304',
  ip: '127.0.0.1',
  userAgent: 'Mozilla/5.0 (Windows NT 10.0; Win64; x64) AppleWebKit/537.36 (KHTML, like Gecko) Chrome/145.0.0.0 Safari/537.36',
  timestamp: '2026-02-23 14:21:46',
  level: 'info',
  message: 'Request'
}
{
  service: 'attendance-system',
  method: 'GET',
  url: '/?_t=1771836706284',
  statusCode: 200,
  duration: '20ms',
  contentLength: '2',
  level: 'info',
  message: 'Response',
  timestamp: '2026-02-23 14:21:46'
}
{
  service: 'attendance-system',
  method: 'GET',
  url: '/api/announcements?_t=1771836706312',
  ip: '127.0.0.1',
  userAgent: 'Mozilla/5.0 (Windows NT 10.0; Win64; x64) AppleWebKit/537.36 (KHTML, like Gecko) Chrome/145.0.0.0 Safari/537.36',
  timestamp: '2026-02-23 14:21:46',
  level: 'info',
  message: 'Request'
}
{
  service: 'attendance-system',
  method: 'GET',
  url: '/?_t=1771836706304',
  statusCode: 200,
  duration: '15ms',
  contentLength: '2',
  level: 'info',
  message: 'Response',
  timestamp: '2026-02-23 14:21:46'
}
{
  service: 'attendance-system',
  method: 'GET',
  url: '/?_t=1771836706312',
  statusCode: 200,
  duration: '13ms',
  contentLength: '2',
  level: 'info',
  message: 'Response',
  timestamp: '2026-02-23 14:21:46'
}
{
  service: 'attendance-system',
  method: 'GET',
  url: '/api/attendance/dashboard/employee?date=2026-02-23',
  ip: '127.0.0.1',
  userAgent: 'Mozilla/5.0 (Windows NT 10.0; Win64; x64) AppleWebKit/537.36 (KHTML, like Gecko) Chrome/145.0.0.0 Safari/537.36',
  timestamp: '2026-02-23 14:21:46',
  level: 'info',
  message: 'Request'
}
{
  service: 'attendance-system',
  method: 'GET',
  url: '/dashboard/employee?date=2026-02-23',
  statusCode: 200,
  duration: '4ms',
  contentLength: '2624',
  level: 'info',
  message: 'Response',
  timestamp: '2026-02-23 14:21:46'
}
{
  service: 'attendance-system',
  method: 'GET',
  url: '/api/attendance/dashboard/employee?date=2026-02-23',
  ip: '127.0.0.1',
  userAgent: 'Mozilla/5.0 (Windows NT 10.0; Win64; x64) AppleWebKit/537.36 (KHTML, like Gecko) Chrome/145.0.0.0 Safari/537.36',
  timestamp: '2026-02-23 14:21:46',
  level: 'info',
  message: 'Request'
}
{
  service: 'attendance-system',
  method: 'GET',
  url: '/dashboard/employee?date=2026-02-23',
  statusCode: 304,
  duration: '4ms',
  contentLength: 0,
  level: 'info',
  message: 'Response',
  timestamp: '2026-02-23 14:21:46'
}
{
  service: 'attendance-system',
  method: 'GET',
  url: '/api/attendance/summary?startDate=2026-02-22&endDate=2026-02-28&userId=68d29f4cce5f5ad421bb6f93&includeHolidays=true&_t=1771836712346',
  ip: '127.0.0.1',
  userAgent: 'Mozilla/5.0 (Linux; Android 6.0; Nexus 5 Build/MRA58N) AppleWebKit/537.36 (KHTML, like Gecko) Chrome/145.0.0.0 Mobile Safari/537.36 Edg/145.0.0.0',
  timestamp: '2026-02-23 14:21:52',
  level: 'info',
  message: 'Request'
}
{
  service: 'attendance-system',
  method: 'GET',
  url: '/summary?startDate=2026-02-22&endDate=2026-02-28&userId=68d29f4cce5f5ad421bb6f93&includeHolidays=true&_t=1771836712346',
  statusCode: 200,
  duration: '44ms',
  contentLength: '6104',
  level: 'info',
  message: 'Response',
  timestamp: '2026-02-23 14:21:52'
}
{
  service: 'attendance-system',
  method: 'GET',
  url: '/api/attendance/summary?startDate=2026-02-01&endDate=2026-02-28&userId=68d29f4cce5f5ad421bb6f93&includeHolidays=true&_t=1771836714209',
  ip: '127.0.0.1',
  userAgent: 'Mozilla/5.0 (Linux; Android 6.0; Nexus 5 Build/MRA58N) AppleWebKit/537.36 (KHTML, like Gecko) Chrome/145.0.0.0 Mobile Safari/537.36 Edg/145.0.0.0',
  timestamp: '2026-02-23 14:21:54',
  level: 'info',
  message: 'Request'
}
{
  service: 'attendance-system',
  method: 'GET',
  url: '/summary?startDate=2026-02-01&endDate=2026-02-28&userId=68d29f4cce5f5ad421bb6f93&includeHolidays=true&_t=1771836714209',
  statusCode: 200,
  duration: '69ms',
  contentLength: '28639',
  level: 'info',
  message: 'Response',
  timestamp: '2026-02-23 14:21:54'
}
{
  service: 'attendance-system',
  method: 'GET',
  url: '/api/announcements?_t=1771836729454',
  ip: '127.0.0.1',
  userAgent: 'Mozilla/5.0 (Linux; Android 6.0; Nexus 5 Build/MRA58N) AppleWebKit/537.36 (KHTML, like Gecko) Chrome/145.0.0.0 Mobile Safari/537.36 Edg/145.0.0.0',
  timestamp: '2026-02-23 14:22:09',
  level: 'info',
  message: 'Request'
}
{
  service: 'attendance-system',
  method: 'GET',
  url: '/?_t=1771836729454',
  statusCode: 200,
  duration: '14ms',
  contentLength: '2',
  level: 'info',
  message: 'Response',
  timestamp: '2026-02-23 14:22:09'
}
{
  service: 'attendance-system',
  method: 'GET',
  url: '/api/announcements?_t=1771836736342',
  ip: '127.0.0.1',
  userAgent: 'Mozilla/5.0 (Windows NT 10.0; Win64; x64) AppleWebKit/537.36 (KHTML, like Gecko) Chrome/145.0.0.0 Safari/537.36',
  timestamp: '2026-02-23 14:22:16',
  level: 'info',
  message: 'Request'
}
{
  service: 'attendance-system',
  method: 'GET',
  url: '/?_t=1771836736342',
  statusCode: 200,
  duration: '13ms',
  contentLength: '2',
  level: 'info',
  message: 'Response',
  timestamp: '2026-02-23 14:22:16'
}
{
  service: 'attendance-system',
  method: 'GET',
  url: '/api/announcements?_t=1771836759461',
  ip: '127.0.0.1',
  userAgent: 'Mozilla/5.0 (Linux; Android 6.0; Nexus 5 Build/MRA58N) AppleWebKit/537.36 (KHTML, like Gecko) Chrome/145.0.0.0 Mobile Safari/537.36 Edg/145.0.0.0',
  timestamp: '2026-02-23 14:22:39',
  level: 'info',
  message: 'Request'
}
{
  service: 'attendance-system',
  method: 'GET',
  url: '/?_t=1771836759461',
  statusCode: 200,
  duration: '16ms',
  contentLength: '2',
  level: 'info',
  message: 'Response',
  timestamp: '2026-02-23 14:22:39'
}
{
  service: 'attendance-system',
  method: 'GET',
  url: '/api/announcements?_t=1771836766336',
  ip: '127.0.0.1',
  userAgent: 'Mozilla/5.0 (Windows NT 10.0; Win64; x64) AppleWebKit/537.36 (KHTML, like Gecko) Chrome/145.0.0.0 Safari/537.36',
  timestamp: '2026-02-23 14:22:46',
  level: 'info',
  message: 'Request'
}
{
  service: 'attendance-system',
  method: 'GET',
  url: '/?_t=1771836766336',
  statusCode: 200,
  duration: '14ms',
  contentLength: '2',
  level: 'info',
  message: 'Response',
  timestamp: '2026-02-23 14:22:46'
}
{
  message: 'CORS Request: POST /api/admin/attendance/bulk-override from origin: http://localhost:5173',
  level: 'info',
  service: 'attendance-system',
  timestamp: '2026-02-23 14:22:48'
}
{
  service: 'attendance-system',
  method: 'POST',
  url: '/api/admin/attendance/bulk-override',
  ip: '127.0.0.1',
  userAgent: 'Mozilla/5.0 (Linux; Android 6.0; Nexus 5 Build/MRA58N) AppleWebKit/537.36 (KHTML, like Gecko) Chrome/145.0.0.0 Mobile Safari/537.36 Edg/145.0.0.0',
  timestamp: '2026-02-23 14:22:48',
  level: 'info',
  message: 'Request'
}
{
  service: 'attendance-system',
  method: 'POST',
  url: '/attendance/bulk-override',
  statusCode: 200,
  duration: '74ms',
  contentLength: '89',
  level: 'info',
  message: 'Response',
  timestamp: '2026-02-23 14:22:48'
}
{
  service: 'attendance-system',
  method: 'GET',
  url: '/api/attendance/summary?startDate=2026-02-01&endDate=2026-02-28&userId=68d29f4cce5f5ad421bb6f93&includeHolidays=true&_t=1771836768468',
  ip: '127.0.0.1',
  userAgent: 'Mozilla/5.0 (Linux; Android 6.0; Nexus 5 Build/MRA58N) AppleWebKit/537.36 (KHTML, like Gecko) Chrome/145.0.0.0 Mobile Safari/537.36 Edg/145.0.0.0',
  timestamp: '2026-02-23 14:22:48',
  level: 'info',
  message: 'Request'
}
{
  service: 'attendance-system',
  method: 'GET',
  url: '/summary?startDate=2026-02-01&endDate=2026-02-28&userId=68d29f4cce5f5ad421bb6f93&includeHolidays=true&_t=1771836768468',
  statusCode: 200,
  duration: '80ms',
  contentLength: '28638',
  level: 'info',
  message: 'Response',
  timestamp: '2026-02-23 14:22:48'
}
{
  service: 'attendance-system',
  method: 'GET',
  url: '/api/attendance/summary?startDate=2026-02-01&endDate=2026-02-28&userId=68d29f4cce5f5ad421bb6f93&includeHolidays=true&_t=1771836771469',
  ip: '127.0.0.1',
  userAgent: 'Mozilla/5.0 (Linux; Android 6.0; Nexus 5 Build/MRA58N) AppleWebKit/537.36 (KHTML, like Gecko) Chrome/145.0.0.0 Mobile Safari/537.36 Edg/145.0.0.0',
  timestamp: '2026-02-23 14:22:51',
  level: 'info',
  message: 'Request'
}
{
  service: 'attendance-system',
  method: 'GET',
  url: '/summary?startDate=2026-02-01&endDate=2026-02-28&userId=68d29f4cce5f5ad421bb6f93&includeHolidays=true&_t=1771836771469',
  statusCode: 200,
  duration: '63ms',
  contentLength: '28638',
  level: 'info',
  message: 'Response',
  timestamp: '2026-02-23 14:22:51'
}
{
  service: 'attendance-system',
  method: 'GET',
  url: '/api/analytics/attendance?startDate=2026-02-01&endDate=2026-02-23&page=1&limit=50&_t=1771836779774',
  ip: '127.0.0.1',
  userAgent: 'Mozilla/5.0 (Windows NT 10.0; Win64; x64) AppleWebKit/537.36 (KHTML, like Gecko) Chrome/145.0.0.0 Safari/537.36 Edg/145.0.0.0',
  timestamp: '2026-02-23 14:22:59',
  level: 'info',
  message: 'Request'
}
{
  service: 'attendance-system',
  method: 'GET',
  url: '/attendance?startDate=2026-02-01&endDate=2026-02-23&page=1&limit=50&_t=1771836779774',
  statusCode: 200,
  duration: '1529ms',
  contentLength: '12634',
  level: 'info',
  message: 'Response',
  timestamp: '2026-02-23 14:23:01'
}
{
  service: 'attendance-system',
  method: 'GET',
  url: '/api/announcements?_t=1771836789453',
  ip: '127.0.0.1',
  userAgent: 'Mozilla/5.0 (Windows NT 10.0; Win64; x64) AppleWebKit/537.36 (KHTML, like Gecko) Chrome/145.0.0.0 Safari/537.36 Edg/145.0.0.0',
  timestamp: '2026-02-23 14:23:09',
  level: 'info',
  message: 'Request'
}
{
  service: 'attendance-system',
  method: 'GET',
  url: '/?_t=1771836789453',
  statusCode: 200,
  duration: '13ms',
  contentLength: '2',
  level: 'info',
  message: 'Response',
  timestamp: '2026-02-23 14:23:09'
}
{
  service: 'attendance-system',
  method: 'GET',
  url: '/api/announcements?_t=1771836796330',
  ip: '127.0.0.1',
  userAgent: 'Mozilla/5.0 (Windows NT 10.0; Win64; x64) AppleWebKit/537.36 (KHTML, like Gecko) Chrome/145.0.0.0 Safari/537.36',
  timestamp: '2026-02-23 14:23:16',
  level: 'info',
  message: 'Request'
}
{
  service: 'attendance-system',
  method: 'GET',
  url: '/?_t=1771836796330',
  statusCode: 200,
  duration: '20ms',
  contentLength: '2',
  level: 'info',
  message: 'Response',
  timestamp: '2026-02-23 14:23:16'
}
{
  service: 'attendance-system',
  method: 'GET',
  url: '/api/announcements?_t=1771836820336',
  ip: '127.0.0.1',
  userAgent: 'Mozilla/5.0 (Windows NT 10.0; Win64; x64) AppleWebKit/537.36 (KHTML, like Gecko) Chrome/145.0.0.0 Safari/537.36 Edg/145.0.0.0',
  timestamp: '2026-02-23 14:23:40',
  level: 'info',
  message: 'Request'
}
{
  service: 'attendance-system',
  method: 'GET',
  url: '/?_t=1771836820336',
  statusCode: 200,
  duration: '15ms',
  contentLength: '2',
  level: 'info',
  message: 'Response',
  timestamp: '2026-02-23 14:23:40'
}
{
  service: 'attendance-system',
  method: 'GET',
  url: '/api/announcements?_t=1771836826333',
  ip: '127.0.0.1',
  userAgent: 'Mozilla/5.0 (Windows NT 10.0; Win64; x64) AppleWebKit/537.36 (KHTML, like Gecko) Chrome/145.0.0.0 Safari/537.36',
  timestamp: '2026-02-23 14:23:46',
  level: 'info',
  message: 'Request'
}
{
  service: 'attendance-system',
  method: 'GET',
  url: '/?_t=1771836826333',
  statusCode: 200,
  duration: '15ms',
  contentLength: '2',
  level: 'info',
  message: 'Response',
  timestamp: '2026-02-23 14:23:46'
}
{
  service: 'attendance-system',
  method: 'GET',
  url: '/api/announcements?_t=1771836850340',
  ip: '127.0.0.1',
  userAgent: 'Mozilla/5.0 (Windows NT 10.0; Win64; x64) AppleWebKit/537.36 (KHTML, like Gecko) Chrome/145.0.0.0 Safari/537.36 Edg/145.0.0.0',
  timestamp: '2026-02-23 14:24:10',
  level: 'info',
  message: 'Request'
}
{
  service: 'attendance-system',
  method: 'GET',
  url: '/?_t=1771836850340',
  statusCode: 200,
  duration: '12ms',
  contentLength: '2',
  level: 'info',
  message: 'Response',
  timestamp: '2026-02-23 14:24:10'
}
{
  service: 'attendance-system',
  method: 'GET',
  url: '/api/announcements?_t=1771836856331',
  ip: '127.0.0.1',
  userAgent: 'Mozilla/5.0 (Windows NT 10.0; Win64; x64) AppleWebKit/537.36 (KHTML, like Gecko) Chrome/145.0.0.0 Safari/537.36',
  timestamp: '2026-02-23 14:24:16',
  level: 'info',
  message: 'Request'
}
{
  service: 'attendance-system',
  method: 'GET',
  url: '/?_t=1771836856331',
  statusCode: 200,
  duration: '12ms',
  contentLength: '2',
  level: 'info',
  message: 'Response',
  timestamp: '2026-02-23 14:24:16'
}
{
  service: 'attendance-system',
  method: 'GET',
  url: '/api/announcements?_t=1771836879460',
  ip: '127.0.0.1',
  userAgent: 'Mozilla/5.0 (Windows NT 10.0; Win64; x64) AppleWebKit/537.36 (KHTML, like Gecko) Chrome/145.0.0.0 Safari/537.36 Edg/145.0.0.0',
  timestamp: '2026-02-23 14:24:39',
  level: 'info',
  message: 'Request'
}
{
  service: 'attendance-system',
  method: 'GET',
  url: '/?_t=1771836879460',
  statusCode: 200,
  duration: '14ms',
  contentLength: '2',
  level: 'info',
  message: 'Response',
  timestamp: '2026-02-23 14:24:39'
}
{
  service: 'attendance-system',
  method: 'GET',
  url: '/api/analytics/employee/68d29f4cce5f5ad421bb6f93?month=02&year=2026&_t=1771836885624',
  ip: '127.0.0.1',
  userAgent: 'Mozilla/5.0 (Windows NT 10.0; Win64; x64) AppleWebKit/537.36 (KHTML, like Gecko) Chrome/145.0.0.0 Safari/537.36 Edg/145.0.0.0',
  timestamp: '2026-02-23 14:24:45',
  level: 'info',
  message: 'Request'
}
{
  service: 'attendance-system',
  method: 'GET',
  url: '/employee/68d29f4cce5f5ad421bb6f93?month=02&year=2026&_t=1771836885624',
  statusCode: 200,
  duration: '87ms',
  contentLength: '7400',
  level: 'info',
  message: 'Response',
  timestamp: '2026-02-23 14:24:45'
}
{
  service: 'attendance-system',
  method: 'GET',
  url: '/api/announcements?_t=1771836886330',
  ip: '127.0.0.1',
  userAgent: 'Mozilla/5.0 (Windows NT 10.0; Win64; x64) AppleWebKit/537.36 (KHTML, like Gecko) Chrome/145.0.0.0 Safari/537.36',
  timestamp: '2026-02-23 14:24:46',
  level: 'info',
  message: 'Request'
}
{
  service: 'attendance-system',
  method: 'GET',
  url: '/?_t=1771836886330',
  statusCode: 200,
  duration: '13ms',
  contentLength: '2',
  level: 'info',
  message: 'Response',
  timestamp: '2026-02-23 14:24:46'
}
{
  service: 'attendance-system',
  method: 'GET',
  url: '/api/announcements?_t=1771836909457',
  ip: '127.0.0.1',
  userAgent: 'Mozilla/5.0 (Windows NT 10.0; Win64; x64) AppleWebKit/537.36 (KHTML, like Gecko) Chrome/145.0.0.0 Safari/537.36 Edg/145.0.0.0',
  timestamp: '2026-02-23 14:25:09',
  level: 'info',
  message: 'Request'
}
{
  service: 'attendance-system',
  method: 'GET',
  url: '/?_t=1771836909457',
  statusCode: 200,
  duration: '15ms',
  contentLength: '2',
  level: 'info',
  message: 'Response',
  timestamp: '2026-02-23 14:25:09'
}
{
  service: 'attendance-system',
  method: 'GET',
  url: '/api/announcements?_t=1771836939456',
  ip: '127.0.0.1',
  userAgent: 'Mozilla/5.0 (Windows NT 10.0; Win64; x64) AppleWebKit/537.36 (KHTML, like Gecko) Chrome/145.0.0.0 Safari/537.36 Edg/145.0.0.0',
  timestamp: '2026-02-23 14:25:39',
  level: 'info',
  message: 'Request'
}
{
  service: 'attendance-system',
  method: 'GET',
  url: '/?_t=1771836939456',
  statusCode: 200,
  duration: '11ms',
  contentLength: '2',
  level: 'info',
  message: 'Response',
  timestamp: '2026-02-23 14:25:39'
}
{
  service: 'attendance-system',
  method: 'GET',
  url: '/api/announcements?_t=1771836956363',
  ip: '127.0.0.1',
  userAgent: 'Mozilla/5.0 (Windows NT 10.0; Win64; x64) AppleWebKit/537.36 (KHTML, like Gecko) Chrome/145.0.0.0 Safari/537.36',
  timestamp: '2026-02-23 14:25:56',
  level: 'info',
  message: 'Request'
}
{
  service: 'attendance-system',
  method: 'GET',
  url: '/?_t=1771836956363',
  statusCode: 200,
  duration: '17ms',
  contentLength: '2',
  level: 'info',
  message: 'Response',
  timestamp: '2026-02-23 14:25:56'
}
{
  service: 'attendance-system',
  method: 'GET',
  url: '/api/announcements?_t=1771836969461',
  ip: '127.0.0.1',
  userAgent: 'Mozilla/5.0 (Windows NT 10.0; Win64; x64) AppleWebKit/537.36 (KHTML, like Gecko) Chrome/145.0.0.0 Safari/537.36 Edg/145.0.0.0',
  timestamp: '2026-02-23 14:26:09',
  level: 'info',
  message: 'Request'
}
{
  service: 'attendance-system',
  method: 'GET',
  url: '/?_t=1771836969461',
  statusCode: 200,
  duration: '14ms',
  contentLength: '2',
  level: 'info',
  message: 'Response',
  timestamp: '2026-02-23 14:26:09'
}
{
  service: 'attendance-system',
  method: 'GET',
  url: '/api/admin/employees?all=true&_t=1771836979399',
  ip: '127.0.0.1',
  userAgent: 'Mozilla/5.0 (Windows NT 10.0; Win64; x64) AppleWebKit/537.36 (KHTML, like Gecko) Chrome/145.0.0.0 Safari/537.36 Edg/145.0.0.0',
  timestamp: '2026-02-23 14:26:19',
  level: 'info',
  message: 'Request'
}
{
  service: 'attendance-system',
  method: 'GET',
  url: '/api/admin/leaves/all?page=1&limit=10',
  ip: '127.0.0.1',
  userAgent: 'Mozilla/5.0 (Windows NT 10.0; Win64; x64) AppleWebKit/537.36 (KHTML, like Gecko) Chrome/145.0.0.0 Safari/537.36 Edg/145.0.0.0',
  timestamp: '2026-02-23 14:26:19',
  level: 'info',
  message: 'Request'
}
{
  service: 'attendance-system',
  method: 'GET',
  url: '/leaves/all?page=1&limit=10',
  statusCode: 304,
  duration: '68ms',
  contentLength: 0,
  level: 'info',
  message: 'Response',
  timestamp: '2026-02-23 14:26:19'
}
{
  service: 'attendance-system',
  method: 'GET',
  url: '/?all=true&_t=1771836979399',
  statusCode: 200,
  duration: '164ms',
  contentLength: '27292',
  level: 'info',
  message: 'Response',
  timestamp: '2026-02-23 14:26:19'
}
{
  service: 'attendance-system',
  method: 'GET',
  url: '/api/analytics/monthly-context-settings?_t=1771836979700',
  ip: '127.0.0.1',
  userAgent: 'Mozilla/5.0 (Windows NT 10.0; Win64; x64) AppleWebKit/537.36 (KHTML, like Gecko) Chrome/145.0.0.0 Safari/537.36 Edg/145.0.0.0',
  timestamp: '2026-02-23 14:26:19',
  level: 'info',
  message: 'Request'
}
{
  service: 'attendance-system',
  method: 'GET',
  path: '/analytics/monthly-context-settings',
  query: [Object: null prototype] { _t: '1771836979700' },
  headers: { authorization: 'present', origin: undefined },
  level: 'warn',
  message: '[404] API route not found: GET /analytics/monthly-context-settings',
  timestamp: '2026-02-23 14:26:19'
}
{
  service: 'attendance-system',
  method: 'GET',
  url: '/analytics/monthly-context-settings?_t=1771836979700',
  statusCode: 404,
  duration: '2ms',
  contentLength: '200',
  level: 'info',
  message: 'Response',
  timestamp: '2026-02-23 14:26:19'
}
{
  service: 'attendance-system',
  method: 'GET',
  url: '/api/analytics/monthly-context-settings?_t=1771836979700',
  ip: '127.0.0.1',
  userAgent: 'Mozilla/5.0 (Windows NT 10.0; Win64; x64) AppleWebKit/537.36 (KHTML, like Gecko) Chrome/145.0.0.0 Safari/537.36 Edg/145.0.0.0',
  timestamp: '2026-02-23 14:26:19',
  level: 'info',
  message: 'Request'
}
{
  service: 'attendance-system',
  method: 'GET',
  path: '/analytics/monthly-context-settings',
  query: [Object: null prototype] { _t: '1771836979700' },
  headers: { authorization: 'present', origin: undefined },
  level: 'warn',
  message: '[404] API route not found: GET /analytics/monthly-context-settings',
  timestamp: '2026-02-23 14:26:19'
}
{
  service: 'attendance-system',
  method: 'GET',
  url: '/analytics/monthly-context-settings?_t=1771836979700',
  statusCode: 404,
  duration: '2ms',
  contentLength: '200',
  level: 'info',
  message: 'Response',
  timestamp: '2026-02-23 14:26:19'
}
{
  service: 'attendance-system',
  method: 'GET',
  url: '/api/admin/leaves/analytics/counts?month=2&year=2026&role=Intern',
  ip: '127.0.0.1',
  userAgent: 'Mozilla/5.0 (Windows NT 10.0; Win64; x64) AppleWebKit/537.36 (KHTML, like Gecko) Chrome/145.0.0.0 Safari/537.36 Edg/145.0.0.0',
  timestamp: '2026-02-23 14:26:19',
  level: 'info',
  message: 'Request'
}
{
  service: 'attendance-system',
  method: 'GET',
  url: '/api/admin/leaves/analytics/counts?month=2&year=2026&role=Employee',
  ip: '127.0.0.1',
  userAgent: 'Mozilla/5.0 (Windows NT 10.0; Win64; x64) AppleWebKit/537.36 (KHTML, like Gecko) Chrome/145.0.0.0 Safari/537.36 Edg/145.0.0.0',
  timestamp: '2026-02-23 14:26:19',
  level: 'info',
  message: 'Request'
}
{
  service: 'attendance-system',
  method: 'GET',
  url: '/api/analytics/monthly-context-settings?_t=1771836979700',
  ip: '127.0.0.1',
  userAgent: 'Mozilla/5.0 (Windows NT 10.0; Win64; x64) AppleWebKit/537.36 (KHTML, like Gecko) Chrome/145.0.0.0 Safari/537.36 Edg/145.0.0.0',
  timestamp: '2026-02-23 14:26:19',
  level: 'info',
  message: 'Request'
}
{
  service: 'attendance-system',
  method: 'GET',
  path: '/analytics/monthly-context-settings',
  query: [Object: null prototype] { _t: '1771836979700' },
  headers: { authorization: 'present', origin: undefined },
  level: 'warn',
  message: '[404] API route not found: GET /analytics/monthly-context-settings',
  timestamp: '2026-02-23 14:26:19'
}
{
  service: 'attendance-system',
  method: 'GET',
  url: '/analytics/monthly-context-settings?_t=1771836979700',
  statusCode: 404,
  duration: '1ms',
  contentLength: '200',
  level: 'info',
  message: 'Response',
  timestamp: '2026-02-23 14:26:19'
}
{
  service: 'attendance-system',
  method: 'GET',
  url: '/api/analytics/monthly-context-settings?_t=1771836979700',
  ip: '127.0.0.1',
  userAgent: 'Mozilla/5.0 (Windows NT 10.0; Win64; x64) AppleWebKit/537.36 (KHTML, like Gecko) Chrome/145.0.0.0 Safari/537.36 Edg/145.0.0.0',
  timestamp: '2026-02-23 14:26:19',
  level: 'info',
  message: 'Request'
}
{
  service: 'attendance-system',
  method: 'GET',
  path: '/analytics/monthly-context-settings',
  query: [Object: null prototype] { _t: '1771836979700' },
  headers: { authorization: 'present', origin: undefined },
  level: 'warn',
  message: '[404] API route not found: GET /analytics/monthly-context-settings',
  timestamp: '2026-02-23 14:26:19'
}
{
  service: 'attendance-system',
  method: 'GET',
  url: '/analytics/monthly-context-settings?_t=1771836979700',
  statusCode: 404,
  duration: '2ms',
  contentLength: '200',
  level: 'info',
  message: 'Response',
  timestamp: '2026-02-23 14:26:19'
}
{
  service: 'attendance-system',
  method: 'GET',
  url: '/leaves/analytics/counts?month=2&year=2026&role=Intern',
  statusCode: 304,
  duration: '37ms',
  contentLength: 0,
  level: 'info',
  message: 'Response',
  timestamp: '2026-02-23 14:26:19'
}
{
  service: 'attendance-system',
  method: 'GET',
  url: '/leaves/analytics/counts?month=2&year=2026&role=Employee',
  statusCode: 200,
  duration: '30ms',
  contentLength: '1932',
  level: 'info',
  message: 'Response',
  timestamp: '2026-02-23 14:26:19'
}
{
  service: 'attendance-system',
  method: 'GET',
  url: '/api/attendance/actual-work-days?month=2&year=2026&_t=1771836979841',
  ip: '127.0.0.1',
  userAgent: 'Mozilla/5.0 (Windows NT 10.0; Win64; x64) AppleWebKit/537.36 (KHTML, like Gecko) Chrome/145.0.0.0 Safari/537.36 Edg/145.0.0.0',
  timestamp: '2026-02-23 14:26:19',
  level: 'info',
  message: 'Request'
}
{
  service: 'attendance-system',
  method: 'GET',
  url: '/api/attendance/actual-work-days?month=2&year=2026&_t=1771836979908',
  ip: '127.0.0.1',
  userAgent: 'Mozilla/5.0 (Windows NT 10.0; Win64; x64) AppleWebKit/537.36 (KHTML, like Gecko) Chrome/145.0.0.0 Safari/537.36 Edg/145.0.0.0',
  timestamp: '2026-02-23 14:26:19',
  level: 'info',
  message: 'Request'
}
{
  service: 'attendance-system',
  method: 'GET',
  url: '/actual-work-days?month=2&year=2026&_t=1771836979841',
  statusCode: 200,
  duration: '115ms',
  contentLength: '5941',
  level: 'info',
  message: 'Response',
  timestamp: '2026-02-23 14:26:19'
}
{
  service: 'attendance-system',
  method: 'GET',
  url: '/actual-work-days?month=2&year=2026&_t=1771836979908',
  statusCode: 200,
  duration: '104ms',
  contentLength: '5941',
  level: 'info',
  message: 'Response',
  timestamp: '2026-02-23 14:26:20'
}
{
  service: 'attendance-system',
  method: 'GET',
  url: '/api/announcements?_t=1771836999452',
  ip: '127.0.0.1',
  userAgent: 'Mozilla/5.0 (Windows NT 10.0; Win64; x64) AppleWebKit/537.36 (KHTML, like Gecko) Chrome/145.0.0.0 Safari/537.36 Edg/145.0.0.0',
  timestamp: '2026-02-23 14:26:39',
  level: 'info',
  message: 'Request'
}
{
  service: 'attendance-system',
  method: 'GET',
  url: '/?_t=1771836999452',
  statusCode: 200,
  duration: '30ms',
  contentLength: '2',
  level: 'info',
  message: 'Response',
  timestamp: '2026-02-23 14:26:39'
}
{
  service: 'attendance-system',
  method: 'GET',
  url: '/api/announcements?_t=1771837016353',
  ip: '127.0.0.1',
  userAgent: 'Mozilla/5.0 (Windows NT 10.0; Win64; x64) AppleWebKit/537.36 (KHTML, like Gecko) Chrome/145.0.0.0 Safari/537.36',
  timestamp: '2026-02-23 14:26:56',
  level: 'info',
  message: 'Request'
}
{
  service: 'attendance-system',
  method: 'GET',
  url: '/?_t=1771837016353',
  statusCode: 200,
  duration: '17ms',
  contentLength: '2',
  level: 'info',
  message: 'Response',
  timestamp: '2026-02-23 14:26:56'
}
{
  service: 'attendance-system',
  method: 'GET',
  url: '/api/admin/dashboard-summary?includePendingLeaves=true',
  ip: '127.0.0.1',
  userAgent: 'Mozilla/5.0 (Windows NT 10.0; Win64; x64) AppleWebKit/537.36 (KHTML, like Gecko) Chrome/145.0.0.0 Safari/537.36 Edg/145.0.0.0',
  timestamp: '2026-02-23 14:27:08',
  level: 'info',
  message: 'Request'
}
{
  service: 'attendance-system',
  method: 'GET',
  url: '/dashboard-summary?includePendingLeaves=true',
  statusCode: 200,
  duration: '223ms',
  contentLength: '26319',
  level: 'info',
  message: 'Response',
  timestamp: '2026-02-23 14:27:08'
}
{
  service: 'attendance-system',
  method: 'GET',
  url: '/api/admin/dashboard-summary?includePendingLeaves=true',
  ip: '127.0.0.1',
  userAgent: 'Mozilla/5.0 (Windows NT 10.0; Win64; x64) AppleWebKit/537.36 (KHTML, like Gecko) Chrome/145.0.0.0 Safari/537.36 Edg/145.0.0.0',
  timestamp: '2026-02-23 14:27:08',
  level: 'info',
  message: 'Request'
}
{
  service: 'attendance-system',
  method: 'GET',
  url: '/dashboard-summary?includePendingLeaves=true',
  statusCode: 304,
  duration: '26ms',
  contentLength: 0,
  level: 'info',
  message: 'Response',
  timestamp: '2026-02-23 14:27:08'
}
{
  service: 'attendance-system',
  method: 'GET',
  url: '/api/announcements?_t=1771837029452',
  ip: '127.0.0.1',
  userAgent: 'Mozilla/5.0 (Windows NT 10.0; Win64; x64) AppleWebKit/537.36 (KHTML, like Gecko) Chrome/145.0.0.0 Safari/537.36 Edg/145.0.0.0',
  timestamp: '2026-02-23 14:27:09',
  level: 'info',
  message: 'Request'
}
{
  service: 'attendance-system',
  method: 'GET',
  url: '/?_t=1771837029452',
  statusCode: 200,
  duration: '14ms',
  contentLength: '2',
  level: 'info',
  message: 'Response',
  timestamp: '2026-02-23 14:27:09'
}
{
  service: 'attendance-system',
  method: 'GET',
  url: '/api/attendance/dashboard/employee?date=2026-02-23',
  ip: '127.0.0.1',
  userAgent: 'Mozilla/5.0 (Windows NT 10.0; Win64; x64) AppleWebKit/537.36 (KHTML, like Gecko) Chrome/145.0.0.0 Safari/537.36',
  timestamp: '2026-02-23 14:27:22',
  level: 'info',
  message: 'Request'
}
{
  service: 'attendance-system',
  method: 'GET',
  url: '/api/announcements?_t=1771837042073',
  ip: '127.0.0.1',
  userAgent: 'Mozilla/5.0 (Windows NT 10.0; Win64; x64) AppleWebKit/537.36 (KHTML, like Gecko) Chrome/145.0.0.0 Safari/537.36',
  timestamp: '2026-02-23 14:27:22',
  level: 'info',
  message: 'Request'
}
{
  service: 'attendance-system',
  method: 'GET',
  url: '/?_t=1771837042073',
  statusCode: 200,
  duration: '38ms',
  contentLength: '2',
  level: 'info',
  message: 'Response',
  timestamp: '2026-02-23 14:27:22'
}
{
  service: 'attendance-system',
  method: 'GET',
  url: '/dashboard/employee?date=2026-02-23',
  statusCode: 200,
  duration: '102ms',
  contentLength: '2624',
  level: 'info',
  message: 'Response',
  timestamp: '2026-02-23 14:27:22'
}
{
  service: 'attendance-system',
  method: 'GET',
  url: '/api/announcements?_t=1771837059454',
  ip: '127.0.0.1',
  userAgent: 'Mozilla/5.0 (Windows NT 10.0; Win64; x64) AppleWebKit/537.36 (KHTML, like Gecko) Chrome/145.0.0.0 Safari/537.36 Edg/145.0.0.0',
  timestamp: '2026-02-23 14:27:39',
  level: 'info',
  message: 'Request'
}
{
  service: 'attendance-system',
  method: 'GET',
  url: '/?_t=1771837059454',
  statusCode: 200,
  duration: '19ms',
  contentLength: '2',
  level: 'info',
  message: 'Response',
  timestamp: '2026-02-23 14:27:39'
}
{
  service: 'attendance-system',
  method: 'GET',
  url: '/api/admin/employees?all=true&slim=true&_t=1771837063646',
  ip: '127.0.0.1',
  userAgent: 'Mozilla/5.0 (Windows NT 10.0; Win64; x64) AppleWebKit/537.36 (KHTML, like Gecko) Chrome/145.0.0.0 Safari/537.36 Edg/145.0.0.0',
  timestamp: '2026-02-23 14:27:43',
  level: 'info',
  message: 'Request'
}
{
  service: 'attendance-system',
  method: 'GET',
  url: '/?all=true&slim=true&_t=1771837063646',
  statusCode: 200,
  duration: '27ms',
  contentLength: '10512',
  level: 'info',
  message: 'Response',
  timestamp: '2026-02-23 14:27:43'
}
{
  service: 'attendance-system',
  method: 'GET',
  url: '/api/admin/employees?all=true&slim=true&_t=1771837063646',
  ip: '127.0.0.1',
  userAgent: 'Mozilla/5.0 (Windows NT 10.0; Win64; x64) AppleWebKit/537.36 (KHTML, like Gecko) Chrome/145.0.0.0 Safari/537.36 Edg/145.0.0.0',
  timestamp: '2026-02-23 14:27:43',
  level: 'info',
  message: 'Request'
}
{
  service: 'attendance-system',
  method: 'GET',
  url: '/?all=true&slim=true&_t=1771837063646',
  statusCode: 304,
  duration: '23ms',
  contentLength: 0,
  level: 'info',
  message: 'Response',
  timestamp: '2026-02-23 14:27:43'
}
{
  service: 'attendance-system',
  method: 'GET',
  url: '/api/announcements?_t=1771837066330',
  ip: '127.0.0.1',
  userAgent: 'Mozilla/5.0 (Windows NT 10.0; Win64; x64) AppleWebKit/537.36 (KHTML, like Gecko) Chrome/145.0.0.0 Safari/537.36',
  timestamp: '2026-02-23 14:27:46',
  level: 'info',
  message: 'Request'
}
{
  service: 'attendance-system',
  method: 'GET',
  url: '/?_t=1771837066330',
  statusCode: 200,
  duration: '13ms',
  contentLength: '2',
  level: 'info',
  message: 'Response',
  timestamp: '2026-02-23 14:27:46'
}
{
  service: 'attendance-system',
  method: 'GET',
  url: '/api/admin/shifts?_t=1771837066840',
  ip: '127.0.0.1',
  userAgent: 'Mozilla/5.0 (Windows NT 10.0; Win64; x64) AppleWebKit/537.36 (KHTML, like Gecko) Chrome/145.0.0.0 Safari/537.36 Edg/145.0.0.0',
  timestamp: '2026-02-23 14:27:46',
  level: 'info',
  message: 'Request'
}
{
  service: 'attendance-system',
  method: 'GET',
  url: '/api/admin/shifts?_t=1771837066839',
  ip: '127.0.0.1',
  userAgent: 'Mozilla/5.0 (Windows NT 10.0; Win64; x64) AppleWebKit/537.36 (KHTML, like Gecko) Chrome/145.0.0.0 Safari/537.36 Edg/145.0.0.0',
  timestamp: '2026-02-23 14:27:46',
  level: 'info',
  message: 'Request'
}
{
  service: 'attendance-system',
  method: 'GET',
  url: '/api/admin/employees?page=1&limit=10&status=active&_t=1771837066840',
  ip: '127.0.0.1',
  userAgent: 'Mozilla/5.0 (Windows NT 10.0; Win64; x64) AppleWebKit/537.36 (KHTML, like Gecko) Chrome/145.0.0.0 Safari/537.36 Edg/145.0.0.0',
  timestamp: '2026-02-23 14:27:46',
  level: 'info',
  message: 'Request'
}
{
  service: 'attendance-system',
  method: 'GET',
  url: '/?_t=1771837066840',
  statusCode: 200,
  duration: '22ms',
  contentLength: '802',
  level: 'info',
  message: 'Response',
  timestamp: '2026-02-23 14:27:46'
}
{
  service: 'attendance-system',
  method: 'GET',
  url: '/?_t=1771837066839',
  statusCode: 200,
  duration: '24ms',
  contentLength: '802',
  level: 'info',
  message: 'Response',
  timestamp: '2026-02-23 14:27:46'
}
{
  service: 'attendance-system',
  method: 'GET',
  url: '/?page=1&limit=10&status=active&_t=1771837066840',
  statusCode: 200,
  duration: '43ms',
  contentLength: '10220',
  level: 'info',
  message: 'Response',
  timestamp: '2026-02-23 14:27:46'
}
{
  service: 'attendance-system',
  method: 'GET',
  url: '/api/admin/employees?page=1&limit=10&status=active&_t=1771837066840',
  ip: '127.0.0.1',
  userAgent: 'Mozilla/5.0 (Windows NT 10.0; Win64; x64) AppleWebKit/537.36 (KHTML, like Gecko) Chrome/145.0.0.0 Safari/537.36 Edg/145.0.0.0',
  timestamp: '2026-02-23 14:27:46',
  level: 'info',
  message: 'Request'
}
{
  service: 'attendance-system',
  method: 'GET',
  url: '/?page=1&limit=10&status=active&_t=1771837066840',
  statusCode: 304,
  duration: '35ms',
  contentLength: 0,
  level: 'info',
  message: 'Response',
  timestamp: '2026-02-23 14:27:46'
}
{
  service: 'attendance-system',
  method: 'GET',
  url: '/api/announcements?_t=1771837085373',
  ip: '127.0.0.1',
  userAgent: 'Mozilla/5.0 (Windows NT 10.0; Win64; x64) AppleWebKit/537.36 (KHTML, like Gecko) Chrome/145.0.0.0 Safari/537.36',
  timestamp: '2026-02-23 14:28:05',
  level: 'info',
  message: 'Request'
}
{
  service: 'attendance-system',
  method: 'GET',
  url: '/?_t=1771837085373',
  statusCode: 200,
  duration: '16ms',
  contentLength: '2',
  level: 'info',
  message: 'Response',
  timestamp: '2026-02-23 14:28:05'
}
{
  service: 'attendance-system',
  method: 'GET',
  url: '/api/auth/me?_t=1771837085896',
  ip: '127.0.0.1',
  userAgent: 'Mozilla/5.0 (Windows NT 10.0; Win64; x64) AppleWebKit/537.36 (KHTML, like Gecko) Chrome/145.0.0.0 Safari/537.36 Edg/145.0.0.0',
  timestamp: '2026-02-23 14:28:05',
  level: 'info',
  message: 'Request'
}
{
  service: 'attendance-system',
  method: 'GET',
  url: '/api/admin/leave-years/active?_t=1771837085896',
  ip: '127.0.0.1',
  userAgent: 'Mozilla/5.0 (Windows NT 10.0; Win64; x64) AppleWebKit/537.36 (KHTML, like Gecko) Chrome/145.0.0.0 Safari/537.36 Edg/145.0.0.0',
  timestamp: '2026-02-23 14:28:05',
  level: 'info',
  message: 'Request'
}
{
  service: 'attendance-system',
  method: 'GET',
  url: '/api/admin/leave-years/active?_t=1771837085896',
  ip: '127.0.0.1',
  userAgent: 'Mozilla/5.0 (Windows NT 10.0; Win64; x64) AppleWebKit/537.36 (KHTML, like Gecko) Chrome/145.0.0.0 Safari/537.36 Edg/145.0.0.0',
  timestamp: '2026-02-23 14:28:05',
  level: 'info',
  message: 'Request'
}
{
  service: 'attendance-system',
  method: 'GET',
  url: '/active?_t=1771837085896',
  statusCode: 200,
  duration: '25ms',
  contentLength: '194',
  level: 'info',
  message: 'Response',
  timestamp: '2026-02-23 14:28:05'
}
{
  service: 'attendance-system',
  method: 'GET',
  url: '/active?_t=1771837085896',
  statusCode: 200,
  duration: '19ms',
  contentLength: '194',
  level: 'info',
  message: 'Response',
  timestamp: '2026-02-23 14:28:05'
}
{
  service: 'attendance-system',
  method: 'GET',
  url: '/me?_t=1771837085896',
  statusCode: 200,
  duration: '52ms',
  contentLength: '1282',
  level: 'info',
  message: 'Response',
  timestamp: '2026-02-23 14:28:05'
}
{
  service: 'attendance-system',
  method: 'GET',
  url: '/api/announcements/last-read?_t=1771837086011',
  ip: '127.0.0.1',
  userAgent: 'Mozilla/5.0 (Windows NT 10.0; Win64; x64) AppleWebKit/537.36 (KHTML, like Gecko) Chrome/145.0.0.0 Safari/537.36 Edg/145.0.0.0',
  timestamp: '2026-02-23 14:28:06',
  level: 'info',
  message: 'Request'
}
{
  service: 'attendance-system',
  method: 'GET',
  url: '/api/attendance/current-status?_t=1771837086011',
  ip: '127.0.0.1',
  userAgent: 'Mozilla/5.0 (Windows NT 10.0; Win64; x64) AppleWebKit/537.36 (KHTML, like Gecko) Chrome/145.0.0.0 Safari/537.36 Edg/145.0.0.0',
  timestamp: '2026-02-23 14:28:06',
  level: 'info',
  message: 'Request'
}
{
  service: 'attendance-system',
  method: 'GET',
  url: '/api/new-notifications?_t=1771837086011',
  ip: '127.0.0.1',
  userAgent: 'Mozilla/5.0 (Windows NT 10.0; Win64; x64) AppleWebKit/537.36 (KHTML, like Gecko) Chrome/145.0.0.0 Safari/537.36 Edg/145.0.0.0',
  timestamp: '2026-02-23 14:28:06',
  level: 'info',
  message: 'Request'
}
{
  service: 'attendance-system',
  method: 'GET',
  url: '/api/announcements/last-read?_t=1771837086017',
  ip: '127.0.0.1',
  userAgent: 'Mozilla/5.0 (Windows NT 10.0; Win64; x64) AppleWebKit/537.36 (KHTML, like Gecko) Chrome/145.0.0.0 Safari/537.36 Edg/145.0.0.0',
  timestamp: '2026-02-23 14:28:06',
  level: 'info',
  message: 'Request'
}
{
  service: 'attendance-system',
  method: 'GET',
  url: '/last-read?_t=1771837086011',
  statusCode: 200,
  duration: '39ms',
  contentLength: '43',
  level: 'info',
  message: 'Response',
  timestamp: '2026-02-23 14:28:06'
}
{
  service: 'attendance-system',
  method: 'GET',
  url: '/api/admin/shifts?_t=1771837086041',
  ip: '127.0.0.1',
  userAgent: 'Mozilla/5.0 (Windows NT 10.0; Win64; x64) AppleWebKit/537.36 (KHTML, like Gecko) Chrome/145.0.0.0 Safari/537.36 Edg/145.0.0.0',
  timestamp: '2026-02-23 14:28:06',
  level: 'info',
  message: 'Request'
}
{
  service: 'attendance-system',
  method: 'GET',
  url: '/last-read?_t=1771837086017',
  statusCode: 200,
  duration: '20ms',
  contentLength: '43',
  level: 'info',
  message: 'Response',
  timestamp: '2026-02-23 14:28:06'
}
{
  service: 'attendance-system',
  method: 'GET',
  url: '/api/admin/employees?page=1&limit=10&status=active&_t=1771837086041',
  ip: '127.0.0.1',
  userAgent: 'Mozilla/5.0 (Windows NT 10.0; Win64; x64) AppleWebKit/537.36 (KHTML, like Gecko) Chrome/145.0.0.0 Safari/537.36 Edg/145.0.0.0',
  timestamp: '2026-02-23 14:28:06',
  level: 'info',
  message: 'Request'
}
{
  service: 'attendance-system',
  method: 'GET',
  url: '/api/announcements/last-read?_t=1771837086011',
  ip: '127.0.0.1',
  userAgent: 'Mozilla/5.0 (Windows NT 10.0; Win64; x64) AppleWebKit/537.36 (KHTML, like Gecko) Chrome/145.0.0.0 Safari/537.36 Edg/145.0.0.0',
  timestamp: '2026-02-23 14:28:06',
  level: 'info',
  message: 'Request'
}
{
  service: 'attendance-system',
  method: 'GET',
  url: '/current-status?_t=1771837086011',
  statusCode: 200,
  duration: '60ms',
  contentLength: '102',
  level: 'info',
  message: 'Response',
  timestamp: '2026-02-23 14:28:06'
}
{
  service: 'attendance-system',
  method: 'GET',
  url: '/api/announcements?_t=1771837086059',
  ip: '127.0.0.1',
  userAgent: 'Mozilla/5.0 (Windows NT 10.0; Win64; x64) AppleWebKit/537.36 (KHTML, like Gecko) Chrome/145.0.0.0 Safari/537.36 Edg/145.0.0.0',
  timestamp: '2026-02-23 14:28:06',
  level: 'info',
  message: 'Request'
}
{
  service: 'attendance-system',
  method: 'GET',
  url: '/?_t=1771837086011',
  statusCode: 200,
  duration: '90ms',
  contentLength: '26639',
  level: 'info',
  message: 'Response',
  timestamp: '2026-02-23 14:28:06'
}
{
  service: 'attendance-system',
  method: 'GET',
  url: '/last-read?_t=1771837086011',
  statusCode: 304,
  duration: '55ms',
  contentLength: 0,
  level: 'info',
  message: 'Response',
  timestamp: '2026-02-23 14:28:06'
}
{
  service: 'attendance-system',
  method: 'GET',
  url: '/?_t=1771837086041',
  statusCode: 200,
  duration: '75ms',
  contentLength: '802',
  level: 'info',
  message: 'Response',
  timestamp: '2026-02-23 14:28:06'
}
{
  service: 'attendance-system',
  method: 'GET',
  url: '/?_t=1771837086059',
  statusCode: 200,
  duration: '52ms',
  contentLength: '2',
  level: 'info',
  message: 'Response',
  timestamp: '2026-02-23 14:28:06'
}
{
  service: 'attendance-system',
  method: 'GET',
  url: '/api/announcements?_t=1771837086074',
  ip: '127.0.0.1',
  userAgent: 'Mozilla/5.0 (Windows NT 10.0; Win64; x64) AppleWebKit/537.36 (KHTML, like Gecko) Chrome/145.0.0.0 Safari/537.36 Edg/145.0.0.0',
  timestamp: '2026-02-23 14:28:06',
  level: 'info',
  message: 'Request'
}
{
  service: 'attendance-system',
  method: 'GET',
  url: '/api/announcements?_t=1771837086135',
  ip: '127.0.0.1',
  userAgent: 'Mozilla/5.0 (Windows NT 10.0; Win64; x64) AppleWebKit/537.36 (KHTML, like Gecko) Chrome/145.0.0.0 Safari/537.36 Edg/145.0.0.0',
  timestamp: '2026-02-23 14:28:06',
  level: 'info',
  message: 'Request'
}
{
  service: 'attendance-system',
  method: 'GET',
  url: '/?page=1&limit=10&status=active&_t=1771837086041',
  statusCode: 200,
  duration: '102ms',
  contentLength: '10220',
  level: 'info',
  message: 'Response',
  timestamp: '2026-02-23 14:28:06'
}
{
  service: 'attendance-system',
  method: 'GET',
  url: '/api/admin/shifts?_t=1771837086041',
  ip: '127.0.0.1',
  userAgent: 'Mozilla/5.0 (Windows NT 10.0; Win64; x64) AppleWebKit/537.36 (KHTML, like Gecko) Chrome/145.0.0.0 Safari/537.36 Edg/145.0.0.0',
  timestamp: '2026-02-23 14:28:06',
  level: 'info',
  message: 'Request'
}
{
  service: 'attendance-system',
  method: 'GET',
  url: '/?_t=1771837086074',
  statusCode: 200,
  duration: '24ms',
  contentLength: '2',
  level: 'info',
  message: 'Response',
  timestamp: '2026-02-23 14:28:06'
}
{
  service: 'attendance-system',
  method: 'GET',
  url: '/?_t=1771837086135',
  statusCode: 200,
  duration: '21ms',
  contentLength: '2',
  level: 'info',
  message: 'Response',
  timestamp: '2026-02-23 14:28:06'
}
{
  service: 'attendance-system',
  method: 'GET',
  url: '/api/announcements?_t=1771837086173',
  ip: '127.0.0.1',
  userAgent: 'Mozilla/5.0 (Windows NT 10.0; Win64; x64) AppleWebKit/537.36 (KHTML, like Gecko) Chrome/145.0.0.0 Safari/537.36 Edg/145.0.0.0',
  timestamp: '2026-02-23 14:28:06',
  level: 'info',
  message: 'Request'
}
{
  service: 'attendance-system',
  method: 'GET',
  url: '/api/admin/employees?page=1&limit=10&status=active&_t=1771837086041',
  ip: '127.0.0.1',
  userAgent: 'Mozilla/5.0 (Windows NT 10.0; Win64; x64) AppleWebKit/537.36 (KHTML, like Gecko) Chrome/145.0.0.0 Safari/537.36 Edg/145.0.0.0',
  timestamp: '2026-02-23 14:28:06',
  level: 'info',
  message: 'Request'
}
{
  service: 'attendance-system',
  method: 'GET',
  url: '/?_t=1771837086173',
  statusCode: 200,
  duration: '18ms',
  contentLength: '2',
  level: 'info',
  message: 'Response',
  timestamp: '2026-02-23 14:28:06'
}
{
  service: 'attendance-system',
  method: 'GET',
  url: '/?_t=1771837086041',
  statusCode: 304,
  duration: '30ms',
  contentLength: 0,
  level: 'info',
  message: 'Response',
  timestamp: '2026-02-23 14:28:06'
}
{
  service: 'attendance-system',
  method: 'GET',
  url: '/?page=1&limit=10&status=active&_t=1771837086041',
  statusCode: 304,
  duration: '40ms',
  contentLength: 0,
  level: 'info',
  message: 'Response',
  timestamp: '2026-02-23 14:28:06'
}
{
  service: 'attendance-system',
  method: 'GET',
  url: '/api/analytics/attendance?startDate=2026-02-01&endDate=2026-02-23&page=1&limit=50&_t=1771837088529',
  ip: '127.0.0.1',
  userAgent: 'Mozilla/5.0 (Windows NT 10.0; Win64; x64) AppleWebKit/537.36 (KHTML, like Gecko) Chrome/145.0.0.0 Safari/537.36 Edg/145.0.0.0',
  timestamp: '2026-02-23 14:28:08',
  level: 'info',
  message: 'Request'
}
{
  service: 'attendance-system',
  method: 'GET',
  url: '/attendance?startDate=2026-02-01&endDate=2026-02-23&page=1&limit=50&_t=1771837088529',
  statusCode: 200,
  duration: '1808ms',
  contentLength: '12634',
  level: 'info',
  message: 'Response',
  timestamp: '2026-02-23 14:28:10'
}
{
  service: 'attendance-system',
  method: 'GET',
  url: '/api/analytics/attendance?startDate=2026-02-01&endDate=2026-02-23&search=Ac&page=1&limit=50&_t=1771837092398',
  ip: '127.0.0.1',
  userAgent: 'Mozilla/5.0 (Windows NT 10.0; Win64; x64) AppleWebKit/537.36 (KHTML, like Gecko) Chrome/145.0.0.0 Safari/537.36 Edg/145.0.0.0',
  timestamp: '2026-02-23 14:28:12',
  level: 'info',
  message: 'Request'
}
{
  service: 'attendance-system',
  method: 'GET',
  url: '/attendance?startDate=2026-02-01&endDate=2026-02-23&search=Ac&page=1&limit=50&_t=1771837092398',
  statusCode: 200,
  duration: '5ms',
  contentLength: '12633',
  level: 'info',
  message: 'Response',
  timestamp: '2026-02-23 14:28:12'
}
{
  service: 'attendance-system',
  method: 'GET',
  url: '/api/analytics/attendance?startDate=2026-02-01&endDate=2026-02-23&search=Accha&page=1&limit=50&_t=1771837094990',
  ip: '127.0.0.1',
  userAgent: 'Mozilla/5.0 (Windows NT 10.0; Win64; x64) AppleWebKit/537.36 (KHTML, like Gecko) Chrome/145.0.0.0 Safari/537.36 Edg/145.0.0.0',
  timestamp: '2026-02-23 14:28:14',
  level: 'info',
  message: 'Request'
}
{
  service: 'attendance-system',
  method: 'GET',
  url: '/attendance?startDate=2026-02-01&endDate=2026-02-23&search=Accha&page=1&limit=50&_t=1771837094990',
  statusCode: 200,
  duration: '5ms',
  contentLength: '12633',
  level: 'info',
  message: 'Response',
  timestamp: '2026-02-23 14:28:14'
}
{
  service: 'attendance-system',
  method: 'GET',
  url: '/api/announcements?_t=1771837096335',
  ip: '127.0.0.1',
  userAgent: 'Mozilla/5.0 (Windows NT 10.0; Win64; x64) AppleWebKit/537.36 (KHTML, like Gecko) Chrome/145.0.0.0 Safari/537.36',
  timestamp: '2026-02-23 14:28:16',
  level: 'info',
  message: 'Request'
}
{
  service: 'attendance-system',
  method: 'GET',
  url: '/?_t=1771837096335',
  statusCode: 200,
  duration: '13ms',
  contentLength: '2',
  level: 'info',
  message: 'Response',
  timestamp: '2026-02-23 14:28:16'
}
{
  service: 'attendance-system',
  method: 'GET',
  url: '/api/analytics/attendance?startDate=2026-02-01&endDate=2026-02-23&search=a&page=1&limit=50&_t=1771837098111',
  ip: '127.0.0.1',
  userAgent: 'Mozilla/5.0 (Windows NT 10.0; Win64; x64) AppleWebKit/537.36 (KHTML, like Gecko) Chrome/145.0.0.0 Safari/537.36 Edg/145.0.0.0',
  timestamp: '2026-02-23 14:28:18',
  level: 'info',
  message: 'Request'
}
{
  service: 'attendance-system',
  method: 'GET',
  url: '/attendance?startDate=2026-02-01&endDate=2026-02-23&search=a&page=1&limit=50&_t=1771837098111',
  statusCode: 200,
  duration: '10ms',
  contentLength: '12633',
  level: 'info',
  message: 'Response',
  timestamp: '2026-02-23 14:28:18'
}
{
  service: 'attendance-system',
  method: 'GET',
  url: '/api/analytics/attendance?startDate=2026-02-01&endDate=2026-02-23&search=acc&page=1&limit=50&_t=1771837099238',
  ip: '127.0.0.1',
  userAgent: 'Mozilla/5.0 (Windows NT 10.0; Win64; x64) AppleWebKit/537.36 (KHTML, like Gecko) Chrome/145.0.0.0 Safari/537.36 Edg/145.0.0.0',
  timestamp: '2026-02-23 14:28:19',
  level: 'info',
  message: 'Request'
}
{
  service: 'attendance-system',
  method: 'GET',
  url: '/attendance?startDate=2026-02-01&endDate=2026-02-23&search=acc&page=1&limit=50&_t=1771837099238',
  statusCode: 200,
  duration: '4ms',
  contentLength: '12633',
  level: 'info',
  message: 'Response',
  timestamp: '2026-02-23 14:28:19'
}
{
  service: 'attendance-system',
  method: 'GET',
  url: '/api/analytics/attendance?startDate=2026-02-01&endDate=2026-02-23&search=RJ&page=1&limit=50&_t=1771837102191',
  ip: '127.0.0.1',
  userAgent: 'Mozilla/5.0 (Windows NT 10.0; Win64; x64) AppleWebKit/537.36 (KHTML, like Gecko) Chrome/145.0.0.0 Safari/537.36 Edg/145.0.0.0',
  timestamp: '2026-02-23 14:28:22',
  level: 'info',
  message: 'Request'
}
{
  service: 'attendance-system',
  method: 'GET',
  url: '/attendance?startDate=2026-02-01&endDate=2026-02-23&search=RJ&page=1&limit=50&_t=1771837102191',
  statusCode: 200,
  duration: '6ms',
  contentLength: '12633',
  level: 'info',
  message: 'Response',
  timestamp: '2026-02-23 14:28:22'
}
{
  service: 'attendance-system',
  method: 'GET',
  url: '/api/announcements?_t=1771837116145',
  ip: '127.0.0.1',
  userAgent: 'Mozilla/5.0 (Linux; Android 6.0; Nexus 5 Build/MRA58N) AppleWebKit/537.36 (KHTML, like Gecko) Chrome/145.0.0.0 Mobile Safari/537.36 Edg/145.0.0.0',
  timestamp: '2026-02-23 14:28:36',
  level: 'info',
  message: 'Request'
}
{
  service: 'attendance-system',
  method: 'GET',
  url: '/?_t=1771837116145',
  statusCode: 200,
  duration: '14ms',
  contentLength: '2',
  level: 'info',
  message: 'Response',
  timestamp: '2026-02-23 14:28:36'
}
{
  service: 'attendance-system',
  method: 'GET',
  url: '/api/announcements?_t=1771837126337',
  ip: '127.0.0.1',
  userAgent: 'Mozilla/5.0 (Windows NT 10.0; Win64; x64) AppleWebKit/537.36 (KHTML, like Gecko) Chrome/145.0.0.0 Safari/537.36',
  timestamp: '2026-02-23 14:28:46',
  level: 'info',
  message: 'Request'
}
{
  service: 'attendance-system',
  method: 'GET',
  url: '/?_t=1771837126337',
  statusCode: 200,
  duration: '13ms',
  contentLength: '2',
  level: 'info',
  message: 'Response',
  timestamp: '2026-02-23 14:28:46'
}
{
  service: 'attendance-system',
  method: 'GET',
  url: '/api/announcements?_t=1771837146136',
  ip: '127.0.0.1',
  userAgent: 'Mozilla/5.0 (Linux; Android 6.0; Nexus 5 Build/MRA58N) AppleWebKit/537.36 (KHTML, like Gecko) Chrome/145.0.0.0 Mobile Safari/537.36 Edg/145.0.0.0',
  timestamp: '2026-02-23 14:29:06',
  level: 'info',
  message: 'Request'
}
{
  service: 'attendance-system',
  method: 'GET',
  url: '/?_t=1771837146136',
  statusCode: 200,
  duration: '16ms',
  contentLength: '2',
  level: 'info',
  message: 'Response',
  timestamp: '2026-02-23 14:29:06'
}
{
  service: 'attendance-system',
  method: 'GET',
  url: '/api/admin/dashboard-summary?includePendingLeaves=true',
  ip: '127.0.0.1',
  userAgent: 'Mozilla/5.0 (Linux; Android 6.0; Nexus 5 Build/MRA58N) AppleWebKit/537.36 (KHTML, like Gecko) Chrome/145.0.0.0 Mobile Safari/537.36 Edg/145.0.0.0',
  timestamp: '2026-02-23 14:29:34',
  level: 'info',
  message: 'Request'
}
{
  service: 'attendance-system',
  method: 'GET',
  url: '/dashboard-summary?includePendingLeaves=true',
  statusCode: 304,
  duration: '231ms',
  contentLength: 0,
  level: 'info',
  message: 'Response',
  timestamp: '2026-02-23 14:29:34'
}
{
  service: 'attendance-system',
  method: 'GET',
  url: '/api/admin/dashboard-summary?includePendingLeaves=true',
  ip: '127.0.0.1',
  userAgent: 'Mozilla/5.0 (Linux; Android 6.0; Nexus 5 Build/MRA58N) AppleWebKit/537.36 (KHTML, like Gecko) Chrome/145.0.0.0 Mobile Safari/537.36 Edg/145.0.0.0',
  timestamp: '2026-02-23 14:29:34',
  level: 'info',
  message: 'Request'
}
{
  service: 'attendance-system',
  method: 'GET',
  url: '/dashboard-summary?includePendingLeaves=true',
  statusCode: 304,
  duration: '32ms',
  contentLength: 0,
  level: 'info',
  message: 'Response',
  timestamp: '2026-02-23 14:29:34'
}
{
  service: 'attendance-system',
  method: 'GET',
  url: '/api/announcements?_t=1771837176146',
  ip: '127.0.0.1',
  userAgent: 'Mozilla/5.0 (Linux; Android 6.0; Nexus 5 Build/MRA58N) AppleWebKit/537.36 (KHTML, like Gecko) Chrome/145.0.0.0 Mobile Safari/537.36 Edg/145.0.0.0',
  timestamp: '2026-02-23 14:29:36',
  level: 'info',
  message: 'Request'
}
{
  service: 'attendance-system',
  method: 'GET',
  url: '/?_t=1771837176146',
  statusCode: 200,
  duration: '13ms',
  contentLength: '2',
  level: 'info',
  message: 'Response',
  timestamp: '2026-02-23 14:29:36'
}
{
  service: 'attendance-system',
  method: 'GET',
  url: '/api/announcements?_t=1771837196355',
  ip: '127.0.0.1',
  userAgent: 'Mozilla/5.0 (Windows NT 10.0; Win64; x64) AppleWebKit/537.36 (KHTML, like Gecko) Chrome/145.0.0.0 Safari/537.36',
  timestamp: '2026-02-23 14:29:56',
  level: 'info',
  message: 'Request'
}
{
  service: 'attendance-system',
  method: 'GET',
  url: '/?_t=1771837196355',
  statusCode: 200,
  duration: '14ms',
  contentLength: '2',
  level: 'info',
  message: 'Response',
  timestamp: '2026-02-23 14:29:56'
}
{
  service: 'attendance-system',
  method: 'GET',
  url: '/api/announcements?_t=1771837206138',
  ip: '127.0.0.1',
  userAgent: 'Mozilla/5.0 (Windows NT 10.0; Win64; x64) AppleWebKit/537.36 (KHTML, like Gecko) Chrome/145.0.0.0 Safari/537.36 Edg/145.0.0.0',
  timestamp: '2026-02-23 14:30:06',
  level: 'info',
  message: 'Request'
}
{
  service: 'attendance-system',
  method: 'GET',
  url: '/?_t=1771837206138',
  statusCode: 200,
  duration: '17ms',
  contentLength: '2',
  level: 'info',
  message: 'Response',
  timestamp: '2026-02-23 14:30:06'
}
{
  service: 'attendance-system',
  method: 'GET',
  url: '/api/admin/employees?all=true&slim=true&_t=1771837227202',
  ip: '127.0.0.1',
  userAgent: 'Mozilla/5.0 (Windows NT 10.0; Win64; x64) AppleWebKit/537.36 (KHTML, like Gecko) Chrome/145.0.0.0 Safari/537.36 Edg/145.0.0.0',
  timestamp: '2026-02-23 14:30:27',
  level: 'info',
  message: 'Request'
}
{
  service: 'attendance-system',
  method: 'GET',
  url: '/?all=true&slim=true&_t=1771837227202',
  statusCode: 200,
  duration: '44ms',
  contentLength: '10512',
  level: 'info',
  message: 'Response',
  timestamp: '2026-02-23 14:30:27'
}
{
  service: 'attendance-system',
  method: 'GET',
  url: '/api/admin/employees?all=true&slim=true&_t=1771837227202',
  ip: '127.0.0.1',
  userAgent: 'Mozilla/5.0 (Windows NT 10.0; Win64; x64) AppleWebKit/537.36 (KHTML, like Gecko) Chrome/145.0.0.0 Safari/537.36 Edg/145.0.0.0',
  timestamp: '2026-02-23 14:30:27',
  level: 'info',
  message: 'Request'
}
{
  service: 'attendance-system',
  method: 'GET',
  url: '/?all=true&slim=true&_t=1771837227202',
  statusCode: 304,
  duration: '36ms',
  contentLength: 0,
  level: 'info',
  message: 'Response',
  timestamp: '2026-02-23 14:30:27'
}
{
  service: 'attendance-system',
  method: 'GET',
  url: '/api/admin/shifts?_t=1771837228761',
  ip: '127.0.0.1',
  userAgent: 'Mozilla/5.0 (Windows NT 10.0; Win64; x64) AppleWebKit/537.36 (KHTML, like Gecko) Chrome/145.0.0.0 Safari/537.36 Edg/145.0.0.0',
  timestamp: '2026-02-23 14:30:28',
  level: 'info',
  message: 'Request'
}
{
  service: 'attendance-system',
  method: 'GET',
  url: '/api/admin/employees?page=1&limit=10&status=active&_t=1771837228761',
  ip: '127.0.0.1',
  userAgent: 'Mozilla/5.0 (Windows NT 10.0; Win64; x64) AppleWebKit/537.36 (KHTML, like Gecko) Chrome/145.0.0.0 Safari/537.36 Edg/145.0.0.0',
  timestamp: '2026-02-23 14:30:28',
  level: 'info',
  message: 'Request'
}
{
  service: 'attendance-system',
  method: 'GET',
  url: '/?_t=1771837228761',
  statusCode: 200,
  duration: '174ms',
  contentLength: '802',
  level: 'info',
  message: 'Response',
  timestamp: '2026-02-23 14:30:28'
}
{
  service: 'attendance-system',
  method: 'GET',
  url: '/api/admin/shifts?_t=1771837228761',
  ip: '127.0.0.1',
  userAgent: 'Mozilla/5.0 (Windows NT 10.0; Win64; x64) AppleWebKit/537.36 (KHTML, like Gecko) Chrome/145.0.0.0 Safari/537.36 Edg/145.0.0.0',
  timestamp: '2026-02-23 14:30:28',
  level: 'info',
  message: 'Request'
}
{
  service: 'attendance-system',
  method: 'GET',
  url: '/?page=1&limit=10&status=active&_t=1771837228761',
  statusCode: 200,
  duration: '208ms',
  contentLength: '10220',
  level: 'info',
  message: 'Response',
  timestamp: '2026-02-23 14:30:28'
}
{
  service: 'attendance-system',
  method: 'GET',
  url: '/api/admin/employees?page=1&limit=10&status=active&_t=1771837228761',
  ip: '127.0.0.1',
  userAgent: 'Mozilla/5.0 (Windows NT 10.0; Win64; x64) AppleWebKit/537.36 (KHTML, like Gecko) Chrome/145.0.0.0 Safari/537.36 Edg/145.0.0.0',
  timestamp: '2026-02-23 14:30:28',
  level: 'info',
  message: 'Request'
}
{
  service: 'attendance-system',
  method: 'GET',
  url: '/?_t=1771837228761',
  statusCode: 304,
  duration: '45ms',
  contentLength: 0,
  level: 'info',
  message: 'Response',
  timestamp: '2026-02-23 14:30:29'
}
{
  service: 'attendance-system',
  method: 'GET',
  url: '/?page=1&limit=10&status=active&_t=1771837228761',
  statusCode: 304,
  duration: '51ms',
  contentLength: 0,
  level: 'info',
  message: 'Response',
  timestamp: '2026-02-23 14:30:29'
}
{
  service: 'attendance-system',
  method: 'GET',
  url: '/api/announcements?_t=1771837236138',
  ip: '127.0.0.1',
  userAgent: 'Mozilla/5.0 (Windows NT 10.0; Win64; x64) AppleWebKit/537.36 (KHTML, like Gecko) Chrome/145.0.0.0 Safari/537.36 Edg/145.0.0.0',
  timestamp: '2026-02-23 14:30:36',
  level: 'info',
  message: 'Request'
}
{
  service: 'attendance-system',
  method: 'GET',
  url: '/?_t=1771837236138',
  statusCode: 200,
  duration: '56ms',
  contentLength: '2',
  level: 'info',
  message: 'Response',
  timestamp: '2026-02-23 14:30:36'
}
{
  service: 'attendance-system',
  method: 'GET',
  url: '/api/attendance/dashboard/employee?date=2026-02-23',
  ip: '127.0.0.1',
  userAgent: 'Mozilla/5.0 (Windows NT 10.0; Win64; x64) AppleWebKit/537.36 (KHTML, like Gecko) Chrome/145.0.0.0 Safari/537.36',
  timestamp: '2026-02-23 14:30:48',
  level: 'info',
  message: 'Request'
}
{
  service: 'attendance-system',
  method: 'GET',
  url: '/api/announcements?_t=1771837248344',
  ip: '127.0.0.1',
  userAgent: 'Mozilla/5.0 (Windows NT 10.0; Win64; x64) AppleWebKit/537.36 (KHTML, like Gecko) Chrome/145.0.0.0 Safari/537.36',
  timestamp: '2026-02-23 14:30:48',
  level: 'info',
  message: 'Request'
}
{
  service: 'attendance-system',
  method: 'GET',
  url: '/?_t=1771837248344',
  statusCode: 200,
  duration: '23ms',
  contentLength: '2',
  level: 'info',
  message: 'Response',
  timestamp: '2026-02-23 14:30:48'
}
{
  service: 'attendance-system',
  method: 'GET',
  url: '/dashboard/employee?date=2026-02-23',
  statusCode: 200,
  duration: '118ms',
  contentLength: '2624',
  level: 'info',
  message: 'Response',
  timestamp: '2026-02-23 14:30:48'
}
{
  service: 'attendance-system',
  method: 'GET',
  url: '/api/announcements?_t=1771837266328',
  ip: '127.0.0.1',
  userAgent: 'Mozilla/5.0 (Windows NT 10.0; Win64; x64) AppleWebKit/537.36 (KHTML, like Gecko) Chrome/145.0.0.0 Safari/537.36 Edg/145.0.0.0',
  timestamp: '2026-02-23 14:31:06',
  level: 'info',
  message: 'Request'
}
{
  service: 'attendance-system',
  method: 'GET',
  url: '/?_t=1771837266328',
  statusCode: 200,
  duration: '15ms',
  contentLength: '2',
  level: 'info',
  message: 'Response',
  timestamp: '2026-02-23 14:31:06'
}
{
  service: 'attendance-system',
  method: 'GET',
  url: '/api/announcements?_t=1771837276340',
  ip: '127.0.0.1',
  userAgent: 'Mozilla/5.0 (Windows NT 10.0; Win64; x64) AppleWebKit/537.36 (KHTML, like Gecko) Chrome/145.0.0.0 Safari/537.36',
  timestamp: '2026-02-23 14:31:16',
  level: 'info',
  message: 'Request'
}
{
  service: 'attendance-system',
  method: 'GET',
  url: '/?_t=1771837276340',
  statusCode: 200,
  duration: '10ms',
  contentLength: '2',
  level: 'info',
  message: 'Response',
  timestamp: '2026-02-23 14:31:16'
}
{
  service: 'attendance-system',
  method: 'GET',
  url: '/api/announcements?_t=1771837296337',
  ip: '127.0.0.1',
  userAgent: 'Mozilla/5.0 (Windows NT 10.0; Win64; x64) AppleWebKit/537.36 (KHTML, like Gecko) Chrome/145.0.0.0 Safari/537.36 Edg/145.0.0.0',
  timestamp: '2026-02-23 14:31:36',
  level: 'info',
  message: 'Request'
}
{
  service: 'attendance-system',
  method: 'GET',
  url: '/?_t=1771837296337',
  statusCode: 200,
  duration: '13ms',
  contentLength: '2',
  level: 'info',
  message: 'Response',
  timestamp: '2026-02-23 14:31:36'
}
{
  service: 'attendance-system',
  method: 'GET',
  url: '/api/announcements?_t=1771837306325',
  ip: '127.0.0.1',
  userAgent: 'Mozilla/5.0 (Windows NT 10.0; Win64; x64) AppleWebKit/537.36 (KHTML, like Gecko) Chrome/145.0.0.0 Safari/537.36',
  timestamp: '2026-02-23 14:31:46',
  level: 'info',
  message: 'Request'
}
{
  service: 'attendance-system',
  method: 'GET',
  url: '/?_t=1771837306325',
  statusCode: 200,
  duration: '11ms',
  contentLength: '2',
  level: 'info',
  message: 'Response',
  timestamp: '2026-02-23 14:31:46'
}
{
  service: 'attendance-system',
  method: 'GET',
  url: '/api/announcements?_t=1771837323368',
  ip: '127.0.0.1',
  userAgent: 'Mozilla/5.0 (Windows NT 10.0; Win64; x64) AppleWebKit/537.36 (KHTML, like Gecko) Chrome/145.0.0.0 Safari/537.36',
  timestamp: '2026-02-23 14:32:03',
  level: 'info',
  message: 'Request'
}
{
  service: 'attendance-system',
  method: 'GET',
  url: '/?_t=1771837323368',
  statusCode: 200,
  duration: '16ms',
  contentLength: '2',
  level: 'info',
  message: 'Response',
  timestamp: '2026-02-23 14:32:03'
}
{
  service: 'attendance-system',
  method: 'GET',
  url: '/api/admin/dashboard-summary?includePendingLeaves=true',
  ip: '127.0.0.1',
  userAgent: 'Mozilla/5.0 (Windows NT 10.0; Win64; x64) AppleWebKit/537.36 (KHTML, like Gecko) Chrome/145.0.0.0 Safari/537.36 Edg/145.0.0.0',
  timestamp: '2026-02-23 14:32:03',
  level: 'info',
  message: 'Request'
}
{
  service: 'attendance-system',
  method: 'GET',
  url: '/api/announcements?_t=1771837323729',
  ip: '127.0.0.1',
  userAgent: 'Mozilla/5.0 (Windows NT 10.0; Win64; x64) AppleWebKit/537.36 (KHTML, like Gecko) Chrome/145.0.0.0 Safari/537.36 Edg/145.0.0.0',
  timestamp: '2026-02-23 14:32:03',
  level: 'info',
  message: 'Request'
}
{
  service: 'attendance-system',
  method: 'GET',
  url: '/?_t=1771837323729',
  statusCode: 200,
  duration: '20ms',
  contentLength: '2',
  level: 'info',
  message: 'Response',
  timestamp: '2026-02-23 14:32:03'
}
{
  service: 'attendance-system',
  method: 'GET',
  url: '/dashboard-summary?includePendingLeaves=true',
  statusCode: 304,
  duration: '295ms',
  contentLength: 0,
  level: 'info',
  message: 'Response',
  timestamp: '2026-02-23 14:32:03'
}
{
  service: 'attendance-system',
  method: 'GET',
  url: '/api/admin/leave-years/active?_t=1771837325342',
  ip: '127.0.0.1',
  userAgent: 'Mozilla/5.0 (Windows NT 10.0; Win64; x64) AppleWebKit/537.36 (KHTML, like Gecko) Chrome/145.0.0.0 Safari/537.36 Edg/145.0.0.0',
  timestamp: '2026-02-23 14:32:05',
  level: 'info',
  message: 'Request'
}
{
  service: 'attendance-system',
  method: 'GET',
  url: '/api/auth/me?_t=1771837325342',
  ip: '127.0.0.1',
  userAgent: 'Mozilla/5.0 (Windows NT 10.0; Win64; x64) AppleWebKit/537.36 (KHTML, like Gecko) Chrome/145.0.0.0 Safari/537.36 Edg/145.0.0.0',
  timestamp: '2026-02-23 14:32:05',
  level: 'info',
  message: 'Request'
}
{
  service: 'attendance-system',
  method: 'GET',
  url: '/api/admin/leave-years/active?_t=1771837325342',
  ip: '127.0.0.1',
  userAgent: 'Mozilla/5.0 (Windows NT 10.0; Win64; x64) AppleWebKit/537.36 (KHTML, like Gecko) Chrome/145.0.0.0 Safari/537.36 Edg/145.0.0.0',
  timestamp: '2026-02-23 14:32:05',
  level: 'info',
  message: 'Request'
}
{
  service: 'attendance-system',
  method: 'GET',
  url: '/active?_t=1771837325342',
  statusCode: 200,
  duration: '27ms',
  contentLength: '194',
  level: 'info',
  message: 'Response',
  timestamp: '2026-02-23 14:32:05'
}
{
  service: 'attendance-system',
  method: 'GET',
  url: '/active?_t=1771837325342',
  statusCode: 200,
  duration: '13ms',
  contentLength: '194',
  level: 'info',
  message: 'Response',
  timestamp: '2026-02-23 14:32:05'
}
{
  service: 'attendance-system',
  method: 'GET',
  url: '/me?_t=1771837325342',
  statusCode: 200,
  duration: '29ms',
  contentLength: '1282',
  level: 'info',
  message: 'Response',
  timestamp: '2026-02-23 14:32:05'
}
{
  service: 'attendance-system',
  method: 'GET',
  url: '/api/announcements/last-read?_t=1771837325432',
  ip: '127.0.0.1',
  userAgent: 'Mozilla/5.0 (Windows NT 10.0; Win64; x64) AppleWebKit/537.36 (KHTML, like Gecko) Chrome/145.0.0.0 Safari/537.36 Edg/145.0.0.0',
  timestamp: '2026-02-23 14:32:05',
  level: 'info',
  message: 'Request'
}
{
  service: 'attendance-system',
  method: 'GET',
  url: '/api/attendance/current-status?_t=1771837325432',
  ip: '127.0.0.1',
  userAgent: 'Mozilla/5.0 (Windows NT 10.0; Win64; x64) AppleWebKit/537.36 (KHTML, like Gecko) Chrome/145.0.0.0 Safari/537.36 Edg/145.0.0.0',
  timestamp: '2026-02-23 14:32:05',
  level: 'info',
  message: 'Request'
}
{
  service: 'attendance-system',
  method: 'GET',
  url: '/api/new-notifications?_t=1771837325432',
  ip: '127.0.0.1',
  userAgent: 'Mozilla/5.0 (Windows NT 10.0; Win64; x64) AppleWebKit/537.36 (KHTML, like Gecko) Chrome/145.0.0.0 Safari/537.36 Edg/145.0.0.0',
  timestamp: '2026-02-23 14:32:05',
  level: 'info',
  message: 'Request'
}
{
  service: 'attendance-system',
  method: 'GET',
  url: '/api/announcements/last-read?_t=1771837325436',
  ip: '127.0.0.1',
  userAgent: 'Mozilla/5.0 (Windows NT 10.0; Win64; x64) AppleWebKit/537.36 (KHTML, like Gecko) Chrome/145.0.0.0 Safari/537.36 Edg/145.0.0.0',
  timestamp: '2026-02-23 14:32:05',
  level: 'info',
  message: 'Request'
}
{
  service: 'attendance-system',
  method: 'GET',
  url: '/last-read?_t=1771837325432',
  statusCode: 200,
  duration: '30ms',
  contentLength: '43',
  level: 'info',
  message: 'Response',
  timestamp: '2026-02-23 14:32:05'
}
{
  service: 'attendance-system',
  method: 'GET',
  url: '/last-read?_t=1771837325436',
  statusCode: 200,
  duration: '16ms',
  contentLength: '43',
  level: 'info',
  message: 'Response',
  timestamp: '2026-02-23 14:32:05'
}
{
  service: 'attendance-system',
  method: 'GET',
  url: '/api/announcements/last-read?_t=1771837325432',
  ip: '127.0.0.1',
  userAgent: 'Mozilla/5.0 (Windows NT 10.0; Win64; x64) AppleWebKit/537.36 (KHTML, like Gecko) Chrome/145.0.0.0 Safari/537.36 Edg/145.0.0.0',
  timestamp: '2026-02-23 14:32:05',
  level: 'info',
  message: 'Request'
}
{
  service: 'attendance-system',
  method: 'GET',
  url: '/api/admin/dashboard-summary?includePendingLeaves=true',
  ip: '127.0.0.1',
  userAgent: 'Mozilla/5.0 (Windows NT 10.0; Win64; x64) AppleWebKit/537.36 (KHTML, like Gecko) Chrome/145.0.0.0 Safari/537.36 Edg/145.0.0.0',
  timestamp: '2026-02-23 14:32:05',
  level: 'info',
  message: 'Request'
}
{
  service: 'attendance-system',
  method: 'GET',
  url: '/current-status?_t=1771837325432',
  statusCode: 200,
  duration: '45ms',
  contentLength: '102',
  level: 'info',
  message: 'Response',
  timestamp: '2026-02-23 14:32:05'
}
{
  service: 'attendance-system',
  method: 'GET',
  url: '/?_t=1771837325432',
  statusCode: 200,
  duration: '42ms',
  contentLength: '26639',
  level: 'info',
  message: 'Response',
  timestamp: '2026-02-23 14:32:05'
}
{
  service: 'attendance-system',
  method: 'GET',
  url: '/last-read?_t=1771837325432',
  statusCode: 304,
  duration: '23ms',
  contentLength: 0,
  level: 'info',
  message: 'Response',
  timestamp: '2026-02-23 14:32:05'
}
{
  service: 'attendance-system',
  method: 'GET',
  url: '/api/announcements?_t=1771837325481',
  ip: '127.0.0.1',
  userAgent: 'Mozilla/5.0 (Windows NT 10.0; Win64; x64) AppleWebKit/537.36 (KHTML, like Gecko) Chrome/145.0.0.0 Safari/537.36 Edg/145.0.0.0',
  timestamp: '2026-02-23 14:32:05',
  level: 'info',
  message: 'Request'
}
{
  service: 'attendance-system',
  method: 'GET',
  url: '/api/announcements?_t=1771837325483',
  ip: '127.0.0.1',
  userAgent: 'Mozilla/5.0 (Windows NT 10.0; Win64; x64) AppleWebKit/537.36 (KHTML, like Gecko) Chrome/145.0.0.0 Safari/537.36 Edg/145.0.0.0',
  timestamp: '2026-02-23 14:32:05',
  level: 'info',
  message: 'Request'
}
{
  service: 'attendance-system',
  method: 'GET',
  url: '/dashboard-summary?includePendingLeaves=true',
  statusCode: 304,
  duration: '43ms',
  contentLength: 0,
  level: 'info',
  message: 'Response',
  timestamp: '2026-02-23 14:32:05'
}
{
  service: 'attendance-system',
  method: 'GET',
  url: '/api/announcements?_t=1771837325505',
  ip: '127.0.0.1',
  userAgent: 'Mozilla/5.0 (Windows NT 10.0; Win64; x64) AppleWebKit/537.36 (KHTML, like Gecko) Chrome/145.0.0.0 Safari/537.36 Edg/145.0.0.0',
  timestamp: '2026-02-23 14:32:05',
  level: 'info',
  message: 'Request'
}
{
  service: 'attendance-system',
  method: 'GET',
  url: '/?_t=1771837325481',
  statusCode: 200,
  duration: '25ms',
  contentLength: '2',
  level: 'info',
  message: 'Response',
  timestamp: '2026-02-23 14:32:05'
}
{
  service: 'attendance-system',
  method: 'GET',
  url: '/?_t=1771837325483',
  statusCode: 200,
  duration: '21ms',
  contentLength: '2',
  level: 'info',
  message: 'Response',
  timestamp: '2026-02-23 14:32:05'
}
{
  service: 'attendance-system',
  method: 'GET',
  url: '/api/admin/dashboard-summary?includePendingLeaves=true',
  ip: '127.0.0.1',
  userAgent: 'Mozilla/5.0 (Windows NT 10.0; Win64; x64) AppleWebKit/537.36 (KHTML, like Gecko) Chrome/145.0.0.0 Safari/537.36 Edg/145.0.0.0',
  timestamp: '2026-02-23 14:32:05',
  level: 'info',
  message: 'Request'
}
{
  service: 'attendance-system',
  method: 'GET',
  url: '/api/announcements?_t=1771837325529',
  ip: '127.0.0.1',
  userAgent: 'Mozilla/5.0 (Windows NT 10.0; Win64; x64) AppleWebKit/537.36 (KHTML, like Gecko) Chrome/145.0.0.0 Safari/537.36 Edg/145.0.0.0',
  timestamp: '2026-02-23 14:32:05',
  level: 'info',
  message: 'Request'
}
{
  service: 'attendance-system',
  method: 'GET',
  url: '/?_t=1771837325505',
  statusCode: 200,
  duration: '20ms',
  contentLength: '2',
  level: 'info',
  message: 'Response',
  timestamp: '2026-02-23 14:32:05'
}
{
  service: 'attendance-system',
  method: 'GET',
  url: '/?_t=1771837325529',
  statusCode: 200,
  duration: '278ms',
  contentLength: '2',
  level: 'info',
  message: 'Response',
  timestamp: '2026-02-23 14:32:05'
}
{
  service: 'attendance-system',
  method: 'GET',
  url: '/dashboard-summary?includePendingLeaves=true',
  statusCode: 304,
  duration: '324ms',
  contentLength: 0,
  level: 'info',
  message: 'Response',
  timestamp: '2026-02-23 14:32:05'
}
{
  service: 'attendance-system',
  method: 'GET',
  url: '/api/analytics/attendance?startDate=2026-02-01&endDate=2026-02-23&page=1&limit=50&_t=1771837327607',
  ip: '127.0.0.1',
  userAgent: 'Mozilla/5.0 (Windows NT 10.0; Win64; x64) AppleWebKit/537.36 (KHTML, like Gecko) Chrome/145.0.0.0 Safari/537.36 Edg/145.0.0.0',
  timestamp: '2026-02-23 14:32:07',
  level: 'info',
  message: 'Request'
}
{
  service: 'attendance-system',
  method: 'GET',
  url: '/attendance?startDate=2026-02-01&endDate=2026-02-23&page=1&limit=50&_t=1771837327607',
  statusCode: 200,
  duration: '1656ms',
  contentLength: '12634',
  level: 'info',
  message: 'Response',
  timestamp: '2026-02-23 14:32:09'
}
{
  service: 'attendance-system',
  method: 'GET',
  url: '/api/analytics/attendance?startDate=2026-02-01&endDate=2026-02-23&search=R&page=1&limit=50&_t=1771837333588',
  ip: '127.0.0.1',
  userAgent: 'Mozilla/5.0 (Windows NT 10.0; Win64; x64) AppleWebKit/537.36 (KHTML, like Gecko) Chrome/145.0.0.0 Safari/537.36 Edg/145.0.0.0',
  timestamp: '2026-02-23 14:32:13',
  level: 'info',
  message: 'Request'
}
{
  service: 'attendance-system',
  method: 'GET',
  url: '/attendance?startDate=2026-02-01&endDate=2026-02-23&search=R&page=1&limit=50&_t=1771837333588',
  statusCode: 200,
  duration: '5ms',
  contentLength: '12633',
  level: 'info',
  message: 'Response',
  timestamp: '2026-02-23 14:32:13'
}
{
  service: 'attendance-system',
  method: 'GET',
  url: '/api/analytics/attendance?startDate=2026-02-01&endDate=2026-02-23&search=RJ&page=1&limit=50&_t=1771837336520',
  ip: '127.0.0.1',
  userAgent: 'Mozilla/5.0 (Windows NT 10.0; Win64; x64) AppleWebKit/537.36 (KHTML, like Gecko) Chrome/145.0.0.0 Safari/537.36 Edg/145.0.0.0',
  timestamp: '2026-02-23 14:32:16',
  level: 'info',
  message: 'Request'
}
{
  service: 'attendance-system',
  method: 'GET',
  url: '/attendance?startDate=2026-02-01&endDate=2026-02-23&search=RJ&page=1&limit=50&_t=1771837336520',
  statusCode: 200,
  duration: '6ms',
  contentLength: '12633',
  level: 'info',
  message: 'Response',
  timestamp: '2026-02-23 14:32:16'
}
{
  service: 'attendance-system',
  method: 'GET',
  url: '/api/admin/leave-years/active?_t=1771837350031',
  ip: '127.0.0.1',
  userAgent: 'Mozilla/5.0 (Linux; Android 6.0; Nexus 5 Build/MRA58N) AppleWebKit/537.36 (KHTML, like Gecko) Chrome/145.0.0.0 Mobile Safari/537.36 Edg/145.0.0.0',
  timestamp: '2026-02-23 14:32:30',
  level: 'info',
  message: 'Request'
}
{
  service: 'attendance-system',
  method: 'GET',
  url: '/api/auth/me?_t=1771837350031',
  ip: '127.0.0.1',
  userAgent: 'Mozilla/5.0 (Linux; Android 6.0; Nexus 5 Build/MRA58N) AppleWebKit/537.36 (KHTML, like Gecko) Chrome/145.0.0.0 Mobile Safari/537.36 Edg/145.0.0.0',
  timestamp: '2026-02-23 14:32:30',
  level: 'info',
  message: 'Request'
}
{
  service: 'attendance-system',
  method: 'GET',
  url: '/me?_t=1771837350031',
  statusCode: 200,
  duration: '5ms',
  contentLength: '1282',
  level: 'info',
  message: 'Response',
  timestamp: '2026-02-23 14:32:30'
}
{
  service: 'attendance-system',
  method: 'GET',
  url: '/active?_t=1771837350031',
  statusCode: 200,
  duration: '37ms',
  contentLength: '194',
  level: 'info',
  message: 'Response',
  timestamp: '2026-02-23 14:32:30'
}
{
  service: 'attendance-system',
  method: 'GET',
  url: '/api/admin/leave-years/active?_t=1771837350031',
  ip: '127.0.0.1',
  userAgent: 'Mozilla/5.0 (Linux; Android 6.0; Nexus 5 Build/MRA58N) AppleWebKit/537.36 (KHTML, like Gecko) Chrome/145.0.0.0 Mobile Safari/537.36 Edg/145.0.0.0',
  timestamp: '2026-02-23 14:32:30',
  level: 'info',
  message: 'Request'
}
{
  service: 'attendance-system',
  method: 'GET',
  url: '/active?_t=1771837350031',
  statusCode: 304,
  duration: '16ms',
  contentLength: 0,
  level: 'info',
  message: 'Response',
  timestamp: '2026-02-23 14:32:30'
}
{
  service: 'attendance-system',
  method: 'GET',
  url: '/api/announcements/last-read?_t=1771837350249',
  ip: '127.0.0.1',
  userAgent: 'Mozilla/5.0 (Linux; Android 6.0; Nexus 5 Build/MRA58N) AppleWebKit/537.36 (KHTML, like Gecko) Chrome/145.0.0.0 Mobile Safari/537.36 Edg/145.0.0.0',
  timestamp: '2026-02-23 14:32:30',
  level: 'info',
  message: 'Request'
}
{
  service: 'attendance-system',
  method: 'GET',
  url: '/api/attendance/current-status?_t=1771837350249',
  ip: '127.0.0.1',
  userAgent: 'Mozilla/5.0 (Linux; Android 6.0; Nexus 5 Build/MRA58N) AppleWebKit/537.36 (KHTML, like Gecko) Chrome/145.0.0.0 Mobile Safari/537.36 Edg/145.0.0.0',
  timestamp: '2026-02-23 14:32:30',
  level: 'info',
  message: 'Request'
}
{
  service: 'attendance-system',
  method: 'GET',
  url: '/api/new-notifications?_t=1771837350249',
  ip: '127.0.0.1',
  userAgent: 'Mozilla/5.0 (Linux; Android 6.0; Nexus 5 Build/MRA58N) AppleWebKit/537.36 (KHTML, like Gecko) Chrome/145.0.0.0 Mobile Safari/537.36 Edg/145.0.0.0',
  timestamp: '2026-02-23 14:32:30',
  level: 'info',
  message: 'Request'
}
{
  service: 'attendance-system',
  method: 'GET',
  url: '/last-read?_t=1771837350249',
  statusCode: 200,
  duration: '20ms',
  contentLength: '43',
  level: 'info',
  message: 'Response',
  timestamp: '2026-02-23 14:32:30'
}
{
  service: 'attendance-system',
  method: 'GET',
  url: '/api/announcements/last-read?_t=1771837350249',
  ip: '127.0.0.1',
  userAgent: 'Mozilla/5.0 (Linux; Android 6.0; Nexus 5 Build/MRA58N) AppleWebKit/537.36 (KHTML, like Gecko) Chrome/145.0.0.0 Mobile Safari/537.36 Edg/145.0.0.0',
  timestamp: '2026-02-23 14:32:30',
  level: 'info',
  message: 'Request'
}
{
  service: 'attendance-system',
  method: 'GET',
  url: '/api/announcements/last-read?_t=1771837350295',
  ip: '127.0.0.1',
  userAgent: 'Mozilla/5.0 (Linux; Android 6.0; Nexus 5 Build/MRA58N) AppleWebKit/537.36 (KHTML, like Gecko) Chrome/145.0.0.0 Mobile Safari/537.36 Edg/145.0.0.0',
  timestamp: '2026-02-23 14:32:30',
  level: 'info',
  message: 'Request'
}
{
  service: 'attendance-system',
  method: 'GET',
  url: '/current-status?_t=1771837350249',
  statusCode: 200,
  duration: '32ms',
  contentLength: '102',
  level: 'info',
  message: 'Response',
  timestamp: '2026-02-23 14:32:30'
}
{
  service: 'attendance-system',
  method: 'GET',
  url: '/last-read?_t=1771837350249',
  statusCode: 304,
  duration: '23ms',
  contentLength: 0,
  level: 'info',
  message: 'Response',
  timestamp: '2026-02-23 14:32:30'
}
{
  service: 'attendance-system',
  method: 'GET',
  url: '/last-read?_t=1771837350295',
  statusCode: 200,
  duration: '20ms',
  contentLength: '43',
  level: 'info',
  message: 'Response',
  timestamp: '2026-02-23 14:32:30'
}
{
  service: 'attendance-system',
  method: 'GET',
  url: '/?_t=1771837350249',
  statusCode: 200,
  duration: '63ms',
  contentLength: '26639',
  level: 'info',
  message: 'Response',
  timestamp: '2026-02-23 14:32:30'
}
{
  service: 'attendance-system',
  method: 'GET',
  url: '/api/announcements?_t=1771837350328',
  ip: '127.0.0.1',
  userAgent: 'Mozilla/5.0 (Linux; Android 6.0; Nexus 5 Build/MRA58N) AppleWebKit/537.36 (KHTML, like Gecko) Chrome/145.0.0.0 Mobile Safari/537.36 Edg/145.0.0.0',
  timestamp: '2026-02-23 14:32:30',
  level: 'info',
  message: 'Request'
}
{
  service: 'attendance-system',
  method: 'GET',
  url: '/api/announcements?_t=1771837350337',
  ip: '127.0.0.1',
  userAgent: 'Mozilla/5.0 (Linux; Android 6.0; Nexus 5 Build/MRA58N) AppleWebKit/537.36 (KHTML, like Gecko) Chrome/145.0.0.0 Mobile Safari/537.36 Edg/145.0.0.0',
  timestamp: '2026-02-23 14:32:30',
  level: 'info',
  message: 'Request'
}
{
  service: 'attendance-system',
  method: 'GET',
  url: '/api/announcements?_t=1771837350345',
  ip: '127.0.0.1',
  userAgent: 'Mozilla/5.0 (Linux; Android 6.0; Nexus 5 Build/MRA58N) AppleWebKit/537.36 (KHTML, like Gecko) Chrome/145.0.0.0 Mobile Safari/537.36 Edg/145.0.0.0',
  timestamp: '2026-02-23 14:32:30',
  level: 'info',
  message: 'Request'
}
{
  service: 'attendance-system',
  method: 'GET',
  url: '/?_t=1771837350328',
  statusCode: 200,
  duration: '33ms',
  contentLength: '2',
  level: 'info',
  message: 'Response',
  timestamp: '2026-02-23 14:32:30'
}
{
  service: 'attendance-system',
  method: 'GET',
  url: '/?_t=1771837350337',
  statusCode: 200,
  duration: '27ms',
  contentLength: '2',
  level: 'info',
  message: 'Response',
  timestamp: '2026-02-23 14:32:30'
}
{
  service: 'attendance-system',
  method: 'GET',
  url: '/api/announcements?_t=1771837350373',
  ip: '127.0.0.1',
  userAgent: 'Mozilla/5.0 (Linux; Android 6.0; Nexus 5 Build/MRA58N) AppleWebKit/537.36 (KHTML, like Gecko) Chrome/145.0.0.0 Mobile Safari/537.36 Edg/145.0.0.0',
  timestamp: '2026-02-23 14:32:30',
  level: 'info',
  message: 'Request'
}
{
  service: 'attendance-system',
  method: 'GET',
  url: '/?_t=1771837350345',
  statusCode: 200,
  duration: '25ms',
  contentLength: '2',
  level: 'info',
  message: 'Response',
  timestamp: '2026-02-23 14:32:30'
}
{
  service: 'attendance-system',
  method: 'GET',
  url: '/?_t=1771837350373',
  statusCode: 200,
  duration: '15ms',
  contentLength: '2',
  level: 'info',
  message: 'Response',
  timestamp: '2026-02-23 14:32:30'
}
{
  service: 'attendance-system',
  method: 'GET',
  url: '/api/analytics/attendance?startDate=2026-02-01&endDate=2026-02-23&page=1&limit=50&_t=1771837350827',
  ip: '127.0.0.1',
  userAgent: 'Mozilla/5.0 (Linux; Android 6.0; Nexus 5 Build/MRA58N) AppleWebKit/537.36 (KHTML, like Gecko) Chrome/145.0.0.0 Mobile Safari/537.36 Edg/145.0.0.0',
  timestamp: '2026-02-23 14:32:30',
  level: 'info',
  message: 'Request'
}
{
  service: 'attendance-system',
  method: 'GET',
  url: '/attendance?startDate=2026-02-01&endDate=2026-02-23&page=1&limit=50&_t=1771837350827',
  statusCode: 200,
  duration: '4ms',
  contentLength: '12633',
  level: 'info',
  message: 'Response',
  timestamp: '2026-02-23 14:32:30'
}
{
  service: 'attendance-system',
  method: 'GET',
  url: '/api/analytics/attendance?startDate=2026-02-01&endDate=2026-02-23&search=RJ&page=1&limit=50&_t=1771837359200',
  ip: '127.0.0.1',
  userAgent: 'Mozilla/5.0 (Linux; Android 6.0; Nexus 5 Build/MRA58N) AppleWebKit/537.36 (KHTML, like Gecko) Chrome/145.0.0.0 Mobile Safari/537.36 Edg/145.0.0.0',
  timestamp: '2026-02-23 14:32:39',
  level: 'info',
  message: 'Request'
}
{
  service: 'attendance-system',
  method: 'GET',
  url: '/attendance?startDate=2026-02-01&endDate=2026-02-23&search=RJ&page=1&limit=50&_t=1771837359200',
  statusCode: 200,
  duration: '5ms',
  contentLength: '12633',
  level: 'info',
  message: 'Response',
  timestamp: '2026-02-23 14:32:39'
}
{
  service: 'attendance-system',
  method: 'GET',
  url: '/api/announcements?_t=1771837376354',
  ip: '127.0.0.1',
  userAgent: 'Mozilla/5.0 (Windows NT 10.0; Win64; x64) AppleWebKit/537.36 (KHTML, like Gecko) Chrome/145.0.0.0 Safari/537.36',
  timestamp: '2026-02-23 14:32:56',
  level: 'info',
  message: 'Request'
}
{
  service: 'attendance-system',
  method: 'GET',
  url: '/?_t=1771837376354',
  statusCode: 200,
  duration: '15ms',
  contentLength: '2',
  level: 'info',
  message: 'Response',
  timestamp: '2026-02-23 14:32:56'
}
{
  service: 'attendance-system',
  method: 'GET',
  url: '/api/announcements?_t=1771837380346',
  ip: '127.0.0.1',
  userAgent: 'Mozilla/5.0 (Windows NT 10.0; Win64; x64) AppleWebKit/537.36 (KHTML, like Gecko) Chrome/145.0.0.0 Safari/537.36 Edg/145.0.0.0',
  timestamp: '2026-02-23 14:33:00',
  level: 'info',
  message: 'Request'
}
{
  service: 'attendance-system',
  method: 'GET',
  url: '/?_t=1771837380346',
  statusCode: 200,
  duration: '21ms',
  contentLength: '2',
  level: 'info',
  message: 'Response',
  timestamp: '2026-02-23 14:33:00'
}
{
  service: 'attendance-system',
  method: 'GET',
  url: '/api/analytics/attendance?startDate=2026-02-01&endDate=2026-02-23&search=R&page=1&limit=50&_t=1771837380685',
  ip: '127.0.0.1',
  userAgent: 'Mozilla/5.0 (Windows NT 10.0; Win64; x64) AppleWebKit/537.36 (KHTML, like Gecko) Chrome/145.0.0.0 Safari/537.36 Edg/145.0.0.0',
  timestamp: '2026-02-23 14:33:00',
  level: 'info',
  message: 'Request'
}
{
  service: 'attendance-system',
  method: 'GET',
  url: '/attendance?startDate=2026-02-01&endDate=2026-02-23&search=R&page=1&limit=50&_t=1771837380685',
  statusCode: 200,
  duration: '7ms',
  contentLength: '12633',
  level: 'info',
  message: 'Response',
  timestamp: '2026-02-23 14:33:00'
}
{
  service: 'attendance-system',
  method: 'GET',
  url: '/api/announcements?_t=1771837411341',
  ip: '127.0.0.1',
  userAgent: 'Mozilla/5.0 (Windows NT 10.0; Win64; x64) AppleWebKit/537.36 (KHTML, like Gecko) Chrome/145.0.0.0 Safari/537.36 Edg/145.0.0.0',
  timestamp: '2026-02-23 14:33:31',
  level: 'info',
  message: 'Request'
}
{
  service: 'attendance-system',
  method: 'GET',
  url: '/?_t=1771837411341',
  statusCode: 200,
  duration: '15ms',
  contentLength: '2',
  level: 'info',
  message: 'Response',
  timestamp: '2026-02-23 14:33:31'
}
{
  service: 'attendance-system',
  method: 'GET',
  url: '/api/announcements?_t=1771837436356',
  ip: '127.0.0.1',
  userAgent: 'Mozilla/5.0 (Windows NT 10.0; Win64; x64) AppleWebKit/537.36 (KHTML, like Gecko) Chrome/145.0.0.0 Safari/537.36',
  timestamp: '2026-02-23 14:33:56',
  level: 'info',
  message: 'Request'
}
{
  service: 'attendance-system',
  method: 'GET',
  url: '/?_t=1771837436356',
  statusCode: 200,
  duration: '12ms',
  contentLength: '2',
  level: 'info',
  message: 'Response',
  timestamp: '2026-02-23 14:33:56'
}
{
  service: 'attendance-system',
  method: 'GET',
  url: '/api/announcements?_t=1771837441334',
  ip: '127.0.0.1',
  userAgent: 'Mozilla/5.0 (Windows NT 10.0; Win64; x64) AppleWebKit/537.36 (KHTML, like Gecko) Chrome/145.0.0.0 Safari/537.36 Edg/145.0.0.0',
  timestamp: '2026-02-23 14:34:01',
  level: 'info',
  message: 'Request'
}
{
  service: 'attendance-system',
  method: 'GET',
  url: '/?_t=1771837441334',
  statusCode: 200,
  duration: '13ms',
  contentLength: '2',
  level: 'info',
  message: 'Response',
  timestamp: '2026-02-23 14:34:01'
}
{
  service: 'attendance-system',
  method: 'GET',
  url: '/api/announcements?_t=1771837471337',
  ip: '127.0.0.1',
  userAgent: 'Mozilla/5.0 (Windows NT 10.0; Win64; x64) AppleWebKit/537.36 (KHTML, like Gecko) Chrome/145.0.0.0 Safari/537.36 Edg/145.0.0.0',
  timestamp: '2026-02-23 14:34:31',
  level: 'info',
  message: 'Request'
}
{
  service: 'attendance-system',
  method: 'GET',
  url: '/?_t=1771837471337',
  statusCode: 200,
  duration: '15ms',
  contentLength: '2',
  level: 'info',
  message: 'Response',
  timestamp: '2026-02-23 14:34:31'
}
{
  service: 'attendance-system',
  method: 'GET',
  url: '/api/attendance/dashboard/employee?date=2026-02-23',
  ip: '127.0.0.1',
  userAgent: 'Mozilla/5.0 (Windows NT 10.0; Win64; x64) AppleWebKit/537.36 (KHTML, like Gecko) Chrome/145.0.0.0 Safari/537.36',
  timestamp: '2026-02-23 14:34:41',
  level: 'info',
  message: 'Request'
}
{
  service: 'attendance-system',
  method: 'GET',
  url: '/api/announcements?_t=1771837481200',
  ip: '127.0.0.1',
  userAgent: 'Mozilla/5.0 (Windows NT 10.0; Win64; x64) AppleWebKit/537.36 (KHTML, like Gecko) Chrome/145.0.0.0 Safari/537.36',
  timestamp: '2026-02-23 14:34:41',
  level: 'info',
  message: 'Request'
}
{
  service: 'attendance-system',
  method: 'GET',
  url: '/?_t=1771837481200',
  statusCode: 200,
  duration: '17ms',
  contentLength: '2',
  level: 'info',
  message: 'Response',
  timestamp: '2026-02-23 14:34:41'
}
{
  service: 'attendance-system',
  method: 'GET',
  url: '/dashboard/employee?date=2026-02-23',
  statusCode: 200,
  duration: '88ms',
  contentLength: '2624',
  level: 'info',
  message: 'Response',
  timestamp: '2026-02-23 14:34:41'
}
{
  service: 'attendance-system',
  method: 'GET',
  url: '/api/attendance/summary?startDate=2026-02-22&endDate=2026-02-28&includeHolidays=true&_t=1771837483172',
  ip: '127.0.0.1',
  userAgent: 'Mozilla/5.0 (Windows NT 10.0; Win64; x64) AppleWebKit/537.36 (KHTML, like Gecko) Chrome/145.0.0.0 Safari/537.36',
  timestamp: '2026-02-23 14:34:43',
  level: 'info',
  message: 'Request'
}
{
  service: 'attendance-system',
  method: 'GET',
  url: '/summary?startDate=2026-02-22&endDate=2026-02-28&includeHolidays=true&_t=1771837483172',
  statusCode: 200,
  duration: '40ms',
  contentLength: '6105',
  level: 'info',
  message: 'Response',
  timestamp: '2026-02-23 14:34:43'
}
{
  service: 'attendance-system',
  method: 'GET',
  url: '/api/attendance/summary?startDate=2026-02-22&endDate=2026-02-28&includeHolidays=true&_t=1771837483172',
  ip: '127.0.0.1',
  userAgent: 'Mozilla/5.0 (Windows NT 10.0; Win64; x64) AppleWebKit/537.36 (KHTML, like Gecko) Chrome/145.0.0.0 Safari/537.36',
  timestamp: '2026-02-23 14:34:43',
  level: 'info',
  message: 'Request'
}
{
  service: 'attendance-system',
  method: 'GET',
  url: '/summary?startDate=2026-02-22&endDate=2026-02-28&includeHolidays=true&_t=1771837483172',
  statusCode: 304,
  duration: '42ms',
  contentLength: 0,
  level: 'info',
  message: 'Response',
  timestamp: '2026-02-23 14:34:43'
}
{
  service: 'attendance-system',
  method: 'GET',
  url: '/api/leaves/dashboard?page=1&limit=10',
  ip: '127.0.0.1',
  userAgent: 'Mozilla/5.0 (Windows NT 10.0; Win64; x64) AppleWebKit/537.36 (KHTML, like Gecko) Chrome/145.0.0.0 Safari/537.36',
  timestamp: '2026-02-23 14:34:45',
  level: 'info',
  message: 'Request'
}
{
  service: 'attendance-system',
  method: 'GET',
  url: '/dashboard?page=1&limit=10',
  statusCode: 200,
  duration: '55ms',
  contentLength: '3489',
  level: 'info',
  message: 'Response',
  timestamp: '2026-02-23 14:34:45'
}
{
  service: 'attendance-system',
  method: 'GET',
  url: '/api/announcements?_t=1771837486314',
  ip: '127.0.0.1',
  userAgent: 'Mozilla/5.0 (Windows NT 10.0; Win64; x64) AppleWebKit/537.36 (KHTML, like Gecko) Chrome/145.0.0.0 Safari/537.36',
  timestamp: '2026-02-23 14:34:46',
  level: 'info',
  message: 'Request'
}
{
  service: 'attendance-system',
  method: 'GET',
  url: '/?_t=1771837486314',
  statusCode: 200,
  duration: '19ms',
  contentLength: '2',
  level: 'info',
  message: 'Response',
  timestamp: '2026-02-23 14:34:46'
}
{
  service: 'attendance-system',
  method: 'GET',
  url: '/api/attendance/summary?startDate=2026-02-22&endDate=2026-02-28&includeHolidays=true&_t=1771837491934',
  ip: '127.0.0.1',
  userAgent: 'Mozilla/5.0 (Windows NT 10.0; Win64; x64) AppleWebKit/537.36 (KHTML, like Gecko) Chrome/145.0.0.0 Safari/537.36',
  timestamp: '2026-02-23 14:34:51',
  level: 'info',
  message: 'Request'
}
{
  service: 'attendance-system',
  method: 'GET',
  url: '/summary?startDate=2026-02-22&endDate=2026-02-28&includeHolidays=true&_t=1771837491934',
  statusCode: 200,
  duration: '48ms',
  contentLength: '6105',
  level: 'info',
  message: 'Response',
  timestamp: '2026-02-23 14:34:51'
}
{
  service: 'attendance-system',
  method: 'GET',
  url: '/api/attendance/summary?startDate=2026-02-22&endDate=2026-02-28&includeHolidays=true&_t=1771837491934',
  ip: '127.0.0.1',
  userAgent: 'Mozilla/5.0 (Windows NT 10.0; Win64; x64) AppleWebKit/537.36 (KHTML, like Gecko) Chrome/145.0.0.0 Safari/537.36',
  timestamp: '2026-02-23 14:34:51',
  level: 'info',
  message: 'Request'
}
{
  service: 'attendance-system',
  method: 'GET',
  url: '/summary?startDate=2026-02-22&endDate=2026-02-28&includeHolidays=true&_t=1771837491934',
  statusCode: 304,
  duration: '66ms',
  contentLength: 0,
  level: 'info',
  message: 'Response',
  timestamp: '2026-02-23 14:34:52'
}
{
  service: 'attendance-system',
  method: 'GET',
  url: '/api/attendance/summary?startDate=2026-02-22&endDate=2026-02-28&includeHolidays=true&_t=1771837493639',
  ip: '127.0.0.1',
  userAgent: 'Mozilla/5.0 (Windows NT 10.0; Win64; x64) AppleWebKit/537.36 (KHTML, like Gecko) Chrome/145.0.0.0 Safari/537.36',
  timestamp: '2026-02-23 14:34:53',
  level: 'info',
  message: 'Request'
}
{
  service: 'attendance-system',
  method: 'GET',
  url: '/summary?startDate=2026-02-22&endDate=2026-02-28&includeHolidays=true&_t=1771837493639',
  statusCode: 200,
  duration: '38ms',
  contentLength: '6105',
  level: 'info',
  message: 'Response',
  timestamp: '2026-02-23 14:34:53'
}
{
  service: 'attendance-system',
  method: 'GET',
  url: '/api/attendance/summary?startDate=2026-02-22&endDate=2026-02-28&includeHolidays=true&_t=1771837493639',
  ip: '127.0.0.1',
  userAgent: 'Mozilla/5.0 (Windows NT 10.0; Win64; x64) AppleWebKit/537.36 (KHTML, like Gecko) Chrome/145.0.0.0 Safari/537.36',
  timestamp: '2026-02-23 14:34:53',
  level: 'info',
  message: 'Request'
}
{
  service: 'attendance-system',
  method: 'GET',
  url: '/summary?startDate=2026-02-22&endDate=2026-02-28&includeHolidays=true&_t=1771837493639',
  statusCode: 304,
  duration: '40ms',
  contentLength: 0,
  level: 'info',
  message: 'Response',
  timestamp: '2026-02-23 14:34:53'
}
{
  service: 'attendance-system',
  method: 'GET',
  url: '/api/attendance/summary?startDate=2026-02-01&endDate=2026-02-28&includeHolidays=true&_t=1771837495922',
  ip: '127.0.0.1',
  userAgent: 'Mozilla/5.0 (Windows NT 10.0; Win64; x64) AppleWebKit/537.36 (KHTML, like Gecko) Chrome/145.0.0.0 Safari/537.36',
  timestamp: '2026-02-23 14:34:55',
  level: 'info',
  message: 'Request'
}
{
  service: 'attendance-system',
  method: 'GET',
  url: '/summary?startDate=2026-02-01&endDate=2026-02-28&includeHolidays=true&_t=1771837495922',
  statusCode: 200,
  duration: '74ms',
  contentLength: '29445',
  level: 'info',
  message: 'Response',
  timestamp: '2026-02-23 14:34:55'
}
{
  service: 'attendance-system',
  method: 'GET',
  url: '/api/attendance/summary?startDate=2026-01-01&endDate=2026-01-31&includeHolidays=true&_t=1771837498209',
  ip: '127.0.0.1',
  userAgent: 'Mozilla/5.0 (Windows NT 10.0; Win64; x64) AppleWebKit/537.36 (KHTML, like Gecko) Chrome/145.0.0.0 Safari/537.36',
  timestamp: '2026-02-23 14:34:58',
  level: 'info',
  message: 'Request'
}
{
  service: 'attendance-system',
  method: 'GET',
  url: '/summary?startDate=2026-01-01&endDate=2026-01-31&includeHolidays=true&_t=1771837498209',
  statusCode: 200,
  duration: '90ms',
  contentLength: '34339',
  level: 'info',
  message: 'Response',
  timestamp: '2026-02-23 14:34:58'
}
{
  service: 'attendance-system',
  method: 'GET',
  url: '/api/announcements?_t=1771837501326',
  ip: '127.0.0.1',
  userAgent: 'Mozilla/5.0 (Windows NT 10.0; Win64; x64) AppleWebKit/537.36 (KHTML, like Gecko) Chrome/145.0.0.0 Safari/537.36 Edg/145.0.0.0',
  timestamp: '2026-02-23 14:35:01',
  level: 'info',
  message: 'Request'
}
{
  service: 'attendance-system',
  method: 'GET',
  url: '/?_t=1771837501326',
  statusCode: 200,
  duration: '15ms',
  contentLength: '2',
  level: 'info',
  message: 'Response',
  timestamp: '2026-02-23 14:35:01'
}
{
  service: 'attendance-system',
  method: 'GET',
  url: '/api/attendance/summary?startDate=2025-12-01&endDate=2025-12-31&includeHolidays=true&_t=1771837501880',
  ip: '127.0.0.1',
  userAgent: 'Mozilla/5.0 (Windows NT 10.0; Win64; x64) AppleWebKit/537.36 (KHTML, like Gecko) Chrome/145.0.0.0 Safari/537.36',
  timestamp: '2026-02-23 14:35:01',
  level: 'info',
  message: 'Request'
}
{
  service: 'attendance-system',
  method: 'GET',
  url: '/summary?startDate=2025-12-01&endDate=2025-12-31&includeHolidays=true&_t=1771837501880',
  statusCode: 200,
  duration: '90ms',
  contentLength: '35397',
  level: 'info',
  message: 'Response',
  timestamp: '2026-02-23 14:35:01'
}
{
  service: 'attendance-system',
  method: 'GET',
  url: '/api/announcements?_t=1771837516300',
  ip: '127.0.0.1',
  userAgent: 'Mozilla/5.0 (Windows NT 10.0; Win64; x64) AppleWebKit/537.36 (KHTML, like Gecko) Chrome/145.0.0.0 Safari/537.36',
  timestamp: '2026-02-23 14:35:16',
  level: 'info',
  message: 'Request'
}
{
  service: 'attendance-system',
  method: 'GET',
  url: '/?_t=1771837516300',
  statusCode: 200,
  duration: '15ms',
  contentLength: '2',
  level: 'info',
  message: 'Response',
  timestamp: '2026-02-23 14:35:16'
}
{
  service: 'attendance-system',
  method: 'GET',
  url: '/api/announcements?_t=1771837530454',
  ip: '127.0.0.1',
  userAgent: 'Mozilla/5.0 (Windows NT 10.0; Win64; x64) AppleWebKit/537.36 (KHTML, like Gecko) Chrome/145.0.0.0 Safari/537.36 Edg/145.0.0.0',
  timestamp: '2026-02-23 14:35:30',
  level: 'info',
  message: 'Request'
}
{
  service: 'attendance-system',
  method: 'GET',
  url: '/?_t=1771837530454',
  statusCode: 200,
  duration: '16ms',
  contentLength: '2',
  level: 'info',
  message: 'Response',
  timestamp: '2026-02-23 14:35:30'
}
{
  service: 'attendance-system',
  method: 'GET',
  url: '/api/announcements?_t=1771837546307',
  ip: '127.0.0.1',
  userAgent: 'Mozilla/5.0 (Windows NT 10.0; Win64; x64) AppleWebKit/537.36 (KHTML, like Gecko) Chrome/145.0.0.0 Safari/537.36',
  timestamp: '2026-02-23 14:35:46',
  level: 'info',
  message: 'Request'
}
{
  service: 'attendance-system',
  method: 'GET',
  url: '/?_t=1771837546307',
  statusCode: 200,
  duration: '14ms',
  contentLength: '2',
  level: 'info',
  message: 'Response',
  timestamp: '2026-02-23 14:35:46'
}
{
  service: 'attendance-system',
  method: 'GET',
  url: '/api/analytics/attendance?startDate=2026-02-01&endDate=2026-02-23&page=1&limit=50&_t=1771837547347',
  ip: '127.0.0.1',
  userAgent: 'Mozilla/5.0 (Windows NT 10.0; Win64; x64) AppleWebKit/537.36 (KHTML, like Gecko) Chrome/145.0.0.0 Safari/537.36 Edg/145.0.0.0',
  timestamp: '2026-02-23 14:35:47',
  level: 'info',
  message: 'Request'
}
{
  service: 'attendance-system',
  method: 'GET',
  url: '/attendance?startDate=2026-02-01&endDate=2026-02-23&page=1&limit=50&_t=1771837547347',
  statusCode: 200,
  duration: '6ms',
  contentLength: '12633',
  level: 'info',
  message: 'Response',
  timestamp: '2026-02-23 14:35:47'
}
{
  service: 'attendance-system',
  method: 'GET',
  url: '/api/attendance/summary?startDate=2025-11-01&endDate=2025-11-30&includeHolidays=true&_t=1771837569328',
  ip: '127.0.0.1',
  userAgent: 'Mozilla/5.0 (Windows NT 10.0; Win64; x64) AppleWebKit/537.36 (KHTML, like Gecko) Chrome/145.0.0.0 Safari/537.36',
  timestamp: '2026-02-23 14:36:09',
  level: 'info',
  message: 'Request'
}
{
  service: 'attendance-system',
  method: 'GET',
  url: '/summary?startDate=2025-11-01&endDate=2025-11-30&includeHolidays=true&_t=1771837569328',
  statusCode: 200,
  duration: '72ms',
  contentLength: '29641',
  level: 'info',
  message: 'Response',
  timestamp: '2026-02-23 14:36:09'
}
{
  service: 'attendance-system',
  method: 'GET',
  url: '/api/attendance/summary?startDate=2025-10-01&endDate=2025-10-31&includeHolidays=true&_t=1771837574083',
  ip: '127.0.0.1',
  userAgent: 'Mozilla/5.0 (Windows NT 10.0; Win64; x64) AppleWebKit/537.36 (KHTML, like Gecko) Chrome/145.0.0.0 Safari/537.36',
  timestamp: '2026-02-23 14:36:14',
  level: 'info',
  message: 'Request'
}
{
  service: 'attendance-system',
  method: 'GET',
  url: '/summary?startDate=2025-10-01&endDate=2025-10-31&includeHolidays=true&_t=1771837574083',
  statusCode: 200,
  duration: '81ms',
  contentLength: '29516',
  level: 'info',
  message: 'Response',
  timestamp: '2026-02-23 14:36:14'
}
{
  service: 'attendance-system',
  method: 'GET',
  url: '/api/announcements?_t=1771837576306',
  ip: '127.0.0.1',
  userAgent: 'Mozilla/5.0 (Windows NT 10.0; Win64; x64) AppleWebKit/537.36 (KHTML, like Gecko) Chrome/145.0.0.0 Safari/537.36',
  timestamp: '2026-02-23 14:36:16',
  level: 'info',
  message: 'Request'
}
{
  service: 'attendance-system',
  method: 'GET',
  url: '/?_t=1771837576306',
  statusCode: 200,
  duration: '14ms',
  contentLength: '2',
  level: 'info',
  message: 'Response',
  timestamp: '2026-02-23 14:36:16'
}
{
  service: 'attendance-system',
  method: 'GET',
  url: '/api/attendance/summary?startDate=2025-09-01&endDate=2025-09-30&includeHolidays=true&_t=1771837577317',
  ip: '127.0.0.1',
  userAgent: 'Mozilla/5.0 (Windows NT 10.0; Win64; x64) AppleWebKit/537.36 (KHTML, like Gecko) Chrome/145.0.0.0 Safari/537.36',
  timestamp: '2026-02-23 14:36:17',
  level: 'info',
  message: 'Request'
}
{
  service: 'attendance-system',
  method: 'GET',
  url: '/summary?startDate=2025-09-01&endDate=2025-09-30&includeHolidays=true&_t=1771837577317',
  statusCode: 200,
  duration: '71ms',
  contentLength: '34184',
  level: 'info',
  message: 'Response',
  timestamp: '2026-02-23 14:36:17'
}
{
  service: 'attendance-system',
  method: 'GET',
  url: '/api/attendance/summary?startDate=2025-08-01&endDate=2025-08-31&includeHolidays=true&_t=1771837579800',
  ip: '127.0.0.1',
  userAgent: 'Mozilla/5.0 (Windows NT 10.0; Win64; x64) AppleWebKit/537.36 (KHTML, like Gecko) Chrome/145.0.0.0 Safari/537.36',
  timestamp: '2026-02-23 14:36:19',
  level: 'info',
  message: 'Request'
}
{
  service: 'attendance-system',
  method: 'GET',
  url: '/summary?startDate=2025-08-01&endDate=2025-08-31&includeHolidays=true&_t=1771837579800',
  statusCode: 200,
  duration: '99ms',
  contentLength: '35402',
  level: 'info',
  message: 'Response',
  timestamp: '2026-02-23 14:36:19'
}
{
  service: 'attendance-system',
  method: 'GET',
  url: '/api/attendance/dashboard/employee?date=2026-02-23',
  ip: '127.0.0.1',
  userAgent: 'Mozilla/5.0 (Windows NT 10.0; Win64; x64) AppleWebKit/537.36 (KHTML, like Gecko) Chrome/145.0.0.0 Safari/537.36',
  timestamp: '2026-02-23 14:36:31',
  level: 'info',
  message: 'Request'
}
{
  service: 'attendance-system',
  method: 'GET',
  url: '/dashboard/employee?date=2026-02-23',
  statusCode: 200,
  duration: '62ms',
  contentLength: '2624',
  level: 'info',
  message: 'Response',
  timestamp: '2026-02-23 14:36:31'
}
{
  service: 'attendance-system',
  method: 'GET',
  url: '/api/attendance/dashboard/employee?date=2026-02-23',
  ip: '127.0.0.1',
  userAgent: 'Mozilla/5.0 (Windows NT 10.0; Win64; x64) AppleWebKit/537.36 (KHTML, like Gecko) Chrome/145.0.0.0 Safari/537.36',
  timestamp: '2026-02-23 14:36:31',
  level: 'info',
  message: 'Request'
}
{
  service: 'attendance-system',
  method: 'GET',
  url: '/dashboard/employee?date=2026-02-23',
  statusCode: 304,
  duration: '4ms',
  contentLength: 0,
  level: 'info',
  message: 'Response',
  timestamp: '2026-02-23 14:36:31'
}
{
  service: 'attendance-system',
  method: 'GET',
  url: '/api/attendance/summary?startDate=2026-02-22&endDate=2026-02-28&includeHolidays=true&_t=1771837592487',
  ip: '127.0.0.1',
  userAgent: 'Mozilla/5.0 (Windows NT 10.0; Win64; x64) AppleWebKit/537.36 (KHTML, like Gecko) Chrome/145.0.0.0 Safari/537.36',
  timestamp: '2026-02-23 14:36:32',
  level: 'info',
  message: 'Request'
}
{
  service: 'attendance-system',
  method: 'GET',
  url: '/summary?startDate=2026-02-22&endDate=2026-02-28&includeHolidays=true&_t=1771837592487',
  statusCode: 200,
  duration: '47ms',
  contentLength: '6105',
  level: 'info',
  message: 'Response',
  timestamp: '2026-02-23 14:36:32'
}
{
  service: 'attendance-system',
  method: 'GET',
  url: '/api/attendance/summary?startDate=2026-02-22&endDate=2026-02-28&includeHolidays=true&_t=1771837592487',
  ip: '127.0.0.1',
  userAgent: 'Mozilla/5.0 (Windows NT 10.0; Win64; x64) AppleWebKit/537.36 (KHTML, like Gecko) Chrome/145.0.0.0 Safari/537.36',
  timestamp: '2026-02-23 14:36:32',
  level: 'info',
  message: 'Request'
}
{
  service: 'attendance-system',
  method: 'GET',
  url: '/summary?startDate=2026-02-22&endDate=2026-02-28&includeHolidays=true&_t=1771837592487',
  statusCode: 304,
  duration: '53ms',
  contentLength: 0,
  level: 'info',
  message: 'Response',
  timestamp: '2026-02-23 14:36:32'
}
{
  service: 'attendance-system',
  method: 'GET',
  url: '/api/attendance/summary?startDate=2026-02-22&endDate=2026-02-28&includeHolidays=true&_t=1771837594760',
  ip: '127.0.0.1',
  userAgent: 'Mozilla/5.0 (Windows NT 10.0; Win64; x64) AppleWebKit/537.36 (KHTML, like Gecko) Chrome/145.0.0.0 Safari/537.36',
  timestamp: '2026-02-23 14:36:34',
  level: 'info',
  message: 'Request'
}
{
  service: 'attendance-system',
  method: 'GET',
  url: '/summary?startDate=2026-02-22&endDate=2026-02-28&includeHolidays=true&_t=1771837594760',
  statusCode: 200,
  duration: '104ms',
  contentLength: '6105',
  level: 'info',
  message: 'Response',
  timestamp: '2026-02-23 14:36:34'
}
{
  service: 'attendance-system',
  method: 'GET',
  url: '/api/attendance/summary?startDate=2026-02-01&endDate=2026-02-28&includeHolidays=true&_t=1771837600124',
  ip: '127.0.0.1',
  userAgent: 'Mozilla/5.0 (Windows NT 10.0; Win64; x64) AppleWebKit/537.36 (KHTML, like Gecko) Chrome/145.0.0.0 Safari/537.36',
  timestamp: '2026-02-23 14:36:40',
  level: 'info',
  message: 'Request'
}
{
  service: 'attendance-system',
  method: 'GET',
  url: '/summary?startDate=2026-02-01&endDate=2026-02-28&includeHolidays=true&_t=1771837600124',
  statusCode: 200,
  duration: '270ms',
  contentLength: '29445',
  level: 'info',
  message: 'Response',
  timestamp: '2026-02-23 14:36:40'
}
{
  service: 'attendance-system',
  method: 'GET',
  url: '/api/announcements?_t=1771837604336',
  ip: '127.0.0.1',
  userAgent: 'Mozilla/5.0 (Windows NT 10.0; Win64; x64) AppleWebKit/537.36 (KHTML, like Gecko) Chrome/145.0.0.0 Safari/537.36 Edg/145.0.0.0',
  timestamp: '2026-02-23 14:36:44',
  level: 'info',
  message: 'Request'
}
{
  service: 'attendance-system',
  method: 'GET',
  url: '/?_t=1771837604336',
  statusCode: 200,
  duration: '12ms',
  contentLength: '2',
  level: 'info',
  message: 'Response',
  timestamp: '2026-02-23 14:36:44'
}
{
  service: 'attendance-system',
  method: 'GET',
  url: '/api/announcements?_t=1771837606333',
  ip: '127.0.0.1',
  userAgent: 'Mozilla/5.0 (Windows NT 10.0; Win64; x64) AppleWebKit/537.36 (KHTML, like Gecko) Chrome/145.0.0.0 Safari/537.36',
  timestamp: '2026-02-23 14:36:46',
  level: 'info',
  message: 'Request'
}
{
  service: 'attendance-system',
  method: 'GET',
  url: '/?_t=1771837606333',
  statusCode: 200,
  duration: '14ms',
  contentLength: '2',
  level: 'info',
  message: 'Response',
  timestamp: '2026-02-23 14:36:46'
}
{
  service: 'attendance-system',
  method: 'GET',
  url: '/api/announcements?_t=1771837636328',
  ip: '127.0.0.1',
  userAgent: 'Mozilla/5.0 (Windows NT 10.0; Win64; x64) AppleWebKit/537.36 (KHTML, like Gecko) Chrome/145.0.0.0 Safari/537.36',
  timestamp: '2026-02-23 14:37:16',
  level: 'info',
  message: 'Request'
}
{
  service: 'attendance-system',
  method: 'GET',
  url: '/?_t=1771837636328',
  statusCode: 200,
  duration: '13ms',
  contentLength: '2',
  level: 'info',
  message: 'Response',
  timestamp: '2026-02-23 14:37:16'
}
{
  service: 'attendance-system',
  method: 'GET',
  url: '/api/announcements?_t=1771837665343',
  ip: '127.0.0.1',
  userAgent: 'Mozilla/5.0 (Windows NT 10.0; Win64; x64) AppleWebKit/537.36 (KHTML, like Gecko) Chrome/145.0.0.0 Safari/537.36 Edg/145.0.0.0',
  timestamp: '2026-02-23 14:37:45',
  level: 'info',
  message: 'Request'
}
{
  service: 'attendance-system',
  method: 'GET',
  url: '/?_t=1771837665343',
  statusCode: 200,
  duration: '12ms',
  contentLength: '2',
  level: 'info',
  message: 'Response',
  timestamp: '2026-02-23 14:37:45'
}
{
  service: 'attendance-system',
  method: 'GET',
  url: '/api/announcements?_t=1771837676336',
  ip: '127.0.0.1',
  userAgent: 'Mozilla/5.0 (Windows NT 10.0; Win64; x64) AppleWebKit/537.36 (KHTML, like Gecko) Chrome/145.0.0.0 Safari/537.36',
  timestamp: '2026-02-23 14:37:56',
  level: 'info',
  message: 'Request'
}
{
  service: 'attendance-system',
  method: 'GET',
  url: '/?_t=1771837676336',
  statusCode: 200,
  duration: '17ms',
  contentLength: '2',
  level: 'info',
  message: 'Response',
  timestamp: '2026-02-23 14:37:56'
}
{
  service: 'attendance-system',
  method: 'GET',
  url: '/api/announcements?_t=1771837726341',
  ip: '127.0.0.1',
  userAgent: 'Mozilla/5.0 (Windows NT 10.0; Win64; x64) AppleWebKit/537.36 (KHTML, like Gecko) Chrome/145.0.0.0 Safari/537.36 Edg/145.0.0.0',
  timestamp: '2026-02-23 14:38:46',
  level: 'info',
  message: 'Request'
}
{
  service: 'attendance-system',
  method: 'GET',
  url: '/?_t=1771837726341',
  statusCode: 200,
  duration: '14ms',
  contentLength: '2',
  level: 'info',
  message: 'Response',
  timestamp: '2026-02-23 14:38:46'
}
{
  service: 'attendance-system',
  method: 'GET',
  url: '/api/announcements?_t=1771837732356',
  ip: '127.0.0.1',
  userAgent: 'Mozilla/5.0 (Windows NT 10.0; Win64; x64) AppleWebKit/537.36 (KHTML, like Gecko) Chrome/145.0.0.0 Safari/537.36 Edg/145.0.0.0',
  timestamp: '2026-02-23 14:38:52',
  level: 'info',
  message: 'Request'
}
{
  service: 'attendance-system',
  method: 'GET',
  url: '/?_t=1771837732356',
  statusCode: 200,
  duration: '22ms',
  contentLength: '2',
  level: 'info',
  message: 'Response',
  timestamp: '2026-02-23 14:38:52'
}
{
  service: 'attendance-system',
  method: 'GET',
  url: '/api/announcements?_t=1771837732391',
  ip: '127.0.0.1',
  userAgent: 'Mozilla/5.0 (Windows NT 10.0; Win64; x64) AppleWebKit/537.36 (KHTML, like Gecko) Chrome/145.0.0.0 Safari/537.36',
  timestamp: '2026-02-23 14:38:52',
  level: 'info',
  message: 'Request'
}
{
  service: 'attendance-system',
  method: 'GET',
  url: '/?_t=1771837732391',
  statusCode: 200,
  duration: '13ms',
  contentLength: '2',
  level: 'info',
  message: 'Response',
  timestamp: '2026-02-23 14:38:52'
}
{
  service: 'attendance-system',
  method: 'GET',
  url: '/api/analytics/attendance?startDate=2026-02-01&endDate=2026-02-23&search=vdsf&page=1&limit=50&_t=1771837735621',
  ip: '127.0.0.1',
  userAgent: 'Mozilla/5.0 (Windows NT 10.0; Win64; x64) AppleWebKit/537.36 (KHTML, like Gecko) Chrome/145.0.0.0 Safari/537.36 Edg/145.0.0.0',
  timestamp: '2026-02-23 14:38:55',
  level: 'info',
  message: 'Request'
}
{
  service: 'attendance-system',
  method: 'GET',
  url: '/attendance?startDate=2026-02-01&endDate=2026-02-23&search=vdsf&page=1&limit=50&_t=1771837735621',
  statusCode: 200,
  duration: '23ms',
  contentLength: '317',
  level: 'info',
  message: 'Response',
  timestamp: '2026-02-23 14:38:55'
}
{
  service: 'attendance-system',
  method: 'GET',
  url: '/api/announcements?_t=1771837736339',
  ip: '127.0.0.1',
  userAgent: 'Mozilla/5.0 (Windows NT 10.0; Win64; x64) AppleWebKit/537.36 (KHTML, like Gecko) Chrome/145.0.0.0 Safari/537.36',
  timestamp: '2026-02-23 14:38:56',
  level: 'info',
  message: 'Request'
}
{
  service: 'attendance-system',
  method: 'GET',
  url: '/?_t=1771837736339',
  statusCode: 200,
  duration: '14ms',
  contentLength: '2',
  level: 'info',
  message: 'Response',
  timestamp: '2026-02-23 14:38:56'
}
{
  service: 'attendance-system',
  method: 'GET',
  url: '/api/analytics/attendance?startDate=2026-02-01&endDate=2026-02-23&page=1&limit=50&_t=1771837740142',
  ip: '127.0.0.1',
  userAgent: 'Mozilla/5.0 (Windows NT 10.0; Win64; x64) AppleWebKit/537.36 (KHTML, like Gecko) Chrome/145.0.0.0 Safari/537.36 Edg/145.0.0.0',
  timestamp: '2026-02-23 14:39:00',
  level: 'info',
  message: 'Request'
}
{
  service: 'attendance-system',
  method: 'GET',
  url: '/attendance?startDate=2026-02-01&endDate=2026-02-23&page=1&limit=50&_t=1771837740142',
  statusCode: 200,
  duration: '10ms',
  contentLength: '316',
  level: 'info',
  message: 'Response',
  timestamp: '2026-02-23 14:39:00'
}
{
  service: 'attendance-system',
  method: 'GET',
  url: '/api/announcements?_t=1771837740359',
  ip: '127.0.0.1',
  userAgent: 'Mozilla/5.0 (Windows NT 10.0; Win64; x64) AppleWebKit/537.36 (KHTML, like Gecko) Chrome/145.0.0.0 Safari/537.36 Edg/145.0.0.0',
  timestamp: '2026-02-23 14:39:00',
  level: 'info',
  message: 'Request'
}
{
  service: 'attendance-system',
  method: 'GET',
  url: '/?_t=1771837740359',
  statusCode: 200,
  duration: '21ms',
  contentLength: '2',
  level: 'info',
  message: 'Response',
  timestamp: '2026-02-23 14:39:00'
}
{
  service: 'attendance-system',
  method: 'GET',
  url: '/api/analytics/attendance?startDate=2026-02-01&endDate=2026-02-23&search=RTJ&page=1&limit=50&_t=1771837740918',
  ip: '127.0.0.1',
  userAgent: 'Mozilla/5.0 (Windows NT 10.0; Win64; x64) AppleWebKit/537.36 (KHTML, like Gecko) Chrome/145.0.0.0 Safari/537.36 Edg/145.0.0.0',
  timestamp: '2026-02-23 14:39:00',
  level: 'info',
  message: 'Request'
}
{
  service: 'attendance-system',
  method: 'GET',
  url: '/attendance?startDate=2026-02-01&endDate=2026-02-23&search=RTJ&page=1&limit=50&_t=1771837740918',
  statusCode: 200,
  duration: '7ms',
  contentLength: '316',
  level: 'info',
  message: 'Response',
  timestamp: '2026-02-23 14:39:00'
}
{
  service: 'attendance-system',
  method: 'GET',
  url: '/api/analytics/attendance?startDate=2026-02-01&endDate=2026-02-23&search=RJ&page=1&limit=50&_t=1771837744346',
  ip: '127.0.0.1',
  userAgent: 'Mozilla/5.0 (Windows NT 10.0; Win64; x64) AppleWebKit/537.36 (KHTML, like Gecko) Chrome/145.0.0.0 Safari/537.36 Edg/145.0.0.0',
  timestamp: '2026-02-23 14:39:04',
  level: 'info',
  message: 'Request'
}
{
  service: 'attendance-system',
  method: 'GET',
  url: '/attendance?startDate=2026-02-01&endDate=2026-02-23&search=RJ&page=1&limit=50&_t=1771837744346',
  statusCode: 200,
  duration: '9ms',
  contentLength: '316',
  level: 'info',
  message: 'Response',
  timestamp: '2026-02-23 14:39:04'
}
{
  service: 'attendance-system',
  method: 'GET',
  url: '/api/analytics/attendance?startDate=2026-02-01&endDate=2026-02-23&search=Aniket&page=1&limit=50&_t=1771837749955',
  ip: '127.0.0.1',
  userAgent: 'Mozilla/5.0 (Windows NT 10.0; Win64; x64) AppleWebKit/537.36 (KHTML, like Gecko) Chrome/145.0.0.0 Safari/537.36 Edg/145.0.0.0',
  timestamp: '2026-02-23 14:39:09',
  level: 'info',
  message: 'Request'
}
{
  service: 'attendance-system',
  method: 'GET',
  url: '/attendance?startDate=2026-02-01&endDate=2026-02-23&search=Aniket&page=1&limit=50&_t=1771837749955',
  statusCode: 200,
  duration: '5ms',
  contentLength: '316',
  level: 'info',
  message: 'Response',
  timestamp: '2026-02-23 14:39:09'
}
{
  service: 'attendance-system',
  method: 'GET',
  url: '/api/announcements?_t=1771837771337',
  ip: '127.0.0.1',
  userAgent: 'Mozilla/5.0 (Windows NT 10.0; Win64; x64) AppleWebKit/537.36 (KHTML, like Gecko) Chrome/145.0.0.0 Safari/537.36 Edg/145.0.0.0',
  timestamp: '2026-02-23 14:39:31',
  level: 'info',
  message: 'Request'
}
{
  service: 'attendance-system',
  method: 'GET',
  url: '/?_t=1771837771337',
  statusCode: 200,
  duration: '14ms',
  contentLength: '2',
  level: 'info',
  message: 'Response',
  timestamp: '2026-02-23 14:39:31'
}
{
  service: 'attendance-system',
  method: 'GET',
  url: '/api/admin/leave-years/active?_t=1771837789313',
  ip: '127.0.0.1',
  userAgent: 'Mozilla/5.0 (Windows NT 10.0; Win64; x64) AppleWebKit/537.36 (KHTML, like Gecko) Chrome/145.0.0.0 Safari/537.36 Edg/145.0.0.0',
  timestamp: '2026-02-23 14:39:49',
  level: 'info',
  message: 'Request'
}
{
  service: 'attendance-system',
  method: 'GET',
  url: '/api/auth/me?_t=1771837789313',
  ip: '127.0.0.1',
  userAgent: 'Mozilla/5.0 (Windows NT 10.0; Win64; x64) AppleWebKit/537.36 (KHTML, like Gecko) Chrome/145.0.0.0 Safari/537.36 Edg/145.0.0.0',
  timestamp: '2026-02-23 14:39:49',
  level: 'info',
  message: 'Request'
}
{
  service: 'attendance-system',
  method: 'GET',
  url: '/api/admin/leave-years/active?_t=1771837789313',
  ip: '127.0.0.1',
  userAgent: 'Mozilla/5.0 (Windows NT 10.0; Win64; x64) AppleWebKit/537.36 (KHTML, like Gecko) Chrome/145.0.0.0 Safari/537.36 Edg/145.0.0.0',
  timestamp: '2026-02-23 14:39:49',
  level: 'info',
  message: 'Request'
}
{
  service: 'attendance-system',
  method: 'GET',
  url: '/active?_t=1771837789313',
  statusCode: 200,
  duration: '467ms',
  contentLength: '194',
  level: 'info',
  message: 'Response',
  timestamp: '2026-02-23 14:39:49'
}
{
  service: 'attendance-system',
  method: 'GET',
  url: '/active?_t=1771837789313',
  statusCode: 200,
  duration: '454ms',
  contentLength: '194',
  level: 'info',
  message: 'Response',
  timestamp: '2026-02-23 14:39:49'
}
{
  service: 'attendance-system',
  method: 'GET',
  url: '/me?_t=1771837789313',
  statusCode: 200,
  duration: '473ms',
  contentLength: '1282',
  level: 'info',
  message: 'Response',
  timestamp: '2026-02-23 14:39:49'
}
{
  service: 'attendance-system',
  method: 'GET',
  url: '/api/announcements?_t=1771837789784',
  ip: '127.0.0.1',
  userAgent: 'Mozilla/5.0 (Windows NT 10.0; Win64; x64) AppleWebKit/537.36 (KHTML, like Gecko) Chrome/145.0.0.0 Safari/537.36',
  timestamp: '2026-02-23 14:39:49',
  level: 'info',
  message: 'Request'
}
{
  service: 'attendance-system',
  method: 'GET',
  url: '/?_t=1771837789784',
  statusCode: 200,
  duration: '14ms',
  contentLength: '2',
  level: 'info',
  message: 'Response',
  timestamp: '2026-02-23 14:39:49'
}
{
  service: 'attendance-system',
  method: 'GET',
  url: '/api/announcements/last-read?_t=1771837789858',
  ip: '127.0.0.1',
  userAgent: 'Mozilla/5.0 (Windows NT 10.0; Win64; x64) AppleWebKit/537.36 (KHTML, like Gecko) Chrome/145.0.0.0 Safari/537.36 Edg/145.0.0.0',
  timestamp: '2026-02-23 14:39:49',
  level: 'info',
  message: 'Request'
}
{
  service: 'attendance-system',
  method: 'GET',
  url: '/api/attendance/current-status?_t=1771837789858',
  ip: '127.0.0.1',
  userAgent: 'Mozilla/5.0 (Windows NT 10.0; Win64; x64) AppleWebKit/537.36 (KHTML, like Gecko) Chrome/145.0.0.0 Safari/537.36 Edg/145.0.0.0',
  timestamp: '2026-02-23 14:39:49',
  level: 'info',
  message: 'Request'
}
{
  service: 'attendance-system',
  method: 'GET',
  url: '/api/new-notifications?_t=1771837789858',
  ip: '127.0.0.1',
  userAgent: 'Mozilla/5.0 (Windows NT 10.0; Win64; x64) AppleWebKit/537.36 (KHTML, like Gecko) Chrome/145.0.0.0 Safari/537.36 Edg/145.0.0.0',
  timestamp: '2026-02-23 14:39:49',
  level: 'info',
  message: 'Request'
}
{
  service: 'attendance-system',
  method: 'GET',
  url: '/api/announcements/last-read?_t=1771837789864',
  ip: '127.0.0.1',
  userAgent: 'Mozilla/5.0 (Windows NT 10.0; Win64; x64) AppleWebKit/537.36 (KHTML, like Gecko) Chrome/145.0.0.0 Safari/537.36 Edg/145.0.0.0',
  timestamp: '2026-02-23 14:39:49',
  level: 'info',
  message: 'Request'
}
{
  service: 'attendance-system',
  method: 'GET',
  url: '/last-read?_t=1771837789858',
  statusCode: 200,
  duration: '52ms',
  contentLength: '43',
  level: 'info',
  message: 'Response',
  timestamp: '2026-02-23 14:39:49'
}
{
  service: 'attendance-system',
  method: 'GET',
  url: '/last-read?_t=1771837789864',
  statusCode: 200,
  duration: '18ms',
  contentLength: '43',
  level: 'info',
  message: 'Response',
  timestamp: '2026-02-23 14:39:49'
}
{
  service: 'attendance-system',
  method: 'GET',
  url: '/api/announcements/last-read?_t=1771837789858',
  ip: '127.0.0.1',
  userAgent: 'Mozilla/5.0 (Windows NT 10.0; Win64; x64) AppleWebKit/537.36 (KHTML, like Gecko) Chrome/145.0.0.0 Safari/537.36 Edg/145.0.0.0',
  timestamp: '2026-02-23 14:39:49',
  level: 'info',
  message: 'Request'
}
{
  service: 'attendance-system',
  method: 'GET',
  url: '/current-status?_t=1771837789858',
  statusCode: 200,
  duration: '67ms',
  contentLength: '102',
  level: 'info',
  message: 'Response',
  timestamp: '2026-02-23 14:39:49'
}
{
  service: 'attendance-system',
  method: 'GET',
  url: '/?_t=1771837789858',
  statusCode: 200,
  duration: '53ms',
  contentLength: '26639',
  level: 'info',
  message: 'Response',
  timestamp: '2026-02-23 14:39:49'
}
{
  service: 'attendance-system',
  method: 'GET',
  url: '/last-read?_t=1771837789858',
  statusCode: 304,
  duration: '25ms',
  contentLength: 0,
  level: 'info',
  message: 'Response',
  timestamp: '2026-02-23 14:39:49'
}
{
  service: 'attendance-system',
  method: 'GET',
  url: '/api/announcements?_t=1771837789930',
  ip: '127.0.0.1',
  userAgent: 'Mozilla/5.0 (Windows NT 10.0; Win64; x64) AppleWebKit/537.36 (KHTML, like Gecko) Chrome/145.0.0.0 Safari/537.36 Edg/145.0.0.0',
  timestamp: '2026-02-23 14:39:49',
  level: 'info',
  message: 'Request'
}
{
  service: 'attendance-system',
  method: 'GET',
  url: '/api/announcements?_t=1771837789932',
  ip: '127.0.0.1',
  userAgent: 'Mozilla/5.0 (Windows NT 10.0; Win64; x64) AppleWebKit/537.36 (KHTML, like Gecko) Chrome/145.0.0.0 Safari/537.36 Edg/145.0.0.0',
  timestamp: '2026-02-23 14:39:49',
  level: 'info',
  message: 'Request'
}
{
  service: 'attendance-system',
  method: 'GET',
  url: '/api/announcements?_t=1771837789958',
  ip: '127.0.0.1',
  userAgent: 'Mozilla/5.0 (Windows NT 10.0; Win64; x64) AppleWebKit/537.36 (KHTML, like Gecko) Chrome/145.0.0.0 Safari/537.36 Edg/145.0.0.0',
  timestamp: '2026-02-23 14:39:49',
  level: 'info',
  message: 'Request'
}
{
  service: 'attendance-system',
  method: 'GET',
  url: '/?_t=1771837789930',
  statusCode: 200,
  duration: '21ms',
  contentLength: '2',
  level: 'info',
  message: 'Response',
  timestamp: '2026-02-23 14:39:49'
}
{
  service: 'attendance-system',
  method: 'GET',
  url: '/api/announcements?_t=1771837789971',
  ip: '127.0.0.1',
  userAgent: 'Mozilla/5.0 (Windows NT 10.0; Win64; x64) AppleWebKit/537.36 (KHTML, like Gecko) Chrome/145.0.0.0 Safari/537.36 Edg/145.0.0.0',
  timestamp: '2026-02-23 14:39:49',
  level: 'info',
  message: 'Request'
}
{
  service: 'attendance-system',
  method: 'GET',
  url: '/?_t=1771837789932',
  statusCode: 200,
  duration: '23ms',
  contentLength: '2',
  level: 'info',
  message: 'Response',
  timestamp: '2026-02-23 14:39:49'
}
{
  service: 'attendance-system',
  method: 'GET',
  url: '/?_t=1771837789958',
  statusCode: 200,
  duration: '17ms',
  contentLength: '2',
  level: 'info',
  message: 'Response',
  timestamp: '2026-02-23 14:39:49'
}
{
  service: 'attendance-system',
  method: 'GET',
  url: '/?_t=1771837789971',
  statusCode: 200,
  duration: '16ms',
  contentLength: '2',
  level: 'info',
  message: 'Response',
  timestamp: '2026-02-23 14:39:49'
}
{
  service: 'attendance-system',
  method: 'GET',
  url: '/api/analytics/attendance?startDate=2026-02-01&endDate=2026-02-23&page=1&limit=50&_t=1771837790312',
  ip: '127.0.0.1',
  userAgent: 'Mozilla/5.0 (Windows NT 10.0; Win64; x64) AppleWebKit/537.36 (KHTML, like Gecko) Chrome/145.0.0.0 Safari/537.36 Edg/145.0.0.0',
  timestamp: '2026-02-23 14:39:50',
  level: 'info',
  message: 'Request'
}
{
  service: 'attendance-system',
  method: 'GET',
  url: '/attendance?startDate=2026-02-01&endDate=2026-02-23&page=1&limit=50&_t=1771837790312',
  statusCode: 200,
  duration: '1639ms',
  contentLength: '12634',
  level: 'info',
  message: 'Response',
  timestamp: '2026-02-23 14:39:51'
}
{
  service: 'attendance-system',
  method: 'GET',
  url: '/api/announcements?_t=1771837796334',
  ip: '127.0.0.1',
  userAgent: 'Mozilla/5.0 (Windows NT 10.0; Win64; x64) AppleWebKit/537.36 (KHTML, like Gecko) Chrome/145.0.0.0 Safari/537.36',
  timestamp: '2026-02-23 14:39:56',
  level: 'info',
  message: 'Request'
}
{
  service: 'attendance-system',
  method: 'GET',
  url: '/?_t=1771837796334',
  statusCode: 200,
  duration: '16ms',
  contentLength: '2',
  level: 'info',
  message: 'Response',
  timestamp: '2026-02-23 14:39:56'
}
{
  service: 'attendance-system',
  method: 'GET',
  url: '/api/admin/employees?page=1&limit=10&status=active&_t=1771837804960',
  ip: '127.0.0.1',
  userAgent: 'Mozilla/5.0 (Windows NT 10.0; Win64; x64) AppleWebKit/537.36 (KHTML, like Gecko) Chrome/145.0.0.0 Safari/537.36 Edg/145.0.0.0',
  timestamp: '2026-02-23 14:40:04',
  level: 'info',
  message: 'Request'
}
{
  service: 'attendance-system',
  method: 'GET',
  url: '/api/admin/shifts?_t=1771837804960',
  ip: '127.0.0.1',
  userAgent: 'Mozilla/5.0 (Windows NT 10.0; Win64; x64) AppleWebKit/537.36 (KHTML, like Gecko) Chrome/145.0.0.0 Safari/537.36 Edg/145.0.0.0',
  timestamp: '2026-02-23 14:40:04',
  level: 'info',
  message: 'Request'
}
{
  service: 'attendance-system',
  method: 'GET',
  url: '/?_t=1771837804960',
  statusCode: 200,
  duration: '25ms',
  contentLength: '802',
  level: 'info',
  message: 'Response',
  timestamp: '2026-02-23 14:40:04'
}
{
  service: 'attendance-system',
  method: 'GET',
  url: '/api/admin/shifts?_t=1771837804960',
  ip: '127.0.0.1',
  userAgent: 'Mozilla/5.0 (Windows NT 10.0; Win64; x64) AppleWebKit/537.36 (KHTML, like Gecko) Chrome/145.0.0.0 Safari/537.36 Edg/145.0.0.0',
  timestamp: '2026-02-23 14:40:05',
  level: 'info',
  message: 'Request'
}
{
  service: 'attendance-system',
  method: 'GET',
  url: '/?page=1&limit=10&status=active&_t=1771837804960',
  statusCode: 200,
  duration: '42ms',
  contentLength: '10220',
  level: 'info',
  message: 'Response',
  timestamp: '2026-02-23 14:40:05'
}
{
  service: 'attendance-system',
  method: 'GET',
  url: '/api/admin/employees?page=1&limit=10&status=active&_t=1771837804960',
  ip: '127.0.0.1',
  userAgent: 'Mozilla/5.0 (Windows NT 10.0; Win64; x64) AppleWebKit/537.36 (KHTML, like Gecko) Chrome/145.0.0.0 Safari/537.36 Edg/145.0.0.0',
  timestamp: '2026-02-23 14:40:05',
  level: 'info',
  message: 'Request'
}
{
  service: 'attendance-system',
  method: 'GET',
  url: '/?_t=1771837804960',
  statusCode: 304,
  duration: '19ms',
  contentLength: 0,
  level: 'info',
  message: 'Response',
  timestamp: '2026-02-23 14:40:05'
}
{
  service: 'attendance-system',
  method: 'GET',
  url: '/?page=1&limit=10&status=active&_t=1771837804960',
  statusCode: 304,
  duration: '32ms',
  contentLength: 0,
  level: 'info',
  message: 'Response',
  timestamp: '2026-02-23 14:40:05'
}
{
  service: 'attendance-system',
  method: 'GET',
  url: '/api/admin/employees?all=true&slim=true&_t=1771837805958',
  ip: '127.0.0.1',
  userAgent: 'Mozilla/5.0 (Windows NT 10.0; Win64; x64) AppleWebKit/537.36 (KHTML, like Gecko) Chrome/145.0.0.0 Safari/537.36 Edg/145.0.0.0',
  timestamp: '2026-02-23 14:40:05',
  level: 'info',
  message: 'Request'
}
{
  service: 'attendance-system',
  method: 'GET',
  url: '/?all=true&slim=true&_t=1771837805958',
  statusCode: 200,
  duration: '26ms',
  contentLength: '10512',
  level: 'info',
  message: 'Response',
  timestamp: '2026-02-23 14:40:05'
}
{
  service: 'attendance-system',
  method: 'GET',
  url: '/api/admin/employees?all=true&slim=true&_t=1771837805958',
  ip: '127.0.0.1',
  userAgent: 'Mozilla/5.0 (Windows NT 10.0; Win64; x64) AppleWebKit/537.36 (KHTML, like Gecko) Chrome/145.0.0.0 Safari/537.36 Edg/145.0.0.0',
  timestamp: '2026-02-23 14:40:05',
  level: 'info',
  message: 'Request'
}
{
  service: 'attendance-system',
  method: 'GET',
  url: '/?all=true&slim=true&_t=1771837805958',
  statusCode: 304,
  duration: '26ms',
  contentLength: 0,
  level: 'info',
  message: 'Response',
  timestamp: '2026-02-23 14:40:06'
}
{
  service: 'attendance-system',
  method: 'GET',
  url: '/api/admin/shifts?_t=1771837806658',
  ip: '127.0.0.1',
  userAgent: 'Mozilla/5.0 (Windows NT 10.0; Win64; x64) AppleWebKit/537.36 (KHTML, like Gecko) Chrome/145.0.0.0 Safari/537.36 Edg/145.0.0.0',
  timestamp: '2026-02-23 14:40:06',
  level: 'info',
  message: 'Request'
}
{
  service: 'attendance-system',
  method: 'GET',
  url: '/api/admin/employees?page=1&limit=10&status=active&_t=1771837806658',
  ip: '127.0.0.1',
  userAgent: 'Mozilla/5.0 (Windows NT 10.0; Win64; x64) AppleWebKit/537.36 (KHTML, like Gecko) Chrome/145.0.0.0 Safari/537.36 Edg/145.0.0.0',
  timestamp: '2026-02-23 14:40:06',
  level: 'info',
  message: 'Request'
}
{
  service: 'attendance-system',
  method: 'GET',
  url: '/?_t=1771837806658',
  statusCode: 200,
  duration: '20ms',
  contentLength: '802',
  level: 'info',
  message: 'Response',
  timestamp: '2026-02-23 14:40:06'
}
{
  service: 'attendance-system',
  method: 'GET',
  url: '/api/admin/shifts?_t=1771837806658',
  ip: '127.0.0.1',
  userAgent: 'Mozilla/5.0 (Windows NT 10.0; Win64; x64) AppleWebKit/537.36 (KHTML, like Gecko) Chrome/145.0.0.0 Safari/537.36 Edg/145.0.0.0',
  timestamp: '2026-02-23 14:40:06',
  level: 'info',
  message: 'Request'
}
{
  service: 'attendance-system',
  method: 'GET',
  url: '/?page=1&limit=10&status=active&_t=1771837806658',
  statusCode: 200,
  duration: '40ms',
  contentLength: '10220',
  level: 'info',
  message: 'Response',
  timestamp: '2026-02-23 14:40:06'
}
{
  service: 'attendance-system',
  method: 'GET',
  url: '/api/admin/employees?page=1&limit=10&status=active&_t=1771837806658',
  ip: '127.0.0.1',
  userAgent: 'Mozilla/5.0 (Windows NT 10.0; Win64; x64) AppleWebKit/537.36 (KHTML, like Gecko) Chrome/145.0.0.0 Safari/537.36 Edg/145.0.0.0',
  timestamp: '2026-02-23 14:40:06',
  level: 'info',
  message: 'Request'
}
{
  service: 'attendance-system',
  method: 'GET',
  url: '/?_t=1771837806658',
  statusCode: 304,
  duration: '30ms',
  contentLength: 0,
  level: 'info',
  message: 'Response',
  timestamp: '2026-02-23 14:40:06'
}
{
  service: 'attendance-system',
  method: 'GET',
  url: '/?page=1&limit=10&status=active&_t=1771837806658',
  statusCode: 304,
  duration: '31ms',
  contentLength: 0,
  level: 'info',
  message: 'Response',
  timestamp: '2026-02-23 14:40:06'
}
{
  service: 'attendance-system',
  method: 'GET',
  url: '/api/admin/employees?all=true&slim=true&_t=1771837808258',
  ip: '127.0.0.1',
  userAgent: 'Mozilla/5.0 (Windows NT 10.0; Win64; x64) AppleWebKit/537.36 (KHTML, like Gecko) Chrome/145.0.0.0 Safari/537.36 Edg/145.0.0.0',
  timestamp: '2026-02-23 14:40:08',
  level: 'info',
  message: 'Request'
}
{
  service: 'attendance-system',
  method: 'GET',
  url: '/?all=true&slim=true&_t=1771837808258',
  statusCode: 200,
  duration: '28ms',
  contentLength: '10512',
  level: 'info',
  message: 'Response',
  timestamp: '2026-02-23 14:40:08'
}
{
  service: 'attendance-system',
  method: 'GET',
  url: '/api/admin/employees?all=true&slim=true&_t=1771837808258',
  ip: '127.0.0.1',
  userAgent: 'Mozilla/5.0 (Windows NT 10.0; Win64; x64) AppleWebKit/537.36 (KHTML, like Gecko) Chrome/145.0.0.0 Safari/537.36 Edg/145.0.0.0',
  timestamp: '2026-02-23 14:40:08',
  level: 'info',
  message: 'Request'
}
{
  service: 'attendance-system',
  method: 'GET',
  url: '/?all=true&slim=true&_t=1771837808258',
  statusCode: 304,
  duration: '22ms',
  contentLength: 0,
  level: 'info',
  message: 'Response',
  timestamp: '2026-02-23 14:40:08'
}
{
  service: 'attendance-system',
  method: 'GET',
  url: '/api/attendance/summary?startDate=2026-02-22&endDate=2026-02-28&userId=68d29f4cce5f5ad421bb6f93&includeHolidays=true&_t=1771837810312',
  ip: '127.0.0.1',
  userAgent: 'Mozilla/5.0 (Windows NT 10.0; Win64; x64) AppleWebKit/537.36 (KHTML, like Gecko) Chrome/145.0.0.0 Safari/537.36 Edg/145.0.0.0',
  timestamp: '2026-02-23 14:40:10',
  level: 'info',
  message: 'Request'
}
{
  service: 'attendance-system',
  method: 'GET',
  url: '/summary?startDate=2026-02-22&endDate=2026-02-28&userId=68d29f4cce5f5ad421bb6f93&includeHolidays=true&_t=1771837810312',
  statusCode: 200,
  duration: '39ms',
  contentLength: '6104',
  level: 'info',
  message: 'Response',
  timestamp: '2026-02-23 14:40:10'
}
{
  service: 'attendance-system',
  method: 'GET',
  url: '/api/attendance/summary?startDate=2026-02-01&endDate=2026-02-28&userId=68d29f4cce5f5ad421bb6f93&includeHolidays=true&_t=1771837812251',
  ip: '127.0.0.1',
  userAgent: 'Mozilla/5.0 (Windows NT 10.0; Win64; x64) AppleWebKit/537.36 (KHTML, like Gecko) Chrome/145.0.0.0 Safari/537.36 Edg/145.0.0.0',
  timestamp: '2026-02-23 14:40:12',
  level: 'info',
  message: 'Request'
}
{
  service: 'attendance-system',
  method: 'GET',
  url: '/summary?startDate=2026-02-01&endDate=2026-02-28&userId=68d29f4cce5f5ad421bb6f93&includeHolidays=true&_t=1771837812251',
  statusCode: 200,
  duration: '73ms',
  contentLength: '28638',
  level: 'info',
  message: 'Response',
  timestamp: '2026-02-23 14:40:12'
}
{
  service: 'attendance-system',
  method: 'GET',
  url: '/api/announcements?_t=1771837819971',
  ip: '127.0.0.1',
  userAgent: 'Mozilla/5.0 (Windows NT 10.0; Win64; x64) AppleWebKit/537.36 (KHTML, like Gecko) Chrome/145.0.0.0 Safari/537.36 Edg/145.0.0.0',
  timestamp: '2026-02-23 14:40:19',
  level: 'info',
  message: 'Request'
}
{
  service: 'attendance-system',
  method: 'GET',
  url: '/?_t=1771837819971',
  statusCode: 200,
  duration: '24ms',
  contentLength: '2',
  level: 'info',
  message: 'Response',
  timestamp: '2026-02-23 14:40:20'
}
{
  message: 'CORS Request: PUT /api/admin/attendance/log/69903c9365da4baaac96b5c2 from origin: http://localhost:5173',
  level: 'info',
  service: 'attendance-system',
  timestamp: '2026-02-23 14:40:28'
}
{
  service: 'attendance-system',
  method: 'PUT',
  url: '/api/admin/attendance/log/69903c9365da4baaac96b5c2',
  ip: '127.0.0.1',
  userAgent: 'Mozilla/5.0 (Windows NT 10.0; Win64; x64) AppleWebKit/537.36 (KHTML, like Gecko) Chrome/145.0.0.0 Safari/537.36 Edg/145.0.0.0',
  timestamp: '2026-02-23 14:40:28',
  level: 'info',
  message: 'Request'
}
{
  service: 'attendance-system',
  method: 'PUT',
  url: '/attendance/log/69903c9365da4baaac96b5c2',
  statusCode: 200,
  duration: '96ms',
  contentLength: '54',
  level: 'info',
  message: 'Response',
  timestamp: '2026-02-23 14:40:28'
}
{
  service: 'attendance-system',
  method: 'GET',
  url: '/api/attendance/summary?startDate=2026-02-01&endDate=2026-02-28&userId=68d29f4cce5f5ad421bb6f93&includeHolidays=true&_t=1771837828198',
  ip: '127.0.0.1',
  userAgent: 'Mozilla/5.0 (Windows NT 10.0; Win64; x64) AppleWebKit/537.36 (KHTML, like Gecko) Chrome/145.0.0.0 Safari/537.36 Edg/145.0.0.0',
  timestamp: '2026-02-23 14:40:28',
  level: 'info',
  message: 'Request'
}
{
  service: 'attendance-system',
  method: 'GET',
  url: '/summary?startDate=2026-02-01&endDate=2026-02-28&userId=68d29f4cce5f5ad421bb6f93&includeHolidays=true&_t=1771837828198',
  statusCode: 200,
  duration: '81ms',
  contentLength: '28673',
  level: 'info',
  message: 'Response',
  timestamp: '2026-02-23 14:40:28'
}
{
  service: 'attendance-system',
  method: 'GET',
  url: '/api/attendance/summary?startDate=2026-02-01&endDate=2026-02-28&userId=68d29f4cce5f5ad421bb6f93&includeHolidays=true&_t=1771837831195',
  ip: '127.0.0.1',
  userAgent: 'Mozilla/5.0 (Windows NT 10.0; Win64; x64) AppleWebKit/537.36 (KHTML, like Gecko) Chrome/145.0.0.0 Safari/537.36 Edg/145.0.0.0',
  timestamp: '2026-02-23 14:40:31',
  level: 'info',
  message: 'Request'
}
{
  service: 'attendance-system',
  method: 'GET',
  url: '/summary?startDate=2026-02-01&endDate=2026-02-28&userId=68d29f4cce5f5ad421bb6f93&includeHolidays=true&_t=1771837831195',
  statusCode: 200,
  duration: '90ms',
  contentLength: '28673',
  level: 'info',
  message: 'Response',
  timestamp: '2026-02-23 14:40:31'
}
{
  service: 'attendance-system',
  method: 'GET',
  url: '/api/announcements?_t=1771837849960',
  ip: '127.0.0.1',
  userAgent: 'Mozilla/5.0 (Windows NT 10.0; Win64; x64) AppleWebKit/537.36 (KHTML, like Gecko) Chrome/145.0.0.0 Safari/537.36 Edg/145.0.0.0',
  timestamp: '2026-02-23 14:40:49',
  level: 'info',
  message: 'Request'
}
{
  service: 'attendance-system',
  method: 'GET',
  url: '/?_t=1771837849960',
  statusCode: 200,
  duration: '15ms',
  contentLength: '2',
  level: 'info',
  message: 'Response',
  timestamp: '2026-02-23 14:40:49'
}
{
  service: 'attendance-system',
  method: 'GET',
  url: '/api/announcements?_t=1771837855525',
  ip: '127.0.0.1',
  userAgent: 'Mozilla/5.0 (Windows NT 10.0; Win64; x64) AppleWebKit/537.36 (KHTML, like Gecko) Chrome/145.0.0.0 Safari/537.36',
  timestamp: '2026-02-23 14:40:55',
  level: 'info',
  message: 'Request'
}
{
  service: 'attendance-system',
  method: 'GET',
  url: '/?_t=1771837855525',
  statusCode: 200,
  duration: '13ms',
  contentLength: '2',
  level: 'info',
  message: 'Response',
  timestamp: '2026-02-23 14:40:55'
}
{
  service: 'attendance-system',
  method: 'GET',
  url: '/api/announcements?_t=1771837876332',
  ip: '127.0.0.1',
  userAgent: 'Mozilla/5.0 (Windows NT 10.0; Win64; x64) AppleWebKit/537.36 (KHTML, like Gecko) Chrome/145.0.0.0 Safari/537.36',
  timestamp: '2026-02-23 14:41:16',
  level: 'info',
  message: 'Request'
}
{
  service: 'attendance-system',
  method: 'GET',
  url: '/?_t=1771837876332',
  statusCode: 200,
  duration: '29ms',
  contentLength: '2',
  level: 'info',
  message: 'Response',
  timestamp: '2026-02-23 14:41:16'
}
{
  service: 'attendance-system',
  method: 'GET',
  url: '/api/announcements?_t=1771837880332',
  ip: '127.0.0.1',
  userAgent: 'Mozilla/5.0 (Windows NT 10.0; Win64; x64) AppleWebKit/537.36 (KHTML, like Gecko) Chrome/145.0.0.0 Safari/537.36 Edg/145.0.0.0',
  timestamp: '2026-02-23 14:41:20',
  level: 'info',
  message: 'Request'
}
{
  service: 'attendance-system',
  method: 'GET',
  url: '/?_t=1771837880332',
  statusCode: 200,
  duration: '19ms',
  contentLength: '2',
  level: 'info',
  message: 'Response',
  timestamp: '2026-02-23 14:41:20'
}
{
  service: 'attendance-system',
  method: 'GET',
  url: '/api/announcements?_t=1771837906338',
  ip: '127.0.0.1',
  userAgent: 'Mozilla/5.0 (Windows NT 10.0; Win64; x64) AppleWebKit/537.36 (KHTML, like Gecko) Chrome/145.0.0.0 Safari/537.36',
  timestamp: '2026-02-23 14:41:46',
  level: 'info',
  message: 'Request'
}
{
  service: 'attendance-system',
  method: 'GET',
  url: '/?_t=1771837906338',
  statusCode: 200,
  duration: '15ms',
  contentLength: '2',
  level: 'info',
  message: 'Response',
  timestamp: '2026-02-23 14:41:46'
}
{
  service: 'attendance-system',
  method: 'GET',
  url: '/api/announcements?_t=1771837909960',
  ip: '127.0.0.1',
  userAgent: 'Mozilla/5.0 (Windows NT 10.0; Win64; x64) AppleWebKit/537.36 (KHTML, like Gecko) Chrome/145.0.0.0 Safari/537.36 Edg/145.0.0.0',
  timestamp: '2026-02-23 14:41:49',
  level: 'info',
  message: 'Request'
}
{
  service: 'attendance-system',
  method: 'GET',
  url: '/?_t=1771837909960',
  statusCode: 200,
  duration: '13ms',
  contentLength: '2',
  level: 'info',
  message: 'Response',
  timestamp: '2026-02-23 14:41:49'
}
{
  service: 'attendance-system',
  method: 'GET',
  url: '/api/announcements?_t=1771837936330',
  ip: '127.0.0.1',
  userAgent: 'Mozilla/5.0 (Windows NT 10.0; Win64; x64) AppleWebKit/537.36 (KHTML, like Gecko) Chrome/145.0.0.0 Safari/537.36',
  timestamp: '2026-02-23 14:42:16',
  level: 'info',
  message: 'Request'
}
{
  service: 'attendance-system',
  method: 'GET',
  url: '/?_t=1771837936330',
  statusCode: 200,
  duration: '13ms',
  contentLength: '2',
  level: 'info',
  message: 'Response',
  timestamp: '2026-02-23 14:42:16'
}
{
  service: 'attendance-system',
  method: 'GET',
  url: '/api/announcements?_t=1771837940340',
  ip: '127.0.0.1',
  userAgent: 'Mozilla/5.0 (Windows NT 10.0; Win64; x64) AppleWebKit/537.36 (KHTML, like Gecko) Chrome/145.0.0.0 Safari/537.36 Edg/145.0.0.0',
  timestamp: '2026-02-23 14:42:20',
  level: 'info',
  message: 'Request'
}
{
  service: 'attendance-system',
  method: 'GET',
  url: '/?_t=1771837940340',
  statusCode: 200,
  duration: '23ms',
  contentLength: '2',
  level: 'info',
  message: 'Response',
  timestamp: '2026-02-23 14:42:20'
}
{
  service: 'attendance-system',
  method: 'GET',
  url: '/api/announcements?_t=1771837970336',
  ip: '127.0.0.1',
  userAgent: 'Mozilla/5.0 (Windows NT 10.0; Win64; x64) AppleWebKit/537.36 (KHTML, like Gecko) Chrome/145.0.0.0 Safari/537.36 Edg/145.0.0.0',
  timestamp: '2026-02-23 14:42:50',
  level: 'info',
  message: 'Request'
}
{
  service: 'attendance-system',
  method: 'GET',
  url: '/?_t=1771837970336',
  statusCode: 200,
  duration: '15ms',
  contentLength: '2',
  level: 'info',
  message: 'Response',
  timestamp: '2026-02-23 14:42:50'
}
{
  service: 'attendance-system',
  method: 'GET',
  url: '/api/announcements?_t=1771837976334',
  ip: '127.0.0.1',
  userAgent: 'Mozilla/5.0 (Windows NT 10.0; Win64; x64) AppleWebKit/537.36 (KHTML, like Gecko) Chrome/145.0.0.0 Safari/537.36',
  timestamp: '2026-02-23 14:42:56',
  level: 'info',
  message: 'Request'
}
{
  service: 'attendance-system',
  method: 'GET',
  url: '/?_t=1771837976334',
  statusCode: 200,
  duration: '15ms',
  contentLength: '2',
  level: 'info',
  message: 'Response',
  timestamp: '2026-02-23 14:42:56'
}
{
  service: 'attendance-system',
  method: 'GET',
  url: '/api/announcements?_t=1771838036339',
  ip: '127.0.0.1',
  userAgent: 'Mozilla/5.0 (Windows NT 10.0; Win64; x64) AppleWebKit/537.36 (KHTML, like Gecko) Chrome/145.0.0.0 Safari/537.36',
  timestamp: '2026-02-23 14:43:56',
  level: 'info',
  message: 'Request'
}
{
  service: 'attendance-system',
  method: 'GET',
  url: '/api/announcements?_t=1771838036340',
  ip: '127.0.0.1',
  userAgent: 'Mozilla/5.0 (Windows NT 10.0; Win64; x64) AppleWebKit/537.36 (KHTML, like Gecko) Chrome/145.0.0.0 Safari/537.36 Edg/145.0.0.0',
  timestamp: '2026-02-23 14:43:56',
  level: 'info',
  message: 'Request'
}
{
  service: 'attendance-system',
  method: 'GET',
  url: '/?_t=1771838036339',
  statusCode: 200,
  duration: '14ms',
  contentLength: '2',
  level: 'info',
  message: 'Response',
  timestamp: '2026-02-23 14:43:56'
}
{
  service: 'attendance-system',
  method: 'GET',
  url: '/?_t=1771838036340',
  statusCode: 200,
  duration: '15ms',
  contentLength: '2',
  level: 'info',
  message: 'Response',
  timestamp: '2026-02-23 14:43:56'
}
{
  service: 'attendance-system',
  method: 'GET',
  url: '/api/announcements?_t=1771838096334',
  ip: '127.0.0.1',
  userAgent: 'Mozilla/5.0 (Windows NT 10.0; Win64; x64) AppleWebKit/537.36 (KHTML, like Gecko) Chrome/145.0.0.0 Safari/537.36',
  timestamp: '2026-02-23 14:44:56',
  level: 'info',
  message: 'Request'
}
{
  service: 'attendance-system',
  method: 'GET',
  url: '/api/announcements?_t=1771838096338',
  ip: '127.0.0.1',
  userAgent: 'Mozilla/5.0 (Windows NT 10.0; Win64; x64) AppleWebKit/537.36 (KHTML, like Gecko) Chrome/145.0.0.0 Safari/537.36 Edg/145.0.0.0',
  timestamp: '2026-02-23 14:44:56',
  level: 'info',
  message: 'Request'
}
{
  service: 'attendance-system',
  method: 'GET',
  url: '/?_t=1771838096334',
  statusCode: 200,
  duration: '11ms',
  contentLength: '2',
  level: 'info',
  message: 'Response',
  timestamp: '2026-02-23 14:44:56'
}
{
  service: 'attendance-system',
  method: 'GET',
  url: '/?_t=1771838096338',
  statusCode: 200,
  duration: '14ms',
  contentLength: '2',
  level: 'info',
  message: 'Response',
  timestamp: '2026-02-23 14:44:56'
}
{
  service: 'attendance-system',
  method: 'GET',
  url: '/api/announcements?_t=1771838156344',
  ip: '127.0.0.1',
  userAgent: 'Mozilla/5.0 (Windows NT 10.0; Win64; x64) AppleWebKit/537.36 (KHTML, like Gecko) Chrome/145.0.0.0 Safari/537.36 Edg/145.0.0.0',
  timestamp: '2026-02-23 14:45:56',
  level: 'info',
  message: 'Request'
}
{
  service: 'attendance-system',
  method: 'GET',
  url: '/api/announcements?_t=1771838156347',
  ip: '127.0.0.1',
  userAgent: 'Mozilla/5.0 (Windows NT 10.0; Win64; x64) AppleWebKit/537.36 (KHTML, like Gecko) Chrome/145.0.0.0 Safari/537.36',
  timestamp: '2026-02-23 14:45:56',
  level: 'info',
  message: 'Request'
}
{
  service: 'attendance-system',
  method: 'GET',
  url: '/?_t=1771838156344',
  statusCode: 200,
  duration: '15ms',
  contentLength: '2',
  level: 'info',
  message: 'Response',
  timestamp: '2026-02-23 14:45:56'
}
{
  service: 'attendance-system',
  method: 'GET',
  url: '/?_t=1771838156347',
  statusCode: 200,
  duration: '15ms',
  contentLength: '2',
  level: 'info',
  message: 'Response',
  timestamp: '2026-02-23 14:45:56'
}
{
  service: 'attendance-system',
  method: 'GET',
  url: '/api/announcements?_t=1771838216336',
  ip: '127.0.0.1',
  userAgent: 'Mozilla/5.0 (Windows NT 10.0; Win64; x64) AppleWebKit/537.36 (KHTML, like Gecko) Chrome/145.0.0.0 Safari/537.36',
  timestamp: '2026-02-23 14:46:56',
  level: 'info',
  message: 'Request'
}
{
  service: 'attendance-system',
  method: 'GET',
  url: '/api/announcements?_t=1771838216334',
  ip: '127.0.0.1',
  userAgent: 'Mozilla/5.0 (Windows NT 10.0; Win64; x64) AppleWebKit/537.36 (KHTML, like Gecko) Chrome/145.0.0.0 Safari/537.36 Edg/145.0.0.0',
  timestamp: '2026-02-23 14:46:56',
  level: 'info',
  message: 'Request'
}
{
  service: 'attendance-system',
  method: 'GET',
  url: '/?_t=1771838216336',
  statusCode: 200,
  duration: '15ms',
  contentLength: '2',
  level: 'info',
  message: 'Response',
  timestamp: '2026-02-23 14:46:56'
}
{
  service: 'attendance-system',
  method: 'GET',
  url: '/?_t=1771838216334',
  statusCode: 200,
  duration: '16ms',
  contentLength: '2',
  level: 'info',
  message: 'Response',
  timestamp: '2026-02-23 14:46:56'
}
{
  service: 'attendance-system',
  method: 'GET',
  url: '/api/announcements?_t=1771838276331',
  ip: '127.0.0.1',
  userAgent: 'Mozilla/5.0 (Windows NT 10.0; Win64; x64) AppleWebKit/537.36 (KHTML, like Gecko) Chrome/145.0.0.0 Safari/537.36',
  timestamp: '2026-02-23 14:47:56',
  level: 'info',
  message: 'Request'
}
{
  service: 'attendance-system',
  method: 'GET',
  url: '/api/announcements?_t=1771838276333',
  ip: '127.0.0.1',
  userAgent: 'Mozilla/5.0 (Windows NT 10.0; Win64; x64) AppleWebKit/537.36 (KHTML, like Gecko) Chrome/145.0.0.0 Safari/537.36 Edg/145.0.0.0',
  timestamp: '2026-02-23 14:47:56',
  level: 'info',
  message: 'Request'
}
{
  service: 'attendance-system',
  method: 'GET',
  url: '/?_t=1771838276331',
  statusCode: 200,
  duration: '46ms',
  contentLength: '2',
  level: 'info',
  message: 'Response',
  timestamp: '2026-02-23 14:47:56'
}
{
  service: 'attendance-system',
  method: 'GET',
  url: '/?_t=1771838276333',
  statusCode: 200,
  duration: '63ms',
  contentLength: '2',
  level: 'info',
  message: 'Response',
  timestamp: '2026-02-23 14:47:56'
}
{
  service: 'attendance-system',
  method: 'GET',
  url: '/api/announcements?_t=1771838334385',
  ip: '127.0.0.1',
  userAgent: 'Mozilla/5.0 (Windows NT 10.0; Win64; x64) AppleWebKit/537.36 (KHTML, like Gecko) Chrome/145.0.0.0 Safari/537.36',
  timestamp: '2026-02-23 14:48:54',
  level: 'info',
  message: 'Request'
}
{
  service: 'attendance-system',
  method: 'GET',
  url: '/?_t=1771838334385',
  statusCode: 200,
  duration: '16ms',
  contentLength: '2',
  level: 'info',
  message: 'Response',
  timestamp: '2026-02-23 14:48:54'
}
{
  service: 'attendance-system',
  method: 'GET',
  url: '/api/admin/leave-years/active?_t=1771838334920',
  ip: '127.0.0.1',
  userAgent: 'Mozilla/5.0 (Windows NT 10.0; Win64; x64) AppleWebKit/537.36 (KHTML, like Gecko) Chrome/145.0.0.0 Safari/537.36 Edg/145.0.0.0',
  timestamp: '2026-02-23 14:48:54',
  level: 'info',
  message: 'Request'
}
{
  service: 'attendance-system',
  method: 'GET',
  url: '/api/auth/me?_t=1771838334920',
  ip: '127.0.0.1',
  userAgent: 'Mozilla/5.0 (Windows NT 10.0; Win64; x64) AppleWebKit/537.36 (KHTML, like Gecko) Chrome/145.0.0.0 Safari/537.36 Edg/145.0.0.0',
  timestamp: '2026-02-23 14:48:54',
  level: 'info',
  message: 'Request'
}
{
  service: 'attendance-system',
  method: 'GET',
  url: '/api/admin/leave-years/active?_t=1771838334920',
  ip: '127.0.0.1',
  userAgent: 'Mozilla/5.0 (Windows NT 10.0; Win64; x64) AppleWebKit/537.36 (KHTML, like Gecko) Chrome/145.0.0.0 Safari/537.36 Edg/145.0.0.0',
  timestamp: '2026-02-23 14:48:54',
  level: 'info',
  message: 'Request'
}
{
  service: 'attendance-system',
  method: 'GET',
  url: '/active?_t=1771838334920',
  statusCode: 200,
  duration: '27ms',
  contentLength: '194',
  level: 'info',
  message: 'Response',
  timestamp: '2026-02-23 14:48:54'
}
{
  service: 'attendance-system',
  method: 'GET',
  url: '/active?_t=1771838334920',
  statusCode: 200,
  duration: '16ms',
  contentLength: '194',
  level: 'info',
  message: 'Response',
  timestamp: '2026-02-23 14:48:54'
}
{
  service: 'attendance-system',
  method: 'GET',
  url: '/me?_t=1771838334920',
  statusCode: 200,
  duration: '34ms',
  contentLength: '1282',
  level: 'info',
  message: 'Response',
  timestamp: '2026-02-23 14:48:54'
}
{
  service: 'attendance-system',
  method: 'GET',
  url: '/api/announcements/last-read?_t=1771838335014',
  ip: '127.0.0.1',
  userAgent: 'Mozilla/5.0 (Windows NT 10.0; Win64; x64) AppleWebKit/537.36 (KHTML, like Gecko) Chrome/145.0.0.0 Safari/537.36 Edg/145.0.0.0',
  timestamp: '2026-02-23 14:48:55',
  level: 'info',
  message: 'Request'
}
{
  service: 'attendance-system',
  method: 'GET',
  url: '/api/new-notifications?_t=1771838335014',
  ip: '127.0.0.1',
  userAgent: 'Mozilla/5.0 (Windows NT 10.0; Win64; x64) AppleWebKit/537.36 (KHTML, like Gecko) Chrome/145.0.0.0 Safari/537.36 Edg/145.0.0.0',
  timestamp: '2026-02-23 14:48:55',
  level: 'info',
  message: 'Request'
}
{
  service: 'attendance-system',
  method: 'GET',
  url: '/api/attendance/current-status?_t=1771838335014',
  ip: '127.0.0.1',
  userAgent: 'Mozilla/5.0 (Windows NT 10.0; Win64; x64) AppleWebKit/537.36 (KHTML, like Gecko) Chrome/145.0.0.0 Safari/537.36 Edg/145.0.0.0',
  timestamp: '2026-02-23 14:48:55',
  level: 'info',
  message: 'Request'
}
{
  service: 'attendance-system',
  method: 'GET',
  url: '/last-read?_t=1771838335014',
  statusCode: 200,
  duration: '28ms',
  contentLength: '43',
  level: 'info',
  message: 'Response',
  timestamp: '2026-02-23 14:48:55'
}
{
  service: 'attendance-system',
  method: 'GET',
  url: '/api/announcements/last-read?_t=1771838335019',
  ip: '127.0.0.1',
  userAgent: 'Mozilla/5.0 (Windows NT 10.0; Win64; x64) AppleWebKit/537.36 (KHTML, like Gecko) Chrome/145.0.0.0 Safari/537.36 Edg/145.0.0.0',
  timestamp: '2026-02-23 14:48:55',
  level: 'info',
  message: 'Request'
}
{
  service: 'attendance-system',
  method: 'GET',
  url: '/api/announcements/last-read?_t=1771838335014',
  ip: '127.0.0.1',
  userAgent: 'Mozilla/5.0 (Windows NT 10.0; Win64; x64) AppleWebKit/537.36 (KHTML, like Gecko) Chrome/145.0.0.0 Safari/537.36 Edg/145.0.0.0',
  timestamp: '2026-02-23 14:48:55',
  level: 'info',
  message: 'Request'
}
{
  service: 'attendance-system',
  method: 'GET',
  url: '/last-read?_t=1771838335019',
  statusCode: 200,
  duration: '15ms',
  contentLength: '43',
  level: 'info',
  message: 'Response',
  timestamp: '2026-02-23 14:48:55'
}
{
  service: 'attendance-system',
  method: 'GET',
  url: '/api/announcements?_t=1771838335061',
  ip: '127.0.0.1',
  userAgent: 'Mozilla/5.0 (Windows NT 10.0; Win64; x64) AppleWebKit/537.36 (KHTML, like Gecko) Chrome/145.0.0.0 Safari/537.36 Edg/145.0.0.0',
  timestamp: '2026-02-23 14:48:55',
  level: 'info',
  message: 'Request'
}
{
  service: 'attendance-system',
  method: 'GET',
  url: '/current-status?_t=1771838335014',
  statusCode: 200,
  duration: '44ms',
  contentLength: '102',
  level: 'info',
  message: 'Response',
  timestamp: '2026-02-23 14:48:55'
}
{
  service: 'attendance-system',
  method: 'GET',
  url: '/?_t=1771838335014',
  statusCode: 200,
  duration: '57ms',
  contentLength: '26639',
  level: 'info',
  message: 'Response',
  timestamp: '2026-02-23 14:48:55'
}
{
  service: 'attendance-system',
  method: 'GET',
  url: '/api/announcements?_t=1771838335075',
  ip: '127.0.0.1',
  userAgent: 'Mozilla/5.0 (Windows NT 10.0; Win64; x64) AppleWebKit/537.36 (KHTML, like Gecko) Chrome/145.0.0.0 Safari/537.36 Edg/145.0.0.0',
  timestamp: '2026-02-23 14:48:55',
  level: 'info',
  message: 'Request'
}
{
  service: 'attendance-system',
  method: 'GET',
  url: '/last-read?_t=1771838335014',
  statusCode: 304,
  duration: '29ms',
  contentLength: 0,
  level: 'info',
  message: 'Response',
  timestamp: '2026-02-23 14:48:55'
}
{
  service: 'attendance-system',
  method: 'GET',
  url: '/?_t=1771838335061',
  statusCode: 200,
  duration: '22ms',
  contentLength: '2',
  level: 'info',
  message: 'Response',
  timestamp: '2026-02-23 14:48:55'
}
{
  service: 'attendance-system',
  method: 'GET',
  url: '/api/admin/employees?all=true&slim=true&_t=1771838335092',
  ip: '127.0.0.1',
  userAgent: 'Mozilla/5.0 (Windows NT 10.0; Win64; x64) AppleWebKit/537.36 (KHTML, like Gecko) Chrome/145.0.0.0 Safari/537.36 Edg/145.0.0.0',
  timestamp: '2026-02-23 14:48:55',
  level: 'info',
  message: 'Request'
}
{
  service: 'attendance-system',
  method: 'GET',
  url: '/?_t=1771838335075',
  statusCode: 200,
  duration: '18ms',
  contentLength: '2',
  level: 'info',
  message: 'Response',
  timestamp: '2026-02-23 14:48:55'
}
{
  service: 'attendance-system',
  method: 'GET',
  url: '/api/announcements?_t=1771838335103',
  ip: '127.0.0.1',
  userAgent: 'Mozilla/5.0 (Windows NT 10.0; Win64; x64) AppleWebKit/537.36 (KHTML, like Gecko) Chrome/145.0.0.0 Safari/537.36 Edg/145.0.0.0',
  timestamp: '2026-02-23 14:48:55',
  level: 'info',
  message: 'Request'
}
{
  service: 'attendance-system',
  method: 'GET',
  url: '/api/announcements?_t=1771838335105',
  ip: '127.0.0.1',
  userAgent: 'Mozilla/5.0 (Windows NT 10.0; Win64; x64) AppleWebKit/537.36 (KHTML, like Gecko) Chrome/145.0.0.0 Safari/537.36 Edg/145.0.0.0',
  timestamp: '2026-02-23 14:48:55',
  level: 'info',
  message: 'Request'
}
{
  service: 'attendance-system',
  method: 'GET',
  url: '/?_t=1771838335103',
  statusCode: 200,
  duration: '14ms',
  contentLength: '2',
  level: 'info',
  message: 'Response',
  timestamp: '2026-02-23 14:48:55'
}
{
  service: 'attendance-system',
  method: 'GET',
  url: '/?_t=1771838335105',
  statusCode: 200,
  duration: '14ms',
  contentLength: '2',
  level: 'info',
  message: 'Response',
  timestamp: '2026-02-23 14:48:55'
}
{
  service: 'attendance-system',
  method: 'GET',
  url: '/?all=true&slim=true&_t=1771838335092',
  statusCode: 200,
  duration: '33ms',
  contentLength: '10512',
  level: 'info',
  message: 'Response',
  timestamp: '2026-02-23 14:48:55'
}
{
  service: 'attendance-system',
  method: 'GET',
  url: '/api/admin/employees?all=true&slim=true&_t=1771838335092',
  ip: '127.0.0.1',
  userAgent: 'Mozilla/5.0 (Windows NT 10.0; Win64; x64) AppleWebKit/537.36 (KHTML, like Gecko) Chrome/145.0.0.0 Safari/537.36 Edg/145.0.0.0',
  timestamp: '2026-02-23 14:48:55',
  level: 'info',
  message: 'Request'
}
{
  service: 'attendance-system',
  method: 'GET',
  url: '/?all=true&slim=true&_t=1771838335092',
  statusCode: 304,
  duration: '23ms',
  contentLength: 0,
  level: 'info',
  message: 'Response',
  timestamp: '2026-02-23 14:48:55'
}
{
  service: 'attendance-system',
  method: 'GET',
  url: '/api/announcements?_t=1771838336336',
  ip: '127.0.0.1',
  userAgent: 'Mozilla/5.0 (Windows NT 10.0; Win64; x64) AppleWebKit/537.36 (KHTML, like Gecko) Chrome/145.0.0.0 Safari/537.36',
  timestamp: '2026-02-23 14:48:56',
  level: 'info',
  message: 'Request'
}
{
  service: 'attendance-system',
  method: 'GET',
  url: '/?_t=1771838336336',
  statusCode: 200,
  duration: '12ms',
  contentLength: '2',
  level: 'info',
  message: 'Response',
  timestamp: '2026-02-23 14:48:56'
}
{
  service: 'attendance-system',
  method: 'GET',
  url: '/api/attendance/summary?startDate=2026-02-22&endDate=2026-02-28&userId=68d29f4cce5f5ad421bb6f93&includeHolidays=true&_t=1771838338301',
  ip: '127.0.0.1',
  userAgent: 'Mozilla/5.0 (Windows NT 10.0; Win64; x64) AppleWebKit/537.36 (KHTML, like Gecko) Chrome/145.0.0.0 Safari/537.36 Edg/145.0.0.0',
  timestamp: '2026-02-23 14:48:58',
  level: 'info',
  message: 'Request'
}
{
  service: 'attendance-system',
  method: 'GET',
  url: '/summary?startDate=2026-02-22&endDate=2026-02-28&userId=68d29f4cce5f5ad421bb6f93&includeHolidays=true&_t=1771838338301',
  statusCode: 200,
  duration: '347ms',
  contentLength: '6104',
  level: 'info',
  message: 'Response',
  timestamp: '2026-02-23 14:48:58'
}
{
  service: 'attendance-system',
  method: 'GET',
  url: '/api/attendance/summary?startDate=2026-02-01&endDate=2026-02-28&userId=68d29f4cce5f5ad421bb6f93&includeHolidays=true&_t=1771838339211',
  ip: '127.0.0.1',
  userAgent: 'Mozilla/5.0 (Windows NT 10.0; Win64; x64) AppleWebKit/537.36 (KHTML, like Gecko) Chrome/145.0.0.0 Safari/537.36 Edg/145.0.0.0',
  timestamp: '2026-02-23 14:48:59',
  level: 'info',
  message: 'Request'
}
{
  service: 'attendance-system',
  method: 'GET',
  url: '/summary?startDate=2026-02-01&endDate=2026-02-28&userId=68d29f4cce5f5ad421bb6f93&includeHolidays=true&_t=1771838339211',
  statusCode: 200,
  duration: '64ms',
  contentLength: '28673',
  level: 'info',
  message: 'Response',
  timestamp: '2026-02-23 14:48:59'
}
{
  service: 'attendance-system',
  method: 'GET',
  url: '/api/announcements?_t=1771838365117',
  ip: '127.0.0.1',
  userAgent: 'Mozilla/5.0 (Windows NT 10.0; Win64; x64) AppleWebKit/537.36 (KHTML, like Gecko) Chrome/145.0.0.0 Safari/537.36 Edg/145.0.0.0',
  timestamp: '2026-02-23 14:49:25',
  level: 'info',
  message: 'Request'
}
{
  service: 'attendance-system',
  method: 'GET',
  url: '/?_t=1771838365117',
  statusCode: 200,
  duration: '22ms',
  contentLength: '2',
  level: 'info',
  message: 'Response',
  timestamp: '2026-02-23 14:49:25'
}
{
  service: 'attendance-system',
  method: 'GET',
  url: '/api/announcements?_t=1771838395105',
  ip: '127.0.0.1',
  userAgent: 'Mozilla/5.0 (Windows NT 10.0; Win64; x64) AppleWebKit/537.36 (KHTML, like Gecko) Chrome/145.0.0.0 Safari/537.36 Edg/145.0.0.0',
  timestamp: '2026-02-23 14:49:55',
  level: 'info',
  message: 'Request'
}
{
  service: 'attendance-system',
  method: 'GET',
  url: '/?_t=1771838395105',
  statusCode: 200,
  duration: '19ms',
  contentLength: '2',
  level: 'info',
  message: 'Response',
  timestamp: '2026-02-23 14:49:55'
}
{
  service: 'attendance-system',
  method: 'GET',
  url: '/api/announcements?_t=1771838396326',
  ip: '127.0.0.1',
  userAgent: 'Mozilla/5.0 (Windows NT 10.0; Win64; x64) AppleWebKit/537.36 (KHTML, like Gecko) Chrome/145.0.0.0 Safari/537.36',
  timestamp: '2026-02-23 14:49:56',
  level: 'info',
  message: 'Request'
}
{
  service: 'attendance-system',
  method: 'GET',
  url: '/?_t=1771838396326',
  statusCode: 200,
  duration: '15ms',
  contentLength: '2',
  level: 'info',
  message: 'Response',
  timestamp: '2026-02-23 14:49:56'
}
{
  service: 'attendance-system',
  method: 'GET',
  url: '/api/announcements?_t=1771838425104',
  ip: '127.0.0.1',
  userAgent: 'Mozilla/5.0 (Windows NT 10.0; Win64; x64) AppleWebKit/537.36 (KHTML, like Gecko) Chrome/145.0.0.0 Safari/537.36 Edg/145.0.0.0',
  timestamp: '2026-02-23 14:50:25',
  level: 'info',
  message: 'Request'
}
{
  service: 'attendance-system',
  method: 'GET',
  url: '/?_t=1771838425104',
  statusCode: 200,
  duration: '13ms',
  contentLength: '2',
  level: 'info',
  message: 'Response',
  timestamp: '2026-02-23 14:50:25'
}
{
  service: 'attendance-system',
  method: 'GET',
  url: '/api/announcements?_t=1771838455118',
  ip: '127.0.0.1',
  userAgent: 'Mozilla/5.0 (Windows NT 10.0; Win64; x64) AppleWebKit/537.36 (KHTML, like Gecko) Chrome/145.0.0.0 Safari/537.36 Edg/145.0.0.0',
  timestamp: '2026-02-23 14:50:55',
  level: 'info',
  message: 'Request'
}
{
  service: 'attendance-system',
  method: 'GET',
  url: '/?_t=1771838455118',
  statusCode: 200,
  duration: '14ms',
  contentLength: '2',
  level: 'info',
  message: 'Response',
  timestamp: '2026-02-23 14:50:55'
}
{
  service: 'attendance-system',
  method: 'GET',
  url: '/api/announcements?_t=1771838456328',
  ip: '127.0.0.1',
  userAgent: 'Mozilla/5.0 (Windows NT 10.0; Win64; x64) AppleWebKit/537.36 (KHTML, like Gecko) Chrome/145.0.0.0 Safari/537.36',
  timestamp: '2026-02-23 14:50:56',
  level: 'info',
  message: 'Request'
}
{
  service: 'attendance-system',
  method: 'GET',
  url: '/?_t=1771838456328',
  statusCode: 200,
  duration: '17ms',
  contentLength: '2',
  level: 'info',
  message: 'Response',
  timestamp: '2026-02-23 14:50:56'
}
{
  service: 'attendance-system',
  method: 'GET',
  url: '/api/admin/employees?all=true&_t=1771838473020',
  ip: '127.0.0.1',
  userAgent: 'Mozilla/5.0 (Windows NT 10.0; Win64; x64) AppleWebKit/537.36 (KHTML, like Gecko) Chrome/145.0.0.0 Safari/537.36 Edg/145.0.0.0',
  timestamp: '2026-02-23 14:51:13',
  level: 'info',
  message: 'Request'
}
{
  service: 'attendance-system',
  method: 'GET',
  url: '/api/admin/leaves/all?page=1&limit=10',
  ip: '127.0.0.1',
  userAgent: 'Mozilla/5.0 (Windows NT 10.0; Win64; x64) AppleWebKit/537.36 (KHTML, like Gecko) Chrome/145.0.0.0 Safari/537.36 Edg/145.0.0.0',
  timestamp: '2026-02-23 14:51:13',
  level: 'info',
  message: 'Request'
}
{
  service: 'attendance-system',
  method: 'GET',
  url: '/leaves/all?page=1&limit=10',
  statusCode: 304,
  duration: '26ms',
  contentLength: 0,
  level: 'info',
  message: 'Response',
  timestamp: '2026-02-23 14:51:13'
}
{
  service: 'attendance-system',
  method: 'GET',
  url: '/?all=true&_t=1771838473020',
  statusCode: 200,
  duration: '49ms',
  contentLength: '27292',
  level: 'info',
  message: 'Response',
  timestamp: '2026-02-23 14:51:13'
}
{
  service: 'attendance-system',
  method: 'GET',
  url: '/api/analytics/monthly-context-settings?_t=1771838473185',
  ip: '127.0.0.1',
  userAgent: 'Mozilla/5.0 (Windows NT 10.0; Win64; x64) AppleWebKit/537.36 (KHTML, like Gecko) Chrome/145.0.0.0 Safari/537.36 Edg/145.0.0.0',
  timestamp: '2026-02-23 14:51:13',
  level: 'info',
  message: 'Request'
}
{
  service: 'attendance-system',
  method: 'GET',
  path: '/analytics/monthly-context-settings',
  query: [Object: null prototype] { _t: '1771838473185' },
  headers: { authorization: 'present', origin: undefined },
  level: 'warn',
  message: '[404] API route not found: GET /analytics/monthly-context-settings',
  timestamp: '2026-02-23 14:51:13'
}
{
  service: 'attendance-system',
  method: 'GET',
  url: '/analytics/monthly-context-settings?_t=1771838473185',
  statusCode: 404,
  duration: '1ms',
  contentLength: '200',
  level: 'info',
  message: 'Response',
  timestamp: '2026-02-23 14:51:13'
}
{
  service: 'attendance-system',
  method: 'GET',
  url: '/api/analytics/monthly-context-settings?_t=1771838473185',
  ip: '127.0.0.1',
  userAgent: 'Mozilla/5.0 (Windows NT 10.0; Win64; x64) AppleWebKit/537.36 (KHTML, like Gecko) Chrome/145.0.0.0 Safari/537.36 Edg/145.0.0.0',
  timestamp: '2026-02-23 14:51:13',
  level: 'info',
  message: 'Request'
}
{
  service: 'attendance-system',
  method: 'GET',
  path: '/analytics/monthly-context-settings',
  query: [Object: null prototype] { _t: '1771838473185' },
  headers: { authorization: 'present', origin: undefined },
  level: 'warn',
  message: '[404] API route not found: GET /analytics/monthly-context-settings',
  timestamp: '2026-02-23 14:51:13'
}
{
  service: 'attendance-system',
  method: 'GET',
  url: '/analytics/monthly-context-settings?_t=1771838473185',
  statusCode: 404,
  duration: '2ms',
  contentLength: '200',
  level: 'info',
  message: 'Response',
  timestamp: '2026-02-23 14:51:13'
}
{
  service: 'attendance-system',
  method: 'GET',
  url: '/api/analytics/monthly-context-settings?_t=1771838473185',
  ip: '127.0.0.1',
  userAgent: 'Mozilla/5.0 (Windows NT 10.0; Win64; x64) AppleWebKit/537.36 (KHTML, like Gecko) Chrome/145.0.0.0 Safari/537.36 Edg/145.0.0.0',
  timestamp: '2026-02-23 14:51:13',
  level: 'info',
  message: 'Request'
}
{
  service: 'attendance-system',
  method: 'GET',
  path: '/analytics/monthly-context-settings',
  query: [Object: null prototype] { _t: '1771838473185' },
  headers: { authorization: 'present', origin: undefined },
  level: 'warn',
  message: '[404] API route not found: GET /analytics/monthly-context-settings',
  timestamp: '2026-02-23 14:51:13'
}
{
  service: 'attendance-system',
  method: 'GET',
  url: '/analytics/monthly-context-settings?_t=1771838473185',
  statusCode: 404,
  duration: '1ms',
  contentLength: '200',
  level: 'info',
  message: 'Response',
  timestamp: '2026-02-23 14:51:13'
}
{
  service: 'attendance-system',
  method: 'GET',
  url: '/api/admin/leaves/analytics/counts?month=2&year=2026&role=Employee',
  ip: '127.0.0.1',
  userAgent: 'Mozilla/5.0 (Windows NT 10.0; Win64; x64) AppleWebKit/537.36 (KHTML, like Gecko) Chrome/145.0.0.0 Safari/537.36 Edg/145.0.0.0',
  timestamp: '2026-02-23 14:51:13',
  level: 'info',
  message: 'Request'
}
{
  service: 'attendance-system',
  method: 'GET',
  url: '/api/admin/leaves/analytics/counts?month=2&year=2026&role=Intern',
  ip: '127.0.0.1',
  userAgent: 'Mozilla/5.0 (Windows NT 10.0; Win64; x64) AppleWebKit/537.36 (KHTML, like Gecko) Chrome/145.0.0.0 Safari/537.36 Edg/145.0.0.0',
  timestamp: '2026-02-23 14:51:13',
  level: 'info',
  message: 'Request'
}
{
  service: 'attendance-system',
  method: 'GET',
  url: '/api/analytics/monthly-context-settings?_t=1771838473185',
  ip: '127.0.0.1',
  userAgent: 'Mozilla/5.0 (Windows NT 10.0; Win64; x64) AppleWebKit/537.36 (KHTML, like Gecko) Chrome/145.0.0.0 Safari/537.36 Edg/145.0.0.0',
  timestamp: '2026-02-23 14:51:13',
  level: 'info',
  message: 'Request'
}
{
  service: 'attendance-system',
  method: 'GET',
  path: '/analytics/monthly-context-settings',
  query: [Object: null prototype] { _t: '1771838473185' },
  headers: { authorization: 'present', origin: undefined },
  level: 'warn',
  message: '[404] API route not found: GET /analytics/monthly-context-settings',
  timestamp: '2026-02-23 14:51:13'
}
{
  service: 'attendance-system',
  method: 'GET',
  url: '/analytics/monthly-context-settings?_t=1771838473185',
  statusCode: 404,
  duration: '2ms',
  contentLength: '200',
  level: 'info',
  message: 'Response',
  timestamp: '2026-02-23 14:51:13'
}
{
  service: 'attendance-system',
  method: 'GET',
  url: '/leaves/analytics/counts?month=2&year=2026&role=Employee',
  statusCode: 200,
  duration: '40ms',
  contentLength: '1932',
  level: 'info',
  message: 'Response',
  timestamp: '2026-02-23 14:51:13'
}
{
  service: 'attendance-system',
  method: 'GET',
  url: '/leaves/analytics/counts?month=2&year=2026&role=Intern',
  statusCode: 304,
  duration: '37ms',
  contentLength: 0,
  level: 'info',
  message: 'Response',
  timestamp: '2026-02-23 14:51:13'
}
{
  service: 'attendance-system',
  method: 'GET',
  url: '/api/attendance/actual-work-days?month=2&year=2026&_t=1771838473322',
  ip: '127.0.0.1',
  userAgent: 'Mozilla/5.0 (Windows NT 10.0; Win64; x64) AppleWebKit/537.36 (KHTML, like Gecko) Chrome/145.0.0.0 Safari/537.36 Edg/145.0.0.0',
  timestamp: '2026-02-23 14:51:13',
  level: 'info',
  message: 'Request'
}
{
  service: 'attendance-system',
  method: 'GET',
  url: '/actual-work-days?month=2&year=2026&_t=1771838473322',
  statusCode: 200,
  duration: '86ms',
  contentLength: '5941',
  level: 'info',
  message: 'Response',
  timestamp: '2026-02-23 14:51:13'
}
{
  service: 'attendance-system',
  method: 'GET',
  url: '/api/attendance/actual-work-days?month=2&year=2026&_t=1771838473427',
  ip: '127.0.0.1',
  userAgent: 'Mozilla/5.0 (Windows NT 10.0; Win64; x64) AppleWebKit/537.36 (KHTML, like Gecko) Chrome/145.0.0.0 Safari/537.36 Edg/145.0.0.0',
  timestamp: '2026-02-23 14:51:13',
  level: 'info',
  message: 'Request'
}
{
  service: 'attendance-system',
  method: 'GET',
  url: '/actual-work-days?month=2&year=2026&_t=1771838473427',
  statusCode: 200,
  duration: '98ms',
  contentLength: '5941',
  level: 'info',
  message: 'Response',
  timestamp: '2026-02-23 14:51:13'
}
{
  service: 'attendance-system',
  method: 'GET',
  url: '/api/admin/dashboard-summary?includePendingLeaves=true',
  ip: '127.0.0.1',
  userAgent: 'Mozilla/5.0 (Windows NT 10.0; Win64; x64) AppleWebKit/537.36 (KHTML, like Gecko) Chrome/145.0.0.0 Safari/537.36 Edg/145.0.0.0',
  timestamp: '2026-02-23 14:51:24',
  level: 'info',
  message: 'Request'
}
{
  service: 'attendance-system',
  method: 'GET',
  url: '/api/announcements?_t=1771838485110',
  ip: '127.0.0.1',
  userAgent: 'Mozilla/5.0 (Windows NT 10.0; Win64; x64) AppleWebKit/537.36 (KHTML, like Gecko) Chrome/145.0.0.0 Safari/537.36 Edg/145.0.0.0',
  timestamp: '2026-02-23 14:51:25',
  level: 'info',
  message: 'Request'
}
{
  service: 'attendance-system',
  method: 'GET',
  url: '/?_t=1771838485110',
  statusCode: 200,
  duration: '17ms',
  contentLength: '2',
  level: 'info',
  message: 'Response',
  timestamp: '2026-02-23 14:51:25'
}
{
  service: 'attendance-system',
  method: 'GET',
  url: '/dashboard-summary?includePendingLeaves=true',
  statusCode: 304,
  duration: '218ms',
  contentLength: 0,
  level: 'info',
  message: 'Response',
  timestamp: '2026-02-23 14:51:25'
}
{
  service: 'attendance-system',
  method: 'GET',
  url: '/api/admin/dashboard-summary?includePendingLeaves=true',
  ip: '127.0.0.1',
  userAgent: 'Mozilla/5.0 (Windows NT 10.0; Win64; x64) AppleWebKit/537.36 (KHTML, like Gecko) Chrome/145.0.0.0 Safari/537.36 Edg/145.0.0.0',
  timestamp: '2026-02-23 14:51:25',
  level: 'info',
  message: 'Request'
}
{
  service: 'attendance-system',
  method: 'GET',
  url: '/dashboard-summary?includePendingLeaves=true',
  statusCode: 304,
  duration: '33ms',
  contentLength: 0,
  level: 'info',
  message: 'Response',
  timestamp: '2026-02-23 14:51:25'
}
{
  service: 'attendance-system',
  method: 'GET',
  url: '/api/announcements?_t=1771838515108',
  ip: '127.0.0.1',
  userAgent: 'Mozilla/5.0 (Windows NT 10.0; Win64; x64) AppleWebKit/537.36 (KHTML, like Gecko) Chrome/145.0.0.0 Safari/537.36 Edg/145.0.0.0',
  timestamp: '2026-02-23 14:51:55',
  level: 'info',
  message: 'Request'
}
{
  service: 'attendance-system',
  method: 'GET',
  url: '/?_t=1771838515108',
  statusCode: 200,
  duration: '16ms',
  contentLength: '2',
  level: 'info',
  message: 'Response',
  timestamp: '2026-02-23 14:51:55'
}
{
  service: 'attendance-system',
  method: 'GET',
  url: '/api/announcements?_t=1771838516330',
  ip: '127.0.0.1',
  userAgent: 'Mozilla/5.0 (Windows NT 10.0; Win64; x64) AppleWebKit/537.36 (KHTML, like Gecko) Chrome/145.0.0.0 Safari/537.36',
  timestamp: '2026-02-23 14:51:56',
  level: 'info',
  message: 'Request'
}
{
  service: 'attendance-system',
  method: 'GET',
  url: '/?_t=1771838516330',
  statusCode: 200,
  duration: '17ms',
  contentLength: '2',
  level: 'info',
  message: 'Response',
  timestamp: '2026-02-23 14:51:56'
}
{
  service: 'attendance-system',
  method: 'GET',
  url: '/api/admin/employees?all=true&slim=true&_t=1771838531444',
  ip: '127.0.0.1',
  userAgent: 'Mozilla/5.0 (Windows NT 10.0; Win64; x64) AppleWebKit/537.36 (KHTML, like Gecko) Chrome/145.0.0.0 Safari/537.36 Edg/145.0.0.0',
  timestamp: '2026-02-23 14:52:11',
  level: 'info',
  message: 'Request'
}
{
  service: 'attendance-system',
  method: 'GET',
  url: '/?all=true&slim=true&_t=1771838531444',
  statusCode: 200,
  duration: '30ms',
  contentLength: '10512',
  level: 'info',
  message: 'Response',
  timestamp: '2026-02-23 14:52:11'
}
{
  service: 'attendance-system',
  method: 'GET',
  url: '/api/admin/employees?all=true&slim=true&_t=1771838531444',
  ip: '127.0.0.1',
  userAgent: 'Mozilla/5.0 (Windows NT 10.0; Win64; x64) AppleWebKit/537.36 (KHTML, like Gecko) Chrome/145.0.0.0 Safari/537.36 Edg/145.0.0.0',
  timestamp: '2026-02-23 14:52:11',
  level: 'info',
  message: 'Request'
}
{
  service: 'attendance-system',
  method: 'GET',
  url: '/?all=true&slim=true&_t=1771838531444',
  statusCode: 304,
  duration: '28ms',
  contentLength: 0,
  level: 'info',
  message: 'Response',
  timestamp: '2026-02-23 14:52:11'
}
{
  service: 'attendance-system',
  method: 'GET',
  url: '/api/admin/dashboard-employees/present?page=1&limit=50&_t=1771838537276',
  ip: '127.0.0.1',
  userAgent: 'Mozilla/5.0 (Windows NT 10.0; Win64; x64) AppleWebKit/537.36 (KHTML, like Gecko) Chrome/145.0.0.0 Safari/537.36 Edg/145.0.0.0',
  timestamp: '2026-02-23 14:52:17',
  level: 'info',
  message: 'Request'
}
{
  service: 'attendance-system',
  method: 'GET',
  url: '/dashboard-employees/present?page=1&limit=50&_t=1771838537276',
  statusCode: 200,
  duration: '38ms',
  contentLength: '7131',
  level: 'info',
  message: 'Response',
  timestamp: '2026-02-23 14:52:17'
}
{
  service: 'attendance-system',
  method: 'GET',
  url: '/api/admin/dashboard-employees/present?page=1&limit=50&_t=1771838539160',
  ip: '127.0.0.1',
  userAgent: 'Mozilla/5.0 (Windows NT 10.0; Win64; x64) AppleWebKit/537.36 (KHTML, like Gecko) Chrome/145.0.0.0 Safari/537.36 Edg/145.0.0.0',
  timestamp: '2026-02-23 14:52:19',
  level: 'info',
  message: 'Request'
}
{
  service: 'attendance-system',
  method: 'GET',
  url: '/dashboard-employees/present?page=1&limit=50&_t=1771838539160',
  statusCode: 200,
  duration: '41ms',
  contentLength: '7131',
  level: 'info',
  message: 'Response',
  timestamp: '2026-02-23 14:52:19'
}
{
  service: 'attendance-system',
  method: 'GET',
  url: '/api/announcements?_t=1771838545111',
  ip: '127.0.0.1',
  userAgent: 'Mozilla/5.0 (Windows NT 10.0; Win64; x64) AppleWebKit/537.36 (KHTML, like Gecko) Chrome/145.0.0.0 Safari/537.36 Edg/145.0.0.0',
  timestamp: '2026-02-23 14:52:25',
  level: 'info',
  message: 'Request'
}
{
  service: 'attendance-system',
  method: 'GET',
  url: '/?_t=1771838545111',
  statusCode: 200,
  duration: '21ms',
  contentLength: '2',
  level: 'info',
  message: 'Response',
  timestamp: '2026-02-23 14:52:25'
}
{
  service: 'attendance-system',
  method: 'GET',
  url: '/api/announcements?_t=1771838575331',
  ip: '127.0.0.1',
  userAgent: 'Mozilla/5.0 (Windows NT 10.0; Win64; x64) AppleWebKit/537.36 (KHTML, like Gecko) Chrome/145.0.0.0 Safari/537.36 Edg/145.0.0.0',
  timestamp: '2026-02-23 14:52:55',
  level: 'info',
  message: 'Request'
}
{
  service: 'attendance-system',
  method: 'GET',
  url: '/?_t=1771838575331',
  statusCode: 200,
  duration: '13ms',
  contentLength: '2',
  level: 'info',
  message: 'Response',
  timestamp: '2026-02-23 14:52:55'
}
{
  service: 'attendance-system',
  method: 'GET',
  url: '/api/announcements?_t=1771840064005',
  ip: '127.0.0.1',
  userAgent: 'Mozilla/5.0 (Windows NT 10.0; Win64; x64) AppleWebKit/537.36 (KHTML, like Gecko) Chrome/145.0.0.0 Safari/537.36 Edg/145.0.0.0',
  timestamp: '2026-02-23 15:17:44',
  level: 'info',
  message: 'Request'
}
{
  service: 'attendance-system',
  method: 'GET',
  url: '/?_t=1771840064005',
  statusCode: 200,
  duration: '21ms',
  contentLength: '2',
  level: 'info',
  message: 'Response',
  timestamp: '2026-02-23 15:17:44'
}
{
  service: 'attendance-system',
  method: 'GET',
  url: '/api/admin/leave-years/active?_t=1771840064824',
  ip: '127.0.0.1',
  userAgent: 'Mozilla/5.0 (Windows NT 10.0; Win64; x64) AppleWebKit/537.36 (KHTML, like Gecko) Chrome/145.0.0.0 Safari/537.36 Edg/145.0.0.0',
  timestamp: '2026-02-23 15:17:44',
  level: 'info',
  message: 'Request'
}
{
  service: 'attendance-system',
  method: 'GET',
  url: '/api/auth/me?_t=1771840064824',
  ip: '127.0.0.1',
  userAgent: 'Mozilla/5.0 (Windows NT 10.0; Win64; x64) AppleWebKit/537.36 (KHTML, like Gecko) Chrome/145.0.0.0 Safari/537.36 Edg/145.0.0.0',
  timestamp: '2026-02-23 15:17:44',
  level: 'info',
  message: 'Request'
}
{
  service: 'attendance-system',
  method: 'GET',
  url: '/api/admin/leave-years/active?_t=1771840064824',
  ip: '127.0.0.1',
  userAgent: 'Mozilla/5.0 (Windows NT 10.0; Win64; x64) AppleWebKit/537.36 (KHTML, like Gecko) Chrome/145.0.0.0 Safari/537.36 Edg/145.0.0.0',
  timestamp: '2026-02-23 15:17:44',
  level: 'info',
  message: 'Request'
}
{
  service: 'attendance-system',
  method: 'GET',
  url: '/active?_t=1771840064824',
  statusCode: 200,
  duration: '17ms',
  contentLength: '194',
  level: 'info',
  message: 'Response',
  timestamp: '2026-02-23 15:17:44'
}
{
  service: 'attendance-system',
  method: 'GET',
  url: '/me?_t=1771840064824',
  statusCode: 200,
  duration: '30ms',
  contentLength: '1282',
  level: 'info',
  message: 'Response',
  timestamp: '2026-02-23 15:17:44'
}
{
  service: 'attendance-system',
  method: 'GET',
  url: '/api/announcements/last-read?_t=1771840064902',
  ip: '127.0.0.1',
  userAgent: 'Mozilla/5.0 (Windows NT 10.0; Win64; x64) AppleWebKit/537.36 (KHTML, like Gecko) Chrome/145.0.0.0 Safari/537.36 Edg/145.0.0.0',
  timestamp: '2026-02-23 15:17:44',
  level: 'info',
  message: 'Request'
}
{
  service: 'attendance-system',
  method: 'GET',
  url: '/api/attendance/current-status?_t=1771840064902',
  ip: '127.0.0.1',
  userAgent: 'Mozilla/5.0 (Windows NT 10.0; Win64; x64) AppleWebKit/537.36 (KHTML, like Gecko) Chrome/145.0.0.0 Safari/537.36 Edg/145.0.0.0',
  timestamp: '2026-02-23 15:17:44',
  level: 'info',
  message: 'Request'
}
{
  service: 'attendance-system',
  method: 'GET',
  url: '/api/new-notifications?_t=1771840064902',
  ip: '127.0.0.1',
  userAgent: 'Mozilla/5.0 (Windows NT 10.0; Win64; x64) AppleWebKit/537.36 (KHTML, like Gecko) Chrome/145.0.0.0 Safari/537.36 Edg/145.0.0.0',
  timestamp: '2026-02-23 15:17:44',
  level: 'info',
  message: 'Request'
}
{
  service: 'attendance-system',
  method: 'GET',
  url: '/api/announcements/last-read?_t=1771840064906',
  ip: '127.0.0.1',
  userAgent: 'Mozilla/5.0 (Windows NT 10.0; Win64; x64) AppleWebKit/537.36 (KHTML, like Gecko) Chrome/145.0.0.0 Safari/537.36 Edg/145.0.0.0',
  timestamp: '2026-02-23 15:17:44',
  level: 'info',
  message: 'Request'
}
{
  service: 'attendance-system',
  method: 'GET',
  url: '/last-read?_t=1771840064902',
  statusCode: 200,
  duration: '32ms',
  contentLength: '43',
  level: 'info',
  message: 'Response',
  timestamp: '2026-02-23 15:17:44'
}
{
  service: 'attendance-system',
  method: 'GET',
  url: '/last-read?_t=1771840064906',
  statusCode: 200,
  duration: '17ms',
  contentLength: '43',
  level: 'info',
  message: 'Response',
  timestamp: '2026-02-23 15:17:44'
}
{
  service: 'attendance-system',
  method: 'GET',
  url: '/current-status?_t=1771840064902',
  statusCode: 200,
  duration: '53ms',
  contentLength: '102',
  level: 'info',
  message: 'Response',
  timestamp: '2026-02-23 15:17:44'
}
{
  service: 'attendance-system',
  method: 'GET',
  url: '/?_t=1771840064902',
  statusCode: 200,
  duration: '55ms',
  contentLength: '26639',
  level: 'info',
  message: 'Response',
  timestamp: '2026-02-23 15:17:44'
}
{
  service: 'attendance-system',
  method: 'GET',
  url: '/api/announcements/last-read?_t=1771840064902',
  ip: '127.0.0.1',
  userAgent: 'Mozilla/5.0 (Windows NT 10.0; Win64; x64) AppleWebKit/537.36 (KHTML, like Gecko) Chrome/145.0.0.0 Safari/537.36 Edg/145.0.0.0',
  timestamp: '2026-02-23 15:17:44',
  level: 'info',
  message: 'Request'
}
{
  service: 'attendance-system',
  method: 'GET',
  url: '/api/announcements?_t=1771840064954',
  ip: '127.0.0.1',
  userAgent: 'Mozilla/5.0 (Windows NT 10.0; Win64; x64) AppleWebKit/537.36 (KHTML, like Gecko) Chrome/145.0.0.0 Safari/537.36 Edg/145.0.0.0',
  timestamp: '2026-02-23 15:17:44',
  level: 'info',
  message: 'Request'
}
{
  service: 'attendance-system',
  method: 'GET',
  url: '/last-read?_t=1771840064902',
  statusCode: 304,
  duration: '19ms',
  contentLength: 0,
  level: 'info',
  message: 'Response',
  timestamp: '2026-02-23 15:17:44'
}
{
  service: 'attendance-system',
  method: 'GET',
  url: '/?_t=1771840064954',
  statusCode: 200,
  duration: '15ms',
  contentLength: '2',
  level: 'info',
  message: 'Response',
  timestamp: '2026-02-23 15:17:44'
}
{
  service: 'attendance-system',
  method: 'GET',
  url: '/api/announcements?_t=1771840065003',
  ip: '127.0.0.1',
  userAgent: 'Mozilla/5.0 (Windows NT 10.0; Win64; x64) AppleWebKit/537.36 (KHTML, like Gecko) Chrome/145.0.0.0 Safari/537.36 Edg/145.0.0.0',
  timestamp: '2026-02-23 15:17:45',
  level: 'info',
  message: 'Request'
}
{
  service: 'attendance-system',
  method: 'GET',
  url: '/?_t=1771840065003',
  statusCode: 200,
  duration: '11ms',
  contentLength: '2',
  level: 'info',
  message: 'Response',
  timestamp: '2026-02-23 15:17:45'
}
{
  service: 'attendance-system',
  method: 'GET',
  url: '/api/announcements?_t=1771840065017',
  ip: '127.0.0.1',
  userAgent: 'Mozilla/5.0 (Windows NT 10.0; Win64; x64) AppleWebKit/537.36 (KHTML, like Gecko) Chrome/145.0.0.0 Safari/537.36 Edg/145.0.0.0',
  timestamp: '2026-02-23 15:17:45',
  level: 'info',
  message: 'Request'
}
{
  service: 'attendance-system',
  method: 'GET',
  url: '/?_t=1771840065017',
  statusCode: 200,
  duration: '8ms',
  contentLength: '2',
  level: 'info',
  message: 'Response',
  timestamp: '2026-02-23 15:17:45'
}
{
  service: 'attendance-system',
  method: 'GET',
  url: '/active?_t=1771840064824',
  statusCode: 200,
  duration: '245ms',
  contentLength: '194',
  level: 'info',
  message: 'Response',
  timestamp: '2026-02-23 15:17:45'
}
{
  service: 'attendance-system',
  method: 'GET',
  url: '/api/analytics/attendance?startDate=2026-02-01&endDate=2026-02-23&page=1&limit=50&_t=1771840065384',
  ip: '127.0.0.1',
  userAgent: 'Mozilla/5.0 (Windows NT 10.0; Win64; x64) AppleWebKit/537.36 (KHTML, like Gecko) Chrome/145.0.0.0 Safari/537.36 Edg/145.0.0.0',
  timestamp: '2026-02-23 15:17:45',
  level: 'info',
  message: 'Request'
}
{
  service: 'attendance-system',
  method: 'GET',
  url: '/attendance?startDate=2026-02-01&endDate=2026-02-23&page=1&limit=50&_t=1771840065384',
  statusCode: 200,
  duration: '2102ms',
  contentLength: '12634',
  level: 'info',
  message: 'Response',
  timestamp: '2026-02-23 15:17:47'
}
{
  service: 'attendance-system',
  method: 'GET',
  url: '/api/announcements?_t=1771840076330',
  ip: '127.0.0.1',
  userAgent: 'Mozilla/5.0 (Windows NT 10.0; Win64; x64) AppleWebKit/537.36 (KHTML, like Gecko) Chrome/145.0.0.0 Safari/537.36',
  timestamp: '2026-02-23 15:17:56',
  level: 'info',
  message: 'Request'
}
{
  service: 'attendance-system',
  method: 'GET',
  url: '/?_t=1771840076330',
  statusCode: 200,
  duration: '9ms',
  contentLength: '2',
  level: 'info',
  message: 'Response',
  timestamp: '2026-02-23 15:17:56'
}
{
  service: 'attendance-system',
  method: 'GET',
  url: '/api/analytics/attendance?startDate=2026-02-01&endDate=2026-02-23&search=Byline+Learning+Solutions&page=1&limit=50&_t=1771840087444',
  ip: '127.0.0.1',
  userAgent: 'Mozilla/5.0 (Windows NT 10.0; Win64; x64) AppleWebKit/537.36 (KHTML, like Gecko) Chrome/145.0.0.0 Safari/537.36 Edg/145.0.0.0',
  timestamp: '2026-02-23 15:18:07',
  level: 'info',
  message: 'Request'
}
{
  service: 'attendance-system',
  method: 'GET',
  url: '/attendance?startDate=2026-02-01&endDate=2026-02-23&search=Byline+Learning+Solutions&page=1&limit=50&_t=1771840087444',
  statusCode: 200,
  duration: '6ms',
  contentLength: '12633',
  level: 'info',
  message: 'Response',
  timestamp: '2026-02-23 15:18:07'
}
{
  service: 'attendance-system',
  method: 'GET',
  url: '/api/announcements?_t=1771840095018',
  ip: '127.0.0.1',
  userAgent: 'Mozilla/5.0 (Windows NT 10.0; Win64; x64) AppleWebKit/537.36 (KHTML, like Gecko) Chrome/145.0.0.0 Safari/537.36 Edg/145.0.0.0',
  timestamp: '2026-02-23 15:18:15',
  level: 'info',
  message: 'Request'
}
{
  service: 'attendance-system',
  method: 'GET',
  url: '/?_t=1771840095018',
  statusCode: 200,
  duration: '11ms',
  contentLength: '2',
  level: 'info',
  message: 'Response',
  timestamp: '2026-02-23 15:18:15'
}
{
  service: 'attendance-system',
  method: 'GET',
  url: '/api/admin/employees?all=true&_t=1771840104701',
  ip: '127.0.0.1',
  userAgent: 'Mozilla/5.0 (Windows NT 10.0; Win64; x64) AppleWebKit/537.36 (KHTML, like Gecko) Chrome/145.0.0.0 Safari/537.36 Edg/145.0.0.0',
  timestamp: '2026-02-23 15:18:24',
  level: 'info',
  message: 'Request'
}
{
  service: 'attendance-system',
  method: 'GET',
  url: '/?all=true&_t=1771840104701',
  statusCode: 200,
  duration: '40ms',
  contentLength: '27292',
  level: 'info',
  message: 'Response',
  timestamp: '2026-02-23 15:18:24'
}
{
  service: 'attendance-system',
  method: 'GET',
  url: '/api/admin/employees?all=true&_t=1771840104701',
  ip: '127.0.0.1',
  userAgent: 'Mozilla/5.0 (Windows NT 10.0; Win64; x64) AppleWebKit/537.36 (KHTML, like Gecko) Chrome/145.0.0.0 Safari/537.36 Edg/145.0.0.0',
  timestamp: '2026-02-23 15:18:24',
  level: 'info',
  message: 'Request'
}
{
  service: 'attendance-system',
  method: 'GET',
  url: '/?all=true&_t=1771840104701',
  statusCode: 304,
  duration: '30ms',
  contentLength: 0,
  level: 'info',
  message: 'Response',
  timestamp: '2026-02-23 15:18:24'
}
{
  service: 'attendance-system',
  method: 'GET',
  url: '/api/admin/employees?all=true&_t=1771840106011',
  ip: '127.0.0.1',
  userAgent: 'Mozilla/5.0 (Windows NT 10.0; Win64; x64) AppleWebKit/537.36 (KHTML, like Gecko) Chrome/145.0.0.0 Safari/537.36 Edg/145.0.0.0',
  timestamp: '2026-02-23 15:18:26',
  level: 'info',
  message: 'Request'
}
{
  service: 'attendance-system',
  method: 'GET',
  url: '/api/admin/leaves/all?page=1&limit=10',
  ip: '127.0.0.1',
  userAgent: 'Mozilla/5.0 (Windows NT 10.0; Win64; x64) AppleWebKit/537.36 (KHTML, like Gecko) Chrome/145.0.0.0 Safari/537.36 Edg/145.0.0.0',
  timestamp: '2026-02-23 15:18:26',
  level: 'info',
  message: 'Request'
}
{
  service: 'attendance-system',
  method: 'GET',
  url: '/leaves/all?page=1&limit=10',
  statusCode: 304,
  duration: '23ms',
  contentLength: 0,
  level: 'info',
  message: 'Response',
  timestamp: '2026-02-23 15:18:26'
}
{
  service: 'attendance-system',
  method: 'GET',
  url: '/?all=true&_t=1771840106011',
  statusCode: 200,
  duration: '30ms',
  contentLength: '27292',
  level: 'info',
  message: 'Response',
  timestamp: '2026-02-23 15:18:26'
}
{
  service: 'attendance-system',
  method: 'GET',
  url: '/api/analytics/monthly-context-settings?_t=1771840106148',
  ip: '127.0.0.1',
  userAgent: 'Mozilla/5.0 (Windows NT 10.0; Win64; x64) AppleWebKit/537.36 (KHTML, like Gecko) Chrome/145.0.0.0 Safari/537.36 Edg/145.0.0.0',
  timestamp: '2026-02-23 15:18:26',
  level: 'info',
  message: 'Request'
}
{
  service: 'attendance-system',
  method: 'GET',
  path: '/analytics/monthly-context-settings',
  query: [Object: null prototype] { _t: '1771840106148' },
  headers: { authorization: 'present', origin: undefined },
  level: 'warn',
  message: '[404] API route not found: GET /analytics/monthly-context-settings',
  timestamp: '2026-02-23 15:18:26'
}
{
  service: 'attendance-system',
  method: 'GET',
  url: '/analytics/monthly-context-settings?_t=1771840106148',
  statusCode: 404,
  duration: '2ms',
  contentLength: '200',
  level: 'info',
  message: 'Response',
  timestamp: '2026-02-23 15:18:26'
}
{
  service: 'attendance-system',
  method: 'GET',
  url: '/api/analytics/monthly-context-settings?_t=1771840106148',
  ip: '127.0.0.1',
  userAgent: 'Mozilla/5.0 (Windows NT 10.0; Win64; x64) AppleWebKit/537.36 (KHTML, like Gecko) Chrome/145.0.0.0 Safari/537.36 Edg/145.0.0.0',
  timestamp: '2026-02-23 15:18:26',
  level: 'info',
  message: 'Request'
}
{
  service: 'attendance-system',
  method: 'GET',
  path: '/analytics/monthly-context-settings',
  query: [Object: null prototype] { _t: '1771840106148' },
  headers: { authorization: 'present', origin: undefined },
  level: 'warn',
  message: '[404] API route not found: GET /analytics/monthly-context-settings',
  timestamp: '2026-02-23 15:18:26'
}
{
  service: 'attendance-system',
  method: 'GET',
  url: '/analytics/monthly-context-settings?_t=1771840106148',
  statusCode: 404,
  duration: '3ms',
  contentLength: '200',
  level: 'info',
  message: 'Response',
  timestamp: '2026-02-23 15:18:26'
}
{
  service: 'attendance-system',
  method: 'GET',
  url: '/api/admin/leaves/analytics/counts?month=2&year=2026&role=Employee',
  ip: '127.0.0.1',
  userAgent: 'Mozilla/5.0 (Windows NT 10.0; Win64; x64) AppleWebKit/537.36 (KHTML, like Gecko) Chrome/145.0.0.0 Safari/537.36 Edg/145.0.0.0',
  timestamp: '2026-02-23 15:18:26',
  level: 'info',
  message: 'Request'
}
{
  service: 'attendance-system',
  method: 'GET',
  url: '/api/admin/leaves/analytics/counts?month=2&year=2026&role=Intern',
  ip: '127.0.0.1',
  userAgent: 'Mozilla/5.0 (Windows NT 10.0; Win64; x64) AppleWebKit/537.36 (KHTML, like Gecko) Chrome/145.0.0.0 Safari/537.36 Edg/145.0.0.0',
  timestamp: '2026-02-23 15:18:26',
  level: 'info',
  message: 'Request'
}
{
  service: 'attendance-system',
  method: 'GET',
  url: '/api/analytics/monthly-context-settings?_t=1771840106148',
  ip: '127.0.0.1',
  userAgent: 'Mozilla/5.0 (Windows NT 10.0; Win64; x64) AppleWebKit/537.36 (KHTML, like Gecko) Chrome/145.0.0.0 Safari/537.36 Edg/145.0.0.0',
  timestamp: '2026-02-23 15:18:26',
  level: 'info',
  message: 'Request'
}
{
  service: 'attendance-system',
  method: 'GET',
  path: '/analytics/monthly-context-settings',
  query: [Object: null prototype] { _t: '1771840106148' },
  headers: { authorization: 'present', origin: undefined },
  level: 'warn',
  message: '[404] API route not found: GET /analytics/monthly-context-settings',
  timestamp: '2026-02-23 15:18:26'
}
{
  service: 'attendance-system',
  method: 'GET',
  url: '/analytics/monthly-context-settings?_t=1771840106148',
  statusCode: 404,
  duration: '3ms',
  contentLength: '200',
  level: 'info',
  message: 'Response',
  timestamp: '2026-02-23 15:18:26'
}
{
  service: 'attendance-system',
  method: 'GET',
  url: '/api/analytics/monthly-context-settings?_t=1771840106148',
  ip: '127.0.0.1',
  userAgent: 'Mozilla/5.0 (Windows NT 10.0; Win64; x64) AppleWebKit/537.36 (KHTML, like Gecko) Chrome/145.0.0.0 Safari/537.36 Edg/145.0.0.0',
  timestamp: '2026-02-23 15:18:26',
  level: 'info',
  message: 'Request'
}
{
  service: 'attendance-system',
  method: 'GET',
  path: '/analytics/monthly-context-settings',
  query: [Object: null prototype] { _t: '1771840106148' },
  headers: { authorization: 'present', origin: undefined },
  level: 'warn',
  message: '[404] API route not found: GET /analytics/monthly-context-settings',
  timestamp: '2026-02-23 15:18:26'
}
{
  service: 'attendance-system',
  method: 'GET',
  url: '/analytics/monthly-context-settings?_t=1771840106148',
  statusCode: 404,
  duration: '2ms',
  contentLength: '200',
  level: 'info',
  message: 'Response',
  timestamp: '2026-02-23 15:18:26'
}
{
  service: 'attendance-system',
  method: 'GET',
  url: '/leaves/analytics/counts?month=2&year=2026&role=Employee',
  statusCode: 200,
  duration: '25ms',
  contentLength: '1932',
  level: 'info',
  message: 'Response',
  timestamp: '2026-02-23 15:18:26'
}
{
  service: 'attendance-system',
  method: 'GET',
  url: '/leaves/analytics/counts?month=2&year=2026&role=Intern',
  statusCode: 304,
  duration: '18ms',
  contentLength: 0,
  level: 'info',
  message: 'Response',
  timestamp: '2026-02-23 15:18:26'
}
{
  service: 'attendance-system',
  method: 'GET',
  url: '/api/attendance/actual-work-days?month=2&year=2026&_t=1771840106240',
  ip: '127.0.0.1',
  userAgent: 'Mozilla/5.0 (Windows NT 10.0; Win64; x64) AppleWebKit/537.36 (KHTML, like Gecko) Chrome/145.0.0.0 Safari/537.36 Edg/145.0.0.0',
  timestamp: '2026-02-23 15:18:26',
  level: 'info',
  message: 'Request'
}
{
  service: 'attendance-system',
  method: 'GET',
  url: '/actual-work-days?month=2&year=2026&_t=1771840106240',
  statusCode: 200,
  duration: '54ms',
  contentLength: '5941',
  level: 'info',
  message: 'Response',
  timestamp: '2026-02-23 15:18:26'
}
{
  service: 'attendance-system',
  method: 'GET',
  url: '/api/attendance/actual-work-days?month=2&year=2026&_t=1771840106312',
  ip: '127.0.0.1',
  userAgent: 'Mozilla/5.0 (Windows NT 10.0; Win64; x64) AppleWebKit/537.36 (KHTML, like Gecko) Chrome/145.0.0.0 Safari/537.36 Edg/145.0.0.0',
  timestamp: '2026-02-23 15:18:26',
  level: 'info',
  message: 'Request'
}
{
  service: 'attendance-system',
  method: 'GET',
  url: '/actual-work-days?month=2&year=2026&_t=1771840106312',
  statusCode: 200,
  duration: '45ms',
  contentLength: '5941',
  level: 'info',
  message: 'Response',
  timestamp: '2026-02-23 15:18:26'
}
{
  service: 'attendance-system',
  method: 'GET',
  url: '/api/probation/tracker?_t=1771840109021',
  ip: '127.0.0.1',
  userAgent: 'Mozilla/5.0 (Windows NT 10.0; Win64; x64) AppleWebKit/537.36 (KHTML, like Gecko) Chrome/145.0.0.0 Safari/537.36 Edg/145.0.0.0',
  timestamp: '2026-02-23 15:18:29',
  level: 'info',
  message: 'Request'
}
{
  service: 'attendance-system',
  method: 'GET',
  url: '/tracker?_t=1771840109021',
  statusCode: 200,
  duration: '1923ms',
  contentLength: '5964',
  level: 'info',
  message: 'Response',
  timestamp: '2026-02-23 15:18:30'
}
{
  service: 'attendance-system',
  method: 'GET',
  url: '/api/analytics/late-grace-settings?_t=1771840109728',
  ip: '127.0.0.1',
  userAgent: 'Mozilla/5.0 (Windows NT 10.0; Win64; x64) AppleWebKit/537.36 (KHTML, like Gecko) Chrome/145.0.0.0 Safari/537.36 Edg/145.0.0.0',
  timestamp: '2026-02-23 15:18:30',
  level: 'info',
  message: 'Request'
}
{
  service: 'attendance-system',
  method: 'GET',
  path: '/analytics/late-grace-settings',
  query: [Object: null prototype] { _t: '1771840109728' },
  headers: { authorization: 'present', origin: undefined },
  level: 'warn',
  message: '[404] API route not found: GET /analytics/late-grace-settings',
  timestamp: '2026-02-23 15:18:30'
}
{
  service: 'attendance-system',
  method: 'GET',
  url: '/analytics/late-grace-settings?_t=1771840109728',
  statusCode: 404,
  duration: '2ms',
  contentLength: '190',
  level: 'info',
  message: 'Response',
  timestamp: '2026-02-23 15:18:30'
}
{
  service: 'attendance-system',
  method: 'GET',
  url: '/api/admin/manage?_t=1771840109728',
  ip: '127.0.0.1',
  userAgent: 'Mozilla/5.0 (Windows NT 10.0; Win64; x64) AppleWebKit/537.36 (KHTML, like Gecko) Chrome/145.0.0.0 Safari/537.36 Edg/145.0.0.0',
  timestamp: '2026-02-23 15:18:30',
  level: 'info',
  message: 'Request'
}
{
  service: 'attendance-system',
  method: 'GET',
  url: '/api/analytics/late-grace-settings?_t=1771840109728',
  ip: '127.0.0.1',
  userAgent: 'Mozilla/5.0 (Windows NT 10.0; Win64; x64) AppleWebKit/537.36 (KHTML, like Gecko) Chrome/145.0.0.0 Safari/537.36 Edg/145.0.0.0',
  timestamp: '2026-02-23 15:18:30',
  level: 'info',
  message: 'Request'
}
{
  service: 'attendance-system',
  method: 'GET',
  path: '/analytics/late-grace-settings',
  query: [Object: null prototype] { _t: '1771840109728' },
  headers: { authorization: 'present', origin: undefined },
  level: 'warn',
  message: '[404] API route not found: GET /analytics/late-grace-settings',
  timestamp: '2026-02-23 15:18:30'
}
{
  service: 'attendance-system',
  method: 'GET',
  url: '/analytics/late-grace-settings?_t=1771840109728',
  statusCode: 404,
  duration: '1ms',
  contentLength: '190',
  level: 'info',
  message: 'Response',
  timestamp: '2026-02-23 15:18:30'
}
{
  service: 'attendance-system',
  method: 'GET',
  url: '/api/probation/tracker?_t=1771840109021',
  ip: '127.0.0.1',
  userAgent: 'Mozilla/5.0 (Windows NT 10.0; Win64; x64) AppleWebKit/537.36 (KHTML, like Gecko) Chrome/145.0.0.0 Safari/537.36 Edg/145.0.0.0',
  timestamp: '2026-02-23 15:18:30',
  level: 'info',
  message: 'Request'
}
{
  service: 'attendance-system',
  method: 'GET',
  url: '/tracker?_t=1771840109021',
  statusCode: 304,
  duration: '7ms',
  contentLength: 0,
  level: 'info',
  message: 'Response',
  timestamp: '2026-02-23 15:18:31'
}
{
  service: 'attendance-system',
  method: 'GET',
  url: '/?_t=1771840109728',
  statusCode: 200,
  duration: '26ms',
  contentLength: '29083',
  level: 'info',
  message: 'Response',
  timestamp: '2026-02-23 15:18:31'
}
{
  service: 'attendance-system',
  method: 'GET',
  url: '/api/admin/manage?_t=1771840109728',
  ip: '127.0.0.1',
  userAgent: 'Mozilla/5.0 (Windows NT 10.0; Win64; x64) AppleWebKit/537.36 (KHTML, like Gecko) Chrome/145.0.0.0 Safari/537.36 Edg/145.0.0.0',
  timestamp: '2026-02-23 15:18:31',
  level: 'info',
  message: 'Request'
}
{
  service: 'attendance-system',
  method: 'GET',
  url: '/api/probation/tracker?_t=1771840111012',
  ip: '127.0.0.1',
  userAgent: 'Mozilla/5.0 (Windows NT 10.0; Win64; x64) AppleWebKit/537.36 (KHTML, like Gecko) Chrome/145.0.0.0 Safari/537.36 Edg/145.0.0.0',
  timestamp: '2026-02-23 15:18:31',
  level: 'info',
  message: 'Request'
}
{
  service: 'attendance-system',
  method: 'GET',
  url: '/tracker?_t=1771840111012',
  statusCode: 200,
  duration: '3ms',
  contentLength: '5964',
  level: 'info',
  message: 'Response',
  timestamp: '2026-02-23 15:18:31'
}
{
  service: 'attendance-system',
  method: 'GET',
  url: '/?_t=1771840109728',
  statusCode: 304,
  duration: '14ms',
  contentLength: 0,
  level: 'info',
  message: 'Response',
  timestamp: '2026-02-23 15:18:31'
}
{
  service: 'attendance-system',
  method: 'GET',
  url: '/api/probation/tracker?_t=1771840111012',
  ip: '127.0.0.1',
  userAgent: 'Mozilla/5.0 (Windows NT 10.0; Win64; x64) AppleWebKit/537.36 (KHTML, like Gecko) Chrome/145.0.0.0 Safari/537.36 Edg/145.0.0.0',
  timestamp: '2026-02-23 15:18:31',
  level: 'info',
  message: 'Request'
}
{
  service: 'attendance-system',
  method: 'GET',
  url: '/tracker?_t=1771840111012',
  statusCode: 304,
  duration: '3ms',
  contentLength: 0,
  level: 'info',
  message: 'Response',
  timestamp: '2026-02-23 15:18:31'
}
{
  service: 'attendance-system',
  method: 'GET',
  url: '/api/admin/manage?_t=1771840112023',
  ip: '127.0.0.1',
  userAgent: 'Mozilla/5.0 (Windows NT 10.0; Win64; x64) AppleWebKit/537.36 (KHTML, like Gecko) Chrome/145.0.0.0 Safari/537.36 Edg/145.0.0.0',
  timestamp: '2026-02-23 15:18:32',
  level: 'info',
  message: 'Request'
}
{
  service: 'attendance-system',
  method: 'GET',
  url: '/api/analytics/late-grace-settings?_t=1771840112023',
  ip: '127.0.0.1',
  userAgent: 'Mozilla/5.0 (Windows NT 10.0; Win64; x64) AppleWebKit/537.36 (KHTML, like Gecko) Chrome/145.0.0.0 Safari/537.36 Edg/145.0.0.0',
  timestamp: '2026-02-23 15:18:32',
  level: 'info',
  message: 'Request'
}
{
  service: 'attendance-system',
  method: 'GET',
  path: '/analytics/late-grace-settings',
  query: [Object: null prototype] { _t: '1771840112023' },
  headers: { authorization: 'present', origin: undefined },
  level: 'warn',
  message: '[404] API route not found: GET /analytics/late-grace-settings',
  timestamp: '2026-02-23 15:18:32'
}
{
  service: 'attendance-system',
  method: 'GET',
  url: '/analytics/late-grace-settings?_t=1771840112023',
  statusCode: 404,
  duration: '1ms',
  contentLength: '190',
  level: 'info',
  message: 'Response',
  timestamp: '2026-02-23 15:18:32'
}
{
  service: 'attendance-system',
  method: 'GET',
  url: '/api/analytics/late-grace-settings?_t=1771840112023',
  ip: '127.0.0.1',
  userAgent: 'Mozilla/5.0 (Windows NT 10.0; Win64; x64) AppleWebKit/537.36 (KHTML, like Gecko) Chrome/145.0.0.0 Safari/537.36 Edg/145.0.0.0',
  timestamp: '2026-02-23 15:18:32',
  level: 'info',
  message: 'Request'
}
{
  service: 'attendance-system',
  method: 'GET',
  path: '/analytics/late-grace-settings',
  query: [Object: null prototype] { _t: '1771840112023' },
  headers: { authorization: 'present', origin: undefined },
  level: 'warn',
  message: '[404] API route not found: GET /analytics/late-grace-settings',
  timestamp: '2026-02-23 15:18:32'
}
{
  service: 'attendance-system',
  method: 'GET',
  url: '/analytics/late-grace-settings?_t=1771840112023',
  statusCode: 404,
  duration: '1ms',
  contentLength: '190',
  level: 'info',
  message: 'Response',
  timestamp: '2026-02-23 15:18:32'
}
{
  service: 'attendance-system',
  method: 'GET',
  url: '/?_t=1771840112023',
  statusCode: 200,
  duration: '14ms',
  contentLength: '29083',
  level: 'info',
  message: 'Response',
  timestamp: '2026-02-23 15:18:32'
}
{
  service: 'attendance-system',
  method: 'GET',
  url: '/api/admin/manage?_t=1771840112023',
  ip: '127.0.0.1',
  userAgent: 'Mozilla/5.0 (Windows NT 10.0; Win64; x64) AppleWebKit/537.36 (KHTML, like Gecko) Chrome/145.0.0.0 Safari/537.36 Edg/145.0.0.0',
  timestamp: '2026-02-23 15:18:32',
  level: 'info',
  message: 'Request'
}
{
  service: 'attendance-system',
  method: 'GET',
  url: '/?_t=1771840112023',
  statusCode: 304,
  duration: '11ms',
  contentLength: 0,
  level: 'info',
  message: 'Response',
  timestamp: '2026-02-23 15:18:32'
}
{
  service: 'attendance-system',
  method: 'GET',
  url: '/api/policies-gridfs?_t=1771840112913',
  ip: '127.0.0.1',
  userAgent: 'Mozilla/5.0 (Windows NT 10.0; Win64; x64) AppleWebKit/537.36 (KHTML, like Gecko) Chrome/145.0.0.0 Safari/537.36 Edg/145.0.0.0',
  timestamp: '2026-02-23 15:18:32',
  level: 'info',
  message: 'Request'
}
{
  service: 'attendance-system',
  method: 'GET',
  url: '/api/policies/anonymous-feedback?_t=1771840112913',
  ip: '127.0.0.1',
  userAgent: 'Mozilla/5.0 (Windows NT 10.0; Win64; x64) AppleWebKit/537.36 (KHTML, like Gecko) Chrome/145.0.0.0 Safari/537.36 Edg/145.0.0.0',
  timestamp: '2026-02-23 15:18:32',
  level: 'info',
  message: 'Request'
}
{
  service: 'attendance-system',
  method: 'GET',
  url: '/?_t=1771840112913',
  statusCode: 200,
  duration: '11ms',
  contentLength: '15',
  level: 'info',
  message: 'Response',
  timestamp: '2026-02-23 15:18:32'
}
{
  service: 'attendance-system',
  method: 'GET',
  url: '/anonymous-feedback?_t=1771840112913',
  statusCode: 200,
  duration: '9ms',
  contentLength: '15',
  level: 'info',
  message: 'Response',
  timestamp: '2026-02-23 15:18:32'
}
{
  service: 'attendance-system',
  method: 'GET',
  url: '/api/policies-gridfs?_t=1771840112913',
  ip: '127.0.0.1',
  userAgent: 'Mozilla/5.0 (Windows NT 10.0; Win64; x64) AppleWebKit/537.36 (KHTML, like Gecko) Chrome/145.0.0.0 Safari/537.36 Edg/145.0.0.0',
  timestamp: '2026-02-23 15:18:32',
  level: 'info',
  message: 'Request'
}
{
  service: 'attendance-system',
  method: 'GET',
  url: '/api/policies/anonymous-feedback?_t=1771840112913',
  ip: '127.0.0.1',
  userAgent: 'Mozilla/5.0 (Windows NT 10.0; Win64; x64) AppleWebKit/537.36 (KHTML, like Gecko) Chrome/145.0.0.0 Safari/537.36 Edg/145.0.0.0',
  timestamp: '2026-02-23 15:18:32',
  level: 'info',
  message: 'Request'
}
{
  service: 'attendance-system',
  method: 'GET',
  url: '/?_t=1771840112913',
  statusCode: 304,
  duration: '11ms',
  contentLength: 0,
  level: 'info',
  message: 'Response',
  timestamp: '2026-02-23 15:18:32'
}
{
  service: 'attendance-system',
  method: 'GET',
  url: '/anonymous-feedback?_t=1771840112913',
  statusCode: 304,
  duration: '9ms',
  contentLength: 0,
  level: 'info',
  message: 'Response',
  timestamp: '2026-02-23 15:18:32'
}
{
  service: 'attendance-system',
  method: 'GET',
  url: '/api/admin/office-locations?_t=1771840114229',
  ip: '127.0.0.1',
  userAgent: 'Mozilla/5.0 (Windows NT 10.0; Win64; x64) AppleWebKit/537.36 (KHTML, like Gecko) Chrome/145.0.0.0 Safari/537.36 Edg/145.0.0.0',
  timestamp: '2026-02-23 15:18:34',
  level: 'info',
  message: 'Request'
}
{
  service: 'attendance-system',
  method: 'GET',
  url: '/api/admin/shifts?page=1&limit=10&_t=1771840114229',
  ip: '127.0.0.1',
  userAgent: 'Mozilla/5.0 (Windows NT 10.0; Win64; x64) AppleWebKit/537.36 (KHTML, like Gecko) Chrome/145.0.0.0 Safari/537.36 Edg/145.0.0.0',
  timestamp: '2026-02-23 15:18:34',
  level: 'info',
  message: 'Request'
}
{
  service: 'attendance-system',
  method: 'GET',
  url: '/?_t=1771840114229',
  statusCode: 200,
  duration: '10ms',
  contentLength: '323',
  level: 'info',
  message: 'Response',
  timestamp: '2026-02-23 15:18:34'
}
{
  service: 'attendance-system',
  method: 'GET',
  url: '/api/admin/office-locations?_t=1771840114229',
  ip: '127.0.0.1',
  userAgent: 'Mozilla/5.0 (Windows NT 10.0; Win64; x64) AppleWebKit/537.36 (KHTML, like Gecko) Chrome/145.0.0.0 Safari/537.36 Edg/145.0.0.0',
  timestamp: '2026-02-23 15:18:34',
  level: 'info',
  message: 'Request'
}
{
  service: 'attendance-system',
  method: 'GET',
  url: '/?page=1&limit=10&_t=1771840114229',
  statusCode: 200,
  duration: '16ms',
  contentLength: '802',
  level: 'info',
  message: 'Response',
  timestamp: '2026-02-23 15:18:34'
}
{
  service: 'attendance-system',
  method: 'GET',
  url: '/api/admin/shifts?page=1&limit=10&_t=1771840114229',
  ip: '127.0.0.1',
  userAgent: 'Mozilla/5.0 (Windows NT 10.0; Win64; x64) AppleWebKit/537.36 (KHTML, like Gecko) Chrome/145.0.0.0 Safari/537.36 Edg/145.0.0.0',
  timestamp: '2026-02-23 15:18:34',
  level: 'info',
  message: 'Request'
}
{
  service: 'attendance-system',
  method: 'GET',
  url: '/?_t=1771840114229',
  statusCode: 304,
  duration: '12ms',
  contentLength: 0,
  level: 'info',
  message: 'Response',
  timestamp: '2026-02-23 15:18:34'
}
{
  service: 'attendance-system',
  method: 'GET',
  url: '/?page=1&limit=10&_t=1771840114229',
  statusCode: 304,
  duration: '11ms',
  contentLength: 0,
  level: 'info',
  message: 'Response',
  timestamp: '2026-02-23 15:18:34'
}
{
  service: 'attendance-system',
  method: 'GET',
  url: '/api/admin/shifts?_t=1771840115067',
  ip: '127.0.0.1',
  userAgent: 'Mozilla/5.0 (Windows NT 10.0; Win64; x64) AppleWebKit/537.36 (KHTML, like Gecko) Chrome/145.0.0.0 Safari/537.36 Edg/145.0.0.0',
  timestamp: '2026-02-23 15:18:35',
  level: 'info',
  message: 'Request'
}
{
  service: 'attendance-system',
  method: 'GET',
  url: '/api/admin/employees?page=1&limit=10&status=active&_t=1771840115067',
  ip: '127.0.0.1',
  userAgent: 'Mozilla/5.0 (Windows NT 10.0; Win64; x64) AppleWebKit/537.36 (KHTML, like Gecko) Chrome/145.0.0.0 Safari/537.36 Edg/145.0.0.0',
  timestamp: '2026-02-23 15:18:35',
  level: 'info',
  message: 'Request'
}
{
  service: 'attendance-system',
  method: 'GET',
  url: '/?_t=1771840115067',
  statusCode: 200,
  duration: '14ms',
  contentLength: '802',
  level: 'info',
  message: 'Response',
  timestamp: '2026-02-23 15:18:35'
}
{
  service: 'attendance-system',
  method: 'GET',
  url: '/api/admin/shifts?_t=1771840115067',
  ip: '127.0.0.1',
  userAgent: 'Mozilla/5.0 (Windows NT 10.0; Win64; x64) AppleWebKit/537.36 (KHTML, like Gecko) Chrome/145.0.0.0 Safari/537.36 Edg/145.0.0.0',
  timestamp: '2026-02-23 15:18:35',
  level: 'info',
  message: 'Request'
}
{
  service: 'attendance-system',
  method: 'GET',
  url: '/?page=1&limit=10&status=active&_t=1771840115067',
  statusCode: 200,
  duration: '22ms',
  contentLength: '10220',
  level: 'info',
  message: 'Response',
  timestamp: '2026-02-23 15:18:35'
}
{
  service: 'attendance-system',
  method: 'GET',
  url: '/api/admin/employees?page=1&limit=10&status=active&_t=1771840115067',
  ip: '127.0.0.1',
  userAgent: 'Mozilla/5.0 (Windows NT 10.0; Win64; x64) AppleWebKit/537.36 (KHTML, like Gecko) Chrome/145.0.0.0 Safari/537.36 Edg/145.0.0.0',
  timestamp: '2026-02-23 15:18:35',
  level: 'info',
  message: 'Request'
}
{
  service: 'attendance-system',
  method: 'GET',
  url: '/?_t=1771840115067',
  statusCode: 304,
  duration: '17ms',
  contentLength: 0,
  level: 'info',
  message: 'Response',
  timestamp: '2026-02-23 15:18:35'
}
{
  service: 'attendance-system',
  method: 'GET',
  url: '/?page=1&limit=10&status=active&_t=1771840115067',
  statusCode: 304,
  duration: '23ms',
  contentLength: 0,
  level: 'info',
  message: 'Response',
  timestamp: '2026-02-23 15:18:35'
}
{
  service: 'attendance-system',
  method: 'GET',
  url: '/api/admin/leave-years/active?_t=1771840119689',
  ip: '127.0.0.1',
  userAgent: 'Mozilla/5.0 (Windows NT 10.0; Win64; x64) AppleWebKit/537.36 (KHTML, like Gecko) Chrome/145.0.0.0 Safari/537.36 Edg/145.0.0.0',
  timestamp: '2026-02-23 15:18:39',
  level: 'info',
  message: 'Request'
}
{
  service: 'attendance-system',
  method: 'GET',
  url: '/api/auth/me?_t=1771840119689',
  ip: '127.0.0.1',
  userAgent: 'Mozilla/5.0 (Windows NT 10.0; Win64; x64) AppleWebKit/537.36 (KHTML, like Gecko) Chrome/145.0.0.0 Safari/537.36 Edg/145.0.0.0',
  timestamp: '2026-02-23 15:18:39',
  level: 'info',
  message: 'Request'
}
{
  service: 'attendance-system',
  method: 'GET',
  url: '/me?_t=1771840119689',
  statusCode: 200,
  duration: '6ms',
  contentLength: '1282',
  level: 'info',
  message: 'Response',
  timestamp: '2026-02-23 15:18:39'
}
{
  service: 'attendance-system',
  method: 'GET',
  url: '/active?_t=1771840119689',
  statusCode: 200,
  duration: '12ms',
  contentLength: '194',
  level: 'info',
  message: 'Response',
  timestamp: '2026-02-23 15:18:39'
}
{
  service: 'attendance-system',
  method: 'GET',
  url: '/api/admin/leave-years/active?_t=1771840119689',
  ip: '127.0.0.1',
  userAgent: 'Mozilla/5.0 (Windows NT 10.0; Win64; x64) AppleWebKit/537.36 (KHTML, like Gecko) Chrome/145.0.0.0 Safari/537.36 Edg/145.0.0.0',
  timestamp: '2026-02-23 15:18:39',
  level: 'info',
  message: 'Request'
}
{
  service: 'attendance-system',
  method: 'GET',
  url: '/active?_t=1771840119689',
  statusCode: 304,
  duration: '22ms',
  contentLength: 0,
  level: 'info',
  message: 'Response',
  timestamp: '2026-02-23 15:18:39'
}
{
  service: 'attendance-system',
  method: 'GET',
  url: '/api/new-notifications?_t=1771840119736',
  ip: '127.0.0.1',
  userAgent: 'Mozilla/5.0 (Windows NT 10.0; Win64; x64) AppleWebKit/537.36 (KHTML, like Gecko) Chrome/145.0.0.0 Safari/537.36 Edg/145.0.0.0',
  timestamp: '2026-02-23 15:18:39',
  level: 'info',
  message: 'Request'
}
{
  service: 'attendance-system',
  method: 'GET',
  url: '/api/announcements/last-read?_t=1771840119736',
  ip: '127.0.0.1',
  userAgent: 'Mozilla/5.0 (Windows NT 10.0; Win64; x64) AppleWebKit/537.36 (KHTML, like Gecko) Chrome/145.0.0.0 Safari/537.36 Edg/145.0.0.0',
  timestamp: '2026-02-23 15:18:39',
  level: 'info',
  message: 'Request'
}
{
  service: 'attendance-system',
  method: 'GET',
  url: '/api/attendance/current-status?_t=1771840119736',
  ip: '127.0.0.1',
  userAgent: 'Mozilla/5.0 (Windows NT 10.0; Win64; x64) AppleWebKit/537.36 (KHTML, like Gecko) Chrome/145.0.0.0 Safari/537.36 Edg/145.0.0.0',
  timestamp: '2026-02-23 15:18:39',
  level: 'info',
  message: 'Request'
}
{
  service: 'attendance-system',
  method: 'GET',
  url: '/api/announcements/last-read?_t=1771840119742',
  ip: '127.0.0.1',
  userAgent: 'Mozilla/5.0 (Windows NT 10.0; Win64; x64) AppleWebKit/537.36 (KHTML, like Gecko) Chrome/145.0.0.0 Safari/537.36 Edg/145.0.0.0',
  timestamp: '2026-02-23 15:18:39',
  level: 'info',
  message: 'Request'
}
{
  service: 'attendance-system',
  method: 'GET',
  url: '/last-read?_t=1771840119736',
  statusCode: 200,
  duration: '20ms',
  contentLength: '43',
  level: 'info',
  message: 'Response',
  timestamp: '2026-02-23 15:18:39'
}
{
  service: 'attendance-system',
  method: 'GET',
  url: '/last-read?_t=1771840119742',
  statusCode: 200,
  duration: '13ms',
  contentLength: '43',
  level: 'info',
  message: 'Response',
  timestamp: '2026-02-23 15:18:39'
}
{
  service: 'attendance-system',
  method: 'GET',
  url: '/api/announcements/last-read?_t=1771840119736',
  ip: '127.0.0.1',
  userAgent: 'Mozilla/5.0 (Windows NT 10.0; Win64; x64) AppleWebKit/537.36 (KHTML, like Gecko) Chrome/145.0.0.0 Safari/537.36 Edg/145.0.0.0',
  timestamp: '2026-02-23 15:18:39',
  level: 'info',
  message: 'Request'
}
{
  service: 'attendance-system',
  method: 'GET',
  url: '/?_t=1771840119736',
  statusCode: 200,
  duration: '41ms',
  contentLength: '26639',
  level: 'info',
  message: 'Response',
  timestamp: '2026-02-23 15:18:39'
}
{
  service: 'attendance-system',
  method: 'GET',
  url: '/current-status?_t=1771840119736',
  statusCode: 200,
  duration: '30ms',
  contentLength: '102',
  level: 'info',
  message: 'Response',
  timestamp: '2026-02-23 15:18:39'
}
{
  service: 'attendance-system',
  method: 'GET',
  url: '/last-read?_t=1771840119736',
  statusCode: 304,
  duration: '13ms',
  contentLength: 0,
  level: 'info',
  message: 'Response',
  timestamp: '2026-02-23 15:18:39'
}
{
  service: 'attendance-system',
  method: 'GET',
  url: '/api/announcements?_t=1771840136331',
  ip: '127.0.0.1',
  userAgent: 'Mozilla/5.0 (Windows NT 10.0; Win64; x64) AppleWebKit/537.36 (KHTML, like Gecko) Chrome/145.0.0.0 Safari/537.36',
  timestamp: '2026-02-23 15:18:56',
  level: 'info',
  message: 'Request'
}
{
  service: 'attendance-system',
  method: 'GET',
  url: '/?_t=1771840136331',
  statusCode: 200,
  duration: '10ms',
  contentLength: '2',
  level: 'info',
  message: 'Response',
  timestamp: '2026-02-23 15:18:56'
}
{
  service: 'attendance-system',
  method: 'GET',
  url: '/api/announcements?_t=1771840196325',
  ip: '127.0.0.1',
  userAgent: 'Mozilla/5.0 (Windows NT 10.0; Win64; x64) AppleWebKit/537.36 (KHTML, like Gecko) Chrome/145.0.0.0 Safari/537.36',
  timestamp: '2026-02-23 15:19:56',
  level: 'info',
  message: 'Request'
}
{
  service: 'attendance-system',
  method: 'GET',
  url: '/?_t=1771840196325',
  statusCode: 200,
  duration: '104ms',
  contentLength: '2',
  level: 'info',
  message: 'Response',
  timestamp: '2026-02-23 15:19:56'
}
{
  service: 'attendance-system',
  method: 'GET',
  url: '/api/announcements?_t=1771840256337',
  ip: '127.0.0.1',
  userAgent: 'Mozilla/5.0 (Windows NT 10.0; Win64; x64) AppleWebKit/537.36 (KHTML, like Gecko) Chrome/145.0.0.0 Safari/537.36',
  timestamp: '2026-02-23 15:20:56',
  level: 'info',
  message: 'Request'
}
{
  service: 'attendance-system',
  method: 'GET',
  url: '/?_t=1771840256337',
  statusCode: 200,
  duration: '8ms',
  contentLength: '2',
  level: 'info',
  message: 'Response',
  timestamp: '2026-02-23 15:20:56'
}
{
  service: 'attendance-system',
  method: 'GET',
  url: '/api/admin/leave-years/active?_t=1771840288368',
  ip: '127.0.0.1',
  userAgent: 'Mozilla/5.0 (Linux; Android 6.0; Nexus 5 Build/MRA58N) AppleWebKit/537.36 (KHTML, like Gecko) Chrome/145.0.0.0 Mobile Safari/537.36 Edg/145.0.0.0',
  timestamp: '2026-02-23 15:21:28',
  level: 'info',
  message: 'Request'
}
{
  service: 'attendance-system',
  method: 'GET',
  url: '/api/auth/me?_t=1771840288368',
  ip: '127.0.0.1',
  userAgent: 'Mozilla/5.0 (Linux; Android 6.0; Nexus 5 Build/MRA58N) AppleWebKit/537.36 (KHTML, like Gecko) Chrome/145.0.0.0 Mobile Safari/537.36 Edg/145.0.0.0',
  timestamp: '2026-02-23 15:21:28',
  level: 'info',
  message: 'Request'
}
{
  service: 'attendance-system',
  method: 'GET',
  url: '/api/admin/leave-years/active?_t=1771840288368',
  ip: '127.0.0.1',
  userAgent: 'Mozilla/5.0 (Linux; Android 6.0; Nexus 5 Build/MRA58N) AppleWebKit/537.36 (KHTML, like Gecko) Chrome/145.0.0.0 Mobile Safari/537.36 Edg/145.0.0.0',
  timestamp: '2026-02-23 15:21:28',
  level: 'info',
  message: 'Request'
}
{
  service: 'attendance-system',
  method: 'GET',
  url: '/active?_t=1771840288368',
  statusCode: 200,
  duration: '111ms',
  contentLength: '194',
  level: 'info',
  message: 'Response',
  timestamp: '2026-02-23 15:21:28'
}
{
  service: 'attendance-system',
  method: 'GET',
  url: '/active?_t=1771840288368',
  statusCode: 200,
  duration: '93ms',
  contentLength: '194',
  level: 'info',
  message: 'Response',
  timestamp: '2026-02-23 15:21:28'
}
{
  service: 'attendance-system',
  method: 'GET',
  url: '/me?_t=1771840288368',
  statusCode: 200,
  duration: '145ms',
  contentLength: '1282',
  level: 'info',
  message: 'Response',
  timestamp: '2026-02-23 15:21:28'
}
{
  service: 'attendance-system',
  method: 'GET',
  url: '/api/announcements/last-read?_t=1771840288622',
  ip: '127.0.0.1',
  userAgent: 'Mozilla/5.0 (Linux; Android 6.0; Nexus 5 Build/MRA58N) AppleWebKit/537.36 (KHTML, like Gecko) Chrome/145.0.0.0 Mobile Safari/537.36 Edg/145.0.0.0',
  timestamp: '2026-02-23 15:21:28',
  level: 'info',
  message: 'Request'
}
{
  service: 'attendance-system',
  method: 'GET',
  url: '/api/attendance/current-status?_t=1771840288622',
  ip: '127.0.0.1',
  userAgent: 'Mozilla/5.0 (Linux; Android 6.0; Nexus 5 Build/MRA58N) AppleWebKit/537.36 (KHTML, like Gecko) Chrome/145.0.0.0 Mobile Safari/537.36 Edg/145.0.0.0',
  timestamp: '2026-02-23 15:21:28',
  level: 'info',
  message: 'Request'
}
{
  service: 'attendance-system',
  method: 'GET',
  url: '/api/new-notifications?_t=1771840288623',
  ip: '127.0.0.1',
  userAgent: 'Mozilla/5.0 (Linux; Android 6.0; Nexus 5 Build/MRA58N) AppleWebKit/537.36 (KHTML, like Gecko) Chrome/145.0.0.0 Mobile Safari/537.36 Edg/145.0.0.0',
  timestamp: '2026-02-23 15:21:28',
  level: 'info',
  message: 'Request'
}
{
  service: 'attendance-system',
  method: 'GET',
  url: '/api/announcements/last-read?_t=1771840288623',
  ip: '127.0.0.1',
  userAgent: 'Mozilla/5.0 (Linux; Android 6.0; Nexus 5 Build/MRA58N) AppleWebKit/537.36 (KHTML, like Gecko) Chrome/145.0.0.0 Mobile Safari/537.36 Edg/145.0.0.0',
  timestamp: '2026-02-23 15:21:28',
  level: 'info',
  message: 'Request'
}
{
  service: 'attendance-system',
  method: 'GET',
  url: '/api/announcements/last-read?_t=1771840288639',
  ip: '127.0.0.1',
  userAgent: 'Mozilla/5.0 (Linux; Android 6.0; Nexus 5 Build/MRA58N) AppleWebKit/537.36 (KHTML, like Gecko) Chrome/145.0.0.0 Mobile Safari/537.36 Edg/145.0.0.0',
  timestamp: '2026-02-23 15:21:28',
  level: 'info',
  message: 'Request'
}
{
  service: 'attendance-system',
  method: 'GET',
  url: '/last-read?_t=1771840288622',
  statusCode: 200,
  duration: '54ms',
  contentLength: '43',
  level: 'info',
  message: 'Response',
  timestamp: '2026-02-23 15:21:28'
}
{
  service: 'attendance-system',
  method: 'GET',
  url: '/last-read?_t=1771840288623',
  statusCode: 200,
  duration: '25ms',
  contentLength: '43',
  level: 'info',
  message: 'Response',
  timestamp: '2026-02-23 15:21:28'
}
{
  service: 'attendance-system',
  method: 'GET',
  url: '/last-read?_t=1771840288639',
  statusCode: 200,
  duration: '23ms',
  contentLength: '43',
  level: 'info',
  message: 'Response',
  timestamp: '2026-02-23 15:21:28'
}
{
  service: 'attendance-system',
  method: 'GET',
  url: '/?_t=1771840288623',
  statusCode: 200,
  duration: '51ms',
  contentLength: '26639',
  level: 'info',
  message: 'Response',
  timestamp: '2026-02-23 15:21:28'
}
{
  service: 'attendance-system',
  method: 'GET',
  url: '/current-status?_t=1771840288622',
  statusCode: 200,
  duration: '71ms',
  contentLength: '102',
  level: 'info',
  message: 'Response',
  timestamp: '2026-02-23 15:21:28'
}
{
  service: 'attendance-system',
  method: 'GET',
  url: '/api/announcements?_t=1771840316331',
  ip: '127.0.0.1',
  userAgent: 'Mozilla/5.0 (Windows NT 10.0; Win64; x64) AppleWebKit/537.36 (KHTML, like Gecko) Chrome/145.0.0.0 Safari/537.36',
  timestamp: '2026-02-23 15:21:58',
  level: 'info',
  message: 'Request'
}
{
  service: 'attendance-system',
  method: 'GET',
  url: '/?_t=1771840316331',
  statusCode: 200,
  duration: '36ms',
  contentLength: '2',
  level: 'info',
  message: 'Response',
  timestamp: '2026-02-23 15:21:58'
}
{
  service: 'attendance-system',
  method: 'GET',
  url: '/api/admin/leave-years/active?_t=1771840323776',
  ip: '127.0.0.1',
  userAgent: 'Mozilla/5.0 (Linux; Android 6.0; Nexus 5 Build/MRA58N) AppleWebKit/537.36 (KHTML, like Gecko) Chrome/145.0.0.0 Mobile Safari/537.36 Edg/145.0.0.0',
  timestamp: '2026-02-23 15:22:03',
  level: 'info',
  message: 'Request'
}
{
  service: 'attendance-system',
  method: 'GET',
  url: '/api/auth/me?_t=1771840323776',
  ip: '127.0.0.1',
  userAgent: 'Mozilla/5.0 (Linux; Android 6.0; Nexus 5 Build/MRA58N) AppleWebKit/537.36 (KHTML, like Gecko) Chrome/145.0.0.0 Mobile Safari/537.36 Edg/145.0.0.0',
  timestamp: '2026-02-23 15:22:03',
  level: 'info',
  message: 'Request'
}
{
  service: 'attendance-system',
  method: 'GET',
  url: '/me?_t=1771840323776',
  statusCode: 200,
  duration: '11ms',
  contentLength: '1282',
  level: 'info',
  message: 'Response',
  timestamp: '2026-02-23 15:22:03'
}
{
  service: 'attendance-system',
  method: 'GET',
  url: '/api/admin/leave-years/active?_t=1771840323776',
  ip: '127.0.0.1',
  userAgent: 'Mozilla/5.0 (Linux; Android 6.0; Nexus 5 Build/MRA58N) AppleWebKit/537.36 (KHTML, like Gecko) Chrome/145.0.0.0 Mobile Safari/537.36 Edg/145.0.0.0',
  timestamp: '2026-02-23 15:22:03',
  level: 'info',
  message: 'Request'
}
{
  service: 'attendance-system',
  method: 'GET',
  url: '/active?_t=1771840323776',
  statusCode: 200,
  duration: '35ms',
  contentLength: '194',
  level: 'info',
  message: 'Response',
  timestamp: '2026-02-23 15:22:03'
}
{
  service: 'attendance-system',
  method: 'GET',
  url: '/active?_t=1771840323776',
  statusCode: 200,
  duration: '25ms',
  contentLength: '194',
  level: 'info',
  message: 'Response',
  timestamp: '2026-02-23 15:22:03'
}
{
  service: 'attendance-system',
  method: 'GET',
  url: '/api/announcements/last-read?_t=1771840323920',
  ip: '127.0.0.1',
  userAgent: 'Mozilla/5.0 (Linux; Android 6.0; Nexus 5 Build/MRA58N) AppleWebKit/537.36 (KHTML, like Gecko) Chrome/145.0.0.0 Mobile Safari/537.36 Edg/145.0.0.0',
  timestamp: '2026-02-23 15:22:04',
  level: 'info',
  message: 'Request'
}
{
  service: 'attendance-system',
  method: 'GET',
  url: '/last-read?_t=1771840323920',
  statusCode: 200,
  duration: '26ms',
  contentLength: '43',
  level: 'info',
  message: 'Response',
  timestamp: '2026-02-23 15:22:04'
}
{
  service: 'attendance-system',
  method: 'GET',
  url: '/api/attendance/current-status?_t=1771840323920',
  ip: '127.0.0.1',
  userAgent: 'Mozilla/5.0 (Linux; Android 6.0; Nexus 5 Build/MRA58N) AppleWebKit/537.36 (KHTML, like Gecko) Chrome/145.0.0.0 Mobile Safari/537.36 Edg/145.0.0.0',
  timestamp: '2026-02-23 15:22:04',
  level: 'info',
  message: 'Request'
}
{
  service: 'attendance-system',
  method: 'GET',
  url: '/api/new-notifications?_t=1771840323920',
  ip: '127.0.0.1',
  userAgent: 'Mozilla/5.0 (Linux; Android 6.0; Nexus 5 Build/MRA58N) AppleWebKit/537.36 (KHTML, like Gecko) Chrome/145.0.0.0 Mobile Safari/537.36 Edg/145.0.0.0',
  timestamp: '2026-02-23 15:22:04',
  level: 'info',
  message: 'Request'
}
{
  service: 'attendance-system',
  method: 'GET',
  url: '/api/announcements/last-read?_t=1771840323931',
  ip: '127.0.0.1',
  userAgent: 'Mozilla/5.0 (Linux; Android 6.0; Nexus 5 Build/MRA58N) AppleWebKit/537.36 (KHTML, like Gecko) Chrome/145.0.0.0 Mobile Safari/537.36 Edg/145.0.0.0',
  timestamp: '2026-02-23 15:22:04',
  level: 'info',
  message: 'Request'
}
{
  service: 'attendance-system',
  method: 'GET',
  url: '/api/announcements/last-read?_t=1771840323920',
  ip: '127.0.0.1',
  userAgent: 'Mozilla/5.0 (Linux; Android 6.0; Nexus 5 Build/MRA58N) AppleWebKit/537.36 (KHTML, like Gecko) Chrome/145.0.0.0 Mobile Safari/537.36 Edg/145.0.0.0',
  timestamp: '2026-02-23 15:22:04',
  level: 'info',
  message: 'Request'
}
{
  service: 'attendance-system',
  method: 'GET',
  url: '/last-read?_t=1771840323931',
  statusCode: 200,
  duration: '44ms',
  contentLength: '43',
  level: 'info',
  message: 'Response',
  timestamp: '2026-02-23 15:22:04'
}
{
  service: 'attendance-system',
  method: 'GET',
  url: '/api/announcements?_t=1771840324075',
  ip: '127.0.0.1',
  userAgent: 'Mozilla/5.0 (Linux; Android 6.0; Nexus 5 Build/MRA58N) AppleWebKit/537.36 (KHTML, like Gecko) Chrome/145.0.0.0 Mobile Safari/537.36 Edg/145.0.0.0',
  timestamp: '2026-02-23 15:22:04',
  level: 'info',
  message: 'Request'
}
{
  service: 'attendance-system',
  method: 'GET',
  url: '/last-read?_t=1771840323920',
  statusCode: 304,
  duration: '56ms',
  contentLength: 0,
  level: 'info',
  message: 'Response',
  timestamp: '2026-02-23 15:22:04'
}
{
  service: 'attendance-system',
  method: 'GET',
  url: '/current-status?_t=1771840323920',
  statusCode: 200,
  duration: '81ms',
  contentLength: '102',
  level: 'info',
  message: 'Response',
  timestamp: '2026-02-23 15:22:04'
}
{
  service: 'attendance-system',
  method: 'GET',
  url: '/?_t=1771840323920',
  statusCode: 200,
  duration: '86ms',
  contentLength: '26639',
  level: 'info',
  message: 'Response',
  timestamp: '2026-02-23 15:22:04'
}
{
  service: 'attendance-system',
  method: 'GET',
  url: '/?_t=1771840324075',
  statusCode: 200,
  duration: '29ms',
  contentLength: '2',
  level: 'info',
  message: 'Response',
  timestamp: '2026-02-23 15:22:04'
}
{
  service: 'attendance-system',
  method: 'GET',
  url: '/api/admin/leave-years/active?_t=1771840356598',
  ip: '127.0.0.1',
  userAgent: 'Mozilla/5.0 (Linux; Android 6.0; Nexus 5 Build/MRA58N) AppleWebKit/537.36 (KHTML, like Gecko) Chrome/145.0.0.0 Mobile Safari/537.36 Edg/145.0.0.0',
  timestamp: '2026-02-23 15:22:36',
  level: 'info',
  message: 'Request'
}
{
  service: 'attendance-system',
  method: 'GET',
  url: '/api/auth/me?_t=1771840356599',
  ip: '127.0.0.1',
  userAgent: 'Mozilla/5.0 (Linux; Android 6.0; Nexus 5 Build/MRA58N) AppleWebKit/537.36 (KHTML, like Gecko) Chrome/145.0.0.0 Mobile Safari/537.36 Edg/145.0.0.0',
  timestamp: '2026-02-23 15:22:36',
  level: 'info',
  message: 'Request'
}
{
  service: 'attendance-system',
  method: 'GET',
  url: '/me?_t=1771840356599',
  statusCode: 200,
  duration: '4ms',
  contentLength: '1282',
  level: 'info',
  message: 'Response',
  timestamp: '2026-02-23 15:22:36'
}
{
  service: 'attendance-system',
  method: 'GET',
  url: '/api/admin/leave-years/active?_t=1771840356599',
  ip: '127.0.0.1',
  userAgent: 'Mozilla/5.0 (Linux; Android 6.0; Nexus 5 Build/MRA58N) AppleWebKit/537.36 (KHTML, like Gecko) Chrome/145.0.0.0 Mobile Safari/537.36 Edg/145.0.0.0',
  timestamp: '2026-02-23 15:22:36',
  level: 'info',
  message: 'Request'
}
{
  service: 'attendance-system',
  method: 'GET',
  url: '/active?_t=1771840356598',
  statusCode: 200,
  duration: '19ms',
  contentLength: '194',
  level: 'info',
  message: 'Response',
  timestamp: '2026-02-23 15:22:36'
}
{
  service: 'attendance-system',
  method: 'GET',
  url: '/active?_t=1771840356599',
  statusCode: 200,
  duration: '15ms',
  contentLength: '194',
  level: 'info',
  message: 'Response',
  timestamp: '2026-02-23 15:22:36'
}
{
  service: 'attendance-system',
  method: 'GET',
  url: '/api/announcements/last-read?_t=1771840357091',
  ip: '127.0.0.1',
  userAgent: 'Mozilla/5.0 (Linux; Android 6.0; Nexus 5 Build/MRA58N) AppleWebKit/537.36 (KHTML, like Gecko) Chrome/145.0.0.0 Mobile Safari/537.36 Edg/145.0.0.0',
  timestamp: '2026-02-23 15:22:37',
  level: 'info',
  message: 'Request'
}
{
  service: 'attendance-system',
  method: 'GET',
  url: '/api/attendance/current-status?_t=1771840357091',
  ip: '127.0.0.1',
  userAgent: 'Mozilla/5.0 (Linux; Android 6.0; Nexus 5 Build/MRA58N) AppleWebKit/537.36 (KHTML, like Gecko) Chrome/145.0.0.0 Mobile Safari/537.36 Edg/145.0.0.0',
  timestamp: '2026-02-23 15:22:37',
  level: 'info',
  message: 'Request'
}
{
  service: 'attendance-system',
  method: 'GET',
  url: '/api/new-notifications?_t=1771840357092',
  ip: '127.0.0.1',
  userAgent: 'Mozilla/5.0 (Linux; Android 6.0; Nexus 5 Build/MRA58N) AppleWebKit/537.36 (KHTML, like Gecko) Chrome/145.0.0.0 Mobile Safari/537.36 Edg/145.0.0.0',
  timestamp: '2026-02-23 15:22:37',
  level: 'info',
  message: 'Request'
}
{
  service: 'attendance-system',
  method: 'GET',
  url: '/last-read?_t=1771840357091',
  statusCode: 200,
  duration: '20ms',
  contentLength: '43',
  level: 'info',
  message: 'Response',
  timestamp: '2026-02-23 15:22:37'
}
{
  service: 'attendance-system',
  method: 'GET',
  url: '/api/announcements/last-read?_t=1771840357093',
  ip: '127.0.0.1',
  userAgent: 'Mozilla/5.0 (Linux; Android 6.0; Nexus 5 Build/MRA58N) AppleWebKit/537.36 (KHTML, like Gecko) Chrome/145.0.0.0 Mobile Safari/537.36 Edg/145.0.0.0',
  timestamp: '2026-02-23 15:22:37',
  level: 'info',
  message: 'Request'
}
{
  service: 'attendance-system',
  method: 'GET',
  url: '/current-status?_t=1771840357091',
  statusCode: 200,
  duration: '24ms',
  contentLength: '102',
  level: 'info',
  message: 'Response',
  timestamp: '2026-02-23 15:22:37'
}
{
  service: 'attendance-system',
  method: 'GET',
  url: '/last-read?_t=1771840357093',
  statusCode: 200,
  duration: '11ms',
  contentLength: '43',
  level: 'info',
  message: 'Response',
  timestamp: '2026-02-23 15:22:37'
}
{
  service: 'attendance-system',
  method: 'GET',
  url: '/?_t=1771840357092',
  statusCode: 200,
  duration: '32ms',
  contentLength: '26639',
  level: 'info',
  message: 'Response',
  timestamp: '2026-02-23 15:22:37'
}
{
  service: 'attendance-system',
  method: 'GET',
  url: '/api/announcements/last-read?_t=1771840357141',
  ip: '127.0.0.1',
  userAgent: 'Mozilla/5.0 (Linux; Android 6.0; Nexus 5 Build/MRA58N) AppleWebKit/537.36 (KHTML, like Gecko) Chrome/145.0.0.0 Mobile Safari/537.36 Edg/145.0.0.0',
  timestamp: '2026-02-23 15:22:37',
  level: 'info',
  message: 'Request'
}
{
  service: 'attendance-system',
  method: 'GET',
  url: '/last-read?_t=1771840357141',
  statusCode: 200,
  duration: '22ms',
  contentLength: '43',
  level: 'info',
  message: 'Response',
  timestamp: '2026-02-23 15:22:37'
}
{
  service: 'attendance-system',
  method: 'GET',
  url: '/api/announcements?_t=1771840357333',
  ip: '127.0.0.1',
  userAgent: 'Mozilla/5.0 (Linux; Android 6.0; Nexus 5 Build/MRA58N) AppleWebKit/537.36 (KHTML, like Gecko) Chrome/145.0.0.0 Mobile Safari/537.36 Edg/145.0.0.0',
  timestamp: '2026-02-23 15:22:37',
  level: 'info',
  message: 'Request'
}
{
  service: 'attendance-system',
  method: 'GET',
  url: '/?_t=1771840357333',
  statusCode: 200,
  duration: '100ms',
  contentLength: '2',
  level: 'info',
  message: 'Response',
  timestamp: '2026-02-23 15:22:37'
}
{
  service: 'attendance-system',
  method: 'GET',
  url: '/api/announcements?_t=1771840357593',
  ip: '127.0.0.1',
  userAgent: 'Mozilla/5.0 (Linux; Android 6.0; Nexus 5 Build/MRA58N) AppleWebKit/537.36 (KHTML, like Gecko) Chrome/145.0.0.0 Mobile Safari/537.36 Edg/145.0.0.0',
  timestamp: '2026-02-23 15:22:37',
  level: 'info',
  message: 'Request'
}
{
  service: 'attendance-system',
  method: 'GET',
  url: '/api/announcements?_t=1771840357747',
  ip: '127.0.0.1',
  userAgent: 'Mozilla/5.0 (Linux; Android 6.0; Nexus 5 Build/MRA58N) AppleWebKit/537.36 (KHTML, like Gecko) Chrome/145.0.0.0 Mobile Safari/537.36 Edg/145.0.0.0',
  timestamp: '2026-02-23 15:22:37',
  level: 'info',
  message: 'Request'
}
{
  service: 'attendance-system',
  method: 'GET',
  url: '/?_t=1771840357593',
  statusCode: 200,
  duration: '55ms',
  contentLength: '2',
  level: 'info',
  message: 'Response',
  timestamp: '2026-02-23 15:22:37'
}
{
  service: 'attendance-system',
  method: 'GET',
  url: '/?_t=1771840357747',
  statusCode: 200,
  duration: '40ms',
  contentLength: '2',
  level: 'info',
  message: 'Response',
  timestamp: '2026-02-23 15:22:37'
}
{
  service: 'attendance-system',
  method: 'GET',
  url: '/api/admin/leave-years/active?_t=1771840363911',
  ip: '127.0.0.1',
  userAgent: 'Mozilla/5.0 (Linux; Android 6.0; Nexus 5 Build/MRA58N) AppleWebKit/537.36 (KHTML, like Gecko) Chrome/145.0.0.0 Mobile Safari/537.36 Edg/145.0.0.0',
  timestamp: '2026-02-23 15:22:43',
  level: 'info',
  message: 'Request'
}
{
  service: 'attendance-system',
  method: 'GET',
  url: '/api/auth/me?_t=1771840363912',
  ip: '127.0.0.1',
  userAgent: 'Mozilla/5.0 (Linux; Android 6.0; Nexus 5 Build/MRA58N) AppleWebKit/537.36 (KHTML, like Gecko) Chrome/145.0.0.0 Mobile Safari/537.36 Edg/145.0.0.0',
  timestamp: '2026-02-23 15:22:43',
  level: 'info',
  message: 'Request'
}
{
  service: 'attendance-system',
  method: 'GET',
  url: '/me?_t=1771840363912',
  statusCode: 200,
  duration: '19ms',
  contentLength: '1282',
  level: 'info',
  message: 'Response',
  timestamp: '2026-02-23 15:22:43'
}
{
  service: 'attendance-system',
  method: 'GET',
  url: '/api/admin/leave-years/active?_t=1771840363912',
  ip: '127.0.0.1',
  userAgent: 'Mozilla/5.0 (Linux; Android 6.0; Nexus 5 Build/MRA58N) AppleWebKit/537.36 (KHTML, like Gecko) Chrome/145.0.0.0 Mobile Safari/537.36 Edg/145.0.0.0',
  timestamp: '2026-02-23 15:22:43',
  level: 'info',
  message: 'Request'
}
{
  service: 'attendance-system',
  method: 'GET',
  url: '/active?_t=1771840363911',
  statusCode: 200,
  duration: '42ms',
  contentLength: '194',
  level: 'info',
  message: 'Response',
  timestamp: '2026-02-23 15:22:43'
}
{
  service: 'attendance-system',
  method: 'GET',
  url: '/active?_t=1771840363912',
  statusCode: 200,
  duration: '29ms',
  contentLength: '194',
  level: 'info',
  message: 'Response',
  timestamp: '2026-02-23 15:22:43'
}
{
  service: 'attendance-system',
  method: 'GET',
  url: '/api/announcements/last-read?_t=1771840364047',
  ip: '127.0.0.1',
  userAgent: 'Mozilla/5.0 (Linux; Android 6.0; Nexus 5 Build/MRA58N) AppleWebKit/537.36 (KHTML, like Gecko) Chrome/145.0.0.0 Mobile Safari/537.36 Edg/145.0.0.0',
  timestamp: '2026-02-23 15:22:44',
  level: 'info',
  message: 'Request'
}
{
  service: 'attendance-system',
  method: 'GET',
  url: '/api/attendance/current-status?_t=1771840364047',
  ip: '127.0.0.1',
  userAgent: 'Mozilla/5.0 (Linux; Android 6.0; Nexus 5 Build/MRA58N) AppleWebKit/537.36 (KHTML, like Gecko) Chrome/145.0.0.0 Mobile Safari/537.36 Edg/145.0.0.0',
  timestamp: '2026-02-23 15:22:44',
  level: 'info',
  message: 'Request'
}
{
  service: 'attendance-system',
  method: 'GET',
  url: '/api/new-notifications?_t=1771840364047',
  ip: '127.0.0.1',
  userAgent: 'Mozilla/5.0 (Linux; Android 6.0; Nexus 5 Build/MRA58N) AppleWebKit/537.36 (KHTML, like Gecko) Chrome/145.0.0.0 Mobile Safari/537.36 Edg/145.0.0.0',
  timestamp: '2026-02-23 15:22:44',
  level: 'info',
  message: 'Request'
}
{
  service: 'attendance-system',
  method: 'GET',
  url: '/api/announcements/last-read?_t=1771840364062',
  ip: '127.0.0.1',
  userAgent: 'Mozilla/5.0 (Linux; Android 6.0; Nexus 5 Build/MRA58N) AppleWebKit/537.36 (KHTML, like Gecko) Chrome/145.0.0.0 Mobile Safari/537.36 Edg/145.0.0.0',
  timestamp: '2026-02-23 15:22:44',
  level: 'info',
  message: 'Request'
}
{
  service: 'attendance-system',
  method: 'GET',
  url: '/last-read?_t=1771840364047',
  statusCode: 200,
  duration: '89ms',
  contentLength: '43',
  level: 'info',
  message: 'Response',
  timestamp: '2026-02-23 15:22:44'
}
{
  service: 'attendance-system',
  method: 'GET',
  url: '/last-read?_t=1771840364062',
  statusCode: 200,
  duration: '39ms',
  contentLength: '43',
  level: 'info',
  message: 'Response',
  timestamp: '2026-02-23 15:22:44'
}
{
  service: 'attendance-system',
  method: 'GET',
  url: '/current-status?_t=1771840364047',
  statusCode: 200,
  duration: '77ms',
  contentLength: '102',
  level: 'info',
  message: 'Response',
  timestamp: '2026-02-23 15:22:44'
}
{
  service: 'attendance-system',
  method: 'GET',
  url: '/?_t=1771840364047',
  statusCode: 200,
  duration: '56ms',
  contentLength: '26639',
  level: 'info',
  message: 'Response',
  timestamp: '2026-02-23 15:22:44'
}
{
  service: 'attendance-system',
  method: 'GET',
  url: '/api/announcements/last-read?_t=1771840364047',
  ip: '127.0.0.1',
  userAgent: 'Mozilla/5.0 (Linux; Android 6.0; Nexus 5 Build/MRA58N) AppleWebKit/537.36 (KHTML, like Gecko) Chrome/145.0.0.0 Mobile Safari/537.36 Edg/145.0.0.0',
  timestamp: '2026-02-23 15:22:44',
  level: 'info',
  message: 'Request'
}
{
  service: 'attendance-system',
  method: 'GET',
  url: '/api/announcements?_t=1771840364288',
  ip: '127.0.0.1',
  userAgent: 'Mozilla/5.0 (Linux; Android 6.0; Nexus 5 Build/MRA58N) AppleWebKit/537.36 (KHTML, like Gecko) Chrome/145.0.0.0 Mobile Safari/537.36 Edg/145.0.0.0',
  timestamp: '2026-02-23 15:22:44',
  level: 'info',
  message: 'Request'
}
{
  service: 'attendance-system',
  method: 'GET',
  url: '/last-read?_t=1771840364047',
  statusCode: 304,
  duration: '81ms',
  contentLength: 0,
  level: 'info',
  message: 'Response',
  timestamp: '2026-02-23 15:22:44'
}
{
  service: 'attendance-system',
  method: 'GET',
  url: '/?_t=1771840364288',
  statusCode: 200,
  duration: '56ms',
  contentLength: '2',
  level: 'info',
  message: 'Response',
  timestamp: '2026-02-23 15:22:44'
}
{
  service: 'attendance-system',
  method: 'GET',
  url: '/api/announcements?_t=1771840364374',
  ip: '127.0.0.1',
  userAgent: 'Mozilla/5.0 (Linux; Android 6.0; Nexus 5 Build/MRA58N) AppleWebKit/537.36 (KHTML, like Gecko) Chrome/145.0.0.0 Mobile Safari/537.36 Edg/145.0.0.0',
  timestamp: '2026-02-23 15:22:44',
  level: 'info',
  message: 'Request'
}
{
  service: 'attendance-system',
  method: 'GET',
  url: '/?_t=1771840364374',
  statusCode: 200,
  duration: '12ms',
  contentLength: '2',
  level: 'info',
  message: 'Response',
  timestamp: '2026-02-23 15:22:44'
}
{
  service: 'attendance-system',
  method: 'GET',
  url: '/api/announcements?_t=1771840364418',
  ip: '127.0.0.1',
  userAgent: 'Mozilla/5.0 (Linux; Android 6.0; Nexus 5 Build/MRA58N) AppleWebKit/537.36 (KHTML, like Gecko) Chrome/145.0.0.0 Mobile Safari/537.36 Edg/145.0.0.0',
  timestamp: '2026-02-23 15:22:44',
  level: 'info',
  message: 'Request'
}
{
  service: 'attendance-system',
  method: 'GET',
  url: '/?_t=1771840364418',
  statusCode: 200,
  duration: '51ms',
  contentLength: '2',
  level: 'info',
  message: 'Response',
  timestamp: '2026-02-23 15:22:44'
}
{
  service: 'attendance-system',
  method: 'GET',
  url: '/api/admin/leave-years/active?_t=1771840368449',
  ip: '127.0.0.1',
  userAgent: 'Mozilla/5.0 (Linux; Android 6.0; Nexus 5 Build/MRA58N) AppleWebKit/537.36 (KHTML, like Gecko) Chrome/145.0.0.0 Mobile Safari/537.36 Edg/145.0.0.0',
  timestamp: '2026-02-23 15:22:48',
  level: 'info',
  message: 'Request'
}
{
  service: 'attendance-system',
  method: 'GET',
  url: '/api/auth/me?_t=1771840368449',
  ip: '127.0.0.1',
  userAgent: 'Mozilla/5.0 (Linux; Android 6.0; Nexus 5 Build/MRA58N) AppleWebKit/537.36 (KHTML, like Gecko) Chrome/145.0.0.0 Mobile Safari/537.36 Edg/145.0.0.0',
  timestamp: '2026-02-23 15:22:48',
  level: 'info',
  message: 'Request'
}
{
  service: 'attendance-system',
  method: 'GET',
  url: '/me?_t=1771840368449',
  statusCode: 200,
  duration: '8ms',
  contentLength: '1282',
  level: 'info',
  message: 'Response',
  timestamp: '2026-02-23 15:22:48'
}
{
  service: 'attendance-system',
  method: 'GET',
  url: '/api/announcements/last-read?_t=1771840368529',
  ip: '127.0.0.1',
  userAgent: 'Mozilla/5.0 (Linux; Android 6.0; Nexus 5 Build/MRA58N) AppleWebKit/537.36 (KHTML, like Gecko) Chrome/145.0.0.0 Mobile Safari/537.36 Edg/145.0.0.0',
  timestamp: '2026-02-23 15:22:48',
  level: 'info',
  message: 'Request'
}
{
  service: 'attendance-system',
  method: 'GET',
  url: '/api/attendance/current-status?_t=1771840368529',
  ip: '127.0.0.1',
  userAgent: 'Mozilla/5.0 (Linux; Android 6.0; Nexus 5 Build/MRA58N) AppleWebKit/537.36 (KHTML, like Gecko) Chrome/145.0.0.0 Mobile Safari/537.36 Edg/145.0.0.0',
  timestamp: '2026-02-23 15:22:48',
  level: 'info',
  message: 'Request'
}
{
  service: 'attendance-system',
  method: 'GET',
  url: '/api/new-notifications?_t=1771840368529',
  ip: '127.0.0.1',
  userAgent: 'Mozilla/5.0 (Linux; Android 6.0; Nexus 5 Build/MRA58N) AppleWebKit/537.36 (KHTML, like Gecko) Chrome/145.0.0.0 Mobile Safari/537.36 Edg/145.0.0.0',
  timestamp: '2026-02-23 15:22:48',
  level: 'info',
  message: 'Request'
}
{
  service: 'attendance-system',
  method: 'GET',
  url: '/api/announcements/last-read?_t=1771840368537',
  ip: '127.0.0.1',
  userAgent: 'Mozilla/5.0 (Linux; Android 6.0; Nexus 5 Build/MRA58N) AppleWebKit/537.36 (KHTML, like Gecko) Chrome/145.0.0.0 Mobile Safari/537.36 Edg/145.0.0.0',
  timestamp: '2026-02-23 15:22:48',
  level: 'info',
  message: 'Request'
}
{
  service: 'attendance-system',
  method: 'GET',
  url: '/last-read?_t=1771840368537',
  statusCode: 200,
  duration: '13ms',
  contentLength: '43',
  level: 'info',
  message: 'Response',
  timestamp: '2026-02-23 15:22:48'
}
{
  service: 'attendance-system',
  method: 'GET',
  url: '/last-read?_t=1771840368529',
  statusCode: 200,
  duration: '38ms',
  contentLength: '43',
  level: 'info',
  message: 'Response',
  timestamp: '2026-02-23 15:22:48'
}
{
  service: 'attendance-system',
  method: 'GET',
  url: '/current-status?_t=1771840368529',
  statusCode: 200,
  duration: '35ms',
  contentLength: '102',
  level: 'info',
  message: 'Response',
  timestamp: '2026-02-23 15:22:48'
}
{
  service: 'attendance-system',
  method: 'GET',
  url: '/?_t=1771840368529',
  statusCode: 200,
  duration: '33ms',
  contentLength: '26639',
  level: 'info',
  message: 'Response',
  timestamp: '2026-02-23 15:22:48'
}
{
  service: 'attendance-system',
  method: 'GET',
  url: '/active?_t=1771840368449',
  statusCode: 200,
  duration: '261ms',
  contentLength: '194',
  level: 'info',
  message: 'Response',
  timestamp: '2026-02-23 15:22:48'
}
{
  service: 'attendance-system',
  method: 'GET',
  url: '/api/announcements/last-read?_t=1771840368529',
  ip: '127.0.0.1',
  userAgent: 'Mozilla/5.0 (Linux; Android 6.0; Nexus 5 Build/MRA58N) AppleWebKit/537.36 (KHTML, like Gecko) Chrome/145.0.0.0 Mobile Safari/537.36 Edg/145.0.0.0',
  timestamp: '2026-02-23 15:22:48',
  level: 'info',
  message: 'Request'
}
{
  service: 'attendance-system',
  method: 'GET',
  url: '/api/announcements?_t=1771840368705',
  ip: '127.0.0.1',
  userAgent: 'Mozilla/5.0 (Linux; Android 6.0; Nexus 5 Build/MRA58N) AppleWebKit/537.36 (KHTML, like Gecko) Chrome/145.0.0.0 Mobile Safari/537.36 Edg/145.0.0.0',
  timestamp: '2026-02-23 15:22:48',
  level: 'info',
  message: 'Request'
}
{
  service: 'attendance-system',
  method: 'GET',
  url: '/last-read?_t=1771840368529',
  statusCode: 304,
  duration: '17ms',
  contentLength: 0,
  level: 'info',
  message: 'Response',
  timestamp: '2026-02-23 15:22:48'
}
{
  service: 'attendance-system',
  method: 'GET',
  url: '/?_t=1771840368705',
  statusCode: 200,
  duration: '14ms',
  contentLength: '2',
  level: 'info',
  message: 'Response',
  timestamp: '2026-02-23 15:22:48'
}
{
  service: 'attendance-system',
  method: 'GET',
  url: '/api/admin/leave-years/active?_t=1771840368449',
  ip: '127.0.0.1',
  userAgent: 'Mozilla/5.0 (Linux; Android 6.0; Nexus 5 Build/MRA58N) AppleWebKit/537.36 (KHTML, like Gecko) Chrome/145.0.0.0 Mobile Safari/537.36 Edg/145.0.0.0',
  timestamp: '2026-02-23 15:22:48',
  level: 'info',
  message: 'Request'
}
{
  service: 'attendance-system',
  method: 'GET',
  url: '/api/announcements?_t=1771840368817',
  ip: '127.0.0.1',
  userAgent: 'Mozilla/5.0 (Linux; Android 6.0; Nexus 5 Build/MRA58N) AppleWebKit/537.36 (KHTML, like Gecko) Chrome/145.0.0.0 Mobile Safari/537.36 Edg/145.0.0.0',
  timestamp: '2026-02-23 15:22:48',
  level: 'info',
  message: 'Request'
}
{
  service: 'attendance-system',
  method: 'GET',
  url: '/active?_t=1771840368449',
  statusCode: 304,
  duration: '20ms',
  contentLength: 0,
  level: 'info',
  message: 'Response',
  timestamp: '2026-02-23 15:22:48'
}
{
  service: 'attendance-system',
  method: 'GET',
  url: '/api/announcements?_t=1771840368827',
  ip: '127.0.0.1',
  userAgent: 'Mozilla/5.0 (Linux; Android 6.0; Nexus 5 Build/MRA58N) AppleWebKit/537.36 (KHTML, like Gecko) Chrome/145.0.0.0 Mobile Safari/537.36 Edg/145.0.0.0',
  timestamp: '2026-02-23 15:22:48',
  level: 'info',
  message: 'Request'
}
{
  service: 'attendance-system',
  method: 'GET',
  url: '/?_t=1771840368817',
  statusCode: 200,
  duration: '14ms',
  contentLength: '2',
  level: 'info',
  message: 'Response',
  timestamp: '2026-02-23 15:22:48'
}
{
  service: 'attendance-system',
  method: 'GET',
  url: '/?_t=1771840368827',
  statusCode: 200,
  duration: '11ms',
  contentLength: '2',
  level: 'info',
  message: 'Response',
  timestamp: '2026-02-23 15:22:48'
}
{
  service: 'attendance-system',
  method: 'GET',
  url: '/api/admin/employees?all=true&slim=true&_t=1771840368910',
  ip: '127.0.0.1',
  userAgent: 'Mozilla/5.0 (Linux; Android 6.0; Nexus 5 Build/MRA58N) AppleWebKit/537.36 (KHTML, like Gecko) Chrome/145.0.0.0 Mobile Safari/537.36 Edg/145.0.0.0',
  timestamp: '2026-02-23 15:22:48',
  level: 'info',
  message: 'Request'
}
{
  service: 'attendance-system',
  method: 'GET',
  url: '/?all=true&slim=true&_t=1771840368910',
  statusCode: 200,
  duration: '25ms',
  contentLength: '10512',
  level: 'info',
  message: 'Response',
  timestamp: '2026-02-23 15:22:48'
}
{
  service: 'attendance-system',
  method: 'GET',
  url: '/api/admin/employees?all=true&slim=true&_t=1771840368910',
  ip: '127.0.0.1',
  userAgent: 'Mozilla/5.0 (Linux; Android 6.0; Nexus 5 Build/MRA58N) AppleWebKit/537.36 (KHTML, like Gecko) Chrome/145.0.0.0 Mobile Safari/537.36 Edg/145.0.0.0',
  timestamp: '2026-02-23 15:22:48',
  level: 'info',
  message: 'Request'
}
{
  service: 'attendance-system',
  method: 'GET',
  url: '/?all=true&slim=true&_t=1771840368910',
  statusCode: 304,
  duration: '25ms',
  contentLength: 0,
  level: 'info',
  message: 'Response',
  timestamp: '2026-02-23 15:22:48'
}
{
  service: 'attendance-system',
  method: 'GET',
  url: '/api/attendance/summary?startDate=2026-02-22&endDate=2026-02-28&userId=68d29f4cce5f5ad421bb6f93&includeHolidays=true&_t=1771840371852',
  ip: '127.0.0.1',
  userAgent: 'Mozilla/5.0 (Linux; Android 6.0; Nexus 5 Build/MRA58N) AppleWebKit/537.36 (KHTML, like Gecko) Chrome/145.0.0.0 Mobile Safari/537.36 Edg/145.0.0.0',
  timestamp: '2026-02-23 15:22:51',
  level: 'info',
  message: 'Request'
}
{
  service: 'attendance-system',
  method: 'GET',
  url: '/summary?startDate=2026-02-22&endDate=2026-02-28&userId=68d29f4cce5f5ad421bb6f93&includeHolidays=true&_t=1771840371852',
  statusCode: 200,
  duration: '35ms',
  contentLength: '6104',
  level: 'info',
  message: 'Response',
  timestamp: '2026-02-23 15:22:51'
}
{
  service: 'attendance-system',
  method: 'GET',
  url: '/api/attendance/summary?startDate=2026-02-01&endDate=2026-02-28&userId=68d29f4cce5f5ad421bb6f93&includeHolidays=true&_t=1771840373700',
  ip: '127.0.0.1',
  userAgent: 'Mozilla/5.0 (Linux; Android 6.0; Nexus 5 Build/MRA58N) AppleWebKit/537.36 (KHTML, like Gecko) Chrome/145.0.0.0 Mobile Safari/537.36 Edg/145.0.0.0',
  timestamp: '2026-02-23 15:22:53',
  level: 'info',
  message: 'Request'
}
{
  service: 'attendance-system',
  method: 'GET',
  url: '/summary?startDate=2026-02-01&endDate=2026-02-28&userId=68d29f4cce5f5ad421bb6f93&includeHolidays=true&_t=1771840373700',
  statusCode: 200,
  duration: '65ms',
  contentLength: '28673',
  level: 'info',
  message: 'Response',
  timestamp: '2026-02-23 15:22:53'
}
{
  service: 'attendance-system',
  method: 'GET',
  url: '/api/announcements?_t=1771840376329',
  ip: '127.0.0.1',
  userAgent: 'Mozilla/5.0 (Windows NT 10.0; Win64; x64) AppleWebKit/537.36 (KHTML, like Gecko) Chrome/145.0.0.0 Safari/537.36',
  timestamp: '2026-02-23 15:22:56',
  level: 'info',
  message: 'Request'
}
{
  service: 'attendance-system',
  method: 'GET',
  url: '/?_t=1771840376329',
  statusCode: 200,
  duration: '8ms',
  contentLength: '2',
  level: 'info',
  message: 'Response',
  timestamp: '2026-02-23 15:22:56'
}
{
  service: 'attendance-system',
  method: 'GET',
  url: '/api/admin/leave-years/active?_t=1771840409354',
  ip: '127.0.0.1',
  userAgent: 'Mozilla/5.0 (Linux; Android 6.0; Nexus 5 Build/MRA58N) AppleWebKit/537.36 (KHTML, like Gecko) Chrome/145.0.0.0 Mobile Safari/537.36 Edg/145.0.0.0',
  timestamp: '2026-02-23 15:23:29',
  level: 'info',
  message: 'Request'
}
{
  service: 'attendance-system',
  method: 'GET',
  url: '/api/auth/me?_t=1771840409355',
  ip: '127.0.0.1',
  userAgent: 'Mozilla/5.0 (Linux; Android 6.0; Nexus 5 Build/MRA58N) AppleWebKit/537.36 (KHTML, like Gecko) Chrome/145.0.0.0 Mobile Safari/537.36 Edg/145.0.0.0',
  timestamp: '2026-02-23 15:23:29',
  level: 'info',
  message: 'Request'
}
{
  service: 'attendance-system',
  method: 'GET',
  url: '/me?_t=1771840409355',
  statusCode: 200,
  duration: '3ms',
  contentLength: '1282',
  level: 'info',
  message: 'Response',
  timestamp: '2026-02-23 15:23:29'
}
{
  service: 'attendance-system',
  method: 'GET',
  url: '/api/admin/leave-years/active?_t=1771840409355',
  ip: '127.0.0.1',
  userAgent: 'Mozilla/5.0 (Linux; Android 6.0; Nexus 5 Build/MRA58N) AppleWebKit/537.36 (KHTML, like Gecko) Chrome/145.0.0.0 Mobile Safari/537.36 Edg/145.0.0.0',
  timestamp: '2026-02-23 15:23:29',
  level: 'info',
  message: 'Request'
}
{
  service: 'attendance-system',
  method: 'GET',
  url: '/active?_t=1771840409354',
  statusCode: 200,
  duration: '14ms',
  contentLength: '194',
  level: 'info',
  message: 'Response',
  timestamp: '2026-02-23 15:23:29'
}
{
  service: 'attendance-system',
  method: 'GET',
  url: '/active?_t=1771840409355',
  statusCode: 200,
  duration: '9ms',
  contentLength: '194',
  level: 'info',
  message: 'Response',
  timestamp: '2026-02-23 15:23:29'
}
{
  service: 'attendance-system',
  method: 'GET',
  url: '/api/admin/leave-years/active?_t=1771840412874',
  ip: '127.0.0.1',
  userAgent: 'Mozilla/5.0 (Linux; Android 6.0; Nexus 5 Build/MRA58N) AppleWebKit/537.36 (KHTML, like Gecko) Chrome/145.0.0.0 Mobile Safari/537.36 Edg/145.0.0.0',
  timestamp: '2026-02-23 15:23:32',
  level: 'info',
  message: 'Request'
}
{
  service: 'attendance-system',
  method: 'GET',
  url: '/api/auth/me?_t=1771840412875',
  ip: '127.0.0.1',
  userAgent: 'Mozilla/5.0 (Linux; Android 6.0; Nexus 5 Build/MRA58N) AppleWebKit/537.36 (KHTML, like Gecko) Chrome/145.0.0.0 Mobile Safari/537.36 Edg/145.0.0.0',
  timestamp: '2026-02-23 15:23:32',
  level: 'info',
  message: 'Request'
}
{
  service: 'attendance-system',
  method: 'GET',
  url: '/me?_t=1771840412875',
  statusCode: 200,
  duration: '19ms',
  contentLength: '1282',
  level: 'info',
  message: 'Response',
  timestamp: '2026-02-23 15:23:32'
}
{
  service: 'attendance-system',
  method: 'GET',
  url: '/api/admin/leave-years/active?_t=1771840412875',
  ip: '127.0.0.1',
  userAgent: 'Mozilla/5.0 (Linux; Android 6.0; Nexus 5 Build/MRA58N) AppleWebKit/537.36 (KHTML, like Gecko) Chrome/145.0.0.0 Mobile Safari/537.36 Edg/145.0.0.0',
  timestamp: '2026-02-23 15:23:32',
  level: 'info',
  message: 'Request'
}
{
  service: 'attendance-system',
  method: 'GET',
  url: '/active?_t=1771840412874',
  statusCode: 200,
  duration: '50ms',
  contentLength: '194',
  level: 'info',
  message: 'Response',
  timestamp: '2026-02-23 15:23:32'
}
{
  service: 'attendance-system',
  method: 'GET',
  url: '/active?_t=1771840412875',
  statusCode: 200,
  duration: '22ms',
  contentLength: '194',
  level: 'info',
  message: 'Response',
  timestamp: '2026-02-23 15:23:32'
}
{
  service: 'attendance-system',
  method: 'GET',
  url: '/api/announcements/last-read?_t=1771840413124',
  ip: '127.0.0.1',
  userAgent: 'Mozilla/5.0 (Linux; Android 6.0; Nexus 5 Build/MRA58N) AppleWebKit/537.36 (KHTML, like Gecko) Chrome/145.0.0.0 Mobile Safari/537.36 Edg/145.0.0.0',
  timestamp: '2026-02-23 15:23:33',
  level: 'info',
  message: 'Request'
}
{
  service: 'attendance-system',
  method: 'GET',
  url: '/api/attendance/current-status?_t=1771840413124',
  ip: '127.0.0.1',
  userAgent: 'Mozilla/5.0 (Linux; Android 6.0; Nexus 5 Build/MRA58N) AppleWebKit/537.36 (KHTML, like Gecko) Chrome/145.0.0.0 Mobile Safari/537.36 Edg/145.0.0.0',
  timestamp: '2026-02-23 15:23:33',
  level: 'info',
  message: 'Request'
}
{
  service: 'attendance-system',
  method: 'GET',
  url: '/api/new-notifications?_t=1771840413124',
  ip: '127.0.0.1',
  userAgent: 'Mozilla/5.0 (Linux; Android 6.0; Nexus 5 Build/MRA58N) AppleWebKit/537.36 (KHTML, like Gecko) Chrome/145.0.0.0 Mobile Safari/537.36 Edg/145.0.0.0',
  timestamp: '2026-02-23 15:23:33',
  level: 'info',
  message: 'Request'
}
{
  service: 'attendance-system',
  method: 'GET',
  url: '/api/announcements/last-read?_t=1771840413136',
  ip: '127.0.0.1',
  userAgent: 'Mozilla/5.0 (Linux; Android 6.0; Nexus 5 Build/MRA58N) AppleWebKit/537.36 (KHTML, like Gecko) Chrome/145.0.0.0 Mobile Safari/537.36 Edg/145.0.0.0',
  timestamp: '2026-02-23 15:23:33',
  level: 'info',
  message: 'Request'
}
{
  service: 'attendance-system',
  method: 'GET',
  url: '/last-read?_t=1771840413124',
  statusCode: 200,
  duration: '53ms',
  contentLength: '43',
  level: 'info',
  message: 'Response',
  timestamp: '2026-02-23 15:23:33'
}
{
  service: 'attendance-system',
  method: 'GET',
  url: '/last-read?_t=1771840413136',
  statusCode: 200,
  duration: '29ms',
  contentLength: '43',
  level: 'info',
  message: 'Response',
  timestamp: '2026-02-23 15:23:33'
}
{
  service: 'attendance-system',
  method: 'GET',
  url: '/api/announcements/last-read?_t=1771840413124',
  ip: '127.0.0.1',
  userAgent: 'Mozilla/5.0 (Linux; Android 6.0; Nexus 5 Build/MRA58N) AppleWebKit/537.36 (KHTML, like Gecko) Chrome/145.0.0.0 Mobile Safari/537.36 Edg/145.0.0.0',
  timestamp: '2026-02-23 15:23:33',
  level: 'info',
  message: 'Request'
}
{
  service: 'attendance-system',
  method: 'GET',
  url: '/current-status?_t=1771840413124',
  statusCode: 200,
  duration: '69ms',
  contentLength: '102',
  level: 'info',
  message: 'Response',
  timestamp: '2026-02-23 15:23:33'
}
{
  service: 'attendance-system',
  method: 'GET',
  url: '/?_t=1771840413124',
  statusCode: 200,
  duration: '71ms',
  contentLength: '26639',
  level: 'info',
  message: 'Response',
  timestamp: '2026-02-23 15:23:33'
}
{
  service: 'attendance-system',
  method: 'GET',
  url: '/last-read?_t=1771840413124',
  statusCode: 304,
  duration: '22ms',
  contentLength: 0,
  level: 'info',
  message: 'Response',
  timestamp: '2026-02-23 15:23:33'
}
{
  service: 'attendance-system',
  method: 'GET',
  url: '/api/announcements?_t=1771840413257',
  ip: '127.0.0.1',
  userAgent: 'Mozilla/5.0 (Linux; Android 6.0; Nexus 5 Build/MRA58N) AppleWebKit/537.36 (KHTML, like Gecko) Chrome/145.0.0.0 Mobile Safari/537.36 Edg/145.0.0.0',
  timestamp: '2026-02-23 15:23:33',
  level: 'info',
  message: 'Request'
}
{
  service: 'attendance-system',
  method: 'GET',
  url: '/?_t=1771840413257',
  statusCode: 200,
  duration: '34ms',
  contentLength: '2',
  level: 'info',
  message: 'Response',
  timestamp: '2026-02-23 15:23:33'
}
{
  service: 'attendance-system',
  method: 'GET',
  url: '/api/announcements?_t=1771840413287',
  ip: '127.0.0.1',
  userAgent: 'Mozilla/5.0 (Linux; Android 6.0; Nexus 5 Build/MRA58N) AppleWebKit/537.36 (KHTML, like Gecko) Chrome/145.0.0.0 Mobile Safari/537.36 Edg/145.0.0.0',
  timestamp: '2026-02-23 15:23:33',
  level: 'info',
  message: 'Request'
}
{
  service: 'attendance-system',
  method: 'GET',
  url: '/api/announcements?_t=1771840413257',
  ip: '127.0.0.1',
  userAgent: 'Mozilla/5.0 (Linux; Android 6.0; Nexus 5 Build/MRA58N) AppleWebKit/537.36 (KHTML, like Gecko) Chrome/145.0.0.0 Mobile Safari/537.36 Edg/145.0.0.0',
  timestamp: '2026-02-23 15:23:33',
  level: 'info',
  message: 'Request'
}
{
  service: 'attendance-system',
  method: 'GET',
  url: '/?_t=1771840413287',
  statusCode: 200,
  duration: '28ms',
  contentLength: '2',
  level: 'info',
  message: 'Response',
  timestamp: '2026-02-23 15:23:33'
}
{
  service: 'attendance-system',
  method: 'GET',
  url: '/api/announcements?_t=1771840413324',
  ip: '127.0.0.1',
  userAgent: 'Mozilla/5.0 (Linux; Android 6.0; Nexus 5 Build/MRA58N) AppleWebKit/537.36 (KHTML, like Gecko) Chrome/145.0.0.0 Mobile Safari/537.36 Edg/145.0.0.0',
  timestamp: '2026-02-23 15:23:33',
  level: 'info',
  message: 'Request'
}
{
  service: 'attendance-system',
  method: 'GET',
  url: '/?_t=1771840413257',
  statusCode: 304,
  duration: '25ms',
  contentLength: 0,
  level: 'info',
  message: 'Response',
  timestamp: '2026-02-23 15:23:33'
}
{
  service: 'attendance-system',
  method: 'GET',
  url: '/?_t=1771840413324',
  statusCode: 200,
  duration: '32ms',
  contentLength: '2',
  level: 'info',
  message: 'Response',
  timestamp: '2026-02-23 15:23:33'
}
{
  service: 'attendance-system',
  method: 'GET',
  url: '/api/admin/leave-years/active?_t=1771840429358',
  ip: '127.0.0.1',
  userAgent: 'Mozilla/5.0 (Linux; Android 6.0; Nexus 5 Build/MRA58N) AppleWebKit/537.36 (KHTML, like Gecko) Chrome/145.0.0.0 Mobile Safari/537.36 Edg/145.0.0.0',
  timestamp: '2026-02-23 15:23:49',
  level: 'info',
  message: 'Request'
}
{
  service: 'attendance-system',
  method: 'GET',
  url: '/api/auth/me?_t=1771840429358',
  ip: '127.0.0.1',
  userAgent: 'Mozilla/5.0 (Linux; Android 6.0; Nexus 5 Build/MRA58N) AppleWebKit/537.36 (KHTML, like Gecko) Chrome/145.0.0.0 Mobile Safari/537.36 Edg/145.0.0.0',
  timestamp: '2026-02-23 15:23:49',
  level: 'info',
  message: 'Request'
}
{
  service: 'attendance-system',
  method: 'GET',
  url: '/me?_t=1771840429358',
  statusCode: 200,
  duration: '2ms',
  contentLength: '1282',
  level: 'info',
  message: 'Response',
  timestamp: '2026-02-23 15:23:49'
}
{
  service: 'attendance-system',
  method: 'GET',
  url: '/active?_t=1771840429358',
  statusCode: 200,
  duration: '25ms',
  contentLength: '194',
  level: 'info',
  message: 'Response',
  timestamp: '2026-02-23 15:23:49'
}
{
  service: 'attendance-system',
  method: 'GET',
  url: '/api/admin/leave-years/active?_t=1771840429358',
  ip: '127.0.0.1',
  userAgent: 'Mozilla/5.0 (Linux; Android 6.0; Nexus 5 Build/MRA58N) AppleWebKit/537.36 (KHTML, like Gecko) Chrome/145.0.0.0 Mobile Safari/537.36 Edg/145.0.0.0',
  timestamp: '2026-02-23 15:23:49',
  level: 'info',
  message: 'Request'
}
{
  service: 'attendance-system',
  method: 'GET',
  url: '/active?_t=1771840429358',
  statusCode: 304,
  duration: '11ms',
  contentLength: 0,
  level: 'info',
  message: 'Response',
  timestamp: '2026-02-23 15:23:49'
}
{
  service: 'attendance-system',
  method: 'GET',
  url: '/api/announcements/last-read?_t=1771840429475',
  ip: '127.0.0.1',
  userAgent: 'Mozilla/5.0 (Linux; Android 6.0; Nexus 5 Build/MRA58N) AppleWebKit/537.36 (KHTML, like Gecko) Chrome/145.0.0.0 Mobile Safari/537.36 Edg/145.0.0.0',
  timestamp: '2026-02-23 15:23:49',
  level: 'info',
  message: 'Request'
}
{
  service: 'attendance-system',
  method: 'GET',
  url: '/api/admin/employees?all=true&slim=true&_t=1771840429476',
  ip: '127.0.0.1',
  userAgent: 'Mozilla/5.0 (Linux; Android 6.0; Nexus 5 Build/MRA58N) AppleWebKit/537.36 (KHTML, like Gecko) Chrome/145.0.0.0 Mobile Safari/537.36 Edg/145.0.0.0',
  timestamp: '2026-02-23 15:23:49',
  level: 'info',
  message: 'Request'
}
{
  service: 'attendance-system',
  method: 'GET',
  url: '/api/attendance/current-status?_t=1771840429476',
  ip: '127.0.0.1',
  userAgent: 'Mozilla/5.0 (Linux; Android 6.0; Nexus 5 Build/MRA58N) AppleWebKit/537.36 (KHTML, like Gecko) Chrome/145.0.0.0 Mobile Safari/537.36 Edg/145.0.0.0',
  timestamp: '2026-02-23 15:23:49',
  level: 'info',
  message: 'Request'
}
{
  service: 'attendance-system',
  method: 'GET',
  url: '/api/new-notifications?_t=1771840429476',
  ip: '127.0.0.1',
  userAgent: 'Mozilla/5.0 (Linux; Android 6.0; Nexus 5 Build/MRA58N) AppleWebKit/537.36 (KHTML, like Gecko) Chrome/145.0.0.0 Mobile Safari/537.36 Edg/145.0.0.0',
  timestamp: '2026-02-23 15:23:49',
  level: 'info',
  message: 'Request'
}
{
  service: 'attendance-system',
  method: 'GET',
  url: '/last-read?_t=1771840429475',
  statusCode: 200,
  duration: '18ms',
  contentLength: '43',
  level: 'info',
  message: 'Response',
  timestamp: '2026-02-23 15:23:49'
}
{
  service: 'attendance-system',
  method: 'GET',
  url: '/api/announcements/last-read?_t=1771840429476',
  ip: '127.0.0.1',
  userAgent: 'Mozilla/5.0 (Linux; Android 6.0; Nexus 5 Build/MRA58N) AppleWebKit/537.36 (KHTML, like Gecko) Chrome/145.0.0.0 Mobile Safari/537.36 Edg/145.0.0.0',
  timestamp: '2026-02-23 15:23:49',
  level: 'info',
  message: 'Request'
}
{
  service: 'attendance-system',
  method: 'GET',
  url: '/api/admin/employees?all=true&slim=true&_t=1771840429477',
  ip: '127.0.0.1',
  userAgent: 'Mozilla/5.0 (Linux; Android 6.0; Nexus 5 Build/MRA58N) AppleWebKit/537.36 (KHTML, like Gecko) Chrome/145.0.0.0 Mobile Safari/537.36 Edg/145.0.0.0',
  timestamp: '2026-02-23 15:23:49',
  level: 'info',
  message: 'Request'
}
{
  service: 'attendance-system',
  method: 'GET',
  url: '/?all=true&slim=true&_t=1771840429476',
  statusCode: 200,
  duration: '22ms',
  contentLength: '10512',
  level: 'info',
  message: 'Response',
  timestamp: '2026-02-23 15:23:49'
}
{
  service: 'attendance-system',
  method: 'GET',
  url: '/current-status?_t=1771840429476',
  statusCode: 200,
  duration: '20ms',
  contentLength: '102',
  level: 'info',
  message: 'Response',
  timestamp: '2026-02-23 15:23:49'
}
{
  service: 'attendance-system',
  method: 'GET',
  url: '/last-read?_t=1771840429476',
  statusCode: 200,
  duration: '10ms',
  contentLength: '43',
  level: 'info',
  message: 'Response',
  timestamp: '2026-02-23 15:23:49'
}
{
  service: 'attendance-system',
  method: 'GET',
  url: '/?all=true&slim=true&_t=1771840429477',
  statusCode: 200,
  duration: '16ms',
  contentLength: '10512',
  level: 'info',
  message: 'Response',
  timestamp: '2026-02-23 15:23:49'
}
{
  service: 'attendance-system',
  method: 'GET',
  url: '/?_t=1771840429476',
  statusCode: 200,
  duration: '27ms',
  contentLength: '26639',
  level: 'info',
  message: 'Response',
  timestamp: '2026-02-23 15:23:49'
}
{
  service: 'attendance-system',
  method: 'GET',
  url: '/api/announcements/last-read?_t=1771840429549',
  ip: '127.0.0.1',
  userAgent: 'Mozilla/5.0 (Linux; Android 6.0; Nexus 5 Build/MRA58N) AppleWebKit/537.36 (KHTML, like Gecko) Chrome/145.0.0.0 Mobile Safari/537.36 Edg/145.0.0.0',
  timestamp: '2026-02-23 15:23:49',
  level: 'info',
  message: 'Request'
}
{
  service: 'attendance-system',
  method: 'GET',
  url: '/last-read?_t=1771840429549',
  statusCode: 200,
  duration: '10ms',
  contentLength: '43',
  level: 'info',
  message: 'Response',
  timestamp: '2026-02-23 15:23:49'
}
{
  service: 'attendance-system',
  method: 'GET',
  url: '/api/announcements?_t=1771840429636',
  ip: '127.0.0.1',
  userAgent: 'Mozilla/5.0 (Linux; Android 6.0; Nexus 5 Build/MRA58N) AppleWebKit/537.36 (KHTML, like Gecko) Chrome/145.0.0.0 Mobile Safari/537.36 Edg/145.0.0.0',
  timestamp: '2026-02-23 15:23:49',
  level: 'info',
  message: 'Request'
}
{
  service: 'attendance-system',
  method: 'GET',
  url: '/?_t=1771840429636',
  statusCode: 200,
  duration: '10ms',
  contentLength: '2',
  level: 'info',
  message: 'Response',
  timestamp: '2026-02-23 15:23:49'
}
{
  service: 'attendance-system',
  method: 'GET',
  url: '/api/announcements?_t=1771840429648',
  ip: '127.0.0.1',
  userAgent: 'Mozilla/5.0 (Linux; Android 6.0; Nexus 5 Build/MRA58N) AppleWebKit/537.36 (KHTML, like Gecko) Chrome/145.0.0.0 Mobile Safari/537.36 Edg/145.0.0.0',
  timestamp: '2026-02-23 15:23:49',
  level: 'info',
  message: 'Request'
}
{
  service: 'attendance-system',
  method: 'GET',
  url: '/?_t=1771840429648',
  statusCode: 200,
  duration: '9ms',
  contentLength: '2',
  level: 'info',
  message: 'Response',
  timestamp: '2026-02-23 15:23:49'
}
{
  service: 'attendance-system',
  method: 'GET',
  url: '/api/announcements?_t=1771840429662',
  ip: '127.0.0.1',
  userAgent: 'Mozilla/5.0 (Linux; Android 6.0; Nexus 5 Build/MRA58N) AppleWebKit/537.36 (KHTML, like Gecko) Chrome/145.0.0.0 Mobile Safari/537.36 Edg/145.0.0.0',
  timestamp: '2026-02-23 15:23:49',
  level: 'info',
  message: 'Request'
}
{
  service: 'attendance-system',
  method: 'GET',
  url: '/?_t=1771840429662',
  statusCode: 200,
  duration: '14ms',
  contentLength: '2',
  level: 'info',
  message: 'Response',
  timestamp: '2026-02-23 15:23:49'
}
{
  service: 'attendance-system',
  method: 'GET',
  url: '/api/attendance/summary?startDate=2026-02-22&endDate=2026-02-28&userId=68d29f4cce5f5ad421bb6f93&includeHolidays=true&_t=1771840434720',
  ip: '127.0.0.1',
  userAgent: 'Mozilla/5.0 (Linux; Android 6.0; Nexus 5 Build/MRA58N) AppleWebKit/537.36 (KHTML, like Gecko) Chrome/145.0.0.0 Mobile Safari/537.36 Edg/145.0.0.0',
  timestamp: '2026-02-23 15:23:54',
  level: 'info',
  message: 'Request'
}
{
  service: 'attendance-system',
  method: 'GET',
  url: '/summary?startDate=2026-02-22&endDate=2026-02-28&userId=68d29f4cce5f5ad421bb6f93&includeHolidays=true&_t=1771840434720',
  statusCode: 200,
  duration: '64ms',
  contentLength: '6104',
  level: 'info',
  message: 'Response',
  timestamp: '2026-02-23 15:23:54'
}
{
  service: 'attendance-system',
  method: 'GET',
  url: '/api/attendance/summary?startDate=2026-02-01&endDate=2026-02-28&userId=68d29f4cce5f5ad421bb6f93&includeHolidays=true&_t=1771840435776',
  ip: '127.0.0.1',
  userAgent: 'Mozilla/5.0 (Linux; Android 6.0; Nexus 5 Build/MRA58N) AppleWebKit/537.36 (KHTML, like Gecko) Chrome/145.0.0.0 Mobile Safari/537.36 Edg/145.0.0.0',
  timestamp: '2026-02-23 15:23:55',
  level: 'info',
  message: 'Request'
}
{
  service: 'attendance-system',
  method: 'GET',
  url: '/summary?startDate=2026-02-01&endDate=2026-02-28&userId=68d29f4cce5f5ad421bb6f93&includeHolidays=true&_t=1771840435776',
  statusCode: 200,
  duration: '90ms',
  contentLength: '28673',
  level: 'info',
  message: 'Response',
  timestamp: '2026-02-23 15:23:55'
}
{
  service: 'attendance-system',
  method: 'GET',
  url: '/api/announcements?_t=1771840436434',
  ip: '127.0.0.1',
  userAgent: 'Mozilla/5.0 (Windows NT 10.0; Win64; x64) AppleWebKit/537.36 (KHTML, like Gecko) Chrome/145.0.0.0 Safari/537.36',
  timestamp: '2026-02-23 15:23:56',
  level: 'info',
  message: 'Request'
}
{
  service: 'attendance-system',
  method: 'GET',
  url: '/?_t=1771840436434',
  statusCode: 200,
  duration: '12ms',
  contentLength: '2',
  level: 'info',
  message: 'Response',
  timestamp: '2026-02-23 15:23:56'
}
{
  service: 'attendance-system',
  method: 'GET',
  url: '/api/admin/shifts?_t=1771840443671',
  ip: '127.0.0.1',
  userAgent: 'Mozilla/5.0 (Linux; Android 6.0; Nexus 5 Build/MRA58N) AppleWebKit/537.36 (KHTML, like Gecko) Chrome/145.0.0.0 Mobile Safari/537.36 Edg/145.0.0.0',
  timestamp: '2026-02-23 15:24:03',
  level: 'info',
  message: 'Request'
}
{
  service: 'attendance-system',
  method: 'GET',
  url: '/api/admin/employees?page=1&limit=10&status=active&_t=1771840443671',
  ip: '127.0.0.1',
  userAgent: 'Mozilla/5.0 (Linux; Android 6.0; Nexus 5 Build/MRA58N) AppleWebKit/537.36 (KHTML, like Gecko) Chrome/145.0.0.0 Mobile Safari/537.36 Edg/145.0.0.0',
  timestamp: '2026-02-23 15:24:03',
  level: 'info',
  message: 'Request'
}
{
  service: 'attendance-system',
  method: 'GET',
  url: '/?_t=1771840443671',
  statusCode: 200,
  duration: '49ms',
  contentLength: '802',
  level: 'info',
  message: 'Response',
  timestamp: '2026-02-23 15:24:03'
}
{
  service: 'attendance-system',
  method: 'GET',
  url: '/api/admin/shifts?_t=1771840443671',
  ip: '127.0.0.1',
  userAgent: 'Mozilla/5.0 (Linux; Android 6.0; Nexus 5 Build/MRA58N) AppleWebKit/537.36 (KHTML, like Gecko) Chrome/145.0.0.0 Mobile Safari/537.36 Edg/145.0.0.0',
  timestamp: '2026-02-23 15:24:03',
  level: 'info',
  message: 'Request'
}
{
  service: 'attendance-system',
  method: 'GET',
  url: '/?page=1&limit=10&status=active&_t=1771840443671',
  statusCode: 200,
  duration: '67ms',
  contentLength: '10220',
  level: 'info',
  message: 'Response',
  timestamp: '2026-02-23 15:24:03'
}
{
  service: 'attendance-system',
  method: 'GET',
  url: '/?_t=1771840443671',
  statusCode: 304,
  duration: '17ms',
  contentLength: 0,
  level: 'info',
  message: 'Response',
  timestamp: '2026-02-23 15:24:03'
}
{
  service: 'attendance-system',
  method: 'GET',
  url: '/api/admin/employees?page=1&limit=10&status=active&_t=1771840443671',
  ip: '127.0.0.1',
  userAgent: 'Mozilla/5.0 (Linux; Android 6.0; Nexus 5 Build/MRA58N) AppleWebKit/537.36 (KHTML, like Gecko) Chrome/145.0.0.0 Mobile Safari/537.36 Edg/145.0.0.0',
  timestamp: '2026-02-23 15:24:03',
  level: 'info',
  message: 'Request'
}
{
  service: 'attendance-system',
  method: 'GET',
  url: '/?page=1&limit=10&status=active&_t=1771840443671',
  statusCode: 304,
  duration: '28ms',
  contentLength: 0,
  level: 'info',
  message: 'Response',
  timestamp: '2026-02-23 15:24:03'
}
{
  service: 'attendance-system',
  method: 'GET',
  url: '/api/announcements?_t=1771840460330',
  ip: '127.0.0.1',
  userAgent: 'Mozilla/5.0 (Linux; Android 6.0; Nexus 5 Build/MRA58N) AppleWebKit/537.36 (KHTML, like Gecko) Chrome/145.0.0.0 Mobile Safari/537.36 Edg/145.0.0.0',
  timestamp: '2026-02-23 15:24:20',
  level: 'info',
  message: 'Request'
}
{
  service: 'attendance-system',
  method: 'GET',
  url: '/?_t=1771840460330',
  statusCode: 200,
  duration: '11ms',
  contentLength: '2',
  level: 'info',
  message: 'Response',
  timestamp: '2026-02-23 15:24:20'
}
{
  service: 'attendance-system',
  method: 'GET',
  url: '/api/announcements?_t=1771840490330',
  ip: '127.0.0.1',
  userAgent: 'Mozilla/5.0 (Linux; Android 6.0; Nexus 5 Build/MRA58N) AppleWebKit/537.36 (KHTML, like Gecko) Chrome/145.0.0.0 Mobile Safari/537.36 Edg/145.0.0.0',
  timestamp: '2026-02-23 15:24:50',
  level: 'info',
  message: 'Request'
}
{
  service: 'attendance-system',
  method: 'GET',
  url: '/?_t=1771840490330',
  statusCode: 200,
  duration: '7ms',
  contentLength: '2',
  level: 'info',
  message: 'Response',
  timestamp: '2026-02-23 15:24:50'
}
